2014-10-27,60.35,60.98,60.21,60.49,10008520.0,0.0,1.0,60.35,60.98,60.21,60.49,10008520.0
2014-10-24,59.34,60.41,59.34,60.29,10376054.0,0.0,1.0,59.34,60.41,59.34,60.29,10376054.0
2014-10-23,57.99,59.7,57.88,59.52,14622442.0,0.0,1.0,57.99,59.7,57.88,59.52,14622442.0
2014-10-22,56.96,57.45,56.26,56.9,16048110.0,0.0,1.0,56.96,57.45,56.26,56.9,16048110.0
2014-10-21,55.3,56.445,55.02,56.29,17510450.0,0.0,1.0,55.3,56.445,55.02,56.29,17510450.0
2014-10-20,52.25,54.59,52.25,54.41,17899535.0,0.0,1.0,52.25,54.59,52.25,54.41,17899535.0
2014-10-17,53.78,53.9027,52.9,53.37,31753499.0,0.0,1.0,53.78,53.9027,52.9,53.37,31753499.0
2014-10-16,55.9,55.9,52.84,52.9,61231977.0,0.0,1.0,55.9,55.9,52.84,52.9,61231977.0
2014-10-15,52.35,55.72,52.06,54.63,119085531.0,0.0,1.0,52.35,55.72,52.06,54.63,119085531.0
2014-10-14,53.59,54.835,53.02,54.13,14226691.0,0.0,1.0,53.59,54.835,53.02,54.13,14226691.0
2014-10-13,54.92,55.15,53.58,53.62,16861090.0,0.0,1.0,54.92,55.15,53.58,53.62,16861090.0
2014-10-10,55.96,56.67,54.95,54.97,12108413.0,0.42,1.0,55.96,56.67,54.95,54.97,12108413.0
2014-10-09,58.52,58.55,56.71,56.72,11870209.0,0.0,1.0,58.076266474093,58.106038996209,56.2799909731,56.289915147138,11870209.0
2014-10-08,56.54,58.45,56.18,58.34,10892979.0,0.0,1.0,56.111280014443,58.006797255822,55.754009749052,57.897631341397,10892979.0
2014-10-07,57.6,57.6,56.51,56.65,8924483.0,0.0,1.0,57.163242462538,57.163242462538,56.081507492327,56.220445928868,8924483.0
2014-10-06,58.59,58.99,57.66,57.81,7359936.0,0.0,1.0,58.145735692363,58.542702653909,57.22278750677,57.37165011735,7359936.0
2014-10-03,57.35,58.78,57.34,58.69,11665249.0,0.0,1.0,56.915138111572,58.334294999097,56.905213937534,58.24497743275,11665249.0
2014-10-01,57.93,57.94,56.96,57.23,8424969.0,0.0,1.0,57.490740205813,57.500664379852,56.528095324066,56.796048023109,8424969.0
2014-09-30,58.3,58.81,57.73,57.76,8506012.0,0.0,1.0,57.857934645243,58.364067521213,57.292256725041,57.322029247157,8506012.0
2014-09-29,58.18,58.83,57.94,58.52,7629447.0,0.0,1.0,57.738844556779,58.38391586929,57.500664379852,58.076266474093,7629447.0
2014-09-26,58.5,59.24,58.1,59.19,15855525.0,0.0,1.0,58.056418126016,58.790807004875,57.65945116447,58.741186134681,15855525.0
2014-09-25,58.47,59.5,57.965,58.0,10054775.0,0.0,1.0,58.0266456039,59.048835529879,57.525474814949,57.560209424084,10054775.0
2014-09-24,57.65,59.35,57.61,59.05,15596007.0,0.0,1.0,57.212863332732,58.8999729193,57.173166636577,58.60224769814,15596007.0
2014-09-23,56.89,58.27,56.6,57.56,24200339.0,0.0,1.0,56.458626105795,57.828162123127,56.170825058675,57.123545766384,24200339.0
2014-09-22,58.99,59.3,58.41,58.71,8011133.0,0.0,1.0,58.542702653909,58.850352049106,57.967100559668,58.264825780827,8011133.0
2014-09-19,59.81,59.93,59.01,59.06,13932272.0,0.0,1.0,59.356484925077,59.47557501354,58.562551001986,58.612171872179,13932272.0
2014-09-18,59.56,59.65,59.1,59.45,10978502.0,0.0,1.0,59.108380574111,59.197698140459,58.651868568334,58.999214659686,10978502.0
2014-09-17,58.89,60.02,58.753,59.62,14249557.0,0.0,1.0,58.443460913522,59.564892579888,58.307499729193,59.167925618343,14249557.0
2014-09-16,57.64,58.7,57.46,58.6,9046382.0,0.0,1.0,57.202939158693,58.254901606788,57.024304025997,58.155659866402,9046382.0
2014-09-15,57.795,58.15,57.47,57.93,8368942.0,0.0,1.0,57.356763856292,57.709072034663,57.034228200036,57.490740205813,8368942.0
2014-09-12,57.83,58.77,57.74,57.88,15544770.0,0.0,1.0,57.391498465427,58.324370825059,57.302180899079,57.44111933562,15544770.0
2014-09-11,56.94,57.88,56.85,57.85,9942478.0,0.0,1.0,56.508246975988,57.44111933562,56.418929409641,57.411346813504,9942478.0
2014-09-10,56.77,57.32,56.51,57.19,8737277.0,0.0,1.0,56.339536017332,56.885365589457,56.081507492327,56.756351326954,8737277.0
2014-09-09,55.55,57.18,55.43,56.95,17557352.0,0.0,1.0,55.128786784618,56.746427152916,55.009696696155,56.518171150027,17557352.0
2014-09-08,55.89,55.95,55.37,55.57,6563382.0,0.0,1.0,55.466208701932,55.525753746164,54.950151651923,55.148635132695,6563382.0
2014-09-05,55.45,55.94,54.87,55.94,9802386.0,0.0,1.0,55.029545044232,55.515829572125,54.453942949991,55.515829572125,9802386.0
2014-09-04,55.3,55.6,55.09,55.54,10016193.0,0.0,1.0,54.880682433652,55.178407654811,54.672274778841,55.11886261058,10016193.0
2014-09-03,55.23,55.53,54.83,55.51,7557699.0,0.0,1.0,54.811213215382,55.108938436541,54.414246253836,55.089090088464,7557699.0
2014-09-02,55.5,55.53,54.96,55.07,7354811.0,0.0,1.0,55.079165914425,55.108938436541,54.543260516339,54.652426430764,7354811.0
2014-08-29,55.73,55.8,55.24,55.28,7486957.0,0.0,1.0,55.307421917314,55.376891135584,54.82113738942,54.860834085575,7486957.0
2014-08-28,55.51,55.68,55.25,55.6,7269186.0,0.0,1.0,55.089090088464,55.25780104712,54.831061563459,55.178407654811,7269186.0
2014-08-27,55.82,55.85,55.4,55.7,11020876.0,0.0,1.0,55.396739483661,55.426512005777,54.979924174039,55.277649395198,11020876.0
2014-08-26,55.75,55.94,55.64,55.75,8265103.0,0.0,1.0,55.327270265391,55.515829572125,55.218104350966,55.327270265391,8265103.0
2014-08-25,55.435,55.92,55.18,55.87,7551789.0,0.0,1.0,55.014658783174,55.495981224048,54.761592345189,55.446360353854,7551789.0
2014-08-22,54.91,55.27,54.36,55.2,9311992.0,0.0,1.0,54.493639646146,54.850909911536,53.947810074021,54.781440693266,9311992.0
2014-08-21,54.85,55.115,54.68,54.96,8062422.0,0.0,1.0,54.434094601914,54.697085213938,54.265383643257,54.543260516339,8062422.0
2014-08-20,54.89,55.18,54.69,55.06,7574406.0,0.0,1.0,54.473791298068,54.761592345189,54.275307817296,54.642502256725,7574406.0
2014-08-19,54.48,55.31,54.18,55.29,9159267.0,0.0,1.0,54.066900162484,54.890606607691,53.769174941325,54.870758259614,9159267.0
2014-08-18,54.39,54.52,53.84,54.31,7370468.0,0.0,1.0,53.977582596136,54.106596858639,53.431753024012,53.898189203827,7370468.0
2014-08-15,54.34,54.585,53.58,53.9,10109260.0,0.0,1.0,53.927961725943,54.17110398989,53.173724499007,53.491298068243,10109260.0
2014-08-14,53.62,54.23,53.53,54.19,7952620.0,0.0,1.0,53.213421195162,53.818795811518,53.124103628814,53.779099115364,7952620.0
2014-08-13,53.04,53.64,52.75,53.6,9002474.0,0.0,1.0,52.637819100921,53.233269543239,52.3500180538,53.193572847084,9002474.0
2014-08-12,53.25,53.3,52.5734,52.84,8509491.0,0.0,1.0,52.846226755732,52.895847625925,52.174757140278,52.439335620148,8509491.0
2014-08-11,53.11,53.65,52.77,53.31,10060805.0,0.0,1.0,52.707288319191,53.243193717277,52.369866401878,52.905771799964,10060805.0
2014-08-08,52.72,52.89,52.29,52.82,13099971.0,0.0,1.0,52.320245531684,52.488956490341,51.893506048023,52.419487272071,13099971.0
2014-08-07,51.6,52.71,51.42,52.43,17149729.0,0.0,1.0,51.208738039357,52.310321357646,51.030102906662,52.032444484564,17149729.0
2014-08-06,51.51,52.66,51.37,52.05,18099019.0,0.0,1.0,51.11942047301,52.260700487453,50.980482036469,51.655325871096,18099019.0
2014-08-05,52.77,53.19,52.4466,52.79,12750806.0,0.0,1.0,52.369866401878,52.7866817115,52.048918613468,52.389714749955,12750806.0
2014-08-04,52.64,53.4,52.37,53.29,10271091.0,0.0,1.0,52.240852139375,52.995089366312,51.972899440332,52.885923451887,10271091.0
2014-08-01,51.93,52.64,51.75,52.48,11572170.0,0.0,1.0,51.536235782632,52.240852139375,51.357600649937,52.082065354757,11572170.0
2014-07-31,53.2,53.4,52.3,52.34,15426254.0,0.0,1.0,52.796605885539,52.995089366312,51.903430222062,51.943126918216,15426254.0
2014-07-30,53.25,53.885,53.03,53.75,12650382.0,0.0,1.0,52.846226755732,53.476411807185,52.627894926882,53.342435457664,12650382.0
2014-07-29,53.55,53.66,53.24,53.43,16171040.0,0.0,1.0,53.143951976891,53.253117891316,52.836302581693,53.024861888428,16171040.0
2014-07-28,53.44,53.995,53.1701,53.74,10464361.0,0.0,1.0,53.034786062466,53.58557772161,52.766932605163,53.332511283625,10464361.0
2014-07-25,54.39,54.49,53.03,53.18,11675111.0,0.0,1.0,53.977582596136,54.076824336523,52.627894926882,52.776757537462,11675111.0
2014-07-24,54.27,54.56,53.97,54.08,11406686.0,0.0,1.0,53.858492507673,54.146293554793,53.560767286514,53.669933200939,11406686.0
2014-07-23,54.45,54.8126,54.07,54.48,14798560.0,0.0,1.0,54.037127640368,54.396978191009,53.6600090269,54.066900162484,14798560.0
2014-07-22,53.93,54.38,53.75,54.05,14193531.0,0.0,1.0,53.521070590359,53.967658422098,53.342435457664,53.640160678823,14193531.0
2014-07-21,54.1,54.45,53.91,54.0,22334827.0,0.0,1.0,53.689781549016,54.037127640368,53.501222242282,53.59053980863,22334827.0
2014-07-18,53.03,55.12,53.0,54.91,42437220.0,0.0,1.0,52.627894926882,54.702047300957,52.598122404766,54.493639646146,42437220.0
2014-07-17,53.18,54.9995,52.88,53.52,18689285.0,0.0,1.0,52.776757537462,54.582461003791,52.479032316303,53.114179454775,18689285.0
2014-07-16,53.23,53.67,51.82,53.65,22751548.0,0.0,1.0,52.826378407655,53.263042065355,51.427069868207,53.243193717277,22751548.0
2014-07-15,54.53,54.69,53.39,53.44,16482713.0,0.0,1.0,54.116521032677,54.275307817296,52.985165192273,53.034786062466,16482713.0
2014-07-14,53.8,55.05,53.72,54.85,30512994.0,0.0,1.0,53.392056327857,54.632578082686,53.312662935548,54.434094601914,30512994.0
2014-07-11,55.43,56.6,54.48,54.96,13586603.0,0.42,1.0,55.009696696155,56.170825058675,54.066900162484,54.543260516339,13586603.0
2014-07-10,54.5,55.875,54.28,55.79,7548028.0,0.0,1.0,53.676556485021,55.030781533955,53.459880477191,54.947065803657,7548028.0
2014-07-09,55.6,55.64,54.82,55.01,11114349.0,0.0,1.0,54.759936524168,54.799332161955,53.991721587318,54.178850866807,11114349.0
2014-07-08,56.82,56.97,55.48,55.69,8735887.0,0.0,1.0,55.961503476677,56.109237118379,54.641749610807,54.848576709189,8735887.0
2014-07-07,57.85,58.15,57.39,57.4,4516452.0,0.0,1.0,56.975941149697,57.2714084331,56.522891315144,56.532740224591,4516452.0
2014-07-03,57.93,58.27,57.65,58.22,3828386.0,0.0,1.0,57.054732425271,57.389595346462,56.778962960761,57.340350799228,3828386.0
2014-07-02,57.36,58.11,56.92,58.11,6198403.0,0.0,1.0,56.493344586804,57.232012795313,56.059992571145,57.232012795313,6198403.0
2014-07-01,56.44,57.2,56.17,56.89,6868819.0,0.0,1.0,55.587244917699,56.335762035655,55.321324362635,56.030445842804,6868819.0
2014-06-30,56.51,56.89,56.1001,56.44,6219090.0,0.0,1.0,55.656187283826,56.030445842804,55.252480485602,55.587244917699,6219090.0
2014-06-27,56.595,56.9,56.28,56.79,7391777.0,0.0,1.0,55.739903014124,56.040294752251,55.42966236655,55.931956748336,7391777.0
2014-06-26,55.03,56.54,54.97,56.51,10569373.0,0.0,1.0,54.198548685701,55.685734012167,54.13945522902,55.656187283826,10569373.0
2014-06-25,53.495,55.79,53.4,55.0,10940493.0,0.0,1.0,52.686741085618,54.947065803657,52.593176445874,54.169001957361,10940493.0
2014-06-24,53.57,53.95,53.43,53.59,5480400.0,0.0,1.0,52.760607906469,53.134866465447,52.622723174214,52.780305725363,5480400.0
2014-06-23,53.76,54.4,53.54,53.75,6235634.0,0.0,1.0,52.947737185958,53.578067390553,52.731061178129,52.937888276511,6235634.0
2014-06-20,55.45,55.62,53.16,53.3,12850915.0,0.0,1.0,54.612202882466,54.779634343062,52.356802619151,52.494687351406,12850915.0
2014-06-19,54.71,54.81,53.92,54.19,3947509.0,0.0,1.0,53.883383583404,53.981872677872,53.105319737107,53.37124029217,3947509.0
2014-06-18,54.36,54.61,54.0,54.57,3330521.0,0.0,1.0,53.538671752766,53.784894488936,53.184111012681,53.745498851148,3330521.0
2014-06-17,54.49,54.54,53.85,54.3,3381344.0,0.0,1.0,53.666707575574,53.715952122808,53.036377370979,53.479578296085,3381344.0
2014-06-16,54.11,54.31,53.45,54.0,4409765.0,0.0,1.0,53.292449016596,53.489427205532,52.642420993108,53.184111012681,4409765.0
2014-06-13,53.61,54.31,53.44,54.16,4258864.0,0.0,1.0,52.800003544256,53.489427205532,52.632572083661,53.34169356383,4258864.0
2014-06-12,54.18,54.25,53.46,53.66,3927568.0,0.0,1.0,53.361391382724,53.430333748851,52.652269902554,52.84924809149,3927568.0
2014-06-11,53.86,54.7,53.75,54.23,5383786.0,0.0,1.0,53.046226280426,53.873534673957,52.937888276511,53.410635929958,5383786.0
2014-06-10,53.5,54.08,52.29,53.97,8414450.0,0.0,1.0,52.691665540342,53.262902288256,51.49994749728,53.154564284341,8414450.0
2014-06-09,54.42,54.88,53.722,53.84,6278392.0,0.0,1.0,53.597765209447,54.050815043999,52.91031133006,53.026528461533,6278392.0
2014-06-06,55.33,55.4,54.89,55.1,3449800.0,0.0,1.0,54.494015969105,54.562958335232,54.060663953446,54.267491051828,3449800.0
2014-06-05,54.48,55.32,54.36,55.3,4839062.0,0.0,1.0,53.656858666127,54.484167059658,53.538671752766,54.464469240764,4839062.0
2014-06-04,54.11,54.64,53.67,54.58,3387567.0,0.0,1.0,53.292449016596,53.814441217276,52.859097000937,53.755347760595,3387567.0
2014-06-03,54.06,54.47,53.87,54.37,3074219.0,0.0,1.0,53.243204469362,53.647009756681,53.056075189873,53.548520662213,3074219.0
2014-06-02,54.45,54.95,53.91,54.15,3627309.0,0.0,1.0,53.627311937787,54.119757410127,53.09547082766,53.331844654383,3627309.0
2014-05-30,54.0,54.43,53.89,54.33,4004614.0,0.0,1.0,53.184111012681,53.607614118893,53.075773008767,53.509125024425,4004614.0
2014-05-29,54.2,54.45,53.75,54.03,2760544.0,0.0,1.0,53.381089201617,53.627311937787,52.937888276511,53.213657741022,2760544.0
2014-05-28,53.9,54.61,53.82,54.07,4107072.0,0.0,1.0,53.085621918213,53.784894488936,53.006830642639,53.253053378809,4107072.0
2014-05-27,54.18,54.2,53.78,53.99,3816104.0,0.0,1.0,53.361391382724,53.381089201617,52.967435004852,53.174262103234,3816104.0
2014-05-23,53.94,54.38,53.835,53.95,3022235.0,0.0,1.0,53.125017556001,53.558369571659,53.021604006809,53.134866465447,3022235.0
2014-05-22,53.31,54.34,52.94,53.63,4270997.0,0.0,1.0,52.504536260853,53.518973933872,52.140126611321,52.81970136315,4270997.0
2014-05-21,53.45,53.84,53.0998,53.27,4083274.0,0.0,1.0,52.642420993108,53.026528461533,52.297512184281,52.465140623065,4083274.0
2014-05-20,53.93,53.93,53.31,53.54,5016358.0,0.0,1.0,53.115168646554,53.115168646554,52.504536260853,52.731061178129,5016358.0
2014-05-19,52.91,54.21,52.71,54.11,6006213.0,0.0,1.0,52.110579882981,53.390938111064,51.913601694045,53.292449016596,6006213.0
2014-05-16,52.7,52.97,52.41,52.93,5824149.0,0.0,1.0,51.903752784598,52.169673339662,51.618134410641,52.130277701874,5824149.0
2014-05-15,52.98,53.07,52.42,52.69,6954323.0,0.0,1.0,52.179522249108,52.26816243413,51.627983320088,51.893903875151,6954323.0
2014-05-14,52.16,53.0,52.08,52.87,4874572.0,0.0,1.0,51.371911674471,52.199220068002,51.293120398897,52.071184245194,4874572.0
2014-05-13,52.5,52.5,51.92,52.2,4144927.0,0.0,1.0,51.706774595662,51.706774595662,51.135537847748,51.411307312259,4144927.0
2014-05-12,52.49,52.56,52.22,52.37,3621974.0,0.0,1.0,51.696925686216,51.765868052343,51.431005131152,51.578738772854,3621974.0
2014-05-09,52.01,52.345,51.08,52.26,5008465.0,0.0,1.0,51.22417803277,51.554116499237,50.308229454218,51.470400768939,5008465.0
2014-05-08,52.69,53.09,51.96,52.15,4092123.0,0.0,1.0,51.893903875151,52.287860253023,51.174933485536,51.362062765025,4092123.0
2014-05-07,52.09,52.87,51.2749,52.79,7011031.0,0.0,1.0,51.302969308344,52.071184245194,50.500184699336,51.992392969619,7011031.0
2014-05-06,51.25,51.3,50.83,50.91,3197109.0,0.0,1.0,50.475660914813,50.524905462047,50.062006718048,50.140797993622,3197109.0
2014-05-05,50.8,51.37,50.31,51.36,2576683.0,0.0,1.0,50.032459989708,50.593847828175,49.549863426815,50.583998918728,2576683.0
2014-05-02,51.47,51.72,51.0,51.18,3335862.0,0.0,1.0,50.692336922643,50.938559658813,50.229438178643,50.406718548686,3335862.0
2014-05-01,51.92,52.095,51.41,51.61,4276520.0,0.0,1.0,51.135537847748,51.307893763067,50.633243465962,50.830221654898,4276520.0
2014-04-30,51.37,52.165,51.0,52.08,7423458.0,0.0,1.0,50.593847828175,51.376836129195,50.229438178643,51.293120398897,7423458.0
2014-04-29,50.94,51.527,50.76,51.37,5600361.0,0.0,1.0,50.170344721963,50.748475706489,49.99306435192,50.593847828175,5600361.0
2014-04-28,49.62,50.92,49.5,50.87,7870350.0,0.0,1.0,48.870288674986,50.150646903069,48.752101761625,50.101402355835,7870350.0
2014-04-25,50.2,50.98,48.95,49.14,7287444.0,0.0,1.0,49.4415254229,50.20974035975,48.210411742051,48.39754102154,7287444.0
2014-04-24,50.13,50.13,49.0,49.32,6623747.0,0.0,1.0,49.372583056772,49.372583056772,48.259656289285,48.574821391582,6623747.0
2014-04-23,50.08,50.26,49.39,50.14,6572825.0,0.0,1.0,49.323338509538,49.500618879581,48.64376375771,49.382431966219,6572825.0
2014-04-22,49.45,50.42,49.35,50.01,6578700.0,0.0,1.0,48.702857214391,49.658201430729,48.604368119923,49.254396143411,6578700.0
2014-04-21,48.5,49.45,48.4,49.43,4437222.0,0.0,1.0,47.767210816945,48.702857214391,47.668721722477,48.683159395497,4437222.0
2014-04-17,47.91,48.78,47.72,48.55,6192071.0,0.0,1.0,47.186125159584,48.042980281455,46.998995880095,47.816455364179,6192071.0
2014-04-16,48.58,48.84,47.62,48.12,7143238.0,0.0,1.0,47.84600209252,48.102073738136,46.900506785627,47.392952257967,7143238.0
2014-04-15,47.42,48.085,46.764,47.86,9529458.0,0.0,1.0,46.703528596692,47.358481074903,46.057440136982,47.13688061235,9529458.0
2014-04-14,47.1,47.5,46.205,46.83,7281779.0,0.0,1.0,46.388363494394,46.782319872266,45.506886098906,46.122442939331,7281779.0
2014-04-11,46.58,47.21,45.5,46.46,11459451.0,0.42,1.0,45.876220203161,46.496701498309,44.812537982907,45.758033289799,11459451.0
2014-04-10,50.08,50.27,47.29,47.35,13176824.0,0.0,1.0,48.881448531424,49.066901311395,46.158220867633,46.216784903413,13176824.0
2014-04-09,49.49,50.76,49.26,50.63,6018200.0,0.0,1.0,48.305568846249,49.545174270269,48.081073375758,49.418285526078,6018200.0
2014-04-08,50.35,50.87,48.93,49.1,8246900.0,0.0,1.0,49.144986692436,49.6525416692,47.758971178965,47.924902613677,8246900.0
2014-04-07,51.68,52.31,49.65,50.62,9146600.0,0.0,1.0,50.443156152236,51.058078527931,48.461739608331,49.408524853448,9146600.0
2014-04-04,53.78,54.44,52.05,52.2,7013200.0,0.0,1.0,52.492897404552,53.137101798137,50.804301039549,50.950711129,7013200.0
2014-04-03,53.35,53.83,53.21,53.5,6841400.0,0.0,1.0,52.073188481459,52.541700767703,51.936539064638,52.21959857091,6841400.0
2014-04-02,52.1,53.41,51.99,53.34,6007200.0,0.0,1.0,50.8531044027,52.13175251724,50.745737003769,52.063427808829,6007200.0
2014-04-01,51.62,52.38,51.54,52.1,4250800.0,0.0,1.0,50.384592116456,51.126403236342,50.306506735415,50.8531044027,4250800.0
2014-03-31,51.34,51.7,50.95,51.4,4813100.0,0.0,1.0,50.111293282814,50.462677497496,49.730627050241,50.169857318594,4813100.0
2014-03-28,51.83,52.13,50.89,50.98,4208300.0,0.0,1.0,50.589566241687,50.88238642059,49.67206301446,49.759909068131,4208300.0
2014-03-27,51.53,51.84,51.43,51.66,4778000.0,0.0,1.0,50.296746062785,50.599326914318,50.199139336484,50.423634806976,4778000.0
2014-03-26,52.0,52.34,51.46,51.5,5684900.0,0.0,1.0,50.755497676399,51.087360545821,50.228421354375,50.267464044895,5684900.0
2014-03-25,51.68,52.1,51.5,51.69,6127200.0,0.0,1.0,50.443156152236,50.8531044027,50.267464044895,50.452916824866,6127200.0
2014-03-24,53.53,53.62,51.35,51.36,10161400.0,0.0,1.0,52.2488805888,52.336726642471,50.121053955444,50.130814628074,10161400.0
2014-03-21,54.22,54.73,53.09,53.46,12930500.0,0.0,1.0,52.922367000276,53.42016130441,51.819410993077,52.18055588039,12930500.0
2014-03-20,52.86,53.8,52.52,53.68,6922700.0,0.0,1.0,51.594915522585,52.512418749813,51.263052653163,52.395290678252,6922700.0
2014-03-19,53.09,53.53,52.44,53.11,6408600.0,0.0,1.0,51.819410993077,52.2488805888,51.184967272122,51.838932338337,6408600.0
2014-03-18,52.08,53.22,51.97,53.1,4712300.0,0.0,1.0,50.833583057439,51.946299737268,50.726215658509,51.829171665707,4712300.0
2014-03-17,51.47,52.19,51.26,51.98,3875500.0,0.0,1.0,50.238182027005,50.94095045637,50.033207901773,50.735976331139,3875500.0
2014-03-14,51.25,51.42,50.8,51.21,5466700.0,0.0,1.0,50.023447229143,50.189378663854,49.58421696079,49.984404538623,5466700.0
2014-03-13,51.89,52.1,51.14,51.32,4839400.0,0.0,1.0,50.648130277468,50.8531044027,49.916079830212,50.091771937554,4839400.0
2014-03-12,51.46,51.74,51.07,51.64,3924800.0,0.0,1.0,50.228421354375,50.501720188017,49.847755121802,50.404113461716,3924800.0
2014-03-11,51.68,52.14,51.5,51.75,3629800.0,0.0,1.0,50.443156152236,50.89214709322,50.267464044895,50.511480860647,3629800.0
2014-03-10,51.9,51.9,50.86,51.66,3086000.0,0.0,1.0,50.657890950098,50.657890950098,49.64278099657,50.423634806976,3086000.0
2014-03-07,52.25,52.5,51.01,51.46,5860700.0,0.0,1.0,50.999514492151,51.243531307903,49.789191086021,50.228421354375,5860700.0
2014-03-06,52.04,52.77,51.97,52.04,6529000.0,0.0,1.0,50.794540366919,51.507069468915,50.726215658509,50.794540366919,6529000.0
2014-03-05,51.68,52.12,51.3,51.7,5251100.0,0.0,1.0,50.443156152236,50.87262574796,50.072250592293,50.462677497496,5251100.0
2014-03-04,50.73,51.73,50.53,51.59,6198000.0,0.0,1.0,49.515892252379,50.491959515387,49.320678799777,50.355310098566,6198000.0
2014-03-03,50.34,50.86,49.79,50.09,6817700.0,0.0,1.0,49.135226019806,49.64278099657,48.598389025152,48.891209204054,6817700.0
2014-02-28,50.84,51.96,50.51,50.91,7095600.0,0.0,1.0,49.62325965131,50.716454985878,49.301157454517,49.69158435972,7095600.0
2014-02-27,50.6,50.92,50.47,50.91,5052900.0,0.0,1.0,49.389003508188,49.70134503235,49.262114763997,49.69158435972,5052900.0
2014-02-26,49.95,50.97,49.93,50.74,5710700.0,0.0,1.0,48.754559787233,49.750148395501,48.735038441973,49.525652925009,5710700.0
2014-02-25,50.93,51.13,50.5,50.72,5425000.0,0.0,1.0,49.711105704981,49.906319157582,49.291396781887,49.506131579749,5425000.0
2014-02-24,51.01,51.56,50.83,50.85,5693000.0,0.0,1.0,49.789191086021,50.326028080675,49.61349897868,49.63302032394,5693000.0
2014-02-21,51.82,51.97,51.01,51.04,5842700.0,0.0,1.0,50.579805569057,50.726215658509,49.789191086021,49.818473103911,5842700.0
2014-02-20,51.19,52.11,50.73,51.86,6078900.0,0.0,1.0,49.964883193363,50.86286507533,49.515892252379,50.618848259578,6078900.0
2014-02-19,51.17,51.86,50.64,51.19,5242800.0,0.0,1.0,49.945361848102,50.618848259578,49.428046198708,49.964883193363,5242800.0
2014-02-18,50.64,51.56,50.56,51.46,4984900.0,0.0,1.0,49.428046198708,50.326028080675,49.349960817668,50.228421354375,4984900.0
2014-02-14,50.56,50.91,50.17,50.73,4118700.0,0.0,1.0,49.349960817668,49.69158435972,48.969294585095,49.515892252379,4118700.0
2014-02-13,50.3,50.52,49.88,50.35,4946000.0,0.0,1.0,49.096183329286,49.310918127147,48.686235078822,49.144986692436,4946000.0
2014-02-12,49.63,50.93,49.59,50.56,6534500.0,0.0,1.0,48.442218263071,49.711105704981,48.40317557255,49.349960817668,6534500.0
2014-02-11,49.41,49.97,49.04,49.66,7217600.0,0.0,1.0,48.227483465209,48.774081132493,47.866338577896,48.471500280961,7217600.0
2014-02-10,48.75,50.19,48.72,49.55,7907500.0,0.0,1.0,47.583279071624,48.988815930355,47.553997053734,48.36413288203,7907500.0
2014-02-07,48.0,49.03,47.66,48.89,6979500.0,0.0,1.0,46.851228624368,47.856577905266,46.519365754945,47.719928488445,6979500.0
2014-02-06,47.89,48.18,47.45,47.93,4957800.0,0.0,1.0,46.743861225437,47.026920731709,46.314391629714,46.782903915958,4957800.0
2014-02-05,47.76,48.07,47.16,47.73,6987100.0,0.0,1.0,46.616972481246,46.919553332779,46.031332123442,46.587690463356,6987100.0
2014-02-04,47.18,47.97,46.95,47.95,9606100.0,0.0,1.0,46.050853468702,46.821946606478,45.82635799821,46.802425261218,9606100.0
2014-02-03,49.4,49.49,47.06,47.35,10314600.0,0.0,1.0,48.217722792579,48.305568846249,45.933725397141,46.216784903413,10314600.0
2014-01-31,49.94,50.55,49.07,49.23,12863500.0,0.0,1.0,48.744799114603,49.340200145038,47.895620595786,48.051791357868,12863500.0
2014-01-30,47.97,48.88,47.9,48.31,7669500.0,0.0,1.0,46.821946606478,47.710167815815,46.753621898067,47.1538094759,7669500.0
2014-01-29,47.15,47.84,46.98,47.61,7608500.0,0.0,1.0,46.021571450812,46.695057862287,45.8556400161,46.470562391795,7608500.0
2014-01-28,47.08,48.47,47.08,47.69,12298600.0,0.0,1.0,45.953246742401,47.309980237982,45.953246742401,46.548647772836,12298600.0
2014-01-27,47.79,47.83,46.42,46.83,10749800.0,0.0,1.0,46.646254499136,46.685297189657,45.309042348816,45.709229926649,10749800.0
2014-01-24,48.42,49.1,47.77,47.79,9197900.0,0.0,1.0,47.261176874831,47.924902613677,46.626733153876,46.646254499136,9197900.0
2014-01-23,48.74,49.06,48.39,48.87,7270500.0,0.0,1.0,47.573518398994,47.885859923156,47.231894856941,47.700407143185,7270500.0
2014-01-22,49.98,50.0,48.62,49.08,8181700.0,0.0,1.0,48.783841805123,48.803363150383,47.456390327433,47.905381268416,8181700.0
2014-01-21,50.26,50.92,49.91,50.0,5823000.0,0.0,1.0,49.057140638765,49.70134503235,48.715517096713,48.803363150383,5823000.0
2014-01-20,40.99,40.99,40.99,40.99,0.0,0.0,1.0,40.008997110684,40.008997110684,40.008997110684,40.008997110684,0.0
2014-01-17,50.64,50.66,50.01,50.06,8606800.0,0.0,1.0,49.428046198708,49.447567543968,48.813123823013,48.861927186164,8606800.0
2014-01-16,50.1,50.62,50.02,50.5,4972300.0,0.0,1.0,48.900969876684,49.408524853448,48.822884495644,49.291396781887,4972300.0
2014-01-15,50.65,50.67,50.07,50.11,4728400.0,0.0,1.0,49.437806871338,49.457328216599,48.871687858794,48.910730549314,4728400.0
2014-01-14,49.94,50.88,49.63,50.6,6610800.0,0.0,1.0,48.744799114603,49.66230234183,48.442218263071,49.389003508188,6610800.0
2014-01-13,50.66,50.74,49.64,49.83,7055200.0,0.4,1.0,49.447567543968,49.525652925009,48.451978935701,48.637431715672,7055200.0
2014-01-10,51.27,51.49,50.76,50.9,5517700.0,0.0,1.0,49.644457974567,49.857482760103,49.150627789917,49.286189017076,5517700.0
2014-01-09,50.59,51.65,49.87,51.22,6960300.0,0.0,1.0,48.986017728367,50.012409876856,48.288845702978,49.596043250582,6960300.0
2014-01-08,50.63,51.11,50.24,50.36,6811100.0,0.0,1.0,49.024749507555,49.489530857814,48.647114660469,48.763309998034,6811100.0
2014-01-07,50.84,51.21,50.3,50.49,9719900.0,0.0,1.0,49.228091348293,49.586360305785,48.705212329252,48.889188280396,9719900.0
2014-01-06,52.7,52.7,50.03,50.39,11871100.0,0.0,1.0,51.029119080548,51.029119080548,48.443772819731,48.792358832425,11871100.0
2014-01-03,52.25,52.67,51.97,52.3,4794300.0,0.0,1.0,50.59338656468,51.000070246157,50.322264110362,50.641801288665,4794300.0
2014-01-02,52.12,52.33,51.52,51.98,4569100.0,0.0,1.0,50.467508282318,50.670850123056,49.886531594494,50.331947055159,4569100.0
2014-01-01,40.99,40.99,40.99,40.99,0.0,0.0,1.0,39.690390723181,39.690390723181,39.690390723181,39.690390723181,0.0
2013-12-31,52.99,53.06,52.36,52.81,3019700.0,0.0,1.0,51.309924479663,51.377705093242,50.699898957448,51.135631473316,3019700.0
2013-12-30,52.73,53.03,52.6,53.01,2898800.0,0.0,1.0,51.058167914939,51.348656258851,50.932289632577,51.329290369257,2898800.0
2013-12-27,52.92,53.05,52.38,52.55,2354100.0,0.0,1.0,51.242143866083,51.368022148445,50.719264847042,50.883874908592,2354100.0
2013-12-26,52.59,53.06,52.34,52.99,2401500.0,0.0,1.0,50.92260668778,51.377705093242,50.680533067853,51.309924479663,2401500.0
2013-12-25,40.99,40.99,40.99,40.99,0.0,0.0,1.0,39.690390723181,39.690390723181,39.690390723181,39.690390723181,0.0
2013-12-24,52.78,52.79,52.28,52.36,1747000.0,0.0,1.0,51.106582638924,51.116265583721,50.622435399071,50.699898957448,1747000.0
2013-12-23,52.73,52.94,52.24,52.58,4957700.0,0.0,1.0,51.058167914939,51.261509755678,50.583703619883,50.912923742983,4957700.0
2013-12-20,52.77,53.01,52.29,52.59,12471800.0,0.0,1.0,51.096899694127,51.329290369257,50.632118343868,50.92260668778,12471800.0
2013-12-19,53.21,53.21,52.02,52.63,8383400.0,0.0,1.0,51.522949265198,51.522949265198,50.370678834347,50.961338466968,8383400.0
2013-12-18,52.78,54.43,52.22,54.32,9635600.0,0.0,1.0,51.106582638924,52.704268530441,50.564337730289,52.597756137673,9635600.0
2013-12-17,53.43,53.92,53.0,53.63,7987300.0,0.0,1.0,51.735974050734,52.21043834579,51.31960742446,51.929632946675,7987300.0
2013-12-16,53.42,54.78,52.98,53.37,9846300.0,0.0,1.0,51.726291105937,53.043171598338,51.300241534866,51.677876381951,9846300.0
2013-12-13,52.3,52.6,51.84,52.37,6465300.0,0.0,1.0,50.641801288665,50.932289632577,50.196385828,50.709581902245,6465300.0
2013-12-12,52.56,52.62,51.8,52.39,7766400.0,0.0,1.0,50.893557853389,50.951655522171,50.157654048812,50.728947791839,7766400.0
2013-12-11,52.67,53.25,52.02,52.67,10775500.0,0.0,1.0,51.000070246157,51.561681044387,50.370678834347,51.000070246157,10775500.0
2013-12-10,51.25,54.13,50.72,52.14,14906900.0,0.0,1.0,49.625092084973,52.413780186529,49.111896010728,50.486874171912,14906900.0
2013-12-09,51.45,51.81,50.77,51.21,5470800.0,0.0,1.0,49.818750980914,50.167336993609,49.160310734714,49.586360305785,5470800.0
2013-12-06,50.17,51.5,50.05,51.35,7285800.0,0.0,1.0,48.57933404689,49.8671657049,48.463138709325,49.721921532944,7285800.0
2013-12-05,49.42,50.07,49.05,49.76,5449100.0,0.0,1.0,47.85311318711,48.482504598919,47.494844229618,48.18233331021,5449100.0
2013-12-04,49.75,50.29,49.3,49.67,5309200.0,0.0,1.0,48.172650365413,48.695529384455,47.736917849545,48.095186807036,5309200.0
2013-12-03,49.13,50.26,48.97,49.97,9480100.0,0.0,1.0,47.572307787995,48.666480550063,47.417380671242,48.385675150948,9480100.0
2013-12-02,48.49,48.68,48.02,48.39,4321900.0,0.0,1.0,46.952599320982,47.136575272127,46.49750091552,46.855769873012,4321900.0
2013-11-29,48.43,48.93,48.07,48.45,4044300.0,0.0,1.0,46.8945016522,47.378648892053,46.545915639505,46.913867541794,4044300.0
2013-11-28,39.69,39.69,39.69,39.69,0.0,0.0,1.0,38.431607899563,38.431607899563,38.431607899563,38.431607899563,0.0
2013-11-27,48.83,48.95,48.24,48.25,3414900.0,0.0,1.0,47.281819444083,47.398014781647,46.710525701056,46.720208645853,3414900.0
2013-11-26,48.38,49.18,48.31,48.6,4732300.0,0.0,1.0,46.846086928215,47.62072251198,46.778306314635,47.05911171375,4732300.0
2013-11-25,49.0,49.28,48.32,48.41,3343200.0,0.0,1.0,47.446429505633,47.717551959951,46.787989259432,46.875135762606,3343200.0
2013-11-22,48.65,49.14,48.57,48.94,5810100.0,0.0,1.0,47.107526437735,47.581990732792,47.030062879359,47.38833183685,5810100.0
2013-11-21,48.28,48.67,47.99,48.57,4459800.0,0.0,1.0,46.749257480244,47.12689232733,46.468452081129,47.030062879359,4459800.0
2013-11-20,48.42,48.54,47.83,47.95,3120300.0,0.0,1.0,46.884818707403,47.001014044968,46.313524964376,46.429720301941,3120300.0
2013-11-19,48.73,49.0,48.37,48.46,4050700.0,0.0,1.0,47.184989996112,47.446429505633,46.836403983417,46.923550486591,4050700.0
2013-11-18,48.89,49.96,48.73,48.87,8585700.0,0.0,1.0,47.339917112865,48.375992206151,47.184989996112,47.320551223271,8585700.0
2013-11-15,48.03,48.75,48.0,48.44,6257100.0,0.0,1.0,46.507183860317,47.204355885706,46.478135025926,46.904184596997,6257100.0
2013-11-14,47.99,48.47,47.69,48.04,3411800.0,0.0,1.0,46.468452081129,46.933233431388,46.177963737217,46.516866805114,3411800.0
2013-11-13,47.36,47.93,47.29,47.85,3745100.0,0.0,1.0,45.858426558914,46.410354412346,45.790645945334,46.33289085397,3745100.0
2013-11-12,48.45,48.48,47.28,47.48,5351100.0,0.0,1.0,46.913867541794,46.942916376185,45.780963000537,45.974621896478,5351100.0
2013-11-11,48.23,48.67,48.19,48.57,2282900.0,0.0,1.0,46.700842756259,47.12689232733,46.66211097707,47.030062879359,2282900.0
2013-11-08,47.13,48.1,46.83,48.03,5190900.0,0.0,1.0,45.635718828581,46.574964473897,45.345230484669,46.507183860317,5190900.0
2013-11-07,48.17,48.36,47.18,47.24,4444900.0,0.0,1.0,46.642745087476,46.82672103862,45.684133552566,45.742231221349,4444900.0
2013-11-06,48.5,48.74,48.0,48.05,4308100.0,0.0,1.0,46.962282265779,47.194672940909,46.478135025926,46.526549749911,4308100.0
2013-11-05,48.59,48.76,48.03,48.17,4095400.0,0.0,1.0,47.049428768953,47.214038830503,46.507183860317,46.642745087476,4095400.0
2013-11-04,49.19,49.19,48.0,48.76,4095600.0,0.0,1.0,47.630405456777,47.630405456777,46.478135025926,47.214038830503,4095600.0
2013-11-01,48.64,49.33,48.5,48.96,3866900.0,0.0,1.0,47.097843492938,47.765966683936,46.962282265779,47.407697726444,3866900.0
2013-10-31,48.68,49.0,48.44,48.45,4563700.0,0.0,1.0,47.136575272127,47.446429505633,46.904184596997,46.913867541794,4563700.0
2013-10-30,49.57,49.57,48.72,48.8,4011600.0,0.0,1.0,47.998357359066,47.998357359066,47.175307051315,47.252770609691,4011600.0
2013-10-29,49.48,50.2,49.48,49.79,5022900.0,0.0,1.0,47.911210855892,48.608382881281,47.911210855892,48.211382144601,5022900.0
2013-10-28,49.13,49.97,48.97,49.42,5555000.0,0.0,1.0,47.572307787995,48.385675150948,47.417380671242,47.85311318711,5555000.0
2013-10-25,49.1,49.83,48.56,49.3,6956800.0,0.0,1.0,47.543258953603,48.250113923789,47.020379934562,47.736917849545,6956800.0
2013-10-24,48.63,48.98,47.74,47.93,5077900.0,0.0,1.0,47.088160548141,47.427063616039,46.226378461202,46.410354412346,5077900.0
2013-10-23,48.76,48.86,48.28,48.33,4130300.0,0.0,1.0,47.214038830503,47.310868278474,46.749257480244,46.797672204229,4130300.0
2013-10-22,48.39,49.31,48.11,49.0,6937500.0,0.0,1.0,46.855769873012,47.746600794342,46.584647418694,47.446429505633,6937500.0
2013-10-21,48.08,48.55,47.76,48.35,4713200.0,0.0,1.0,46.555598584303,47.010696989765,46.245744350796,46.817038093823,4713200.0
2013-10-18,48.38,48.95,47.77,48.33,9212900.0,0.0,1.0,46.846086928215,47.398014781647,46.255427295593,46.797672204229,9212900.0
2013-10-17,46.95,48.32,46.95,48.17,7242400.0,0.0,1.0,45.461425822234,46.787989259432,45.461425822234,46.642745087476,7242400.0
2013-10-16,46.31,47.27,46.2,47.06,4399900.0,0.0,1.0,44.841717355221,45.77128005574,44.735204962454,45.567938215002,4399900.0
2013-10-15,46.05,46.38,45.75,46.08,3533300.0,0.0,1.0,44.589960790498,44.909497968801,44.299472446586,44.619009624889,3533300.0
2013-10-14,45.21,46.45,45.07,46.33,3377300.0,0.0,1.0,43.776593427544,44.97727858238,43.641032200385,44.861083244816,3377300.0
2013-10-11,45.7,45.7,44.96,45.65,2985700.0,0.0,1.0,44.2510577226,44.2510577226,43.534519807617,44.202642998615,2985700.0
2013-10-10,45.1,45.68,44.51,45.68,3967500.0,0.4,1.0,43.670081034776,44.231691833006,43.098787291749,44.231691833006,3967500.0
2013-10-09,44.72,45.31,44.32,44.81,5113000.0,0.0,1.0,42.926242594879,43.492577190831,42.542286936607,43.012632617991,5113000.0
2013-10-08,46.29,46.32,44.39,44.52,7091500.0,0.0,1.0,44.433268553599,44.46206522797,42.609479176804,42.734264765743,7091500.0
2013-10-07,46.12,46.98,46.09,46.09,4703700.0,0.0,1.0,44.270087398833,45.09559206412,44.241290724463,44.241290724463,4703700.0
2013-10-04,46.18,46.88,46.0,46.8,4141400.0,0.0,1.0,44.327680747574,44.999603149551,44.154900701352,44.922812017897,4141400.0
2013-10-03,45.6,46.34,45.1,46.01,7020800.0,0.0,1.0,43.770945043079,44.481263010883,43.291000470238,44.164499592808,7020800.0
2013-10-02,45.34,45.97,45.12,45.95,4056800.0,0.0,1.0,43.521373865202,44.126104026981,43.310198253152,44.106906244068,4056800.0
2013-10-01,44.81,45.9,44.81,45.8,4159700.0,0.0,1.0,43.012632617991,44.058911786784,43.012632617991,43.962922872215,4159700.0
2013-09-30,44.52,44.95,44.03,44.73,5818400.0,0.0,1.0,42.734264765743,43.147017098386,42.263919084359,42.935841486336,5818400.0
2013-09-27,44.87,44.9,44.02,44.33,6617300.0,0.0,1.0,43.070225966732,43.099022641102,42.254320192902,42.551885828063,6617300.0
2013-09-26,45.33,45.62,44.81,45.0,5033900.0,0.0,1.0,43.511774973745,43.790142825993,43.012632617991,43.19501155567,5033900.0
2013-09-25,46.09,46.16,45.02,45.33,4571900.0,0.0,1.0,44.241290724463,44.308482964661,43.214209338584,43.511774973745,4571900.0
2013-09-24,46.95,46.95,45.94,45.98,7162700.0,0.0,1.0,45.066795389749,45.066795389749,44.097307352611,44.135702918438,7162700.0
2013-09-23,47.56,47.56,46.93,47.1,3179500.0,0.0,1.0,45.652327768615,45.652327768615,45.047597606836,45.210778761601,3179500.0
2013-09-20,47.44,48.0,47.33,47.84,10495300.0,0.0,1.0,45.537141071133,46.074678992715,45.431553265108,45.921096729406,10495300.0
2013-09-19,48.21,48.23,47.31,47.4,5326500.0,0.0,1.0,46.276255713308,46.295453496222,45.412355482195,45.498745505306,5326500.0
2013-09-18,47.19,48.42,46.88,47.92,6689400.0,0.0,1.0,45.297168784713,46.477832433901,44.999603149551,45.99788786106,6689400.0
2013-09-17,45.92,47.7,45.86,47.6,7293800.0,0.0,1.0,44.078109569697,45.78671224901,44.020516220956,45.690723334442,7293800.0
2013-09-16,45.32,45.95,45.19,45.82,3531700.0,0.0,1.0,43.502176082288,44.106906244068,43.37739049335,43.982120655129,3531700.0
2013-09-13,44.71,44.89,44.43,44.89,2273500.0,0.0,1.0,42.916643703422,43.089423749645,42.647874742632,43.089423749645,2273500.0
2013-09-12,44.84,44.95,44.5,44.7,2597900.0,0.0,1.0,43.041429292361,43.147017098386,42.715066982829,42.907044811966,2597900.0
2013-09-11,44.81,44.97,44.39,44.95,3441700.0,0.0,1.0,43.012632617991,43.1662148813,42.609479176804,43.147017098386,3441700.0
2013-09-10,44.58,44.81,44.1,44.78,4282300.0,0.0,1.0,42.791858114484,43.012632617991,42.331111324557,42.98383594362,4282300.0
2013-09-09,43.88,44.44,43.5,44.43,3287500.0,0.0,1.0,42.119935712507,42.657473634088,41.755177837148,42.647874742632,3287500.0
2013-09-06,43.53,44.35,42.89,43.89,3992200.0,0.0,1.0,41.783974511518,42.571083610977,41.169645458282,42.129534603964,3992200.0
2013-09-05,43.03,43.66,43.0,43.51,3355500.0,0.0,1.0,41.304029938677,41.908760100457,41.275233264307,41.764776728605,3355500.0
2013-09-04,42.6,43.14,42.59,43.13,3190700.0,0.0,1.0,40.891277606034,41.409617744702,40.881678714578,41.400018853246,3190700.0
2013-09-03,43.0,43.28,42.31,42.59,2925600.0,0.0,1.0,41.275233264307,41.544002225098,40.612909753787,40.881678714578,2925600.0
2013-09-02,34.5,34.5,34.5,34.5,0.0,0.0,1.0,33.116175526014,33.116175526014,33.116175526014,33.116175526014,0.0
2013-08-30,42.76,43.03,42.3,42.61,3170700.0,0.0,1.0,41.044859869343,41.304029938677,40.60331086233,40.900876497491,3170700.0
2013-08-29,42.32,43.09,42.26,42.62,2788900.0,0.0,1.0,40.622508645244,41.361623287418,40.564915296503,40.910475388948,2788900.0
2013-08-28,42.53,42.81,42.35,42.56,3009700.0,0.0,1.0,40.824085365837,41.092854326628,40.651305319614,40.852882040207,3009700.0
2013-08-27,43.02,43.09,42.6,42.63,4473000.0,0.0,1.0,41.294431047221,41.361623287418,40.891277606034,40.920074280405,4473000.0
2013-08-26,43.43,43.74,43.19,43.45,3493400.0,0.0,1.0,41.68798559695,41.985551232111,41.457612201987,41.707183379864,3493400.0
2013-08-23,43.01,43.5,42.85,43.43,2738100.0,0.0,1.0,41.284832155764,41.755177837148,41.131249892455,41.68798559695,2738100.0
2013-08-22,42.4,43.1,42.29,42.92,4077700.0,0.0,1.0,40.699299776898,41.371222178875,40.593711970873,41.198442132652,4077700.0
2013-08-21,42.82,42.88,42.25,42.31,4118800.0,0.0,1.0,41.102453218084,41.160046566825,40.555316405046,40.612909753787,4118800.0
2013-08-20,43.29,43.48,42.85,42.97,2803000.0,0.0,1.0,41.553601116555,41.735980054234,41.131249892455,41.246436589937,2803000.0
2013-08-19,43.01,43.81,42.95,43.37,3326900.0,0.0,1.0,41.284832155764,42.052743472309,41.227238807023,41.630392248209,3326900.0
2013-08-16,42.94,43.14,42.42,43.0,6093300.0,0.0,1.0,41.217639915566,41.409617744702,40.718497559812,41.275233264307,6093300.0
2013-08-15,44.6,44.62,43.13,43.21,4363100.0,0.0,1.0,42.811055897398,42.830253680311,41.400018853246,41.4768099849,4363100.0
2013-08-14,44.85,45.23,44.45,44.58,2990500.0,0.0,1.0,43.051028183818,43.415786059177,42.667072525545,42.791858114484,2990500.0
2013-08-13,45.12,45.18,44.68,44.93,2791800.0,0.0,1.0,43.310198253152,43.367791601893,42.887847029052,43.127819315472,2791800.0
2013-08-12,44.71,45.2,44.39,45.04,3826400.0,0.0,1.0,42.916643703422,43.386989384806,42.609479176804,43.233407121497,3826400.0
2013-08-09,44.9,45.0,44.47,44.71,3290800.0,0.0,1.0,43.099022641102,43.19501155567,42.686270308459,42.916643703422,3290800.0
2013-08-08,44.86,45.18,44.61,45.06,2892400.0,0.0,1.0,43.060627075275,43.367791601893,42.820654788854,43.252604904411,2892400.0
2013-08-07,44.7,44.86,44.22,44.57,3299400.0,0.0,1.0,42.907044811966,43.060627075275,42.446298022039,42.782259223027,3299400.0
2013-08-06,44.42,44.99,44.42,44.88,4980600.0,0.0,1.0,42.638275851175,43.185412664213,42.638275851175,43.079824858188,4980600.0
2013-08-05,45.05,45.37,44.48,44.71,2953500.0,0.0,1.0,43.243006012954,43.550170539572,42.695869199916,42.916643703422,2953500.0
2013-08-02,45.11,45.42,44.81,45.32,3190700.0,0.0,1.0,43.300599361695,43.598164996856,43.012632617991,43.502176082288,3190700.0
2013-08-01,45.14,45.9,45.04,45.25,3652400.0,0.0,1.0,43.329396036066,44.058911786784,43.233407121497,43.434983842091,3652400.0
2013-07-31,44.84,45.91,44.81,45.48,6020600.0,0.0,1.0,43.041429292361,44.06851067824,43.012632617991,43.655758345597,6020600.0
2013-07-30,45.08,45.23,44.2,44.7,3619700.0,0.0,1.0,43.271802687325,43.415786059177,42.427100239125,42.907044811966,3619700.0
2013-07-29,44.72,45.45,44.47,45.06,4326200.0,0.0,1.0,42.926242594879,43.626961671227,42.686270308459,43.252604904411,4326200.0
2013-07-26,45.01,45.12,44.17,44.79,4491100.0,0.0,1.0,43.204610447127,43.310198253152,42.398303564754,42.993434835077,4491100.0
2013-07-25,43.41,44.43,43.35,44.24,4088500.0,0.0,1.0,41.668787814036,42.647874742632,41.611194465296,42.465495804952,4088500.0
2013-07-24,44.28,44.37,43.39,43.64,3088100.0,0.0,1.0,42.503891370779,42.590281393891,41.649590031123,41.889562317543,3088100.0
2013-07-23,44.92,45.09,44.23,44.31,3535100.0,0.0,1.0,43.118220424016,43.281401578781,42.455896913495,42.53268804515,3535100.0
2013-07-22,44.3,45.1,43.8,44.97,3810500.0,0.0,1.0,42.523089153693,43.291000470238,42.043144580852,43.1662148813,3810500.0
2013-07-19,44.49,44.91,44.12,44.52,4317900.0,0.0,1.0,42.705468091373,43.108621532559,42.35030910747,42.734264765743,4317900.0
2013-07-18,43.96,44.56,43.81,44.32,3043700.0,0.0,1.0,42.196726844161,42.77266033157,42.052743472309,42.542286936607,3043700.0
2013-07-17,43.97,44.15,43.74,43.96,3645400.0,0.0,1.0,42.206325735618,42.379105781841,41.985551232111,42.196726844161,3645400.0
2013-07-16,44.54,44.77,43.7,43.81,3714500.0,0.0,1.0,42.753462548657,42.974237052163,41.947155666284,42.052743472309,3714500.0
2013-07-15,44.95,44.97,44.54,44.62,3265800.0,0.0,1.0,43.147017098386,43.1662148813,42.753462548657,42.830253680311,3265800.0
2013-07-12,43.93,45.11,43.8,45.05,5693900.0,0.0,1.0,42.167930169791,43.300599361695,42.043144580852,43.243006012954,5693900.0
2013-07-11,43.94,44.11,43.33,43.78,4061400.0,0.4,1.0,42.177529061248,42.340710216014,41.591996682382,42.023946797939,4061400.0
2013-07-10,43.36,44.12,43.36,43.91,3080100.0,0.0,1.0,41.243964082359,41.966874891921,41.243964082359,41.767123220858,3080100.0
2013-07-09,44.0,44.23,43.25,43.32,3805700.0,0.0,1.0,41.852731079885,42.07150671962,41.139332254659,41.205916145014,3805700.0
2013-07-08,42.9,43.69,42.82,43.68,3978300.0,0.0,1.0,40.806412802887,41.557859565458,40.730316928197,41.548347581122,3978300.0
2013-07-05,42.45,42.83,42.31,42.72,2743700.0,0.0,1.0,40.378373507752,40.739828912533,40.245205727044,40.635197084833,2743700.0
2013-07-04,35.7,35.7,35.7,35.7,0.0,0.0,1.0,33.957784080725,33.957784080725,33.957784080725,33.957784080725,0.0
2013-07-03,41.88,42.31,41.61,42.23,2417500.0,0.0,1.0,39.836190400581,40.245205727044,39.5793668235,40.169109852353,2417500.0
2013-07-02,41.58,42.57,41.58,42.21,4365900.0,0.0,1.0,39.550830870491,40.492517319788,39.550830870491,40.15008588368,4365900.0
2013-07-01,41.4,41.93,41.07,41.61,4588200.0,0.0,1.0,39.379615152437,39.883750322263,39.065719669338,39.5793668235,4588200.0
2013-06-28,42.53,42.97,41.32,41.34,10753100.0,0.0,1.0,40.454469382443,40.872996693242,39.303519277746,39.322543246419,10753100.0
2013-06-27,43.56,43.98,42.74,43.13,5163900.0,0.0,1.0,41.434203769086,41.833707111212,40.654221053506,41.025188442623,5163900.0
2013-06-26,43.1,43.61,43.03,43.38,4733700.0,0.0,1.0,40.996652489614,41.481763690767,40.93006859926,41.262988051032,4733700.0
2013-06-25,42.15,42.77,41.61,42.63,4686900.0,0.0,1.0,40.093013977662,40.682757006515,39.5793668235,40.549589225806,4686900.0
2013-06-24,42.07,42.4,41.32,41.89,6042400.0,0.0,1.0,40.016918102971,40.330813586071,39.303519277746,39.845702384917,6042400.0
2013-06-21,41.66,42.71,41.2,42.62,9825700.0,0.0,1.0,39.626926745182,40.625685100497,39.18937546571,40.54007724147,9825700.0
2013-06-20,42.65,42.78,40.91,41.06,7474900.0,0.0,1.0,40.568613194479,40.692268990851,38.913527919956,39.056207685001,7474900.0
2013-06-19,43.56,43.83,43.01,43.04,3663300.0,0.0,1.0,41.434203769086,41.691027346167,40.911044630587,40.939580583596,3663300.0
2013-06-18,42.97,43.56,42.63,43.54,3644900.0,0.0,1.0,40.872996693242,41.434203769086,40.549589225806,41.415179800413,3644900.0
2013-06-17,43.4,43.5,42.68,43.01,3457700.0,0.0,1.0,41.282012019704,41.377131863068,40.597149147488,40.911044630587,3457700.0
2013-06-14,42.98,43.5,42.5,43.21,4078500.0,0.0,1.0,40.882508677578,41.377131863068,40.425933429434,41.101284317314,4078500.0
2013-06-13,42.42,43.2,40.1,43.15,6096500.0,0.0,1.0,40.349837554743,41.091772332978,38.143057188713,41.044212411296,6096500.0
2013-06-12,43.91,44.0,42.72,42.77,3742600.0,0.0,1.0,41.767123220858,41.852731079885,40.635197084833,40.682757006515,3742600.0
2013-06-11,43.31,44.05,43.05,43.59,3574800.0,0.0,1.0,41.196404160677,41.900291001566,40.949092567933,41.462739722095,3574800.0
2013-06-10,44.33,44.33,43.22,43.92,4702700.0,0.0,1.0,42.166626562984,42.166626562984,41.11079630165,41.776635205194,4702700.0
2013-06-07,43.72,44.27,43.5,44.0,5463200.0,0.0,1.0,41.586395518467,42.109554656966,41.377131863068,41.852731079885,5463200.0
2013-06-06,43.22,43.57,42.65,43.5,4261300.0,0.0,1.0,41.11079630165,41.443715753422,40.568613194479,41.377131863068,4261300.0
2013-06-05,43.49,43.9,42.69,43.04,4801300.0,0.0,1.0,41.367619878731,41.757611236521,40.606661131824,40.939580583596,4801300.0
2013-06-04,43.42,44.47,43.38,43.63,4528400.0,0.0,1.0,41.301035988377,42.299794343692,41.262988051032,41.50078765944,4528400.0
2013-06-03,42.88,43.58,42.75,43.36,7176800.0,0.0,1.0,40.787388834215,41.453227737758,40.663733037842,41.243964082359,7176800.0
2013-05-31,44.27,44.69,42.68,42.69,9308800.0,0.0,1.0,42.109554656966,42.509057999092,40.597149147488,40.606661131824,9308800.0
2013-05-30,44.07,45.12,44.07,44.55,4852200.0,0.0,1.0,41.919314970239,42.918073325554,41.919314970239,42.375890218383,4852200.0
2013-05-29,44.89,45.18,43.79,43.88,6908400.0,0.0,1.0,42.699297685819,42.975145231572,41.652979408821,41.738587267849,6908400.0
2013-05-28,45.89,46.04,44.7,45.39,6181800.0,0.0,1.0,43.650496119452,43.793175884497,42.518569983428,43.174896902635,6181800.0
2013-05-27,36.5,36.5,36.5,36.5,0.0,0.0,1.0,34.718742827632,34.718742827632,34.718742827632,34.718742827632,0.0
2013-05-24,46.25,46.48,45.31,45.44,4511700.0,0.0,1.0,43.99292755556,44.211703195296,43.098801027945,43.222456824317,4511700.0
2013-05-23,46.12,46.95,46.02,46.59,3306200.0,0.0,1.0,43.869271759188,44.658766459104,43.774151915825,44.316335022996,3306200.0
2013-05-22,46.46,48.0,45.85,46.76,5203500.0,0.0,1.0,44.192679226624,45.65752481442,43.612448182107,44.478038756714,5203500.0
2013-05-21,46.19,46.96,46.17,46.54,4708800.0,0.0,1.0,43.935855649542,44.66827844344,43.91683168087,44.268775101314,4708800.0
2013-05-20,47.12,47.14,46.07,46.26,3537800.0,0.0,1.0,44.820470192822,44.839494161494,43.821711837506,44.002439539897,3537800.0
2013-05-17,46.03,47.34,45.85,47.17,5244800.0,0.0,1.0,43.783663900161,45.029733848221,43.612448182107,44.868030114504,5244800.0
2013-05-16,46.06,46.9,46.01,46.21,4605300.0,0.0,1.0,43.81219985317,44.611206537422,43.764639931488,43.954879618215,4605300.0
2013-05-15,45.72,46.93,45.48,46.03,6702500.0,0.0,1.0,43.488792385735,44.639742490431,43.260504761662,43.783663900161,6702500.0
2013-05-14,44.09,45.52,44.09,45.35,5760300.0,0.0,1.0,41.938338938912,43.298552699008,41.938338938912,43.13684896529,5760300.0
2013-05-13,44.79,44.79,44.17,44.54,3738400.0,0.0,1.0,42.604177842455,42.604177842455,42.014434813602,42.366378234047,3738400.0
2013-05-10,44.21,45.01,44.2,45.01,4455800.0,0.0,1.0,42.052482750948,42.813441497855,42.042970766611,42.813441497855,4455800.0
2013-05-09,43.34,44.45,43.25,44.24,5046900.0,0.0,1.0,41.224940113686,42.28077037502,41.139332254659,42.081018703957,5046900.0
2013-05-08,45.01,45.05,43.39,43.49,6973200.0,0.0,1.0,42.813441497855,42.8514894352,41.272500035368,41.367619878731,6973200.0
2013-05-07,44.5,45.0,44.42,44.91,3745600.0,0.0,1.0,42.328330296701,42.803929513518,42.252234422011,42.718321654491,3745600.0
2013-05-06,44.95,44.95,44.15,44.59,4085700.0,0.0,1.0,42.756369591837,42.756369591837,41.99541084493,42.413938155728,4085700.0
2013-05-03,44.31,44.77,43.83,44.68,4641200.0,0.0,1.0,42.147602594311,42.585153873783,41.691027346167,42.499546014755,4641200.0
2013-05-02,45.68,45.68,43.86,43.99,9649400.0,0.0,1.0,43.450744448389,43.450744448389,41.719563299176,41.843219095548,9649400.0
2013-05-01,45.74,46.09,45.55,45.55,6398100.0,0.0,1.0,43.507816354407,43.840735806179,43.327088652017,43.327088652017,6398100.0
2013-04-30,45.05,46.23,45.01,46.05,6798600.0,0.0,1.0,42.8514894352,43.973903586888,42.813441497855,43.802687868834,6798600.0
2013-04-29,45.83,45.93,45.05,45.23,6024700.0,0.0,1.0,43.593424213434,43.688544056798,42.8514894352,43.022705153254,6024700.0
2013-04-26,44.95,46.31,44.75,45.84,10096800.0,0.0,1.0,42.756369591837,44.049999461578,42.56612990511,43.602936197771,10096800.0
2013-04-25,44.75,44.79,43.76,44.24,5236900.0,0.0,1.0,42.56612990511,42.604177842455,41.624443455812,42.081018703957,5236900.0
2013-04-24,45.14,45.34,43.94,44.32,5541300.0,0.0,1.0,42.937097294227,43.127336980954,41.795659173867,42.157114578647,5541300.0
2013-04-23,44.61,46.32,44.4,45.14,9378100.0,0.0,1.0,42.432962124401,44.059511445915,42.233210453338,42.937097294227,9378100.0
2013-04-22,43.0,44.83,42.88,44.2,8531300.0,0.0,1.0,40.901532646251,42.642225779801,40.787388834215,42.042970766611,8531300.0
2013-04-19,42.51,42.58,42.2,42.39,6493200.0,0.0,1.0,40.43544541377,40.502029304125,40.140573899344,40.321301601734,6493200.0
2013-04-18,42.37,42.64,41.89,42.32,5009000.0,0.0,1.0,40.302277633062,40.559101210143,39.845702384917,40.25471771138,5009000.0
2013-04-17,42.14,42.43,41.42,42.24,5046200.0,0.0,1.0,40.083501993326,40.35934953908,39.39863912111,40.178621836689,5046200.0
2013-04-16,41.67,42.53,41.13,42.45,6998000.0,0.0,1.0,39.636438729518,40.454469382443,39.122791575356,40.378373507752,6998000.0
2013-04-15,42.87,43.03,41.41,41.44,7152500.0,0.0,1.0,40.777876849878,40.93006859926,39.389127136773,39.417663089782,7152500.0
2013-04-12,42.97,43.29,42.62,43.09,4199800.0,0.0,1.0,40.872996693242,41.177380192005,40.54007724147,40.987140505278,4199800.0
2013-04-11,43.42,43.71,43.11,43.2,6494100.0,0.4,1.0,41.301035988377,41.576883534131,41.006164473951,41.091772332978,6494100.0
2013-04-10,42.65,43.77,42.5,43.62,7809200.0,0.0,1.0,40.196424082603,41.251992546202,40.055053306228,41.110621769828,7809200.0
2013-04-09,41.96,43.56,41.8,42.55,8673900.0,0.0,1.0,39.546118511278,41.054073459278,39.395323016478,40.102176898353,8673900.0
2013-04-08,41.27,41.87,41.07,41.77,16449200.0,0.0,1.0,38.895812939954,39.461296045453,38.707318571454,39.367048861204,16449200.0
2013-04-05,41.31,41.5,41.09,41.31,14089800.0,0.0,1.0,38.933511813654,39.112581463729,38.726168008304,38.933511813654,14089800.0
2013-04-04,40.77,41.78,40.62,41.6,20687600.0,0.0,1.0,38.424577018704,39.376473579629,38.283206242329,39.206828647979,20687600.0
2013-04-03,40.75,41.45,40.35,40.57,4122100.0,0.0,1.0,38.405727581854,39.065457871604,38.028738844854,38.236082650204,4122100.0
2013-04-02,41.22,41.22,40.52,40.71,5510700.0,0.0,1.0,38.848689347829,38.848689347829,38.188959058079,38.368028708154,5510700.0
2013-04-01,39.96,41.14,39.96,41.12,5740000.0,0.0,1.0,37.661174826279,38.773291600429,37.661174826279,38.754442163579,5740000.0
2013-03-29,28.3,28.3,28.3,28.3,0.0,0.0,1.0,26.671953142735,26.671953142735,26.671953142735,26.671953142735,0.0
2013-03-28,40.26,40.8,39.78,40.78,7263400.0,0.0,1.0,37.943916379029,38.452851173979,37.49152989463,38.434001737129,7263400.0
2013-03-27,40.22,40.29,39.66,40.15,4274800.0,0.0,1.0,37.906217505329,37.972190534304,37.37843327353,37.840244476354,4274800.0
2013-03-26,39.57,40.52,39.57,40.21,7249500.0,0.0,1.0,37.293610807705,38.188959058079,37.293610807705,37.896792786904,7249500.0
2013-03-25,39.12,39.52,38.93,39.32,6065000.0,0.0,1.0,36.86949847858,37.24648721558,36.690428828505,37.05799284708,6065000.0
2013-03-22,38.57,38.97,38.3,38.97,3323400.0,0.0,1.0,36.351138965205,36.728127702205,36.09667156773,36.728127702205,3323400.0
2013-03-21,38.82,38.97,38.48,38.49,4736100.0,0.0,1.0,36.58675692583,36.728127702205,36.26631649938,36.275741217805,4736100.0
2013-03-20,38.5,39.19,38.41,39.06,7072900.0,0.0,1.0,36.28516593623,36.935471507555,36.200343470405,36.81295016803,7072900.0
2013-03-19,38.25,38.4,37.84,38.36,5108400.0,0.0,1.0,36.049547975605,36.19091875198,35.663134520181,36.15321987828,5108400.0
2013-03-18,38.05,38.49,37.99,38.16,5178700.0,0.0,1.0,35.861053607105,36.275741217805,35.804505296555,35.96472550978,5178700.0
2013-03-15,37.44,38.54,37.28,38.5,12208300.0,0.0,1.0,35.286145783181,36.32286480993,35.135350288381,36.28516593623,12208300.0
2013-03-14,37.43,37.59,36.86,37.56,9859700.0,0.0,1.0,35.276721064756,35.427516559556,34.739512114531,35.399242404281,9859700.0
2013-03-13,37.2,37.59,37.04,37.17,3710600.0,0.0,1.0,35.059952540981,35.427516559556,34.909157046181,35.031678385706,3710600.0
2013-03-12,37.7,38.3,37.05,37.17,6523900.0,0.0,1.0,35.531188462231,36.09667156773,34.918581764606,35.031678385706,6523900.0
2013-03-11,37.25,38.15,37.08,37.67,4614400.0,0.0,1.0,35.107076133106,35.955300791355,34.946855919881,35.502914306956,4614400.0
2013-03-08,37.64,37.65,37.16,37.34,4114500.0,0.0,1.0,35.474640151681,35.484064870106,35.022253667281,35.191898598931,4114500.0
2013-03-07,37.65,38.01,37.44,37.49,4442500.0,0.0,1.0,35.484064870106,35.823354733405,35.286145783181,35.333269375306,4442500.0
2013-03-06,37.56,37.86,37.37,37.74,5489500.0,0.0,1.0,35.399242404281,35.681983957031,35.220172754206,35.568887335931,5489500.0
2013-03-05,38.45,38.57,37.29,37.51,6650400.0,0.0,1.0,36.238042344105,36.351138965205,35.144775006806,35.352118812156,6650400.0
2013-03-04,37.53,38.25,37.53,38.24,5420800.0,0.0,1.0,35.370968249006,36.049547975605,35.370968249006,36.04012325718,5420800.0
2013-03-01,36.8,38.07,36.55,37.81,8929400.0,0.0,1.0,34.682963803981,35.879903043955,34.447345843356,35.634860364906,8929400.0
2013-02-28,36.66,37.14,36.5,36.92,10321000.0,0.0,1.0,34.551017746031,35.003404230431,34.400222251231,34.796060425081,10321000.0
2013-02-27,36.97,36.98,36.4,36.73,12238400.0,0.0,1.0,34.843184017206,34.852608735631,34.305975066981,34.616990775006,12238400.0
2013-02-26,37.6,37.6,36.96,37.09,4463000.0,0.0,1.0,35.436941277981,35.436941277981,34.833759298781,34.956280638306,4463000.0
2013-02-25,38.54,38.61,37.37,37.37,4665600.0,0.0,1.0,36.32286480993,36.388837838905,35.220172754206,35.220172754206,4665600.0
2013-02-22,38.79,38.85,38.14,38.46,4490400.0,0.0,1.0,36.558482770555,36.615031081105,35.94587607293,36.24746706253,4490400.0
2013-02-21,38.49,39.03,38.19,38.78,7260900.0,0.0,1.0,36.275741217805,36.784676012755,35.992999665055,36.54905805213,7260900.0
2013-02-20,38.16,39.13,37.61,38.61,8096400.0,0.0,1.0,35.96472550978,36.878923197005,35.446365996406,36.388837838905,8096400.0
2013-02-19,37.54,38.33,37.11,38.19,8292700.0,0.0,1.0,35.380392967431,36.124945723005,34.975130075156,35.992999665055,8292700.0
2013-02-18,28.3,28.3,28.3,28.3,0.0,0.0,1.0,26.671953142735,26.671953142735,26.671953142735,26.671953142735,0.0
2013-02-15,36.93,37.81,36.93,37.58,13296300.0,0.0,1.0,34.805485143506,35.634860364906,34.805485143506,35.418091841131,13296300.0
2013-02-14,35.05,36.73,35.01,36.57,7570100.0,0.0,1.0,33.033638079607,34.616990775006,32.995939205907,34.466195280206,7570100.0
2013-02-13,35.42,35.57,35.15,35.27,4859800.0,0.0,1.0,33.382352661332,33.523723437707,33.127885263857,33.240981884957,4859800.0
2013-02-12,35.77,35.9,35.2,35.42,7473800.0,0.0,1.0,33.712217806207,33.834739145732,33.175008855982,33.382352661332,7473800.0
2013-02-11,36.13,36.18,35.75,35.85,6032100.0,0.0,1.0,34.051507669506,34.098631261631,33.693368369357,33.787615553607,6032100.0
2013-02-08,36.37,36.42,35.83,36.25,13858700.0,0.0,1.0,34.277700911706,34.324824503831,33.768766116757,34.164604290606,13858700.0
2013-02-07,37.57,37.57,35.8,36.42,9872500.0,0.0,1.0,35.408667122706,35.408667122706,33.740491961482,34.324824503831,9872500.0
2013-02-06,36.96,37.28,36.86,37.14,5738900.0,0.0,1.0,34.833759298781,35.135350288381,34.739512114531,35.003404230431,5738900.0
2013-02-05,37.42,37.73,37.18,37.2,7284400.0,0.0,1.0,35.267296346331,35.559462617506,35.041103104131,35.059952540981,7284400.0
2013-02-04,36.64,37.3,36.55,37.28,6348000.0,0.0,1.0,34.532168309181,35.154199725231,34.447345843356,35.135350288381,6348000.0
2013-02-01,36.84,37.2,36.52,37.18,9527500.0,0.0,1.0,34.720662677681,35.059952540981,34.419071688081,35.041103104131,9527500.0
2013-01-31,36.84,36.93,36.27,36.69,10720700.0,0.0,1.0,34.720662677681,34.805485143506,34.183453727456,34.579291901306,10720700.0
2013-01-30,36.81,37.53,36.81,36.93,10841800.0,0.0,1.0,34.692388522406,35.370968249006,34.692388522406,34.805485143506,10841800.0
2013-01-29,36.71,37.46,36.25,37.31,8838500.0,0.0,1.0,34.598141338156,35.304995220031,34.164604290606,35.163624443656,8838500.0
2013-01-28,37.65,37.87,36.71,36.89,7140100.0,0.0,1.0,35.484064870106,35.691408675456,34.598141338156,34.767786269806,7140100.0
2013-01-25,37.52,37.84,36.64,37.6,8934600.0,0.0,1.0,35.361543530581,35.663134520181,34.532168309181,35.436941277981,8934600.0
2013-01-24,37.79,38.52,37.23,37.46,11327100.0,0.0,1.0,35.616010928056,36.30401537308,35.088226696256,35.304995220031,11327100.0
2013-01-23,36.91,37.84,36.5,37.8,10981600.0,0.0,1.0,34.786635706656,35.663134520181,34.400222251231,35.625435646481,10981600.0
2013-01-22,36.98,37.25,35.93,36.42,15809700.0,0.0,1.0,34.852608735631,35.107076133106,33.863013301007,34.324824503831,15809700.0
2013-01-21,23.36,23.36,23.36,23.36,0.0,0.0,1.0,22.016142240788,22.016142240788,22.016142240788,22.016142240788,0.0
2013-01-18,36.43,37.32,36.04,37.32,17842200.0,0.0,1.0,34.334249222256,35.173049162081,33.966685203681,35.173049162081,17842200.0
2013-01-17,35.75,36.7,35.75,36.42,14424800.0,0.0,1.0,33.693368369357,34.588716619731,33.693368369357,34.324824503831,14424800.0
2013-01-16,34.47,35.54,34.45,35.54,16512700.0,0.0,1.0,32.487004410957,33.495449282432,32.468154974107,33.495449282432,16512700.0
2013-01-15,33.71,34.72,33.71,34.6,13040200.0,0.0,1.0,31.770725810658,32.722622371582,31.770725810658,32.609525750482,13040200.0
2013-01-14,34.01,34.25,33.8,34.09,11584900.0,0.0,1.0,32.053467363407,32.279660605607,31.855548276483,32.128865110807,11584900.0
2013-01-11,33.59,33.9,33.35,33.85,11191500.0,0.4,1.0,31.657629189558,31.949795460733,31.431435947358,31.902671868608,11191500.0
2013-01-10,33.66,34.0,33.33,34.0,15658100.0,0.0,1.0,31.353107594083,31.669805650589,31.045724186298,31.669805650589,15658100.0
2013-01-09,33.61,33.95,33.61,33.9,18800400.0,0.0,1.0,31.306534350479,31.623232406985,31.306534350479,31.576659163381,18800400.0
2013-01-08,34.29,34.64,33.36,33.71,17863300.0,0.0,1.0,31.939930463491,32.265943168717,31.07366813246,31.399680837686,17863300.0
2013-01-07,34.15,35.45,34.15,34.46,17897100.0,0.0,1.0,31.8095253814,33.020429715099,31.8095253814,32.098279491744,17897100.0
2013-01-04,34.62,34.89,34.25,34.39,21372100.0,0.0,1.0,32.247313871276,32.498809386736,31.902671868608,32.033076950698,21372100.0
2013-01-03,35.0,35.0,34.16,34.83,16739300.0,0.0,1.0,32.601270522665,32.601270522665,31.818840030121,32.442921494412,16739300.0
2013-01-02,34.92,35.4,34.1,35.12,13767900.0,0.0,1.0,32.526753332899,32.973856471495,31.762952137796,32.713046307314,13767900.0
