Id,Symbol,Date,Open,High,Low,Close,Volume,Adj Close
1,ANV,2014-10-17,2.7,2.7,2.36,2.43,4054500,2.43
2,ANV,2014-10-16,2.62,2.75,2.55,2.66,2497800,2.66
3,ANV,2014-10-15,2.61,2.7,2.56,2.61,2944000,2.61
4,ANV,2014-10-14,2.66,2.7,2.58,2.6,1900500,2.6
5,ANV,2014-10-13,2.51,2.74,2.5,2.66,2554400,2.66
6,ANV,2014-10-10,2.64,2.76,2.51,2.51,2492400,2.51
7,ANV,2014-10-09,2.73,2.75,2.46,2.69,3906400,2.69
8,ANV,2014-10-08,2.55,2.84,2.29,2.7,6186900,2.7
9,ANV,2014-10-07,2.97,2.97,2.42,2.45,6633000,2.45
10,ANV,2014-10-06,3.06,3.08,2.86,2.94,3413200,2.94
11,ANV,2014-10-03,3.1,3.14,3.02,3.02,3011600,3.02
12,ANV,2014-10-02,3.33,3.34,3.13,3.18,3492000,3.18
13,ANV,2014-10-01,3.32,3.42,3.28,3.31,2974000,3.31
14,ANV,2014-09-30,3.4,3.51,3.3,3.31,2001500,3.31
15,ANV,2014-09-29,3.42,3.54,3.4,3.47,2080000,3.47
16,ANV,2014-09-26,3.46,3.46,3.36,3.42,1708300,3.42
17,ANV,2014-09-25,3.42,3.54,3.4,3.46,2616300,3.46
18,ANV,2014-09-24,3.47,3.57,3.43,3.48,1237700,3.48
19,ANV,2014-09-23,3.5,3.64,3.45,3.52,2422600,3.52
20,ANV,2014-09-22,3.64,3.64,3.4,3.42,2754500,3.42
21,ANV,2014-09-19,3.72,3.78,3.49,3.72,8140500,3.72
22,ANV,2014-09-18,3.61,3.8,3.48,3.78,3129900,3.78
23,ANV,2014-09-17,3.95,3.96,3.63,3.68,4502300,3.68
24,ANV,2014-09-16,3.66,3.92,3.6,3.91,5040100,3.91
25,ANV,2014-09-15,3.6,3.66,3.48,3.6,2109300,3.6
26,ANV,2014-09-12,3.51,3.7,3.44,3.53,3963600,3.53
27,ANV,2014-09-11,3.24,3.59,3.24,3.57,2981400,3.57
28,ANV,2014-09-10,3.35,3.38,3.23,3.31,2139800,3.31
29,ANV,2014-09-09,3.46,3.49,3.22,3.36,2834900,3.36
30,ANV,2014-09-08,3.6,3.61,3.43,3.48,1757100,3.48
31,ANV,2014-09-05,3.52,3.65,3.47,3.62,2670600,3.62
32,ANV,2014-09-04,3.5,3.58,3.39,3.52,3291100,3.52
33,ANV,2014-09-03,3.52,3.65,3.43,3.47,2417200,3.47
34,ANV,2014-09-02,3.68,3.71,3.5,3.56,3459600,3.56
35,ANV,2014-08-29,3.73,3.83,3.64,3.82,2116700,3.82
36,ANV,2014-08-28,3.64,3.75,3.62,3.71,2177600,3.71
37,ANV,2014-08-27,3.6,3.65,3.48,3.6,1618400,3.6
38,ANV,2014-08-26,3.38,3.55,3.38,3.55,2589800,3.55
39,ANV,2014-08-25,3.38,3.44,3.31,3.33,1103000,3.33
40,ANV,2014-08-22,3.38,3.5,3.32,3.41,1740600,3.41
41,ANV,2014-08-21,3.35,3.39,3.27,3.36,1726400,3.36
42,ANV,2014-08-20,3.18,3.49,3.15,3.46,3316800,3.46
43,ANV,2014-08-19,3.21,3.25,3.13,3.19,931100,3.19
44,ANV,2014-08-18,3.03,3.21,3.02,3.2,1835200,3.2
45,ANV,2014-08-15,3.03,3.12,3,3.07,1828700,3.07
46,ANV,2014-08-14,3.1,3.17,3.09,3.1,1428000,3.1
47,ANV,2014-08-13,3.15,3.18,3.09,3.13,1094300,3.13
48,ANV,2014-08-12,3.15,3.24,3.13,3.16,1689400,3.16
49,ANV,2014-08-11,3.09,3.14,3.08,3.12,1232200,3.12
50,ANV,2014-08-08,3.22,3.3,3.1,3.12,2444100,3.12
51,ANV,2014-08-07,3.21,3.3,3.19,3.27,2018400,3.27
52,ANV,2014-08-06,3.23,3.38,3.2,3.25,3827300,3.25
53,ANV,2014-08-05,3.08,3.15,2.95,3.15,2960400,3.15
54,ANV,2014-08-04,3.1,3.11,2.92,2.95,2723700,2.95
55,ANV,2014-08-01,3.14,3.21,3.08,3.1,2373600,3.1
56,ANV,2014-07-31,3.11,3.15,3.07,3.13,2198700,3.13
57,ANV,2014-07-30,3.26,3.26,3.11,3.16,2571000,3.16
58,ANV,2014-07-29,3.31,3.36,3.25,3.27,1626200,3.27
59,ANV,2014-07-28,3.24,3.31,3.18,3.3,2024000,3.3
60,ANV,2014-07-25,3.17,3.26,3.12,3.24,1753500,3.24
61,ANV,2014-07-24,3.23,3.23,3.11,3.17,2243600,3.17
62,ANV,2014-07-23,3.41,3.43,3.23,3.27,2676500,3.27
63,ANV,2014-07-22,3.45,3.49,3.39,3.43,1371800,3.43
64,ANV,2014-07-21,3.49,3.51,3.44,3.47,1620600,3.47
65,ANV,2014-07-18,3.5,3.56,3.41,3.46,2398500,3.46
66,ANV,2014-07-17,3.54,3.61,3.46,3.59,3207500,3.59
67,ANV,2014-07-16,3.55,3.59,3.44,3.53,2414800,3.53
68,ANV,2014-07-15,3.66,3.71,3.35,3.54,4540700,3.54
69,ANV,2014-07-14,3.75,3.79,3.61,3.65,3587200,3.65
70,ANV,2014-07-11,3.73,3.92,3.7,3.92,3120200,3.92
71,ANV,2014-07-10,3.98,4.06,3.67,3.7,5567100,3.7
72,ANV,2014-07-09,3.78,3.98,3.74,3.86,3582500,3.86
73,ANV,2014-07-08,3.76,3.79,3.68,3.73,2009700,3.73
74,ANV,2014-07-07,3.75,3.79,3.66,3.68,2194700,3.68
75,ANV,2014-07-03,3.72,3.82,3.66,3.8,1821000,3.8
76,ANV,2014-07-02,3.76,3.84,3.71,3.74,1975400,3.74
77,ANV,2014-07-01,3.83,3.88,3.71,3.72,1841200,3.72
78,ANV,2014-06-30,3.73,3.86,3.66,3.76,3333200,3.76
79,ANV,2014-06-27,3.71,3.82,3.66,3.82,3172500,3.82
80,ANV,2014-06-26,3.72,3.82,3.65,3.74,2086200,3.74
81,ANV,2014-06-25,3.76,3.86,3.71,3.76,2558400,3.76
82,ANV,2014-06-24,3.78,4.08,3.74,3.78,6772300,3.78
83,ANV,2014-06-23,3.9,3.97,3.71,3.73,3509900,3.73
84,ANV,2014-06-20,3.92,3.99,3.77,3.77,9268300,3.77
85,ANV,2014-06-19,3.91,4,3.85,3.95,6001300,3.95
86,ANV,2014-06-18,3.42,3.77,3.4,3.76,4077600,3.76
87,ANV,2014-06-17,3.4,3.51,3.35,3.44,1686400,3.44
88,ANV,2014-06-16,3.69,3.69,3.44,3.51,1916000,3.51
89,ANV,2014-06-13,3.51,3.55,3.34,3.55,2668400,3.55
90,ANV,2014-06-12,3.52,3.62,3.43,3.51,3747200,3.51
91,ANV,2014-06-11,3.28,3.55,3.22,3.45,5266000,3.45
92,ANV,2014-06-10,3,3.25,3,3.23,3120000,3.23
93,ANV,2014-06-09,2.89,2.97,2.88,2.97,1737700,2.97
94,ANV,2014-06-06,2.8,2.85,2.68,2.85,2791700,2.85
95,ANV,2014-06-05,2.74,2.78,2.67,2.76,2107000,2.76
96,ANV,2014-06-04,2.7,2.73,2.61,2.67,1514700,2.67
97,ANV,2014-06-03,2.74,2.78,2.65,2.68,2993900,2.68
98,ANV,2014-06-02,2.73,2.84,2.68,2.76,1957700,2.76
99,ANV,2014-05-30,2.79,2.82,2.68,2.76,2761400,2.76
100,ANV,2014-05-29,2.78,2.88,2.74,2.76,1814200,2.76
101,ANV,2014-05-28,2.93,2.96,2.78,2.81,3907900,2.81
102,ANV,2014-05-27,2.99,3.04,2.88,2.97,5178700,2.97
103,ANV,2014-05-23,3.06,3.1,3.05,3.08,1406900,3.08
104,ANV,2014-05-22,3.15,3.16,3.05,3.08,2584500,3.08
105,ANV,2014-05-21,3.08,3.15,3.04,3.12,1927800,3.12
106,ANV,2014-05-20,3.12,3.18,3.09,3.09,2233000,3.09
107,ANV,2014-05-19,3.18,3.22,3.13,3.16,1136700,3.16
108,ANV,2014-05-16,3.17,3.21,3.13,3.16,1612600,3.16
109,ANV,2014-05-15,3.17,3.23,3.11,3.23,1741000,3.23
110,ANV,2014-05-14,3.31,3.36,3.22,3.23,1760000,3.23
111,ANV,2014-05-13,3.33,3.4,3.2,3.21,2297100,3.21
112,ANV,2014-05-12,3.27,3.4,3.25,3.32,3045000,3.32
113,ANV,2014-05-09,3.08,3.17,3.06,3.16,2269000,3.16
114,ANV,2014-05-08,3.12,3.18,3.04,3.08,2682900,3.08
115,ANV,2014-05-07,3.25,3.26,3.1,3.1,4446700,3.1
116,ANV,2014-05-06,3.51,3.54,3.25,3.28,4066300,3.28
117,ANV,2014-05-05,3.5,3.53,3.36,3.47,2505300,3.47
118,ANV,2014-05-02,3.23,3.51,3.21,3.37,4242400,3.37
119,ANV,2014-05-01,3.3,3.32,3.21,3.25,3385400,3.25
120,ANV,2014-04-30,3.55,3.58,3.33,3.39,4493100,3.39
121,ANV,2014-04-29,3.53,3.65,3.5,3.62,2017500,3.62
122,ANV,2014-04-28,3.66,3.7,3.51,3.53,2143300,3.53
123,ANV,2014-04-25,3.74,3.82,3.51,3.7,3546900,3.7
124,ANV,2014-04-24,3.77,4.05,3.64,3.66,5542700,3.66
125,ANV,2014-04-23,3.67,3.99,3.66,3.84,7126700,3.84
126,ANV,2014-04-22,3.45,3.62,3.39,3.57,3777200,3.57
127,ANV,2014-04-21,3.59,3.63,3.35,3.46,3567400,3.46
128,ANV,2014-04-17,3.6,3.77,3.6,3.63,2729300,3.63
129,ANV,2014-04-16,3.77,3.78,3.6,3.6,3044100,3.6
130,ANV,2014-04-15,3.79,3.89,3.62,3.7,7401300,3.7
131,ANV,2014-04-14,4.08,4.21,3.97,3.98,2381000,3.98
132,ANV,2014-04-11,4.11,4.2,3.95,4.01,2723100,4.01
133,ANV,2014-04-10,4.22,4.46,4.13,4.2,4265800,4.2
134,ANV,2014-04-09,4.05,4.24,3.97,4.14,6728200,4.14
135,ANV,2014-04-08,4.19,4.24,4,4.07,3450600,4.07
136,ANV,2014-04-07,4.33,4.43,3.9,4.09,5423900,4.09
137,ANV,2014-04-04,4.47,4.5,4.33,4.34,3675700,4.34
138,ANV,2014-04-03,4.35,4.4,4.28,4.3,2422400,4.3
139,ANV,2014-04-02,4.44,4.5,4.3,4.4,3093100,4.4
140,ANV,2014-04-01,4.35,4.47,4.2,4.26,3954400,4.26
141,ANV,2014-03-31,4.72,4.72,4.26,4.31,5596400,4.31
142,ANV,2014-03-28,4.58,4.9,4.19,4.64,4703400,4.64
143,ANV,2014-03-27,4.53,4.71,4.43,4.64,3929500,4.64
144,ANV,2014-03-26,5.08,5.15,4.5,4.54,7745000,4.54
145,ANV,2014-03-25,5.13,5.22,5.01,5.08,4875700,5.08
146,ANV,2014-03-24,5.33,5.39,5.04,5.11,6975100,5.11
147,ANV,2014-03-21,5.76,5.85,5.42,5.49,8054100,5.49
148,ANV,2014-03-20,5.56,5.79,5.51,5.59,3919700,5.59
149,ANV,2014-03-19,5.85,5.91,5.64,5.69,4940000,5.69
150,ANV,2014-03-18,5.9,6.1,5.81,5.98,4297600,5.98
151,ANV,2014-03-17,6.37,6.44,6.06,6.1,5570000,6.1
152,ANV,2014-03-14,6.49,6.7,6.32,6.39,10258700,6.39
153,ANV,2014-03-13,5.8,6.42,5.75,6.24,10160800,6.24
154,ANV,2014-03-12,5.63,5.85,5.6,5.81,5445900,5.81
155,ANV,2014-03-11,5.36,5.68,5.36,5.49,5293800,5.49
156,ANV,2014-03-10,5.46,5.52,5.27,5.3,2706300,5.3
157,ANV,2014-03-07,5.55,5.69,5.44,5.51,3386000,5.51
158,ANV,2014-03-06,5.52,5.8,5.47,5.7,3746000,5.7
159,ANV,2014-03-05,5.29,5.55,5.16,5.46,4001100,5.46
160,ANV,2014-03-04,5.14,5.42,5.11,5.23,3598500,5.23
161,ANV,2014-03-03,5.51,5.52,5.23,5.28,3739900,5.28
162,ANV,2014-02-28,5.32,5.35,5.11,5.23,3091600,5.23
163,ANV,2014-02-27,4.95,5.45,4.91,5.3,7894700,5.3
164,ANV,2014-02-26,5.3,5.3,4.82,4.95,8195000,4.95
165,ANV,2014-02-25,5.62,5.73,5.24,5.26,7101000,5.26
166,ANV,2014-02-24,5.71,5.82,5.52,5.8,5592700,5.8
167,ANV,2014-02-21,5.6,5.74,5.43,5.57,4384900,5.57
168,ANV,2014-02-20,5.42,5.64,5.33,5.61,4402800,5.61
169,ANV,2014-02-19,5.78,5.82,5.36,5.4,5327000,5.4
170,ANV,2014-02-18,5.94,5.98,5.66,5.81,6229800,5.81
171,ANV,2014-02-14,5.43,5.95,5.38,5.75,12472900,5.75
172,ANV,2014-02-13,5.08,5.26,5,5.19,4930400,5.19
173,ANV,2014-02-12,5.18,5.34,5.03,5.08,5976200,5.08
174,ANV,2014-02-11,5.06,5.17,4.95,5.13,7189600,5.13
175,ANV,2014-02-10,4.93,5.18,4.9,4.91,5598500,4.91
176,ANV,2014-02-07,4.69,4.88,4.67,4.8,3601600,4.8
177,ANV,2014-02-06,4.71,4.8,4.6,4.69,2378900,4.69
178,ANV,2014-02-05,4.97,4.98,4.66,4.68,4423700,4.68
179,ANV,2014-02-04,4.79,4.97,4.6,4.87,3305800,4.87
180,ANV,2014-02-03,4.96,5.2,4.79,4.81,6291300,4.81
181,ANV,2014-01-31,4.67,5.03,4.67,4.91,7006100,4.91
182,ANV,2014-01-30,4.38,4.68,4.36,4.65,3415100,4.65
183,ANV,2014-01-29,4.6,4.63,4.35,4.55,4103600,4.55
184,ANV,2014-01-28,4.4,4.49,4.35,4.44,2925900,4.44
185,ANV,2014-01-27,4.86,4.88,4.37,4.43,5609700,4.43
186,ANV,2014-01-24,5.06,5.12,4.81,4.86,5081300,4.86
187,ANV,2014-01-23,4.99,5.04,4.86,4.98,5033700,4.98
188,ANV,2014-01-22,5.03,5.04,4.78,4.81,4085400,4.81
189,ANV,2014-01-21,4.78,5.1,4.65,5.06,5405200,5.06
190,ANV,2014-01-17,4.91,5.09,4.81,4.83,7535500,4.83
191,ANV,2014-01-16,4.8,4.85,4.64,4.8,4208300,4.8
192,ANV,2014-01-15,4.5,4.74,4.31,4.6,7382300,4.6
193,ANV,2014-01-14,4.94,4.95,4.44,4.62,17494700,4.62
194,ANV,2014-01-13,4.06,4.32,3.98,4.31,7718600,4.31
195,ANV,2014-01-10,4.14,4.17,3.95,4.01,6551900,4.01
196,ANV,2014-01-09,3.99,4.34,3.97,4.03,9497400,4.03
197,ANV,2014-01-08,3.79,3.89,3.71,3.83,2486300,3.83
198,ANV,2014-01-07,3.87,3.88,3.7,3.83,2527500,3.83
199,ANV,2014-01-06,3.94,3.98,3.8,3.93,3883900,3.93
200,ANV,2014-01-03,3.98,4.02,3.83,3.93,4479300,3.93
201,ANV,2014-01-02,3.65,3.97,3.65,3.97,6339200,3.97
202,ANV,2013-12-31,3.37,3.58,3.34,3.55,2974900,3.55
203,ANV,2013-12-30,3.63,3.63,3.39,3.4,4072800,3.4
204,ANV,2013-12-27,3.42,3.62,3.38,3.59,2458600,3.59
205,ANV,2013-12-26,3.49,3.58,3.38,3.4,2364300,3.4
206,ANV,2013-12-24,3.24,3.42,3.22,3.41,2022100,3.41
207,ANV,2013-12-23,3.19,3.28,3.14,3.22,2251300,3.22
208,ANV,2013-12-20,3.23,3.25,3.11,3.21,6118400,3.21
209,ANV,2013-12-19,3.18,3.19,3.08,3.19,3069000,3.19
210,ANV,2013-12-18,3.31,3.5,3.23,3.25,3796100,3.25
211,ANV,2013-12-17,3.3,3.37,3.27,3.3,1882800,3.3
212,ANV,2013-12-16,3.33,3.44,3.26,3.33,1950300,3.33
213,ANV,2013-12-13,3.33,3.48,3.3,3.31,1969300,3.31
214,ANV,2013-12-12,3.28,3.42,3.24,3.29,3505200,3.29
215,ANV,2013-12-11,3.57,3.65,3.39,3.39,4329900,3.39
216,ANV,2013-12-10,3.37,3.67,3.36,3.57,7582800,3.57
217,ANV,2013-12-09,3.11,3.23,3.07,3.21,2941100,3.21
218,ANV,2013-12-06,3.15,3.18,3.06,3.07,1572300,3.07
219,ANV,2013-12-05,3.13,3.22,3.1,3.12,1834200,3.12
220,ANV,2013-12-04,3.16,3.31,3.1,3.24,4162300,3.24
221,ANV,2013-12-03,3.07,3.13,3.01,3.08,2777200,3.08
222,ANV,2013-12-02,3.25,3.25,3.04,3.05,3769300,3.05
223,ANV,2013-11-29,3.27,3.34,3.23,3.32,1868900,3.32
224,ANV,2013-11-27,3.14,3.39,3.1,3.18,2636200,3.18
225,ANV,2013-11-26,3.22,3.27,3.1,3.12,3334600,3.12
226,ANV,2013-11-25,3.26,3.46,3.11,3.23,4142200,3.23
227,ANV,2013-11-22,3.4,3.48,3.31,3.32,2541900,3.32
228,ANV,2013-11-21,3.2,3.39,3.07,3.38,5151000,3.38
229,ANV,2013-11-20,3.51,3.56,3.23,3.27,6293800,3.27
230,ANV,2013-11-19,3.72,3.83,3.59,3.6,3724100,3.6
231,ANV,2013-11-18,3.83,3.87,3.66,3.71,4467200,3.71
232,ANV,2013-11-15,3.87,3.9,3.82,3.87,2555600,3.87
233,ANV,2013-11-14,3.89,3.95,3.8,3.83,3561900,3.83
234,ANV,2013-11-13,3.88,3.93,3.8,3.83,2637500,3.83
235,ANV,2013-11-12,3.9,4.09,3.82,3.86,3192000,3.86
236,ANV,2013-11-11,3.93,3.96,3.8,3.93,2092300,3.93
237,ANV,2013-11-08,3.78,3.98,3.75,3.97,3837300,3.97
238,ANV,2013-11-07,3.92,3.99,3.81,3.86,4765000,3.86
239,ANV,2013-11-06,4.25,4.28,3.95,3.97,7929200,3.97
240,ANV,2013-11-05,4.14,4.2,3.95,3.99,4425600,3.99
241,ANV,2013-11-04,4.15,4.19,4.02,4.14,2885100,4.14
242,ANV,2013-11-01,4.02,4.12,3.96,4.1,3820100,4.1
243,ANV,2013-10-31,4.17,4.22,4.04,4.08,4038600,4.08
244,ANV,2013-10-30,4.4,4.48,4.2,4.29,4251900,4.29
245,ANV,2013-10-29,4.5,4.51,4.23,4.32,4906500,4.32
246,ANV,2013-10-28,4.54,4.64,4.41,4.51,3206900,4.51
247,ANV,2013-10-25,4.47,4.53,4.35,4.47,2839700,4.47
248,ANV,2013-10-24,4.4,4.56,4.37,4.45,3223100,4.45
249,ANV,2013-10-23,4.29,4.62,4.2,4.27,4568600,4.27
250,ANV,2013-10-22,4.23,4.38,4.11,4.34,4659100,4.34
251,ANV,2013-10-21,4.13,4.19,4.05,4.1,2125400,4.1
252,ANV,2013-10-18,4.19,4.22,4.04,4.1,2863200,4.1
253,ANV,2013-10-17,4.39,4.39,4.11,4.12,8882900,4.12
254,ANV,2013-10-16,4.25,4.25,4.07,4.12,3673400,4.12
255,ANV,2013-10-15,3.99,4.31,3.99,4.24,5246800,4.24
256,ANV,2013-10-14,4.2,4.25,4.03,4.06,3274300,4.06
257,ANV,2013-10-11,4.15,4.17,3.99,4.09,4071700,4.09
258,ANV,2013-10-10,4.38,4.44,4.23,4.24,4096500,4.24
259,ANV,2013-10-09,4.3,4.49,4.2,4.41,5047000,4.41
260,ANV,2013-10-08,5.06,5.09,4.4,4.42,9179200,4.42
261,ANV,2013-10-07,4.05,4.96,4,4.85,15788100,4.85
262,ANV,2013-10-04,4,4.01,3.74,3.84,4840700,3.84
263,ANV,2013-10-03,4.01,4.06,3.93,3.98,3364700,3.98
264,ANV,2013-10-02,4.05,4.13,4,4.05,3559200,4.05
265,ANV,2013-10-01,4.05,4.1,3.95,3.98,4419500,3.98
266,ANV,2013-09-30,4.25,4.3,4.16,4.18,2956200,4.18
267,ANV,2013-09-27,4.43,4.5,4.26,4.3,3291900,4.3
268,ANV,2013-09-26,4.55,4.62,4.32,4.35,3662000,4.35
269,ANV,2013-09-25,4.5,4.64,4.43,4.53,4997000,4.53
270,ANV,2013-09-24,4.56,4.61,4.42,4.48,4983700,4.48
271,ANV,2013-09-23,4.63,4.75,4.52,4.58,4281800,4.58
272,ANV,2013-09-20,4.8,4.82,4.54,4.65,19933700,4.65
273,ANV,2013-09-19,5.18,5.19,4.83,4.9,6673100,4.9
274,ANV,2013-09-18,4.63,5.19,4.56,5.08,7189700,5.08
275,ANV,2013-09-17,4.54,4.73,4.47,4.67,3711800,4.67
276,ANV,2013-09-16,4.66,4.74,4.41,4.47,5027900,4.47
277,ANV,2013-09-13,4.61,4.68,4.4,4.6,6893300,4.6
278,ANV,2013-09-12,4.81,4.81,4.61,4.62,6591200,4.62
279,ANV,2013-09-11,4.98,5.12,4.86,4.99,4332400,4.99
280,ANV,2013-09-10,4.95,4.98,4.79,4.97,4451600,4.97
281,ANV,2013-09-09,5,5.24,4.99,5.11,5675600,5.11
282,ANV,2013-09-06,4.8,4.98,4.78,4.95,5546700,4.95
283,ANV,2013-09-05,4.74,4.8,4.64,4.69,6171700,4.69
284,ANV,2013-09-04,4.49,4.85,4.4,4.78,8081400,4.78
285,ANV,2013-09-03,4.76,4.85,4.56,4.58,5395500,4.58
286,ANV,2013-08-30,4.53,4.74,4.45,4.64,5420600,4.64
287,ANV,2013-08-29,4.51,4.79,4.35,4.69,8397200,4.69
288,ANV,2013-08-28,5.08,5.14,4.58,4.62,10438900,4.62
289,ANV,2013-08-27,5.25,5.32,4.95,5.01,11200500,5.01
290,ANV,2013-08-26,4.77,4.95,4.71,4.91,7691500,4.91
291,ANV,2013-08-23,4.36,4.67,4.36,4.63,4709700,4.63
292,ANV,2013-08-22,4.43,4.58,4.35,4.39,3054100,4.39
293,ANV,2013-08-21,4.53,4.54,4.3,4.32,5124200,4.32
294,ANV,2013-08-20,4.29,4.69,4.25,4.59,5078300,4.59
295,ANV,2013-08-19,4.5,4.53,4.25,4.28,3283000,4.28
296,ANV,2013-08-16,4.78,4.82,4.25,4.49,6882600,4.49
297,ANV,2013-08-15,4.32,4.75,4.04,4.65,7611800,4.65
298,ANV,2013-08-14,3.99,4.51,3.96,4.37,6866900,4.37
299,ANV,2013-08-13,4.13,4.14,3.89,3.94,4657300,3.94
300,ANV,2013-08-12,4,4.22,3.97,4.11,8009300,4.11
301,ANV,2013-08-09,3.83,3.89,3.54,3.71,7733100,3.71
302,ANV,2013-08-08,3.87,3.97,3.76,3.8,6806400,3.8
303,ANV,2013-08-07,4.3,4.43,3.66,3.73,13337100,3.73
304,ANV,2013-08-06,5.49,5.51,4.31,4.37,15581300,4.37
305,ANV,2013-08-05,5.85,6.17,5.85,5.9,2220700,5.9
306,ANV,2013-08-02,6.2,6.42,5.85,5.91,3760600,5.91
307,ANV,2013-08-01,6.69,6.79,6.25,6.28,2587100,6.28
308,ANV,2013-07-31,6.73,6.9,6.37,6.67,2883500,6.67
309,ANV,2013-07-30,6.87,6.9,6.66,6.75,1928900,6.75
310,ANV,2013-07-29,7.1,7.13,6.81,6.82,2046300,6.82
311,ANV,2013-07-26,6.88,7.04,6.71,6.98,2227800,6.98
312,ANV,2013-07-25,6.84,7.12,6.77,6.96,2008200,6.96
313,ANV,2013-07-24,7.32,7.39,6.62,6.9,3991500,6.9
314,ANV,2013-07-23,7.04,7.37,6.85,7.35,3701600,7.35
315,ANV,2013-07-22,7.17,7.5,6.82,7.04,6426600,7.04
316,ANV,2013-07-19,6.65,6.9,6.6,6.88,3443400,6.88
317,ANV,2013-07-18,6.25,6.69,6.21,6.53,3471200,6.53
318,ANV,2013-07-17,6.3,6.49,6.01,6.18,3564500,6.18
319,ANV,2013-07-16,5.76,6.34,5.76,6.24,4234600,6.24
320,ANV,2013-07-15,5.79,5.81,5.65,5.72,1904400,5.72
321,ANV,2013-07-12,5.96,5.96,5.65,5.71,3052300,5.71
322,ANV,2013-07-11,5.81,6.03,5.75,6.01,3825700,6.01
323,ANV,2013-07-10,5.54,5.57,5.39,5.42,3298900,5.42
324,ANV,2013-07-09,5.53,5.74,5.34,5.51,3426800,5.51
325,ANV,2013-07-08,5.78,5.85,5.38,5.43,3229400,5.43
326,ANV,2013-07-05,5.77,5.79,5.54,5.73,2730500,5.73
327,ANV,2013-07-03,6.06,6.16,5.93,5.96,1621800,5.96
328,ANV,2013-07-02,6.31,6.38,5.75,5.95,2686800,5.95
329,ANV,2013-07-01,6.55,6.72,6.21,6.27,3476500,6.27
330,ANV,2013-06-28,5.45,6.48,5.42,6.48,11448900,6.48
331,ANV,2013-06-27,5.62,5.68,5.4,5.55,3743000,5.55
332,ANV,2013-06-26,6,6.09,5.51,5.52,4809400,5.52
333,ANV,2013-06-25,6.39,6.47,6.1,6.21,2598200,6.21
334,ANV,2013-06-24,6.36,6.52,6.08,6.37,2963100,6.37
335,ANV,2013-06-21,6.49,6.65,6.26,6.62,4082100,6.62
336,ANV,2013-06-20,6.64,6.9,6.35,6.39,5184500,6.39
337,ANV,2013-06-19,7.46,7.53,7.09,7.14,2105500,7.14
338,ANV,2013-06-18,7.59,7.65,7.32,7.38,1696700,7.38
339,ANV,2013-06-17,7.67,7.8,7.48,7.65,1526500,7.65
340,ANV,2013-06-14,7.78,7.8,7.55,7.61,1578400,7.61
341,ANV,2013-06-13,7.46,7.75,7.46,7.74,1593600,7.74
342,ANV,2013-06-12,7.54,7.8,7.45,7.54,1806800,7.54
343,ANV,2013-06-11,7.7,7.79,7.5,7.54,2513300,7.54
344,ANV,2013-06-10,7.84,8.04,7.71,7.89,1937200,7.89
345,ANV,2013-06-07,8.19,8.29,7.81,7.84,2893100,7.84
346,ANV,2013-06-06,8.41,8.63,8.24,8.47,3091500,8.47
347,ANV,2013-06-05,8.62,8.76,8.18,8.38,3186600,8.38
348,ANV,2013-06-04,7.71,9.12,7.55,8.58,8563000,8.58
349,ANV,2013-06-03,7.82,8.02,7.62,7.9,3275700,7.9
350,ANV,2013-05-31,7.97,8.09,7.66,7.72,3132500,7.72
351,ANV,2013-05-30,7.79,8.21,7.73,8.13,3742700,8.13
352,ANV,2013-05-29,7.28,7.56,7.12,7.55,2477500,7.55
353,ANV,2013-05-28,7.39,7.63,7.15,7.19,2171500,7.19
354,ANV,2013-05-24,7.52,7.63,7.31,7.41,1819200,7.41
355,ANV,2013-05-23,7.73,7.77,7.37,7.42,1986400,7.42
356,ANV,2013-05-22,7.8,8.13,7.38,7.5,4677600,7.5
357,ANV,2013-05-21,7.39,7.79,7.26,7.65,3645000,7.65
358,ANV,2013-05-20,6.89,7.84,6.89,7.69,3976200,7.69
359,ANV,2013-05-17,7.45,7.5,6.89,6.97,3864900,6.97
360,ANV,2013-05-16,7.62,8.08,7.38,7.57,3091900,7.57
361,ANV,2013-05-15,8.6,8.75,7.78,7.82,3841600,7.82
362,ANV,2013-05-14,9.1,9.33,8.79,8.86,2178200,8.86
363,ANV,2013-05-13,9.36,9.38,9.1,9.13,1430500,9.13
364,ANV,2013-05-10,9.29,9.55,9.12,9.49,2170000,9.49
365,ANV,2013-05-09,9.55,10,9.43,9.51,1746600,9.51
366,ANV,2013-05-08,9.4,9.98,9.32,9.74,2398900,9.74
367,ANV,2013-05-07,9.82,9.82,9.16,9.31,2449800,9.31
368,ANV,2013-05-06,10.09,10.1,9.73,9.77,1197900,9.77
369,ANV,2013-05-03,9.96,10.2,9.77,9.98,2251500,9.98
370,ANV,2013-05-02,10.04,10.2,9.46,9.96,3903000,9.96
371,ANV,2013-05-01,10.5,10.52,9.58,9.92,5275000,9.92
372,ANV,2013-04-30,11.1,11.83,10.31,10.7,5961300,10.7
373,ANV,2013-04-29,11.32,11.98,11.27,11.83,1667300,11.83
374,ANV,2013-04-26,11.57,11.81,11.25,11.41,1884400,11.41
375,ANV,2013-04-25,12.06,12.15,11.46,11.63,2872600,11.63
376,ANV,2013-04-24,10.95,11.85,10.95,11.52,3366700,11.52
377,ANV,2013-04-23,10.75,10.83,10.25,10.68,1550700,10.68
378,ANV,2013-04-22,11.18,11.28,10.58,10.85,1922400,10.85
379,ANV,2013-04-19,10.86,11.01,10.64,10.92,2703700,10.92
380,ANV,2013-04-18,10.71,10.94,10.2,10.63,2950600,10.63
381,ANV,2013-04-17,11.38,11.75,10.42,10.45,3987800,10.45
382,ANV,2013-04-16,12.31,12.45,11.27,11.44,3043400,11.44
383,ANV,2013-04-15,12.36,12.59,11.65,11.88,4843500,11.88
384,ANV,2013-04-12,13.17,13.66,12.87,13.17,2980700,13.17
385,ANV,2013-04-11,14.21,14.38,13.55,13.67,2026900,13.67
386,ANV,2013-04-10,15.21,15.21,13.87,14.16,4025300,14.16
387,ANV,2013-04-09,11.87,15.74,11.85,15.35,8741000,15.35
388,ANV,2013-04-08,12.5,12.52,11.72,11.79,3211900,11.79
389,ANV,2013-04-05,13.74,13.96,12.3,12.45,4615400,12.45
390,ANV,2013-04-04,13.3,13.83,13.03,13.72,2744500,13.72
391,ANV,2013-04-03,14.43,14.67,13.26,13.45,3276200,13.45
392,ANV,2013-04-02,16.24,16.45,14.43,14.43,2819600,14.43
393,ANV,2013-04-01,16.42,16.65,15.9,16.27,1145900,16.27
394,ANV,2013-03-28,16.94,16.94,15.65,16.46,2585500,16.46
395,ANV,2013-03-27,16.85,17.31,16.76,17.05,963500,17.05
396,ANV,2013-03-26,17.02,17.06,16.63,16.96,613700,16.96
397,ANV,2013-03-25,17.05,17.39,16.59,17.09,960600,17.09
398,ANV,2013-03-22,17.82,17.95,16.86,17.16,1963900,17.16
399,ANV,2013-03-21,18,18.38,17.93,18.16,1063200,18.16
400,ANV,2013-03-20,18.3,18.36,17.9,17.96,521500,17.96
401,ANV,2013-03-19,18.18,18.47,17.92,18.34,1406400,18.34
402,ANV,2013-03-18,18.37,18.86,18.04,18.14,849800,18.14
403,ANV,2013-03-15,18.07,18.31,17.73,18.12,2608600,18.12
404,ANV,2013-03-14,17.8,18.17,17.78,18.02,1111200,18.02
405,ANV,2013-03-13,18.64,18.79,17.83,17.86,930000,17.86
406,ANV,2013-03-12,18.57,18.76,18.36,18.62,1229500,18.62
407,ANV,2013-03-11,18.4,18.68,18.01,18.27,1145700,18.27
408,ANV,2013-03-08,17.79,18.47,17.65,18.14,2294000,18.14
409,ANV,2013-03-07,18.05,18.38,17.87,17.88,1473700,17.88
410,ANV,2013-03-06,17.11,18.16,16.96,18,1450600,18
411,ANV,2013-03-05,17.39,17.78,16.89,16.98,1587500,16.98
412,ANV,2013-03-04,17.66,17.77,17.2,17.33,945400,17.33
413,ANV,2013-03-01,18.33,18.4,17.39,17.77,1652400,17.77
414,ANV,2013-02-28,19.59,19.59,18.07,18.3,1372400,18.3
415,ANV,2013-02-27,20.43,20.43,19.51,19.55,897800,19.55
416,ANV,2013-02-26,19.45,20.6,19.45,20.46,1072900,20.46
417,ANV,2013-02-25,19.69,19.88,19,19.62,1189500,19.62
418,ANV,2013-02-22,20.6,21.12,19.19,19.43,1506200,19.43
419,ANV,2013-02-21,20.08,21.38,20.08,20.77,1013000,20.77
420,ANV,2013-02-20,21.06,21.09,20.07,20.15,1219900,20.15
421,ANV,2013-02-19,21.74,21.81,20.96,21.35,1277400,21.35
422,ANV,2013-02-15,23.3,23.3,21.84,22,1349200,22
423,ANV,2013-02-14,23.15,23.68,23.05,23.47,608700,23.47
424,ANV,2013-02-13,23.65,23.74,23.11,23.11,662600,23.11
425,ANV,2013-02-12,23.22,23.76,23.04,23.55,620800,23.55
426,ANV,2013-02-11,23.44,23.7,23.16,23.32,680800,23.32
427,ANV,2013-02-08,24.27,24.27,23.67,23.71,592000,23.71
428,ANV,2013-02-07,23.89,24.42,23.75,24.03,753800,24.03
429,ANV,2013-02-06,23.5,24.17,23.5,24.05,598300,24.05
430,ANV,2013-02-05,23.92,23.92,23.31,23.56,962100,23.56
431,ANV,2013-02-04,23.8,24.21,23.61,23.68,1046100,23.68
432,ANV,2013-02-01,24.1,24.33,23.7,23.87,804500,23.87
433,ANV,2013-01-31,24,24.02,23.59,23.69,791300,23.69
434,ANV,2013-01-30,24.7,25.24,23.87,23.99,1448300,23.99
435,ANV,2013-01-29,23.59,24.59,23.59,24.47,1936100,24.47
436,ANV,2013-01-28,23.34,23.48,22.83,23.44,808800,23.44
437,ANV,2013-01-25,24.25,24.28,23.4,23.42,1306000,23.42
438,ANV,2013-01-24,24.5,24.81,24.18,24.25,879700,24.25
439,ANV,2013-01-23,24.46,24.84,24.25,24.7,1270600,24.7
440,ANV,2013-01-22,25.31,25.37,24.66,24.7,1748400,24.7
441,ANV,2013-01-18,26.35,26.4,25.34,25.39,2426600,25.39
442,ANV,2013-01-17,26.96,27.08,26.47,26.8,979800,26.8
443,ANV,2013-01-16,27.9,28.02,26.93,27.09,862200,27.09
444,ANV,2013-01-15,28.05,28.49,27.66,28.1,556400,28.1
445,ANV,2013-01-14,28.45,28.8,27.79,27.8,345400,27.8
446,ANV,2013-01-11,28.21,28.83,27.97,28.27,741100,28.27
447,ANV,2013-01-10,28,28.8,27.95,28.54,859100,28.54
448,ANV,2013-01-09,27.44,27.67,27.17,27.65,600100,27.65
449,ANV,2013-01-08,27.34,27.78,26.54,27.22,1457800,27.22
450,ANV,2013-01-07,27.6,27.8,27.07,27.27,872600,27.27
451,ANV,2013-01-04,28.39,28.39,27.45,27.65,1108400,27.65
452,ANV,2013-01-03,30.56,30.56,28.48,28.55,656100,28.55
453,ANV,2013-01-02,30.87,31.31,29.74,30.71,1044500,30.71
454,ANV,2012-12-31,29.12,30.68,28.99,30.13,537800,30.13
455,ANV,2012-12-28,29.22,29.83,28.94,28.96,409400,28.96
456,ANV,2012-12-27,29.27,30.21,29,29.4,673200,29.4
457,ANV,2012-12-26,29.38,29.62,29.03,29.3,268900,29.3
458,ANV,2012-12-24,28.89,29.35,28.57,29.24,241500,29.24
459,ANV,2012-12-21,28.22,29.13,28,29.13,2370200,29.13
460,ANV,2012-12-20,29.18,29.8,28.61,29.05,1109300,29.05
461,ANV,2012-12-19,29.79,30.18,29.58,29.96,546800,29.96
462,ANV,2012-12-18,30.43,30.66,29.47,30,570700,30
463,ANV,2012-12-17,30.15,30.73,30.04,30.55,591600,30.55
464,ANV,2012-12-14,30.08,30.87,29.78,30.25,453300,30.25
465,ANV,2012-12-13,30.63,30.83,29.85,30.23,791500,30.23
466,ANV,2012-12-12,32.1,32.12,30.69,31.06,1087000,31.06
467,ANV,2012-12-11,31.05,31.18,30.6,30.74,472400,30.74
468,ANV,2012-12-10,31.2,31.48,30.72,30.9,610500,30.9
469,ANV,2012-12-07,30.96,31,30.56,30.92,776000,30.92
470,ANV,2012-12-06,30.5,31.49,30.5,30.73,631900,30.73
471,ANV,2012-12-05,31.89,32.08,30.57,30.87,799900,30.87
472,ANV,2012-12-04,31.2,31.93,30.73,31.9,446500,31.9
473,ANV,2012-12-03,32.69,32.69,31.54,31.74,1078500,31.74
474,ANV,2012-11-30,32.76,33.08,32.16,32.55,625400,32.55
475,ANV,2012-11-29,33.17,33.2,32.39,32.8,640200,32.8
476,ANV,2012-11-28,31.81,33.06,31.52,32.74,597700,32.74
477,ANV,2012-11-27,33.31,33.31,32.63,32.75,747800,32.75
478,ANV,2012-11-26,33.2,33.45,32.8,33.4,780900,33.4
479,ANV,2012-11-23,33.14,33.7,32.83,33.34,306200,33.34
480,ANV,2012-11-21,32.48,33.27,32.29,33.13,674100,33.13
481,ANV,2012-11-20,32.74,32.97,32.1,32.37,607300,32.37
482,ANV,2012-11-19,32.65,33.48,32.1,32.73,563200,32.73
483,ANV,2012-11-16,31.25,32.23,30.84,32,573300,32
484,ANV,2012-11-15,32.36,32.43,30.55,31.22,1331900,31.22
485,ANV,2012-11-14,34.86,34.86,32.28,32.43,1163300,32.43
486,ANV,2012-11-13,33.76,34.82,33.69,34.23,896100,34.23
487,ANV,2012-11-12,35.62,35.76,34.24,34.45,995700,34.45
488,ANV,2012-11-09,36.41,37.01,35.3,35.6,930300,35.6
489,ANV,2012-11-08,35.61,37.49,35.26,36.7,1286700,36.7
490,ANV,2012-11-07,34.5,35.61,33.97,35.57,1647000,35.57
491,ANV,2012-11-06,33.35,34.26,33.25,34.03,874800,34.03
492,ANV,2012-11-05,33.32,33.75,32.46,33.45,1867900,33.45
493,ANV,2012-11-02,35.19,35.35,33.73,33.81,1470100,33.81
494,ANV,2012-11-01,36.6,36.94,35.03,35.64,1617300,35.64
495,ANV,2012-10-31,36.55,37.41,36.19,36.82,738700,36.82
496,ANV,2012-10-26,37.48,37.81,36.48,36.64,892500,36.64
497,ANV,2012-10-25,37.25,37.94,36.83,37.43,865700,37.43
498,ANV,2012-10-24,38.53,38.82,36.72,36.83,1072000,36.83
499,ANV,2012-10-23,39.23,39.23,37.85,38.25,1025600,38.25
500,ANV,2012-10-22,39.76,40.18,39.05,39.86,938200,39.86
501,ANV,2012-10-19,40.38,40.48,39.15,39.45,799100,39.45
502,ANV,2012-10-18,40.3,41,40.26,40.55,951800,40.55
503,ANV,2012-10-17,39.91,41.02,39.51,40.71,992200,40.71
504,ANV,2012-10-16,39.03,39.92,39.03,39.9,581500,39.9
505,ANV,2012-10-15,38.48,39.02,37.79,38.93,688700,38.93
506,ANV,2012-10-12,39.25,39.94,38.72,38.88,621200,38.88
507,ANV,2012-10-11,39.15,40.19,38.91,39.67,696200,39.67
508,ANV,2012-10-10,37.55,39.55,37.51,38.97,1274000,38.97
509,ANV,2012-10-09,38.78,39.25,37.63,37.72,894500,37.72
510,ANV,2012-10-08,38.8,39.43,38.29,38.78,952100,38.78
511,ANV,2012-10-05,40.35,40.5,39.2,39.45,707400,39.45
512,ANV,2012-10-04,39.11,40.47,39.05,40.43,1466600,40.43
513,ANV,2012-10-03,39.24,39.32,38.2,38.69,660600,38.69
514,ANV,2012-10-02,39.31,39.44,38.62,39.23,749200,39.23
515,ANV,2012-10-01,39.74,40,39,39.22,852600,39.22
516,ANV,2012-09-28,38.95,39.81,38.95,39.06,896700,39.06
517,ANV,2012-09-27,39.02,39.45,38.47,39.43,1405200,39.43
518,ANV,2012-09-26,36.89,38.87,36.27,38.28,916900,38.28
519,ANV,2012-09-25,38.89,39.25,37.94,37.95,558700,37.95
520,ANV,2012-09-24,39.22,39.54,38.16,38.34,767400,38.34
521,ANV,2012-09-21,38.84,39.93,37.99,39.52,2906100,39.52
522,ANV,2012-09-20,37.37,38.3,37.37,37.99,1025200,37.99
523,ANV,2012-09-19,38.7,38.73,37.88,38.14,1095800,38.14
524,ANV,2012-09-18,38.09,38.92,37.75,38.42,928800,38.42
525,ANV,2012-09-17,39.27,39.9,38.14,38.29,1638700,38.29
526,ANV,2012-09-14,38.03,39.4,38.03,39.11,882600,39.11
527,ANV,2012-09-13,35.89,38.03,35.45,38.03,971800,38.03
528,ANV,2012-09-12,35.89,36.28,34.79,36.02,790700,36.02
529,ANV,2012-09-11,35.28,35.84,35.19,35.59,732400,35.59
530,ANV,2012-09-10,35,35.57,34.59,35.03,868100,35.03
531,ANV,2012-09-07,34.12,35.14,33.86,35,1127500,35
532,ANV,2012-09-06,33.33,33.54,32.82,33.5,537500,33.5
533,ANV,2012-09-05,32.6,32.89,32.2,32.84,398200,32.84
534,ANV,2012-09-04,32.42,32.94,32.16,32.74,491800,32.74
535,ANV,2012-08-31,31.45,32.7,31.03,32.58,1022100,32.58
536,ANV,2012-08-30,31.58,31.89,31.12,31.26,688700,31.26
537,ANV,2012-08-29,31.81,32.1,31.49,31.6,755700,31.6
538,ANV,2012-08-28,31.7,31.94,31.49,31.76,689000,31.76
539,ANV,2012-08-27,31.9,32.32,31.39,31.5,541000,31.5
540,ANV,2012-08-24,30.99,32.23,30.41,31.86,757800,31.86
541,ANV,2012-08-23,31.16,31.94,30.34,31.03,707500,31.03
542,ANV,2012-08-22,30.45,30.65,29.63,30.48,449900,30.48
543,ANV,2012-08-21,29.3,30.51,29.29,29.98,454700,29.98
544,ANV,2012-08-20,28.72,29.3,28.29,28.95,293900,28.95
545,ANV,2012-08-17,28.78,28.99,28.22,28.61,414200,28.61
546,ANV,2012-08-16,27.88,28.89,27.8,28.77,287000,28.77
547,ANV,2012-08-15,28.03,28.03,27.34,27.75,333700,27.75
548,ANV,2012-08-14,27.17,27.67,26.97,27.43,521100,27.43
549,ANV,2012-08-13,27.68,28.13,26.96,27.21,453700,27.21
550,ANV,2012-08-10,27.66,28,27.33,27.88,274700,27.88
551,ANV,2012-08-09,27,27.68,26.77,27.49,739100,27.49
552,ANV,2012-08-08,27.58,29.09,27.28,27.36,1032100,27.36
553,ANV,2012-08-07,27.83,28.59,27.59,27.91,482500,27.91
554,ANV,2012-08-06,27.06,28.42,27.02,27.84,319400,27.84
555,ANV,2012-08-03,25.76,27.2,25.65,26.76,540300,26.76
556,ANV,2012-08-02,25.12,26.05,25.01,25.67,576000,25.67
557,ANV,2012-08-01,26,26,24.96,25.36,516600,25.36
558,ANV,2012-07-31,26.27,26.96,25.69,25.85,409500,25.85
559,ANV,2012-07-30,25.38,26.38,25.35,26.24,352600,26.24
560,ANV,2012-07-27,25.62,25.94,25.2,25.43,718500,25.43
561,ANV,2012-07-26,26.2,26.33,24.95,25.52,807600,25.52
562,ANV,2012-07-25,25.36,26.09,24.92,25.86,820800,25.86
563,ANV,2012-07-24,25.85,26.09,24.7,24.98,593400,24.98
564,ANV,2012-07-23,26.25,26.25,25.4,25.51,333400,25.51
565,ANV,2012-07-20,26.57,26.7,26.28,26.45,263800,26.45
566,ANV,2012-07-19,27.45,27.47,26.65,26.72,564700,26.72
567,ANV,2012-07-18,27.19,27.23,26.67,26.79,404700,26.79
568,ANV,2012-07-17,27.72,27.8,26.72,27.53,476400,27.53
569,ANV,2012-07-16,27.56,27.97,27.34,27.75,258900,27.75
570,ANV,2012-07-13,27.45,28.04,27.21,27.63,342900,27.63
571,ANV,2012-07-12,26.81,27.59,26.38,27.11,722300,27.11
572,ANV,2012-07-11,26.86,27.51,26.75,27.46,647500,27.46
573,ANV,2012-07-10,28.5,28.65,26.77,27.15,883000,27.15
574,ANV,2012-07-09,28.2,28.39,27.69,28.08,384300,28.08
575,ANV,2012-07-06,29.05,29.24,27.95,28.22,556100,28.22
576,ANV,2012-07-05,29.48,30.24,29.17,29.59,531800,29.59
577,ANV,2012-07-03,29.09,29.95,28.63,29.71,522400,29.71
578,ANV,2012-07-02,28.7,28.98,28.23,28.23,552600,28.23
579,ANV,2012-06-29,28.13,28.52,27.85,28.38,693900,28.38
580,ANV,2012-06-28,27.2,27.53,26.52,27.22,593600,27.22
581,ANV,2012-06-27,27.63,27.97,26.96,27.59,320500,27.59
582,ANV,2012-06-26,28,28.05,26.96,27.55,519600,27.55
583,ANV,2012-06-25,27.73,28.58,27.49,27.93,718200,27.93
584,ANV,2012-06-22,28.12,28.98,27.68,28.11,774600,28.11
585,ANV,2012-06-21,29.79,29.91,28.25,28.31,900600,28.31
586,ANV,2012-06-20,29.52,30.74,28.96,30.19,1065700,30.19
587,ANV,2012-06-19,30.39,30.47,29.55,29.92,786200,29.92
588,ANV,2012-06-18,28.94,30.31,28.38,30.17,691200,30.17
589,ANV,2012-06-15,29.57,29.99,29.04,29.29,2057700,29.29
590,ANV,2012-06-14,29.73,30.04,29,29.73,1119600,29.73
591,ANV,2012-06-13,29.59,30,29.27,29.4,708200,29.4
592,ANV,2012-06-12,28.81,29.59,28.54,29.27,896200,29.27
593,ANV,2012-06-11,29.53,29.53,28.23,28.69,681100,28.69
594,ANV,2012-06-08,27.69,29.32,27.53,29.03,898000,29.03
595,ANV,2012-06-07,29.49,29.55,27.72,28.27,869400,28.27
596,ANV,2012-06-06,29.17,29.85,28.83,29.29,1407400,29.29
597,ANV,2012-06-05,28.41,29.28,28.29,29.07,1263700,29.07
598,ANV,2012-06-04,27.86,28.45,27.22,28.31,1145000,28.31
599,ANV,2012-06-01,26.17,27.99,26.17,27.63,1492400,27.63
600,ANV,2012-05-31,26.36,26.66,25.38,25.94,1014100,25.94
601,ANV,2012-05-30,25.65,26.85,25.12,26.36,792700,26.36
602,ANV,2012-05-29,27.72,27.75,25.73,26.05,1035900,26.05
603,ANV,2012-05-25,27.68,27.89,26.94,27.47,420000,27.47
604,ANV,2012-05-24,26.94,27.67,26.76,27.67,988600,27.67
605,ANV,2012-05-23,25.64,26.8,24.62,26.72,796000,26.72
606,ANV,2012-05-22,25.76,26.86,25.42,26.01,941500,26.01
607,ANV,2012-05-21,24.93,26.27,24.36,26.01,409500,26.01
608,ANV,2012-05-18,24.82,26,24.67,24.81,669300,24.81
609,ANV,2012-05-17,24.22,25.3,24.04,24.48,733400,24.48
610,ANV,2012-05-16,24.84,25.1,23.69,23.82,1378100,23.82
611,ANV,2012-05-15,25.6,26.27,24.73,24.97,1071000,24.97
612,ANV,2012-05-14,25.84,26.62,25.43,25.74,1000400,25.74
613,ANV,2012-05-11,26.21,26.51,25.85,26.29,624300,26.29
614,ANV,2012-05-10,26.06,26.65,25.98,26.36,1139600,26.36
615,ANV,2012-05-09,24.67,26.55,24.37,25.81,2344100,25.81
616,ANV,2012-05-08,25,25.32,24.05,25.11,1602100,25.11
617,ANV,2012-05-07,28.65,28.65,25.36,25.4,2080100,25.4
618,ANV,2012-05-04,28.17,29.18,28.17,28.45,537600,28.45
619,ANV,2012-05-03,29.09,29.17,27.62,28.3,487100,28.3
620,ANV,2012-05-02,29.7,29.7,28.95,29.39,326400,29.39
621,ANV,2012-05-01,29.47,30.41,29.38,29.95,563200,29.95
622,ANV,2012-04-30,28.81,29.61,28.55,29.29,312500,29.29
623,ANV,2012-04-27,28.9,29.55,28.84,29.16,380200,29.16
624,ANV,2012-04-26,28.65,29.37,28.55,28.7,441900,28.7
625,ANV,2012-04-25,27.63,28.84,27.63,28.55,425600,28.55
626,ANV,2012-04-24,27.97,28.11,27.39,27.62,588800,27.62
627,ANV,2012-04-23,28.25,28.29,27.11,27.83,1266700,27.83
628,ANV,2012-04-20,29.12,29.62,28.7,28.88,323400,28.88
629,ANV,2012-04-19,29.51,29.83,28.98,29.1,375200,29.1
630,ANV,2012-04-18,29.62,30.07,29.21,29.44,381900,29.44
631,ANV,2012-04-17,29.87,30.35,29.36,30.03,701000,30.03
632,ANV,2012-04-16,30.75,31.19,29.29,29.57,810600,29.57
633,ANV,2012-04-13,31.47,31.68,30.76,30.9,364900,30.9
634,ANV,2012-04-12,30.49,32.51,30.36,31.85,565900,31.85
635,ANV,2012-04-11,30.8,30.93,30.43,30.59,360700,30.59
636,ANV,2012-04-10,30.35,31.13,29.74,30.73,879100,30.73
637,ANV,2012-04-09,30.3,30.95,29.91,30.28,601400,30.28
638,ANV,2012-04-05,30.86,31.08,30.18,30.18,649600,30.18
639,ANV,2012-04-04,31.39,31.58,30.1,30.77,828800,30.77
640,ANV,2012-04-03,31.76,32.87,31.61,32.19,742300,32.19
641,ANV,2012-04-02,32.51,33.91,32.33,32.78,658800,32.78
642,ANV,2012-03-30,31.99,32.65,31.5,32.53,460100,32.53
643,ANV,2012-03-29,31.27,31.63,30.63,31.58,434200,31.58
644,ANV,2012-03-28,31,31.46,30.76,31.4,474900,31.4
645,ANV,2012-03-27,31.83,32.14,31.12,31.49,457000,31.49
646,ANV,2012-03-26,31.76,32.23,31.3,32.02,453200,32.02
647,ANV,2012-03-23,30.89,31.83,30.77,31.25,440900,31.25
648,ANV,2012-03-22,29.93,30.8,29.93,30.66,644200,30.66
649,ANV,2012-03-21,31.65,31.96,31.1,31.18,835400,31.18
650,ANV,2012-03-20,30.62,31.84,29.97,31.54,671000,31.54
651,ANV,2012-03-19,31.26,31.9,31.14,31.24,685500,31.24
652,ANV,2012-03-16,32.27,32.55,31.12,31.54,2366700,31.54
653,ANV,2012-03-15,32.14,33.19,31.81,32.34,1020300,32.34
654,ANV,2012-03-14,33.45,33.46,31.64,32.17,1844500,32.17
655,ANV,2012-03-13,33.65,34.46,33.58,34.11,494400,34.11
656,ANV,2012-03-12,34.26,34.26,33.52,33.72,491800,33.72
657,ANV,2012-03-09,33.44,34.85,33.19,34.41,536900,34.41
658,ANV,2012-03-08,33.78,33.89,33.01,33.49,270800,33.49
659,ANV,2012-03-07,32.6,33.38,32.26,33.06,672300,33.06
660,ANV,2012-03-06,33.35,33.35,31.94,32.64,921200,32.64
661,ANV,2012-03-05,33.73,34.33,33.55,33.83,768300,33.83
662,ANV,2012-03-02,34.5,34.9,33.69,34.09,820300,34.09
663,ANV,2012-03-01,35.02,35.32,34.27,34.82,809400,34.82
664,ANV,2012-02-29,35.62,35.87,33.91,34.41,1352600,34.41
665,ANV,2012-02-28,34.91,35.5,34.5,35.36,873700,35.36
666,ANV,2012-02-27,35.37,35.55,33.82,34.87,791700,34.87
667,ANV,2012-02-24,35.26,36.23,34.81,35.34,1066200,35.34
668,ANV,2012-02-23,34.89,35.13,34.06,34.84,489100,34.84
669,ANV,2012-02-22,32.53,34.45,32.35,34.4,712500,34.4
670,ANV,2012-02-21,33.54,33.58,32.15,32.86,696300,32.86
671,ANV,2012-02-17,32.88,33.15,32.05,32.14,335800,32.14
672,ANV,2012-02-16,32.05,33.15,31.62,32.7,754700,32.7
673,ANV,2012-02-15,33.21,33.48,32.17,32.42,580900,32.42
674,ANV,2012-02-14,33.63,33.9,32.24,32.41,891200,32.41
675,ANV,2012-02-13,34.28,34.34,33.48,33.84,393300,33.84
676,ANV,2012-02-10,34.56,34.61,33.61,34.07,501700,34.07
677,ANV,2012-02-09,35.07,35.99,34.67,34.81,565100,34.81
678,ANV,2012-02-08,35.61,35.68,34.82,35,572100,35
679,ANV,2012-02-07,35.2,35.84,34.61,35.22,527400,35.22
680,ANV,2012-02-06,35.07,35.91,34.78,35.22,487100,35.22
681,ANV,2012-02-03,37.04,37.07,35.45,35.66,781700,35.66
682,ANV,2012-02-02,35.74,37.23,35.58,37.16,709300,37.16
683,ANV,2012-02-01,36.45,36.63,35.72,35.89,606800,35.89
684,ANV,2012-01-31,38.07,38.62,35.6,35.93,1285800,35.93
685,ANV,2012-01-30,36.75,37.75,36.33,37.54,854600,37.54
686,ANV,2012-01-27,35.43,37.6,35.42,37.23,773300,37.23
687,ANV,2012-01-26,36.58,37.51,35.83,36.2,1081100,36.2
688,ANV,2012-01-25,31.82,35.4,31.63,35.26,1210000,35.26
689,ANV,2012-01-24,32.6,32.65,31.73,32.13,952500,32.13
690,ANV,2012-01-23,32.47,33.72,32.44,32.77,428600,32.77
691,ANV,2012-01-20,32.94,33.58,32.52,32.72,374000,32.72
692,ANV,2012-01-19,33.06,34.45,32.37,32.93,736900,32.93
693,ANV,2012-01-18,32.3,33.06,32.03,32.84,390300,32.84
694,ANV,2012-01-17,32.53,33.52,31.93,32.46,447900,32.46
695,ANV,2012-01-13,32.28,32.3,31.63,32.08,388600,32.08
696,ANV,2012-01-12,32.88,33.19,31.98,32.57,451600,32.57
697,ANV,2012-01-11,32.7,32.88,31.98,32.78,374200,32.78
698,ANV,2012-01-10,32.74,33.14,32.41,32.58,821400,32.58
699,ANV,2012-01-09,32.32,32.42,31.62,32.1,571000,32.1
700,ANV,2012-01-06,32.54,32.98,32.01,32.32,564400,32.32
701,ANV,2012-01-05,31.96,32.73,31.21,32.35,675100,32.35
702,ANV,2012-01-04,32.32,33.15,31.98,32.36,565600,32.36
703,ANV,2012-01-03,31.32,32.7,31.32,32.51,915900,32.51
704,ANV,2011-12-30,30.81,31.22,29.97,30.28,1023800,30.28
705,ANV,2011-12-29,29.46,30.69,28.76,30.55,565300,30.55
706,ANV,2011-12-28,31.95,31.95,29.78,29.8,631700,29.8
707,ANV,2011-12-27,31.98,32.19,31.22,31.96,279000,31.96
708,ANV,2011-12-23,32.18,32.26,31.7,32.14,236000,32.14
709,ANV,2011-12-22,32.33,32.4,31.15,32,876100,32
710,ANV,2011-12-21,32.82,33.22,31.77,32.73,901800,32.73
711,ANV,2011-12-20,31.33,33.25,31.33,32.86,957400,32.86
712,ANV,2011-12-19,31.36,32.67,31.19,31.41,1292200,31.41
713,ANV,2011-12-16,31.41,32.16,30.5,32.09,7155400,32.09
714,ANV,2011-12-15,31.11,33.11,30.67,31.52,3262300,31.52
715,ANV,2011-12-14,29.51,30.18,28.75,29.74,1004600,29.74
716,ANV,2011-12-13,31.7,32.14,30.14,30.39,1057600,30.39
717,ANV,2011-12-12,31.88,31.9,30.86,31.66,626100,31.66
718,ANV,2011-12-09,31.79,32.64,31.25,32.47,713400,32.47
719,ANV,2011-12-08,32.39,32.39,31.31,31.41,656500,31.41
720,ANV,2011-12-07,32.51,32.77,31.96,32.42,849700,32.42
721,ANV,2011-12-06,32.39,33.05,31.71,32.58,1225600,32.58
722,ANV,2011-12-05,33.65,34.05,32.35,32.7,933000,32.7
723,ANV,2011-12-02,35.04,35.23,33.37,33.41,656800,33.41
724,ANV,2011-12-01,35.7,36.02,34.26,34.49,541300,34.49
725,ANV,2011-11-30,34.17,35.89,34,35.89,911100,35.89
726,ANV,2011-11-29,33,33.53,32.58,32.81,366300,32.81
727,ANV,2011-11-28,33.22,33.75,32.38,32.82,488600,32.82
728,ANV,2011-11-25,31.69,32.53,31.12,31.86,226700,31.86
729,ANV,2011-11-23,33.19,33.23,32,32.09,432200,32.09
730,ANV,2011-11-22,33.47,34.3,32.52,33.67,467200,33.67
731,ANV,2011-11-21,33.44,33.44,32.28,33.31,594900,33.31
732,ANV,2011-11-18,34.34,35.21,33.66,33.94,619000,33.94
733,ANV,2011-11-17,36.16,36.23,34.08,34.28,581800,34.28
734,ANV,2011-11-16,37.3,37.8,36.45,36.56,525300,36.56
735,ANV,2011-11-15,36.32,37.64,36.32,37.38,322400,37.38
736,ANV,2011-11-14,36.91,37.31,36.44,36.85,339900,36.85
737,ANV,2011-11-11,37.04,37.44,36.59,36.82,476300,36.82
738,ANV,2011-11-10,36.44,37.32,35.55,36.62,486400,36.62
739,ANV,2011-11-09,36.44,37.49,35.92,36.22,632700,36.22
740,ANV,2011-11-08,38.46,38.59,37.07,37.35,781000,37.35
741,ANV,2011-11-07,39,39.61,36.86,38.4,1050900,38.4
742,ANV,2011-11-04,38.82,39.1,37.55,38.4,617800,38.4
743,ANV,2011-11-03,38.99,39.57,37.7,39.19,850500,39.19
744,ANV,2011-11-02,38.89,39.63,37.79,38.23,838800,38.23
745,ANV,2011-11-01,36.27,38.64,35.95,38.12,778200,38.12
746,ANV,2011-10-31,38.9,39.06,37.98,37.98,464700,37.98
747,ANV,2011-10-28,39.78,40.95,39.47,39.57,622200,39.57
748,ANV,2011-10-27,38.59,40.55,38.23,39.7,933400,39.7
749,ANV,2011-10-26,38,39.1,37.37,37.65,977600,37.65
750,ANV,2011-10-25,36.38,37.98,35.29,37.36,629000,37.36
751,ANV,2011-10-24,35.28,36.67,35.21,36.09,639400,36.09
752,ANV,2011-10-21,35.18,36.06,34.77,35.28,367300,35.28
753,ANV,2011-10-20,34.04,34.85,33.34,34.44,877100,34.44
754,ANV,2011-10-19,37.05,37.05,34.2,34.29,890900,34.29
755,ANV,2011-10-18,35.74,37.25,34.81,36.9,458600,36.9
756,ANV,2011-10-17,37.83,37.97,36.2,36.59,306000,36.59
757,ANV,2011-10-14,37.16,38.27,36.58,38.04,520900,38.04
758,ANV,2011-10-13,37.3,37.3,36.2,36.43,471800,36.43
759,ANV,2011-10-12,37.98,38.3,37.11,37.74,638000,37.74
760,ANV,2011-10-11,36.97,37.6,36.36,36.88,503600,36.88
761,ANV,2011-10-10,36.77,37.49,36.51,37.34,288200,37.34
762,ANV,2011-10-07,37.35,37.92,35.6,36,475300,36
763,ANV,2011-10-06,36.8,37.53,35.69,37.29,540700,37.29
764,ANV,2011-10-05,34.27,36.59,33.77,36.55,865200,36.55
765,ANV,2011-10-04,34.3,34.49,32.32,34.15,1699000,34.15
766,ANV,2011-10-03,35.86,36.86,34.13,34.83,943300,34.83
767,ANV,2011-09-30,34.9,36.52,34.05,35.81,1501400,35.81
768,ANV,2011-09-29,35.75,36.49,34.35,35.3,1020800,35.3
769,ANV,2011-09-28,36.82,37.02,35.02,35.16,1290000,35.16
770,ANV,2011-09-27,39.37,39.64,36.14,36.28,972800,36.28
771,ANV,2011-09-26,35.6,37.87,35.21,37.39,1386400,37.39
772,ANV,2011-09-23,36.9,36.9,35.22,36.11,1433300,36.11
773,ANV,2011-09-22,40.32,40.79,37.04,37.57,1938300,37.57
774,ANV,2011-09-21,45.07,45.54,43.2,43.24,855100,43.24
775,ANV,2011-09-20,43.76,45.9,43.38,45.11,1153900,45.11
776,ANV,2011-09-19,43.8,44.25,42.45,43.59,736300,43.59
777,ANV,2011-09-16,41.4,43.76,41.34,43.63,1496600,43.63
778,ANV,2011-09-15,42.29,42.5,40.8,41.61,852100,41.61
779,ANV,2011-09-14,43.11,43.38,41.84,42.72,589000,42.72
780,ANV,2011-09-13,42.6,43.55,42.05,43.17,587300,43.17
781,ANV,2011-09-12,43.09,43.76,41.46,42.46,822400,42.46
782,ANV,2011-09-09,44.56,45.16,42.93,43.71,1023000,43.71
783,ANV,2011-09-08,44.9,45.63,44.6,44.84,861300,44.84
784,ANV,2011-09-07,44.1,44.65,43.15,44.5,934700,44.5
785,ANV,2011-09-06,44.04,45.46,43.8,44.8,1394900,44.8
786,ANV,2011-09-02,42.41,43.9,41.96,43.7,1093100,43.7
787,ANV,2011-09-01,41.88,42.04,40.57,41.45,486900,41.45
788,ANV,2011-08-31,42.24,42.57,40.54,41.53,610800,41.53
789,ANV,2011-08-30,41.88,42.66,41.57,42.35,620300,42.35
790,ANV,2011-08-29,42.31,42.51,41.18,41.51,583300,41.51
791,ANV,2011-08-26,40.46,42.2,39.31,42.18,587100,42.18
792,ANV,2011-08-25,39.56,40.89,39.02,40.34,614500,40.34
793,ANV,2011-08-24,41.33,41.35,38.83,39.92,992400,39.92
794,ANV,2011-08-23,42.81,42.83,40.28,41.23,1118300,41.23
795,ANV,2011-08-22,40.51,42.59,39.86,42.52,1354000,42.52
796,ANV,2011-08-19,39.5,40.58,39.34,39.81,656400,39.81
797,ANV,2011-08-18,40.08,40.23,38.47,39.09,678900,39.09
798,ANV,2011-08-17,40.29,41.19,39.87,40.25,560200,40.25
799,ANV,2011-08-16,40.73,41,39.8,40.09,521600,40.09
800,ANV,2011-08-15,39.51,41,39.32,40.83,527800,40.83
801,ANV,2011-08-12,39.73,39.79,38.64,39.55,539400,39.55
802,ANV,2011-08-11,38.57,39.75,37.38,39.41,921000,39.41
803,ANV,2011-08-10,38.08,39.65,37.06,38.48,963600,38.48
804,ANV,2011-08-09,36.44,38.2,35.52,38.2,1519200,38.2
805,ANV,2011-08-08,36.9,37.37,34.81,35.82,1600400,35.82
806,ANV,2011-08-05,37.45,38.39,34.05,35.36,1750700,35.36
807,ANV,2011-08-04,39.7,40.51,37.56,38.03,1046100,38.03
808,ANV,2011-08-03,40.6,41.65,39.9,40.02,1133400,40.02
809,ANV,2011-08-02,40,41,39.4,39.98,816800,39.98
810,ANV,2011-08-01,38.17,40.18,38.17,40,765100,40
811,ANV,2011-07-29,38.58,38.58,37.45,38.1,487200,38.1
812,ANV,2011-07-28,38.11,38.79,37.63,38.35,488100,38.35
813,ANV,2011-07-27,39.84,41.14,38.07,38.43,935100,38.43
814,ANV,2011-07-26,39.55,40.12,38.93,39.75,575700,39.75
815,ANV,2011-07-25,41.31,41.78,39.18,39.57,879000,39.57
816,ANV,2011-07-22,40.2,41.26,40.2,40.96,662200,40.96
817,ANV,2011-07-21,40.16,40.99,39.62,40.11,505500,40.11
818,ANV,2011-07-20,40.16,40.75,39.54,40.33,547100,40.33
819,ANV,2011-07-19,40.54,41,39.99,40.36,829100,40.36
820,ANV,2011-07-18,39.81,40.3,39.42,40.28,724700,40.28
821,ANV,2011-07-15,38.1,38.78,37.56,38.73,511500,38.73
822,ANV,2011-07-14,39.23,39.48,37.67,38.11,879500,38.11
823,ANV,2011-07-13,37.91,40.3,37.91,39.2,948400,39.2
824,ANV,2011-07-12,37.09,38.09,36.75,37.31,839200,37.31
825,ANV,2011-07-11,38.24,38.39,36.77,37.39,995900,37.39
826,ANV,2011-07-08,38.95,39.09,37.78,38.11,892900,38.11
827,ANV,2011-07-07,38.52,39.55,38.35,38.57,1116100,38.57
828,ANV,2011-07-06,37.5,38.13,37.18,37.99,1413500,37.99
829,ANV,2011-07-05,35.2,37.49,35.2,37.15,1132900,37.15
830,ANV,2011-07-01,34.69,34.85,33.59,34.81,568600,34.81
831,ANV,2011-06-30,35.17,35.64,34.59,35.37,564400,35.37
832,ANV,2011-06-29,34.17,35.43,34.16,35.01,784100,35.01
833,ANV,2011-06-28,33.27,34.09,33.04,34.08,665800,34.08
834,ANV,2011-06-27,32.4,33.4,32.07,33.23,795600,33.23
835,ANV,2011-06-24,34.32,34.5,32.51,33.3,6413000,33.3
836,ANV,2011-06-23,32.65,34.65,32.48,34.57,1505200,34.57
837,ANV,2011-06-22,32.73,35.32,32.7,34.12,2336500,34.12
838,ANV,2011-06-21,30.43,32.86,30.24,32.79,1359700,32.79
839,ANV,2011-06-20,29.65,31.06,29.65,30.13,1317500,30.13
840,ANV,2011-06-17,29.2,30.2,28.95,29.58,5205800,29.58
841,ANV,2011-06-16,30.07,30.12,28.56,29.1,2494100,29.1
842,ANV,2011-06-15,30.3,31.26,29.91,30.14,1258900,30.14
843,ANV,2011-06-14,29.89,31.67,29.78,30.68,1761100,30.68
844,ANV,2011-06-13,30,30.36,28.72,29.4,3233700,29.4
845,ANV,2011-06-10,31.44,31.5,30.65,31.02,977500,31.02
846,ANV,2011-06-09,31.53,32.49,31.3,31.62,790800,31.62
847,ANV,2011-06-08,32.78,33,31.3,31.53,1140300,31.53
848,ANV,2011-06-07,33.02,33.54,32.7,32.99,810200,32.99
849,ANV,2011-06-06,34.59,35.31,32.55,32.66,1066400,32.66
850,ANV,2011-06-03,34.91,35.14,34.18,34.38,773400,34.38
851,ANV,2011-06-02,35.75,36.41,34.21,34.81,808200,34.81
852,ANV,2011-06-01,37.13,37.13,35.28,35.52,902600,35.52
853,ANV,2011-05-31,36.76,37.21,36.11,37.08,1219700,37.08
854,ANV,2011-05-27,36.59,37,35.88,36.43,504700,36.43
855,ANV,2011-05-26,35.76,36.21,35.25,36.09,612200,36.09
856,ANV,2011-05-25,35.08,36.44,34.47,35.82,694000,35.82
857,ANV,2011-05-24,33.9,35.4,33.9,34.92,741000,34.92
858,ANV,2011-05-23,34.69,34.96,33.23,33.6,960400,33.6
859,ANV,2011-05-20,34.23,35.29,33.6,34.82,1005400,34.82
860,ANV,2011-05-19,34.07,35.22,33.77,34.26,905700,34.26
861,ANV,2011-05-18,33.49,34.59,33.32,34.01,950000,34.01
862,ANV,2011-05-17,32.16,33.43,31.81,33.13,1017000,33.13
863,ANV,2011-05-16,32.19,34.17,32.04,32.5,1101900,32.5
864,ANV,2011-05-13,32.9,33.5,31.83,32.23,1030100,32.23
865,ANV,2011-05-12,31.13,33.6,30.12,32.9,1700000,32.9
866,ANV,2011-05-11,33.88,34.23,32.03,32.03,1518700,32.03
867,ANV,2011-05-10,35.34,35.34,33.53,34.06,999700,34.06
868,ANV,2011-05-09,34.61,35.11,33.36,34.96,923400,34.96
869,ANV,2011-05-06,35.56,35.98,33.78,34.35,1107600,34.35
870,ANV,2011-05-05,35.77,36.8,34.25,34.81,1200000,34.81
871,ANV,2011-05-04,38.34,38.34,35.55,36.57,1364300,36.57
872,ANV,2011-05-03,40.25,40.35,37.36,37.74,1625000,37.74
873,ANV,2011-05-02,42.74,43.1,40.16,40.3,871500,40.3
874,ANV,2011-04-29,41.91,43.48,41.46,43.06,720000,43.06
875,ANV,2011-04-28,41.93,43.49,41.46,41.7,1084800,41.7
876,ANV,2011-04-27,39.98,41.82,38.91,41.82,1056800,41.82
877,ANV,2011-04-26,37.93,40.57,37.75,39.85,1200000,39.85
878,ANV,2011-04-25,40.44,40.59,38.6,38.73,605900,38.73
879,ANV,2011-04-21,40.4,40.4,39.21,40.12,483700,40.12
880,ANV,2011-04-20,40.22,40.47,39.44,39.78,869900,39.78
881,ANV,2011-04-19,37.63,39.02,37.42,39,686400,39
882,ANV,2011-04-18,39.5,39.62,37.14,37.57,1059600,37.57
883,ANV,2011-04-15,39.52,39.59,38.79,39.11,824400,39.11
884,ANV,2011-04-14,37.91,40.12,37.91,39.37,902700,39.37
885,ANV,2011-04-13,38.43,38.47,37.31,37.87,841400,37.87
886,ANV,2011-04-12,37.54,38.66,36.67,37.46,793900,37.46
887,ANV,2011-04-11,41.4,41.46,37.93,38.58,789200,38.58
888,ANV,2011-04-08,39.94,41.46,39.49,40.56,1159900,40.56
889,ANV,2011-04-07,39.87,40.35,38.73,39.28,561900,39.28
890,ANV,2011-04-06,40.9,41.29,39.25,39.67,781500,39.67
891,ANV,2011-04-05,37.55,40.5,37.55,40.31,1169100,40.31
892,ANV,2011-04-04,37.38,37.9,37.34,37.67,604200,37.67
893,ANV,2011-04-01,35.5,37.56,35.5,37.06,885000,37.06
894,ANV,2011-03-31,35.09,35.95,34.87,35.48,458000,35.48
895,ANV,2011-03-30,34.84,35.18,33.57,34.85,524800,34.85
896,ANV,2011-03-29,33.77,34.9,33.53,34.48,484500,34.48
897,ANV,2011-03-28,33.89,34.62,33.26,33.82,666500,33.82
898,ANV,2011-03-25,34.89,35.45,34.08,34.18,602800,34.18
899,ANV,2011-03-24,35.44,35.74,34.46,34.64,593900,34.64
900,ANV,2011-03-23,34.2,35.32,34.09,35.17,800100,35.17
901,ANV,2011-03-22,32.97,34.14,32.86,34.03,475200,34.03
902,ANV,2011-03-21,33.47,33.68,32.75,33.23,714300,33.23
903,ANV,2011-03-18,30.81,32.9,30.56,32.9,3466400,32.9
904,ANV,2011-03-17,30.24,30.74,30.12,30.33,441400,30.33
905,ANV,2011-03-16,30.39,31.39,29.48,30.15,825100,30.15
906,ANV,2011-03-15,29.72,30.85,29.32,30.58,729600,30.58
907,ANV,2011-03-14,31.71,31.71,30.38,31.09,750500,31.09
908,ANV,2011-03-11,29.97,31.19,29.9,30.83,580700,30.83
909,ANV,2011-03-10,31.2,31.2,30.15,30.5,829100,30.5
910,ANV,2011-03-09,32.74,32.79,31.15,31.6,403500,31.6
911,ANV,2011-03-08,32.53,32.9,31.8,32.59,448500,32.59
912,ANV,2011-03-07,34.25,34.34,32.38,32.93,642700,32.93
913,ANV,2011-03-04,33.53,33.96,33.25,33.96,536700,33.96
914,ANV,2011-03-03,34.07,34.35,33.06,33.53,563300,33.53
915,ANV,2011-03-02,34.01,34.46,33.2,33.94,895500,33.94
916,ANV,2011-03-01,30.53,35.1,30.53,34.1,1709000,34.1
917,ANV,2011-02-28,29.12,30.34,28.53,30.34,570700,30.34
918,ANV,2011-02-25,29.39,30.15,29.23,30,457400,30
919,ANV,2011-02-24,29.47,29.85,29,29.23,447900,29.23
920,ANV,2011-02-23,29.09,29.69,28.6,29.28,395500,29.28
921,ANV,2011-02-22,30.56,30.74,29.07,29.11,492800,29.11
922,ANV,2011-02-18,30.25,30.5,29.85,30.24,647400,30.24
923,ANV,2011-02-17,29.85,30.37,29.71,30.07,415600,30.07
924,ANV,2011-02-16,29,29.76,28.62,29.76,445400,29.76
925,ANV,2011-02-15,28.86,29.59,28.75,28.89,371700,28.89
926,ANV,2011-02-14,28,28.84,28,28.84,244800,28.84
927,ANV,2011-02-11,27.99,28.65,27.98,28.09,284400,28.09
928,ANV,2011-02-10,27.58,28.73,27.58,28.38,335700,28.38
929,ANV,2011-02-09,28.93,28.98,27.85,28.01,445200,28.01
930,ANV,2011-02-08,28.96,29.07,28.45,28.87,433300,28.87
931,ANV,2011-02-07,28.02,29.22,28.02,28.5,554400,28.5
932,ANV,2011-02-04,28.66,28.88,27.99,27.99,549700,27.99
933,ANV,2011-02-03,27.63,28.71,27.28,28.45,1048500,28.45
934,ANV,2011-02-02,27.89,27.89,26.97,27.37,955600,27.37
935,ANV,2011-02-01,26.57,27.94,26.45,27.57,1160500,27.57
936,ANV,2011-01-31,25.96,26.75,25.85,26.44,1076200,26.44
937,ANV,2011-01-28,25.32,26.03,25.04,25.85,944900,25.85
938,ANV,2011-01-27,26.67,26.78,25.26,25.36,721500,25.36
939,ANV,2011-01-26,24.48,26.34,24.48,26.3,894300,26.3
940,ANV,2011-01-25,24.65,24.65,24.05,24.48,853200,24.48
941,ANV,2011-01-24,24.67,25.64,24.67,24.92,551900,24.92
942,ANV,2011-01-21,24.79,25.31,24.57,24.86,649900,24.86
943,ANV,2011-01-20,24.33,24.94,23.62,24.75,927100,24.75
944,ANV,2011-01-19,24.93,25.3,24.18,24.73,783000,24.73
945,ANV,2011-01-18,24.51,24.8,24.09,24.79,2723300,24.79
946,ANV,2011-01-14,25.24,25.24,24.35,24.45,1612300,24.45
947,ANV,2011-01-13,26.24,26.25,25.21,25.37,434500,25.37
948,ANV,2011-01-12,26.26,26.41,25.83,26.16,836700,26.16
949,ANV,2011-01-11,25.34,25.89,24.88,25.83,497800,25.83
950,ANV,2011-01-10,24.28,25.26,24.17,25.26,604000,25.26
951,ANV,2011-01-07,24,24.94,23.92,24.43,918100,24.43
952,ANV,2011-01-06,24.93,25.38,24.48,24.59,853300,24.59
953,ANV,2011-01-05,25.08,25.14,24.36,25.03,633000,25.03
954,ANV,2011-01-04,26.07,26.09,24.68,25.1,625700,25.1
955,ANV,2011-01-03,26.59,26.99,26.14,26.35,306100,26.35
956,ANV,2010-12-31,26.37,26.79,26.24,26.31,222300,26.31
957,ANV,2010-12-30,26.74,27.08,26.33,26.33,207000,26.33
958,ANV,2010-12-29,26.82,27.25,26.56,26.73,357900,26.73
959,ANV,2010-12-28,25.55,27.1,25.55,27.08,395700,27.08
960,ANV,2010-12-27,25.81,26,25.12,25.61,281000,25.61
961,ANV,2010-12-23,25.85,26.36,25.66,25.79,290400,25.79
962,ANV,2010-12-22,27.15,27.22,25.86,25.86,540800,25.86
963,ANV,2010-12-21,26.77,27.15,26.33,27.14,392100,27.14
964,ANV,2010-12-20,26.74,27.06,26.12,26.66,304100,26.66
965,ANV,2010-12-17,25.51,26.79,25.43,26.64,830700,26.64
966,ANV,2010-12-16,25.81,26.04,25.2,25.8,566000,25.8
967,ANV,2010-12-15,26.13,26.35,25.63,25.97,699500,25.97
968,ANV,2010-12-14,25.89,26.7,25.56,26.11,853100,26.11
969,ANV,2010-12-13,26.89,27.15,26.17,26.25,861100,26.25
970,ANV,2010-12-10,26.34,26.59,25.67,26.52,957600,26.52
971,ANV,2010-12-09,26.86,26.98,25.91,26.23,730200,26.23
972,ANV,2010-12-08,27.92,27.92,26.26,26.33,1286600,26.33
973,ANV,2010-12-07,28.83,28.99,27.64,27.95,866800,27.95
974,ANV,2010-12-06,28.4,28.99,28.23,28.67,495600,28.67
975,ANV,2010-12-03,28.52,29,28.24,28.5,837600,28.5
976,ANV,2010-12-02,28.26,28.89,28.09,28.21,815200,28.21
977,ANV,2010-12-01,27.06,28.24,27.06,28.14,1146300,28.14
978,ANV,2010-11-30,26.26,26.9,25.95,26.74,524600,26.74
979,ANV,2010-11-29,26,26.35,25.46,26.22,438600,26.22
980,ANV,2010-11-26,26.33,26.47,25.9,26.13,231200,26.13
981,ANV,2010-11-24,26.65,27.22,26.57,27.01,331200,27.01
982,ANV,2010-11-23,27.06,27.06,26.15,26.66,556600,26.66
983,ANV,2010-11-22,26.45,27,26.2,26.94,766500,26.94
984,ANV,2010-11-19,26.46,26.59,26.15,26.53,792500,26.53
985,ANV,2010-11-18,26.93,27.39,26.44,26.56,994500,26.56
986,ANV,2010-11-17,26.24,26.95,26.06,26.49,560500,26.49
987,ANV,2010-11-16,26.67,26.69,25.38,26.06,872200,26.06
988,ANV,2010-11-15,27.5,27.87,27.02,27.06,551200,27.06
989,ANV,2010-11-12,27.51,27.94,26.35,27.47,799800,27.47
990,ANV,2010-11-11,27.73,28.16,27.15,28,718800,28
991,ANV,2010-11-10,26.49,27.55,25.85,27.51,916800,27.51
992,ANV,2010-11-09,28.19,29.05,25.99,26.23,1984400,26.23
993,ANV,2010-11-08,27.4,28.09,26.69,27.95,1385200,27.95
994,ANV,2010-11-05,26.81,27.68,26.55,27.47,1406000,27.47
995,ANV,2010-11-04,25.95,27.02,25.75,27.02,1363600,27.02
996,ANV,2010-11-03,25.03,25.25,24.35,25.11,931500,25.11
997,ANV,2010-11-02,24.88,25.29,24.57,25.27,873500,25.27
998,ANV,2010-11-01,24.93,25.36,24.06,24.51,905800,24.51
999,ANV,2010-10-29,23.61,24.93,23.44,24.64,889600,24.64
1000,ANV,2010-10-28,23.68,23.79,22.87,23.63,1379700,23.63
1001,ANV,2010-10-27,24.59,24.59,23.13,23.48,1245600,23.48
1002,ANV,2010-10-26,23.66,24.88,23.5,24.77,1409600,24.77
1003,ANV,2010-10-25,24.07,24.24,23.2,23.54,710400,23.54
1004,ANV,2010-10-22,22.66,23.19,22.24,23.11,927200,23.11
1005,ANV,2010-10-21,23.74,23.74,21.99,22.46,1681200,22.46
1006,ANV,2010-10-20,23.65,24.59,23.56,24.14,800800,24.14
1007,ANV,2010-10-19,24.81,24.81,23.69,23.76,1314700,23.76
1008,ANV,2010-10-18,25.28,25.54,24.81,25.4,546900,25.4
1009,ANV,2010-10-15,25.44,25.73,25.15,25.52,1047200,25.52
1010,ANV,2010-10-14,25.9,26.2,25.62,25.64,828800,25.64
1011,ANV,2010-10-13,25.69,26.2,25.65,25.97,1118400,25.97
1012,ANV,2010-10-12,26.41,26.47,25.13,25.5,1298200,25.5
1013,ANV,2010-10-11,26.83,27.04,26.16,26.53,434500,26.53
1014,ANV,2010-10-08,26.44,26.75,25.75,26.56,1083000,26.56
1015,ANV,2010-10-07,28.18,28.18,26.29,26.51,860300,26.51
1016,ANV,2010-10-06,27.96,27.96,27.49,27.87,828600,27.87
1017,ANV,2010-10-05,27.7,28.19,27.49,27.61,881900,27.61
1018,ANV,2010-10-04,27.67,27.67,26.95,27.09,586000,27.09
1019,ANV,2010-10-01,27.19,27.47,26.76,27.33,637100,27.33
1020,ANV,2010-09-30,27.1,27.2,25.91,26.5,754500,26.5
1021,ANV,2010-09-29,27.07,27.15,26.3,26.89,901900,26.89
1022,ANV,2010-09-28,27.02,27.34,26,27.08,918600,27.08
1023,ANV,2010-09-27,28.09,28.09,26.75,27.05,403700,27.05
1024,ANV,2010-09-24,27.58,28.09,27.46,27.5,788700,27.5
1025,ANV,2010-09-23,27.35,27.88,26.99,27.1,577000,27.1
1026,ANV,2010-09-22,27.82,28.03,27.19,27.49,774700,27.49
1027,ANV,2010-09-21,27.47,27.53,26.41,27.47,1270400,27.47
1028,ANV,2010-09-20,26.29,27.62,25.9,27.44,1041700,27.44
1029,ANV,2010-09-17,26.46,26.61,25.89,26.06,1103700,26.06
1030,ANV,2010-09-16,26.53,26.67,26.21,26.29,856700,26.29
1031,ANV,2010-09-15,25.92,26.53,25.63,26.27,751400,26.27
1032,ANV,2010-09-14,25.56,26.72,25.56,25.95,1102400,25.95
1033,ANV,2010-09-13,24.97,25.45,24.9,25.23,743500,25.23
1034,ANV,2010-09-10,24.7,25.24,24.68,24.95,670400,24.95
1035,ANV,2010-09-09,25.3,25.47,24.48,24.79,1136100,24.79
1036,ANV,2010-09-08,26.73,26.73,24.86,25,1594100,25
1037,ANV,2010-09-07,25.31,25.75,25.2,25.59,1044800,25.59
1038,ANV,2010-09-03,24.48,24.98,23.85,24.95,1068500,24.95
1039,ANV,2010-09-02,24,24.54,23.73,24.48,643200,24.48
1040,ANV,2010-09-01,24.37,24.6,23.44,23.83,958200,23.83
1041,ANV,2010-08-31,22.85,24.53,22.73,23.45,2377400,23.45
1042,ANV,2010-08-30,22.97,23.36,22.61,22.64,890000,22.64
1043,ANV,2010-08-27,22.5,22.83,22.3,22.73,1023800,22.73
1044,ANV,2010-08-26,21.9,22.49,21.9,22.35,801600,22.35
1045,ANV,2010-08-25,21.35,22.07,21.03,21.95,1003000,21.95
1046,ANV,2010-08-24,20.93,21.72,20.69,21.3,817800,21.3
1047,ANV,2010-08-23,22.1,22.27,21.45,21.59,799100,21.59
1048,ANV,2010-08-20,21.9,22.02,21.32,22,926400,22
1049,ANV,2010-08-19,21.19,22.25,21.08,21.99,1015800,21.99
1050,ANV,2010-08-18,20.67,21.43,20.36,21.22,774000,21.22
1051,ANV,2010-08-17,20.59,20.9,20.39,20.67,714400,20.67
1052,ANV,2010-08-16,19.53,20.45,19.53,20.42,664200,20.42
1053,ANV,2010-08-13,19.25,19.67,19.22,19.49,484200,19.49
1054,ANV,2010-08-12,18.16,19.46,18.16,19.33,931600,19.33
1055,ANV,2010-08-11,18.37,18.47,17.77,18.33,1127100,18.33
1056,ANV,2010-08-10,19.2,19.47,18.13,18.62,1178000,18.62
1057,ANV,2010-08-09,19.43,19.66,18.93,19.62,585500,19.62
1058,ANV,2010-08-06,19.02,19.4,18.8,19.23,680100,19.23
1059,ANV,2010-08-05,19.1,19.22,18.89,19.06,620100,19.06
1060,ANV,2010-08-04,18.8,19.44,18.64,19.07,1003100,19.07
1061,ANV,2010-08-03,17.46,18.31,17.43,18.17,703500,18.17
1062,ANV,2010-08-02,17.77,18,17.13,17.38,573500,17.38
1063,ANV,2010-07-30,16.79,17.4,16.79,17.25,1804400,17.25
1064,ANV,2010-07-29,16.09,17.22,16.09,16.9,1054900,16.9
1065,ANV,2010-07-28,15.51,16.13,15.51,16.04,724100,16.04
1066,ANV,2010-07-27,16.09,16.45,15.7,15.7,926900,15.7
1067,ANV,2010-07-26,16.5,16.69,15.74,16.12,761500,16.12
1068,ANV,2010-07-23,16.37,16.52,16.19,16.49,538400,16.49
1069,ANV,2010-07-22,16.75,16.87,16.31,16.33,1025300,16.33
1070,ANV,2010-07-21,17.15,17.34,16.53,16.7,513400,16.7
1071,ANV,2010-07-20,16.51,17.4,16.45,17.12,691300,17.12
1072,ANV,2010-07-19,17.16,17.18,16.42,16.77,603300,16.77
1073,ANV,2010-07-16,18.24,18.24,17.02,17.25,910200,17.25
1074,ANV,2010-07-15,19.09,19.13,18.19,18.49,539700,18.49
1075,ANV,2010-07-14,19.1,19.42,18.62,18.97,412100,18.97
1076,ANV,2010-07-13,18.96,19.46,18.94,19.01,603700,19.01
1077,ANV,2010-07-12,18.93,19.2,18.28,18.54,519500,18.54
1078,ANV,2010-07-09,18.92,19.53,18.92,19.23,568000,19.23
1079,ANV,2010-07-08,18.77,18.96,18.36,18.7,585300,18.7
1080,ANV,2010-07-07,18.67,18.8,18.39,18.75,729900,18.75
1081,ANV,2010-07-06,18.79,18.79,18.2,18.7,882500,18.7
1082,ANV,2010-07-02,19.29,19.68,18.64,18.83,635600,18.83
1083,ANV,2010-07-01,19.38,19.56,18.14,18.8,1101800,18.8
1084,ANV,2010-06-30,20,20.56,19.62,19.68,805200,19.68
1085,ANV,2010-06-29,21.23,21.36,20.2,20.33,1108500,20.33
1086,ANV,2010-06-28,22.62,22.92,21.49,21.49,1208400,21.49
1087,ANV,2010-06-25,21.57,22.46,21.31,22.38,1741600,22.38
1088,ANV,2010-06-24,20.6,21.66,20.58,20.95,1003700,20.95
1089,ANV,2010-06-23,20.88,21.06,20.34,20.88,632200,20.88
1090,ANV,2010-06-22,20.35,21.54,20.35,20.89,958800,20.89
1091,ANV,2010-06-21,22,22.2,20.18,20.38,849800,20.38
1092,ANV,2010-06-18,20.54,21.87,20.52,21.83,1622900,21.83
1093,ANV,2010-06-17,19.82,20.67,19.76,20.54,758000,20.54
1094,ANV,2010-06-16,19.66,20.13,19.42,19.88,715500,19.88
1095,ANV,2010-06-15,19.16,19.96,19.08,19.92,584300,19.92
1096,ANV,2010-06-14,19.77,19.77,18.95,19.1,329600,19.1
1097,ANV,2010-06-11,18.94,19.43,18.87,19.43,377900,19.43
1098,ANV,2010-06-10,19.05,19.32,18.73,18.97,728600,18.97
1099,ANV,2010-06-09,19.92,19.92,18.79,18.97,651200,18.97
1100,ANV,2010-06-08,19.25,20.17,19.15,19.6,1403200,19.6
1101,ANV,2010-06-07,18.88,19.74,18.74,19.25,1248800,19.25
1102,ANV,2010-06-04,18.92,19.15,18.71,19.02,823400,19.02
1103,ANV,2010-06-03,19.33,19.5,18.8,19.22,501500,19.22
1104,ANV,2010-06-02,18.65,19.29,18.39,19.29,560500,19.29
1105,ANV,2010-06-01,19,19.66,18.7,18.7,583000,18.7
1106,ANV,2010-05-28,19.53,19.54,18.82,19.14,451200,19.14
1107,ANV,2010-05-27,19.36,19.45,19.13,19.4,448800,19.4
1108,ANV,2010-05-26,19.75,19.75,18.6,18.88,1150800,18.88
1109,ANV,2010-05-25,17.98,18.8,17.26,18.68,1357900,18.68
1110,ANV,2010-05-24,18.04,18.82,17.72,18.28,653300,18.28
1111,ANV,2010-05-21,17.01,17.77,16.88,17.59,912500,17.59
1112,ANV,2010-05-20,17.33,17.89,17.05,17.41,1124200,17.41
1113,ANV,2010-05-19,18.88,19.06,17.45,18.29,989000,18.29
1114,ANV,2010-05-18,19.46,19.88,18.92,19.19,784000,19.19
1115,ANV,2010-05-17,19.98,20.07,19.22,19.45,720200,19.45
1116,ANV,2010-05-14,20.22,20.45,19.77,19.88,1873800,19.88
1117,ANV,2010-05-13,20.54,20.62,19.99,20.25,2600900,20.25
1118,ANV,2010-05-12,22.33,22.92,21.68,21.75,2131200,21.75
1119,ANV,2010-05-11,19.35,21.8,19.01,21.42,2445100,21.42
1120,ANV,2010-05-10,18.95,19.01,18.2,19.01,433400,19.01
1121,ANV,2010-05-07,17.6,18.42,17.53,18.08,934700,18.08
1122,ANV,2010-05-06,17.73,18.14,17.17,17.66,774900,17.66
1123,ANV,2010-05-05,17.64,18.27,17.39,17.73,521200,17.73
1124,ANV,2010-05-04,18.88,18.88,17.69,18.04,945100,18.04
1125,ANV,2010-05-03,18.31,19.69,18.31,19.03,1289800,19.03
1126,ANV,2010-04-30,18.05,18.9,17.96,18.28,750100,18.28
1127,ANV,2010-04-29,17,17.97,16.94,17.82,789600,17.82
1128,ANV,2010-04-28,16.9,16.94,16.59,16.88,366700,16.88
1129,ANV,2010-04-27,16.72,17,16.5,16.75,283500,16.75
1130,ANV,2010-04-26,16.74,17.07,16.74,16.81,201800,16.81
1131,ANV,2010-04-23,16.98,17.04,16.71,16.92,323200,16.92
1132,ANV,2010-04-22,16.47,17.12,16.21,16.98,60400,16.98
1133,ANV,2010-04-21,16.4,16.81,16.4,16.78,251500,16.78
1134,ANV,2010-04-20,16.39,16.59,16.37,16.55,195900,16.55
1135,ANV,2010-04-19,16.07,16.29,15.5,16.28,257200,16.28
1136,ANV,2010-04-16,16.25,16.45,16.1,16.25,494000,16.25
1137,ANV,2010-04-15,16.65,16.75,16.26,16.41,282100,16.41
1138,ANV,2010-04-14,16.51,16.94,16.51,16.8,188400,16.8
1139,ANV,2010-04-13,16.59,16.76,16.43,16.57,179900,16.57
1140,ANV,2010-04-12,16.78,17.1,16.75,16.81,477900,16.81
1141,ANV,2010-04-09,16.71,16.88,16.65,16.77,488400,16.77
1142,ANV,2010-04-08,16.75,16.8,16.08,16.71,464500,16.71
1143,ANV,2010-04-07,17.14,17.15,16.82,16.92,690500,16.92
1144,ANV,2010-04-06,16.61,17.16,16.61,16.97,270900,16.97
1145,ANV,2010-04-05,16.89,16.95,16.64,16.92,290300,16.92
1146,ANV,2010-04-01,16.84,16.96,16.54,16.64,307100,16.64
1147,ANV,2010-03-31,16.58,16.76,16.49,16.57,361000,16.57
1148,ANV,2010-03-30,16.41,16.56,16.27,16.38,300000,16.38
1149,ANV,2010-03-29,16.22,16.42,16.15,16.39,395300,16.39
1150,ANV,2010-03-26,15.63,16.1,15.58,15.97,339300,15.97
1151,ANV,2010-03-25,15.57,15.99,15.54,15.62,433900,15.62
1152,ANV,2010-03-24,15.8,15.9,15.25,15.5,438500,15.5
1153,ANV,2010-03-23,15.12,16.16,15.1,16.05,358100,16.05
1154,ANV,2010-03-22,15.07,15.34,14.66,15.27,283500,15.27
1155,ANV,2010-03-19,15.08,15.29,14.84,15.08,523000,15.08
1156,ANV,2010-03-18,15.43,15.53,15.01,15.26,173400,15.26
1157,ANV,2010-03-17,15.46,15.66,15.41,15.41,275000,15.41
1158,ANV,2010-03-16,15.07,15.55,15.07,15.54,306200,15.54
1159,ANV,2010-03-15,15.08,15.32,14.94,15.18,190000,15.18
1160,ANV,2010-03-12,15.23,15.48,15.04,15.07,271500,15.07
1161,ANV,2010-03-11,14.92,15.26,14.53,15.18,262500,15.18
1162,ANV,2010-03-10,15.15,15.28,14.6,14.74,439500,14.74
1163,ANV,2010-03-09,14.95,15.04,14.64,15.01,243100,15.01
1164,ANV,2010-03-08,14.75,15.07,14.62,14.88,279100,14.88
1165,ANV,2010-03-05,14.4,14.75,14.4,14.72,243400,14.72
1166,ANV,2010-03-04,14.61,14.82,14.33,14.39,165500,14.39
1167,ANV,2010-03-03,14.4,14.94,14.4,14.79,269700,14.79
1168,ANV,2010-03-02,14.45,14.84,14.4,14.49,471800,14.49
1169,ANV,2010-03-01,14,14.24,13.78,14.23,340500,14.23
1170,ANV,2010-02-26,13.31,14.14,13.01,13.76,323100,13.76
1171,ANV,2010-02-25,13.03,13.69,12.79,13.69,301600,13.69
1172,ANV,2010-02-24,13.42,13.75,13.23,13.3,246100,13.3
1173,ANV,2010-02-23,13.83,13.85,13.2,13.57,349600,13.57
1174,ANV,2010-02-22,14.44,14.44,13.75,13.8,322900,13.8
1175,ANV,2010-02-19,14.12,14.4,13.87,14.14,358200,14.14
1176,ANV,2010-02-18,13.8,14.44,13.8,14.15,355500,14.15
1177,ANV,2010-02-17,14.5,14.54,13.93,14.01,478600,14.01
1178,ANV,2010-02-16,14.14,14.49,13.72,14.49,405300,14.49
1179,ANV,2010-02-12,13.7,13.8,13.25,13.73,442700,13.73
1180,ANV,2010-02-11,13.24,13.87,13.02,13.84,370000,13.84
1181,ANV,2010-02-10,13.05,13.36,12.69,13.33,596900,13.33
1182,ANV,2010-02-09,12.97,13.33,12.82,13.02,623000,13.02
1183,ANV,2010-02-08,12.82,13.22,12.02,12.82,608600,12.82
1184,ANV,2010-02-05,12.12,12.88,11.57,12.85,846100,12.85
1185,ANV,2010-02-04,13.57,13.57,12.18,12.18,1009900,12.18
1186,ANV,2010-02-03,13.58,13.96,13.52,13.69,305400,13.69
1187,ANV,2010-02-02,13.84,14.18,13.63,13.66,434400,13.66
1188,ANV,2010-02-01,12.68,13.7,12.67,13.7,555200,13.7
1189,ANV,2010-01-29,12.96,13.31,12.61,12.67,378600,12.67
1190,ANV,2010-01-28,13.01,13.18,12.62,12.9,392400,12.9
1191,ANV,2010-01-27,12.84,13.05,12.51,12.92,318700,12.92
1192,ANV,2010-01-26,12.62,13.29,12.44,12.78,467900,12.78
1193,ANV,2010-01-25,13.21,13.59,12.75,12.79,422000,12.79
1194,ANV,2010-01-22,12.7,13.32,12.31,12.93,663900,12.93
1195,ANV,2010-01-21,13.87,13.95,12.47,12.62,1494300,12.62
1196,ANV,2010-01-20,15.02,15.02,13.82,13.92,654700,13.92
1197,ANV,2010-01-19,15.43,15.47,14.41,15.17,750000,15.17
1198,ANV,2010-01-15,15.97,16.04,15.15,15.46,425800,15.46
1199,ANV,2010-01-14,15.96,16.31,15.9,15.96,339800,15.96
1200,ANV,2010-01-13,15.61,16.24,15.6,16.19,400500,16.19
1201,ANV,2010-01-12,16.03,16.36,15.53,15.58,482000,15.58
1202,ANV,2010-01-11,16.36,16.44,16.06,16.15,305700,16.15
1203,ANV,2010-01-08,16.1,16.41,15.88,16.04,277400,16.04
1204,ANV,2010-01-07,15.97,16.14,15.53,15.9,208800,15.9
1205,ANV,2010-01-06,16.06,16.32,15.85,15.96,336700,15.96
1206,ANV,2010-01-05,16.09,16.4,15.69,15.89,398300,15.89
1207,ANV,2010-01-04,15.51,16.31,15.51,15.97,406500,15.97
1208,ANV,2009-12-31,15.11,15.3,15.01,15.08,213700,15.08
1209,ANV,2009-12-30,15.16,15.31,14.82,14.97,305700,14.97
1210,ANV,2009-12-29,14.76,15.4,14.65,15.28,294300,15.28
1211,ANV,2009-12-28,14.63,15.15,14.58,14.91,193900,14.91
1212,ANV,2009-12-24,14.58,15.23,14.58,14.76,277500,14.76
1213,ANV,2009-12-23,13.5,14.63,13.43,14.52,439700,14.52
1214,ANV,2009-12-22,13.2,13.59,13.2,13.41,339100,13.41
1215,ANV,2009-12-21,13.09,13.6,13.02,13.43,393600,13.43
1216,ANV,2009-12-18,12.58,13.25,12.58,13.24,805900,13.24
1217,ANV,2009-12-17,13.37,13.37,12.74,12.78,803000,12.78
1218,ANV,2009-12-16,13.27,13.6,13.21,13.46,384700,13.46
1219,ANV,2009-12-15,13.13,13.32,12.92,13.04,373100,13.04
1220,ANV,2009-12-14,12.75,13.24,12.4,13.15,329200,13.15
1221,ANV,2009-12-11,13.56,13.62,12.57,12.61,616800,12.61
1222,ANV,2009-12-10,13.05,13.65,13.05,13.48,367400,13.48
1223,ANV,2009-12-09,12.59,13.41,12.28,12.99,550300,12.99
1224,ANV,2009-12-08,13.06,13.47,12.57,12.63,608200,12.63
1225,ANV,2009-12-07,13.58,13.74,13.18,13.23,680900,13.23
1226,ANV,2009-12-04,13.38,13.95,13.35,13.85,770300,13.85
1227,ANV,2009-12-03,14.09,14.28,13.67,13.77,435100,13.77
1228,ANV,2009-12-02,13.95,14.69,13.94,14.12,557900,14.12
1229,ANV,2009-12-01,13.2,14.05,13.13,13.94,631800,13.94
1230,ANV,2009-11-30,12.96,13.03,12.51,13,512300,13
1231,ANV,2009-11-27,12.48,13.25,12.25,12.9,312100,12.9
1232,ANV,2009-11-25,13.37,13.51,13.2,13.24,658500,13.24
1233,ANV,2009-11-24,13.49,13.49,12.68,13.1,561700,13.1
1234,ANV,2009-11-23,12.38,13.33,12.37,13.27,599700,13.27
1235,ANV,2009-11-20,12.06,12.19,12,12.16,316500,12.16
1236,ANV,2009-11-19,12,12.24,11.72,12.2,463200,12.2
1237,ANV,2009-11-18,12.25,12.43,12,12.2,468000,12.2
1238,ANV,2009-11-17,11.78,12.25,11.7,12.24,378800,12.24
1239,ANV,2009-11-16,11.51,12.17,11.51,12.14,678700,12.14
1240,ANV,2009-11-13,11.28,11.5,11.15,11.43,364200,11.43
1241,ANV,2009-11-12,11.57,11.76,11.19,11.26,447400,11.26
1242,ANV,2009-11-11,11.65,11.76,11.28,11.6,465600,11.6
1243,ANV,2009-11-10,11.59,11.66,11.21,11.49,392200,11.49
1244,ANV,2009-11-09,11.5,11.97,11.41,11.73,501600,11.73
1245,ANV,2009-11-06,10.51,11.26,10.34,11.24,689700,11.24
1246,ANV,2009-11-05,10.3,10.59,10.23,10.49,262700,10.49
1247,ANV,2009-11-04,10.34,10.6,10.14,10.15,304500,10.15
1248,ANV,2009-11-03,9.45,10.3,9.37,10.3,442900,10.3
1249,ANV,2009-11-02,9.58,10,9.19,9.59,336100,9.59
1250,ANV,2009-10-30,9.78,9.85,9.32,9.55,456000,9.55
1251,ANV,2009-10-29,9.39,10.02,9.36,9.93,259700,9.93
1252,ANV,2009-10-28,9.74,9.98,9.4,9.46,484100,9.46
1253,ANV,2009-10-27,9.86,9.87,9.61,9.8,288700,9.8
1254,ANV,2009-10-26,9.87,10.21,9.58,9.72,338200,9.72
1255,ANV,2009-10-23,10.02,10.18,9.96,10.02,449500,10.02
1256,ANV,2009-10-22,10.07,10.14,9.75,9.94,358800,9.94
1257,ANV,2009-10-21,10.01,10.58,9.88,10.06,687700,10.06
1258,ANV,2009-10-20,10.75,10.75,10.02,10.06,410000,10.06
1259,ANV,2009-10-19,10.65,10.88,10.48,10.74,228900,10.74
1260,ANV,2009-10-16,10.56,10.71,10.41,10.63,234800,10.63
1261,ANV,2009-10-15,10.89,10.97,10.63,10.71,282200,10.71
1262,ANV,2009-10-14,11.09,11.29,10.88,11.04,337300,11.04
1263,ANV,2009-10-13,10.5,11.14,10.5,11.04,348400,11.04
1264,ANV,2009-10-12,11.04,11.3,10.64,10.81,344800,10.81
1265,ANV,2009-10-09,10.94,11.12,10.61,11.04,320500,11.04
1266,ANV,2009-10-08,10.59,11.02,10.5,10.98,581200,10.98
1267,ANV,2009-10-07,10.44,10.72,10.09,10.45,556400,10.45
1268,ANV,2009-10-06,9.72,10.61,9.67,10.53,695800,10.53
1269,ANV,2009-10-05,9.18,9.62,8.9,9.43,293700,9.43
1270,ANV,2009-10-02,9.02,9.34,9.01,9.14,477600,9.14
1271,ANV,2009-10-01,9.75,9.79,9.16,9.29,507600,9.29
1272,ANV,2009-09-30,9.67,10.07,9.65,9.79,1338000,9.79
1273,ANV,2009-09-29,9.08,9.87,9.08,9.67,655700,9.67
1274,ANV,2009-09-28,8.79,9.43,8.79,9.04,264200,9.04
1275,ANV,2009-09-25,8.89,9.1,8.79,8.97,211900,8.97
1276,ANV,2009-09-24,9.24,9.38,8.94,9.04,223700,9.04
1277,ANV,2009-09-23,9.5,9.57,9.28,9.28,314800,9.28
1278,ANV,2009-09-22,9.58,9.88,9.32,9.47,392600,9.47
1279,ANV,2009-09-21,9.06,9.5,9.06,9.49,296500,9.49
1280,ANV,2009-09-18,9.45,9.64,9.34,9.62,603400,9.62
1281,ANV,2009-09-17,9.69,9.83,9.49,9.58,460800,9.58
1282,ANV,2009-09-16,9.86,9.86,9.57,9.74,338900,9.74
1283,ANV,2009-09-15,9.07,9.55,9.07,9.45,481200,9.45
1284,ANV,2009-09-14,8.87,9.27,8.87,9.25,441500,9.25
1285,ANV,2009-09-11,9.3,9.49,9.1,9.21,457600,9.21
1286,ANV,2009-09-10,8.99,9.3,8.84,9.28,345800,9.28
1287,ANV,2009-09-09,9.44,9.5,8.98,9.08,265500,9.08
1288,ANV,2009-09-08,9.76,9.9,9.16,9.44,470600,9.44
1289,ANV,2009-09-04,9.26,9.53,8.94,9.43,646600,9.43
1290,ANV,2009-09-03,8.92,9.37,8.67,9.26,1009000,9.26
1291,ANV,2009-09-02,7.97,8.68,7.97,8.63,1099100,8.63
1292,ANV,2009-09-01,7.99,8.25,7.78,7.87,436100,7.87
1293,ANV,2009-08-31,8,8.2,8,8.09,438400,8.09
1294,ANV,2009-08-28,8.45,8.45,8.19,8.22,260200,8.22
1295,ANV,2009-08-27,8.3,8.42,8.15,8.32,204900,8.32
1296,ANV,2009-08-26,8.34,8.36,8.22,8.36,135500,8.36
1297,ANV,2009-08-25,8.38,8.47,8.28,8.34,211800,8.34
1298,ANV,2009-08-24,8.34,8.47,8.01,8.34,299600,8.34
1299,ANV,2009-08-21,8.71,8.71,8.3,8.33,444700,8.33
1300,ANV,2009-08-20,8.32,8.33,8.23,8.29,273200,8.29
1301,ANV,2009-08-19,8.11,8.34,8.11,8.31,191300,8.31
1302,ANV,2009-08-18,8.39,8.42,8.22,8.28,284800,8.28
1303,ANV,2009-08-17,8.29,8.4,8.11,8.34,300500,8.34
1304,ANV,2009-08-14,8.48,8.51,8.34,8.45,428400,8.45
1305,ANV,2009-08-13,8.42,8.66,8.3,8.57,186000,8.57
1306,ANV,2009-08-12,8.33,8.45,8.17,8.33,296100,8.33
1307,ANV,2009-08-11,8.36,8.39,8.15,8.19,269800,8.19
1308,ANV,2009-08-10,8.29,8.62,8.28,8.48,237200,8.48
1309,ANV,2009-08-07,8.33,8.66,8.22,8.5,179100,8.5
1310,ANV,2009-08-06,8.83,9.03,8.38,8.5,212800,8.5
1311,ANV,2009-08-05,9.01,9.04,8.75,8.98,218000,8.98
1312,ANV,2009-08-04,8.84,9.28,8.84,9.05,162100,9.05
1313,ANV,2009-08-03,8.85,9.31,8.85,9.24,226600,9.24
1314,ANV,2009-07-31,8.6,8.96,8.5,8.75,344500,8.75
1315,ANV,2009-07-30,8.3,8.78,8.29,8.63,290300,8.63
1316,ANV,2009-07-29,8.4,8.54,8.24,8.42,227400,8.42
1317,ANV,2009-07-28,8.41,8.55,8.25,8.52,444900,8.52
1318,ANV,2009-07-27,8.3,8.83,8.3,8.59,358800,8.59
1319,ANV,2009-07-24,8.3,8.44,8.29,8.37,85600,8.37
1320,ANV,2009-07-23,8.23,8.71,8.23,8.39,355600,8.39
1321,ANV,2009-07-22,8.19,8.48,8.16,8.44,442400,8.44
1322,ANV,2009-07-21,8.44,8.44,8.14,8.34,444600,8.34
1323,ANV,2009-07-20,8.26,8.46,8.26,8.36,162500,8.36
1324,ANV,2009-07-17,8.21,8.3,8.04,8.16,183200,8.16
1325,ANV,2009-07-16,8.22,8.27,8.01,8.18,204700,8.18
1326,ANV,2009-07-15,8.27,8.44,8.19,8.3,405000,8.3
1327,ANV,2009-07-14,8.1,8.3,8.09,8.19,119900,8.19
1328,ANV,2009-07-13,7.51,8.14,7.43,8.08,255800,8.08
1329,ANV,2009-07-10,7.42,7.78,7.36,7.65,194700,7.65
1330,ANV,2009-07-09,7.27,8.13,7.27,7.47,314700,7.47
1331,ANV,2009-07-08,7.88,8.21,7.36,7.48,1336900,7.48
1332,ANV,2009-07-07,8.13,8.2,8.1,8.13,247200,8.13
1333,ANV,2009-07-06,8.02,8.21,7.95,8.13,507900,8.13
1334,ANV,2009-07-02,8.09,8.26,7.74,8.09,274000,8.09
1335,ANV,2009-07-01,8.07,8.42,8.06,8.26,229100,8.26
1336,ANV,2009-06-30,8.45,8.49,8.06,8.06,601700,8.06
1337,ANV,2009-06-29,8.47,8.69,8.4,8.47,248300,8.47
1338,ANV,2009-06-26,8.75,8.84,8.47,8.47,930200,8.47
1339,ANV,2009-06-25,8.5,8.77,8.42,8.77,313100,8.77
1340,ANV,2009-06-24,8.51,8.9,8.51,8.53,366900,8.53
1341,ANV,2009-06-23,8.08,8.57,8.08,8.52,319500,8.52
1342,ANV,2009-06-22,8.31,8.46,8.07,8.3,589600,8.3
1343,ANV,2009-06-19,8.36,8.59,8.3,8.53,442300,8.53
1344,ANV,2009-06-18,8.85,8.85,8.1,8.35,652700,8.35
1345,ANV,2009-06-17,8.74,8.87,8.55,8.85,563900,8.85
1346,ANV,2009-06-16,8.52,8.84,8.27,8.72,637700,8.72
1347,ANV,2009-06-15,8.34,8.43,7.92,8.25,689500,8.25
1348,ANV,2009-06-12,8.49,8.56,8.33,8.35,388400,8.35
1349,ANV,2009-06-11,8.5,8.92,8.44,8.5,527200,8.5
1350,ANV,2009-06-10,8.58,8.7,8.44,8.47,873000,8.47
1351,ANV,2009-06-09,8.08,8.5,7.9,8.23,782500,8.23
1352,ANV,2009-06-08,8.01,8.17,7.78,8.07,425500,8.07
1353,ANV,2009-06-05,8.01,8.18,7.49,8.09,429000,8.09
1354,ANV,2009-06-04,7.69,8.23,7.5,8.11,517000,8.11
1355,ANV,2009-06-03,7.46,7.66,7.42,7.65,729400,7.65
1356,ANV,2009-06-02,7.37,7.54,6.9,7.53,536600,7.53
1357,ANV,2009-06-01,7.96,7.96,7.32,7.44,694700,7.44
1358,ANV,2009-05-29,7.63,7.92,7.46,7.75,1765900,7.75
1359,ANV,2009-05-28,6.7,7.29,6.7,7.29,599100,7.29
1360,ANV,2009-05-27,6.91,6.99,6.72,6.74,333000,6.74
1361,ANV,2009-05-26,6.67,6.92,6.49,6.92,339200,6.92
1362,ANV,2009-05-22,6.48,6.83,6.48,6.79,919800,6.79
1363,ANV,2009-05-21,6.17,6.62,6.08,6.53,651000,6.53
1364,ANV,2009-05-20,5.99,6.38,5.99,6.26,425200,6.26
1365,ANV,2009-05-19,5.79,6,5.79,5.94,170700,5.94
1366,ANV,2009-05-18,5.94,5.95,5.69,5.88,192700,5.88
1367,ANV,2009-05-15,5.85,5.92,5.77,5.83,182800,5.83
1368,ANV,2009-05-14,5.83,5.94,5.69,5.88,166800,5.88
1369,ANV,2009-05-13,5.94,6.08,5.76,5.78,300600,5.78
1370,ANV,2009-05-12,6.1,6.12,5.88,6.12,290600,6.12
1371,ANV,2009-05-11,5.88,6.1,5.81,6.1,165000,6.1
1372,ANV,2009-05-08,5.88,6.1,5.88,6.05,223700,6.05
1373,ANV,2009-05-07,5.9,6.22,5.84,5.89,271600,5.89
1374,ANV,2009-05-06,5.82,6.06,5.77,5.98,321600,5.98
1375,ANV,2009-05-05,6,6.05,5.71,5.76,288100,5.76
1376,ANV,2009-05-04,5.4,6,5.4,6,590100,6
1377,ANV,2009-05-01,5.37,5.8,5.33,5.39,293900,5.39
1378,ANV,2009-04-30,5.72,5.72,5.29,5.4,867900,5.4
1379,ANV,2009-04-29,5.75,5.81,5.64,5.76,362500,5.76
1380,ANV,2009-04-28,5.69,5.8,5.53,5.68,203200,5.68
1381,ANV,2009-04-27,5.92,6.08,5.76,5.81,300600,5.81
1382,ANV,2009-04-24,6.08,6.22,6.03,6.12,923600,6.12
1383,ANV,2009-04-23,5.75,5.99,5.75,5.94,342300,5.94
1384,ANV,2009-04-22,6.03,6.05,5.67,5.75,485600,5.75
1385,ANV,2009-04-21,5.77,6.18,5.77,6.18,339800,6.18
1386,ANV,2009-04-20,5.93,6.1,5.72,5.85,479200,5.85
1387,ANV,2009-04-17,5.88,6.03,5.78,5.97,327000,5.97
1388,ANV,2009-04-16,6.27,6.27,5.93,5.98,293600,5.98
1389,ANV,2009-04-15,6,6.27,5.96,6.21,494400,6.21
1390,ANV,2009-04-14,5.96,6.15,5.96,6,317400,6
1391,ANV,2009-04-13,6.12,6.22,6.01,6.16,242900,6.16
1392,ANV,2009-04-09,5.89,6.21,5.86,6.2,306900,6.2
1393,ANV,2009-04-08,6.09,6.18,5.82,5.87,283900,5.87
1394,ANV,2009-04-07,5.71,6.1,5.71,5.89,301500,5.89
1395,ANV,2009-04-06,5.85,5.94,5.54,5.85,344900,5.85
1396,ANV,2009-04-03,5.87,6.1,5.87,5.87,337300,5.87
1397,ANV,2009-04-02,6.22,6.22,5.87,6.1,606100,6.1
1398,ANV,2009-04-01,5.89,6.49,5.82,6.25,966300,6.25
1399,ANV,2009-03-31,5.56,5.98,5.5,5.85,926300,5.85
1400,ANV,2009-03-30,4.79,5.5,4.76,5.45,912000,5.45
1401,ANV,2009-03-27,5.02,5.06,4.82,4.99,360200,4.99
1402,ANV,2009-03-26,4.91,5.1,4.85,5,279600,5
1403,ANV,2009-03-25,4.89,4.93,4.75,4.88,277200,4.88
1404,ANV,2009-03-24,4.81,5.01,4.81,4.86,475300,4.86
1405,ANV,2009-03-23,4.81,5.09,4.81,5.09,262300,5.09
1406,ANV,2009-03-20,5.16,5.16,4.72,4.85,311800,4.85
1407,ANV,2009-03-19,5.04,5.25,5.01,5.11,393500,5.11
1408,ANV,2009-03-18,4.22,4.94,4.04,4.94,173600,4.94
1409,ANV,2009-03-17,4.18,4.23,4.03,4.23,133700,4.23
1410,ANV,2009-03-16,4.31,4.31,4.09,4.2,115100,4.2
1411,ANV,2009-03-13,4.28,4.34,4.18,4.22,109000,4.22
1412,ANV,2009-03-12,4.05,4.25,3.89,4.25,326200,4.25
1413,ANV,2009-03-11,4.1,4.25,4.07,4.07,169200,4.07
1414,ANV,2009-03-10,4.08,4.2,3.99,4.2,158400,4.2
1415,ANV,2009-03-09,4.2,4.23,3.88,4.04,134500,4.04
1416,ANV,2009-03-06,4.26,4.27,4.15,4.16,141100,4.16
1417,ANV,2009-03-05,4.1,4.24,3.99,4.19,129000,4.19
1418,ANV,2009-03-04,4.03,4.15,3.88,4.15,148800,4.15
1419,ANV,2009-03-03,4.15,4.19,3.85,3.98,325300,3.98
1420,ANV,2009-03-02,4.25,4.44,4.03,4.07,280000,4.07
1421,ANV,2009-02-27,4.43,4.77,4,4,224000,4
1422,ANV,2009-02-26,4.64,4.64,4.46,4.5,112500,4.5
1423,ANV,2009-02-25,4.67,4.8,4.57,4.64,243400,4.64
1424,ANV,2009-02-24,4.85,4.89,4.65,4.75,288800,4.75
1425,ANV,2009-02-23,4.7,4.86,4.57,4.79,255800,4.79
1426,ANV,2009-02-20,4.75,4.75,4.54,4.67,202600,4.67
1427,ANV,2009-02-19,4.65,4.7,4.51,4.58,163800,4.58
1428,ANV,2009-02-18,4.91,4.91,4.62,4.62,257300,4.62
1429,ANV,2009-02-17,4.9,5.04,4.82,4.84,620800,4.84
1430,ANV,2009-02-13,4.84,4.9,4.63,4.89,257900,4.89
1431,ANV,2009-02-12,4.83,4.89,4.63,4.83,244600,4.83
1432,ANV,2009-02-11,4.59,4.92,4.25,4.83,223300,4.83
1433,ANV,2009-02-10,4.75,4.84,4.25,4.25,124500,4.25
1434,ANV,2009-02-09,4.95,4.95,4.66,4.77,83800,4.77
1435,ANV,2009-02-06,4.98,4.98,4.53,4.98,159400,4.98
1436,ANV,2009-02-05,4.99,5.09,4.85,4.9,251200,4.9
1437,ANV,2009-02-04,4.9,5.07,4,4.99,395900,4.99
1438,ANV,2009-02-03,5.12,5.24,4.88,4.99,188600,4.99
1439,ANV,2009-02-02,4.87,5.2,4.66,5.2,344200,5.2
1440,ANV,2009-01-30,4.8,5.05,4.55,5,387300,5
1441,ANV,2009-01-29,4.12,4.68,4.05,4.53,623100,4.53
1442,ANV,2009-01-28,3.97,4.17,3.69,4.16,366000,4.16
1443,ANV,2009-01-27,3.97,4.05,3.89,3.99,255900,3.99
1444,ANV,2009-01-26,4.1,4.19,3.81,3.96,565600,3.96
1445,ANV,2009-01-23,3.8,4.3,3.77,4.22,270000,4.22
1446,ANV,2009-01-22,3.94,3.94,3.69,3.77,93300,3.77
1447,ANV,2009-01-21,3.9,4.09,3.63,4.09,208200,4.09
1448,ANV,2009-01-20,4.26,4.26,3.9,3.9,223100,3.9
1449,ANV,2009-01-16,4.3,4.4,4.06,4.3,195900,4.3
1450,ANV,2009-01-15,3.77,4.25,3.42,4.25,232800,4.25
1451,ANV,2009-01-14,3.93,4.05,3.6,3.7,154300,3.7
1452,ANV,2009-01-13,3.72,4.04,3.6,3.96,111100,3.96
1453,ANV,2009-01-12,3.92,3.95,3.75,3.75,205000,3.75
1454,ANV,2009-01-09,4.6,4.64,3.73,3.92,259400,3.92
1455,ANV,2009-01-08,4.42,4.64,4.3,4.64,107500,4.64
1456,ANV,2009-01-07,4.73,4.73,4.21,4.43,150900,4.43
1457,ANV,2009-01-06,4.86,4.87,4.44,4.72,209200,4.72
1458,ANV,2009-01-05,4.86,5.15,4.36,4.77,282100,4.77
1459,ANV,2009-01-02,5.03,5.4,4.97,5.33,91200,5.33
1460,ANV,2008-12-31,4.83,5.07,4.77,5.06,164900,5.06
1461,ANV,2008-12-30,4.96,5.02,4.71,4.9,73100,4.9
1462,ANV,2008-12-29,5.15,5.15,4.82,4.94,124400,4.94
1463,ANV,2008-12-26,4.87,5.22,4.84,5.18,54600,5.18
1464,ANV,2008-12-24,4.91,5.05,4.73,4.84,39700,4.84
1465,ANV,2008-12-23,4.9,5.02,4.7,4.91,114600,4.91
1466,ANV,2008-12-22,4.48,4.9,4.1,4.9,173000,4.9
1467,ANV,2008-12-19,4.49,4.57,4.01,4.46,341700,4.46
1468,ANV,2008-12-18,4.6,4.61,4.06,4.38,202700,4.38
1469,ANV,2008-12-17,4.52,4.81,4.3,4.6,352400,4.6
1470,ANV,2008-12-16,3.78,4.53,3.7,4.53,309900,4.53
1471,ANV,2008-12-15,3.57,3.87,3.53,3.67,153000,3.67
1472,ANV,2008-12-12,3.59,3.64,3.46,3.54,166400,3.54
1473,ANV,2008-12-11,3.35,3.63,3.34,3.51,248800,3.51
1474,ANV,2008-12-10,3.18,3.4,3.17,3.34,186600,3.34
1475,ANV,2008-12-09,3.14,3.35,3.1,3.15,138300,3.15
1476,ANV,2008-12-08,2.83,3.4,2.83,3.3,223300,3.3
1477,ANV,2008-12-05,2.53,2.86,2.29,2.86,117500,2.86
1478,ANV,2008-12-04,2.55,2.83,2.46,2.56,220900,2.56
1479,ANV,2008-12-03,2.5,2.78,2.46,2.58,67600,2.58
1480,ANV,2008-12-02,2.15,2.56,2.12,2.56,85700,2.56
1481,ANV,2008-12-01,2.79,2.79,2.08,2.08,105400,2.08
1482,ANV,2008-11-28,2.83,2.88,2.53,2.85,67500,2.85
1483,ANV,2008-11-26,2.72,2.86,2.62,2.86,181700,2.86
1484,ANV,2008-11-25,2.93,2.93,2.64,2.76,82100,2.76
1485,ANV,2008-11-24,2.28,2.85,2.21,2.79,205300,2.79
1486,ANV,2008-11-21,2.21,2.22,2.03,2.17,230900,2.17
1487,ANV,2008-11-20,1.98,2.26,1.88,2.26,114500,2.26
1488,ANV,2008-11-19,2.43,2.54,1.98,1.99,185000,1.99
1489,ANV,2008-11-18,2.64,2.64,2.21,2.43,122100,2.43
1490,ANV,2008-11-17,2.74,2.86,2.48,2.59,77600,2.59
1491,ANV,2008-11-14,3.1,3.2,2.66,2.76,190500,2.76
1492,ANV,2008-11-13,2.05,3.17,2,3.17,195600,3.17
1493,ANV,2008-11-12,2.39,2.48,2,2,86200,2
1494,ANV,2008-11-11,2.52,2.59,2.41,2.42,87100,2.42
1495,ANV,2008-11-10,2.49,2.74,2.49,2.55,88000,2.55
1496,ANV,2008-11-07,2.43,2.6,2.35,2.42,135300,2.42
1497,ANV,2008-11-06,2.94,2.96,2.35,2.42,160500,2.42
1498,ANV,2008-11-05,3.5,3.5,2.89,2.94,149900,2.94
1499,ANV,2008-11-04,3.19,3.5,3.09,3.5,191200,3.5
1500,ANV,2008-11-03,3.25,3.25,2.93,3.05,101200,3.05
1501,ANV,2008-10-31,2.36,3.45,2.31,3.45,259800,3.45
1502,ANV,2008-10-30,2.27,2.4,2.22,2.38,101300,2.38
1503,ANV,2008-10-29,1.97,2.47,1.9,2.2,130100,2.2
1504,ANV,2008-10-28,1.68,1.97,1.65,1.96,124200,1.96
1505,ANV,2008-10-27,1.84,1.86,1.61,1.65,139900,1.65
1506,ANV,2008-10-24,1.63,1.97,1.56,1.87,118600,1.87
1507,ANV,2008-10-23,2.19,2.2,1.66,1.91,288000,1.91
1508,ANV,2008-10-22,2.75,2.75,1.99,2.14,256900,2.14
1509,ANV,2008-10-21,3.26,3.26,2.65,2.8,149300,2.8
1510,ANV,2008-10-20,3.12,3.24,3.05,3.24,90200,3.24
1511,ANV,2008-10-17,3.47,3.47,3,3.08,258300,3.08
1512,ANV,2008-10-16,3.29,3.73,2.91,3.73,607700,3.73
1513,ANV,2008-10-15,3.88,3.9,3.26,3.26,149000,3.26
1514,ANV,2008-10-14,4.44,4.54,3.77,3.93,156200,3.93
1515,ANV,2008-10-13,4.15,4.44,3.8,4.44,49000,4.44
1516,ANV,2008-10-10,3.58,4.25,2.75,4.15,335600,4.15
1517,ANV,2008-10-09,4.46,4.46,3.68,3.68,177100,3.68
1518,ANV,2008-10-08,3.36,4.43,3.36,4.4,248600,4.4
1519,ANV,2008-10-07,4.44,4.44,3.95,3.96,111600,3.96
1520,ANV,2008-10-06,4.57,4.7,3.87,4.13,197100,4.13
1521,ANV,2008-10-03,4.67,5.02,4.61,4.61,82800,4.61
1522,ANV,2008-10-02,5.42,5.43,4.53,4.76,125300,4.76
1523,ANV,2008-10-01,5.69,5.77,5.46,5.58,79400,5.58
1524,ANV,2008-09-30,5.8,5.82,5.61,5.72,79800,5.72
1525,ANV,2008-09-29,5.71,6.1,5.68,5.77,91500,5.77
1526,ANV,2008-09-26,6.04,6.1,5.81,5.86,117100,5.86
1527,ANV,2008-09-25,6.19,6.19,5.9,6.05,103500,6.05
1528,ANV,2008-09-24,6.51,6.51,6.03,6.06,66500,6.06
1529,ANV,2008-09-23,6.43,6.53,6.16,6.4,115400,6.4
1530,ANV,2008-09-22,6.6,6.62,6.35,6.44,130500,6.44
1531,ANV,2008-09-19,6.34,6.6,5.32,6.6,813600,6.6
1532,ANV,2008-09-18,4.99,5.81,4.99,5.59,271500,5.59
1533,ANV,2008-09-17,4.33,5.08,4.2,4.83,192100,4.83
1534,ANV,2008-09-16,3.95,4.44,3.87,4.34,143800,4.34
1535,ANV,2008-09-15,4.38,4.53,4.01,4.01,100300,4.01
1536,ANV,2008-09-12,3.98,4.52,3.98,4.45,119000,4.45
1537,ANV,2008-09-11,4.01,4.07,3.79,4.06,203400,4.06
1538,ANV,2008-09-10,4.28,4.47,3.86,4.1,251000,4.1
1539,ANV,2008-09-09,5.2,5.2,4.4,4.41,241700,4.41
1540,ANV,2008-09-08,5.11,5.6,5.11,5.28,175100,5.28
1541,ANV,2008-09-05,5.25,5.29,5.1,5.25,129900,5.25
1542,ANV,2008-09-04,5.34,5.49,5.2,5.23,90800,5.23
1543,ANV,2008-09-03,5.56,5.56,5.35,5.45,70400,5.45
1544,ANV,2008-09-02,5.41,5.8,5.39,5.5,157500,5.5
1545,ANV,2008-08-29,6.18,6.23,5.77,5.84,186200,5.84
1546,ANV,2008-08-28,5.83,6.31,5.78,6.18,160800,6.18
1547,ANV,2008-08-27,5.47,6.01,5.44,5.74,186900,5.74
1548,ANV,2008-08-26,5.28,5.4,5.25,5.4,29500,5.4
1549,ANV,2008-08-25,5.55,5.55,5.27,5.28,41100,5.28
1550,ANV,2008-08-22,5.48,5.63,5.44,5.55,50800,5.55
1551,ANV,2008-08-21,5.39,5.63,5.38,5.49,56000,5.49
1552,ANV,2008-08-20,5.44,5.44,5.25,5.39,50100,5.39
1553,ANV,2008-08-19,5.17,5.41,5.1,5.37,39200,5.37
1554,ANV,2008-08-18,5.39,5.43,5.15,5.18,55700,5.18
1555,ANV,2008-08-15,5.5,5.55,5.14,5.35,136400,5.35
1556,ANV,2008-08-14,5.53,5.71,5.46,5.52,96200,5.52
1557,ANV,2008-08-13,5.16,5.56,5.16,5.52,168500,5.52
1558,ANV,2008-08-12,5.25,5.41,5.2,5.28,61200,5.28
1559,ANV,2008-08-11,5.41,5.55,5.11,5.42,135500,5.42
1560,ANV,2008-08-08,5.52,5.8,5.3,5.52,112800,5.52
1561,ANV,2008-08-07,5.3,5.59,5.27,5.51,79700,5.51
1562,ANV,2008-08-06,5.43,5.43,5.28,5.31,84200,5.31
1563,ANV,2008-08-05,5.45,5.8,5.26,5.41,148000,5.41
1564,ANV,2008-08-04,5.9,5.97,5.3,5.34,110800,5.34
1565,ANV,2008-08-01,6.37,6.39,5.97,6,70600,6
1566,ANV,2008-07-31,6.28,6.47,6.19,6.35,106300,6.35
1567,ANV,2008-07-30,5.82,6.44,5.82,6.41,105600,6.41
1568,ANV,2008-07-29,5.79,6.29,5.79,6.16,103400,6.16
1569,ANV,2008-07-28,6.26,6.42,6.12,6.19,91800,6.19
1570,ANV,2008-07-25,5.9,6.29,5.9,6.26,121000,6.26
1571,ANV,2008-07-24,5.77,6.11,5.77,6.08,105000,6.08
1572,ANV,2008-07-23,6.23,6.3,5.81,5.84,142800,5.84
1573,ANV,2008-07-22,6.08,6.36,6.08,6.31,302800,6.31
1574,ANV,2008-07-21,6,6.23,5.96,6.19,69000,6.19
1575,ANV,2008-07-18,5.87,6.04,5.87,6,346000,6
1576,ANV,2008-07-17,5.99,6.02,5.9,5.95,96300,5.95
1577,ANV,2008-07-16,6.1,6.1,5.88,6.01,143000,6.01
1578,ANV,2008-07-15,6.1,6.11,5.99,6.09,115500,6.09
1579,ANV,2008-07-14,5.92,6.08,5.9,6.07,171100,6.07
1580,ANV,2008-07-11,5.77,5.98,5.5,5.95,212100,5.95
1581,ANV,2008-07-10,5.74,5.89,5.69,5.81,128500,5.81
1582,ANV,2008-07-09,6,6,5.75,5.75,67500,5.75
1583,ANV,2008-07-08,5.93,5.99,5.79,5.98,179500,5.98
1584,ANV,2008-07-07,5.68,6,5.59,5.91,224000,5.91
1585,ANV,2008-07-03,5.79,5.87,5.58,5.75,91600,5.75
1586,ANV,2008-07-02,5.47,5.89,5.47,5.79,204700,5.79
1587,ANV,2008-07-01,5.84,5.95,5.63,5.71,203300,5.71
1588,ANV,2008-06-30,6.08,6.15,5.75,5.89,248300,5.89
1589,ANV,2008-06-27,6.08,6.18,5.83,6.02,4280500,6.02
1590,ANV,2008-06-26,6.09,6.2,6.01,6.06,272300,6.06
1591,ANV,2008-06-25,6.12,6.12,5.81,5.98,64500,5.98
1592,ANV,2008-06-24,6.26,6.41,5.81,6.17,289800,6.17
1593,ANV,2008-06-23,6.38,6.5,6.31,6.34,30900,6.34
1594,ANV,2008-06-20,6.6,6.7,6.38,6.38,108400,6.38
1595,ANV,2008-06-19,6.41,6.69,6.41,6.64,57900,6.64
1596,ANV,2008-06-18,6.68,6.7,6.46,6.46,80000,6.46
1597,ANV,2008-06-17,6.47,6.67,6.34,6.62,79300,6.62
1598,ANV,2008-06-16,5.93,6.4,5.93,6.4,101300,6.4
1599,ANV,2008-06-13,6.44,6.44,5.9,5.97,55500,5.97
1600,ANV,2008-06-12,6.12,6.5,5.98,6.5,115400,6.5
1601,ANV,2008-06-11,5.88,6.19,5.88,6.07,35500,6.07
1602,ANV,2008-06-10,6.26,6.26,5.8,5.93,80900,5.93
1603,ANV,2008-06-09,6.3,6.43,6.1,6.22,53300,6.22
1604,ANV,2008-06-06,6.06,6.4,6.06,6.35,83400,6.35
1605,ANV,2008-06-05,6.04,6.1,6.02,6.1,37000,6.1
1606,ANV,2008-06-04,6.18,6.24,6.08,6.1,57000,6.1
1607,ANV,2008-06-03,6.23,6.35,6.19,6.22,29900,6.22
1608,ANV,2008-06-02,6.12,6.37,6.1,6.37,92000,6.37
1609,ANV,2008-05-30,6.02,6.24,6.02,6.19,21300,6.19
1610,ANV,2008-05-29,6.11,6.11,6,6.04,33800,6.04
1611,ANV,2008-05-28,5.8,6.11,5.8,6.1,74600,6.1
1612,ANV,2008-05-27,5.9,6.11,5.9,6,80200,6
1613,ANV,2008-05-23,5.94,6.05,5.93,5.97,63500,5.97
1614,ANV,2008-05-22,5.94,5.94,5.79,5.87,60300,5.87
1615,ANV,2008-05-21,5.79,5.94,5.66,5.9,145700,5.9
1616,ANV,2008-05-20,5.44,5.88,5.11,5.79,190100,5.79
1617,ANV,2008-05-19,5.75,5.75,5.5,5.64,65100,5.64
1618,ANV,2008-05-16,5.69,5.92,5.65,5.7,118300,5.7
1619,ANV,2008-05-15,5.55,5.68,5.55,5.66,22000,5.66
1620,ANV,2008-05-14,5.6,5.62,5.51,5.58,49700,5.58
1621,ANV,2008-05-13,5.4,5.65,5.32,5.65,77400,5.65
1622,ANV,2008-05-12,5.66,5.7,5.5,5.59,71800,5.59
1623,ANV,2008-05-09,5.75,5.87,5.54,5.71,44800,5.71
1624,ANV,2008-05-08,5.46,5.78,5.46,5.78,44200,5.78
1625,ANV,2008-05-07,5.44,5.5,5.32,5.48,72800,5.48
1626,ANV,2008-05-06,5.18,5.47,5.12,5.47,57100,5.47
1627,ANV,2008-05-05,4.98,5.18,4.94,5.18,49800,5.18
1628,ANV,2008-05-02,4.74,4.97,4.66,4.97,49600,4.97
1629,ANV,2008-05-01,4.94,4.94,4.67,4.79,45500,4.79
1630,ANV,2008-04-30,4.51,4.96,4.43,4.96,139800,4.96
1631,ANV,2008-04-29,4.94,4.94,4.5,4.56,102900,4.56
1632,ANV,2008-04-28,4.99,5.07,4.87,4.94,75500,4.94
1633,ANV,2008-04-25,5.03,5.05,4.77,4.9,155300,4.9
1634,ANV,2008-04-24,5.16,5.16,4.92,5.01,112000,5.01
1635,ANV,2008-04-23,5.3,5.38,5.14,5.22,63100,5.22
1636,ANV,2008-04-22,5.45,5.48,5.25,5.25,46200,5.25
1637,ANV,2008-04-21,5.19,5.43,5.19,5.43,62000,5.43
1638,ANV,2008-04-18,5.06,5.26,5,5.24,41300,5.24
1639,ANV,2008-04-17,5.32,5.32,5.1,5.16,33200,5.16
1640,ANV,2008-04-16,5.2,5.43,5.15,5.3,72300,5.3
1641,ANV,2008-04-15,5.46,5.46,5.21,5.28,103400,5.28
1642,ANV,2008-04-14,5.23,5.4,5.17,5.35,68100,5.35
1643,ANV,2008-04-11,5.18,5.3,5.11,5.17,48300,5.17
1644,ANV,2008-04-10,5.2,5.32,5.2,5.25,36600,5.25
1645,ANV,2008-04-09,5.29,5.4,5.15,5.23,40500,5.23
1646,ANV,2008-04-08,5.46,5.87,5.14,5.3,135300,5.3
1647,ANV,2008-04-07,5.14,5.48,5.14,5.39,47900,5.39
1648,ANV,2008-04-04,5.15,5.25,5.14,5.17,25900,5.17
1649,ANV,2008-04-03,5.05,5.21,5.05,5.2,18800,5.2
1650,ANV,2008-04-02,5.06,5.17,5.06,5.13,36200,5.13
1651,ANV,2008-04-01,5.06,5.14,5.02,5.1,39000,5.1
1652,ANV,2008-03-31,5.2,5.24,5.13,5.15,56200,5.15
1653,ANV,2008-03-28,5.12,5.22,5.02,5.2,28600,5.2
1654,ANV,2008-03-27,5.2,5.29,5.06,5.11,65700,5.11
1655,ANV,2008-03-26,5.28,5.45,5.28,5.29,58600,5.29
1656,ANV,2008-03-25,5.45,5.5,5.3,5.47,200700,5.47
1657,ANV,2008-03-24,5.05,5.42,5.03,5.35,92700,5.35
1658,ANV,2008-03-20,5.2,5.25,4.6,5.08,104500,5.08
1659,ANV,2008-03-19,5.7,5.95,5.2,5.25,200700,5.25
1660,ANV,2008-03-18,5.88,6.03,5.84,5.88,98400,5.88
1661,ANV,2008-03-17,6.1,6.41,5.85,5.91,87800,5.91
1662,ANV,2008-03-14,6.23,6.51,6.02,6.2,118900,6.2
1663,ANV,2008-03-13,5.27,6.11,5.25,6.08,70200,6.08
1664,ANV,2008-03-12,5.71,5.84,5.65,5.75,56800,5.75
1665,ANV,2008-03-11,5.45,5.71,5.3,5.71,74800,5.71
1666,ANV,2008-03-10,5.78,5.88,5.41,5.43,154400,5.43
1667,ANV,2008-03-07,6.09,6.09,5.87,5.87,71100,5.87
1668,ANV,2008-03-06,5.86,6.15,5.86,6.11,129200,6.11
1669,ANV,2008-03-05,5.88,5.9,5.8,5.9,32100,5.9
1670,ANV,2008-03-04,6.05,6.09,5.61,5.82,117900,5.82
1671,ANV,2008-03-03,5.95,6.22,5.94,6.08,93000,6.08
1672,ANV,2008-02-29,6.3,6.3,5.89,6,102600,6
1673,ANV,2008-02-28,5.8,6.26,5.8,6.26,110400,6.26
1674,ANV,2008-02-27,5.3,5.82,5.21,5.77,99500,5.77
1675,ANV,2008-02-26,5.05,5.28,4.94,5.28,59100,5.28
1676,ANV,2008-02-25,4.95,5.07,4.78,5.05,39900,5.05
1677,ANV,2008-02-22,4.93,4.93,4.73,4.9,130000,4.9
1678,ANV,2008-02-21,5.09,5.2,4.77,4.82,128400,4.82
1679,ANV,2008-02-20,4.65,5.03,4.6,5.03,94200,5.03
1680,ANV,2008-02-19,4.55,4.75,4.43,4.75,139700,4.75
1681,ANV,2008-02-15,4.41,4.6,4.37,4.46,75700,4.46
1682,ANV,2008-02-14,4.5,4.54,4.42,4.42,35300,4.42
1683,ANV,2008-02-13,4.41,4.5,4.41,4.5,38900,4.5
1684,ANV,2008-02-12,4.49,4.49,4.35,4.45,435900,4.45
1685,ANV,2008-02-11,4.41,4.41,4.31,4.37,107200,4.37
1686,ANV,2008-02-08,4.45,4.55,4.31,4.32,86400,4.32
1687,ANV,2008-02-07,4.49,4.58,4.46,4.5,24300,4.5
1688,ANV,2008-02-06,4.7,4.7,4.46,4.46,50800,4.46
1689,ANV,2008-02-05,4.8,4.83,4.51,4.58,90000,4.58
1690,ANV,2008-02-04,4.95,4.95,4.74,4.8,48100,4.8
1691,ANV,2008-02-01,4.92,4.95,4.85,4.95,25100,4.95
1692,ANV,2008-01-31,4.91,5,4.88,4.96,90700,4.96
1693,ANV,2008-01-30,5.03,5.05,4.98,4.98,84900,4.98
1694,ANV,2008-01-29,5.25,5.28,5.11,5.2,42900,5.2
1695,ANV,2008-01-28,5.2,5.25,5,5.25,53300,5.25
1696,ANV,2008-01-25,5.11,5.5,4.99,5.19,140100,5.19
1697,ANV,2008-01-24,4.96,5.14,4.85,4.97,86500,4.97
1698,ANV,2008-01-23,4.81,4.9,4.65,4.84,115600,4.84
1699,ANV,2008-01-22,4.77,4.93,4.2,4.81,185000,4.81
1700,ANV,2008-01-18,4.95,5.2,4.94,5.05,116800,5.05
1701,ANV,2008-01-17,5.6,5.74,5.05,5.19,191800,5.19
1702,ANV,2008-01-16,6.01,6.25,5.62,5.74,123900,5.74
1703,ANV,2008-01-15,6.42,6.45,5.85,6.29,88000,6.29
1704,ANV,2008-01-14,6.33,6.64,6.33,6.45,65100,6.45
1705,ANV,2008-01-11,6.75,6.78,6.32,6.39,122600,6.39
1706,ANV,2008-01-10,6.57,6.85,6.57,6.75,101800,6.75
1707,ANV,2008-01-09,6.65,6.75,6.55,6.75,53700,6.75
1708,ANV,2008-01-08,6.65,6.85,6.62,6.65,75000,6.65
1709,ANV,2008-01-07,6.54,6.66,6.54,6.61,102100,6.61
1710,ANV,2008-01-04,6.55,7.1,6.49,6.61,98800,6.61
1711,ANV,2008-01-03,6.34,6.75,6.15,6.75,173900,6.75
1712,ANV,2008-01-02,6.34,6.34,6.08,6.26,96500,6.26
1713,ANV,2007-12-31,6.19,6.35,6.13,6.22,37100,6.22
1714,ANV,2007-12-28,6.4,6.5,6.27,6.31,46000,6.31
1715,ANV,2007-12-27,6.19,6.5,6.05,6.5,64100,6.5
1716,ANV,2007-12-26,6.17,6.2,6.01,6.19,47500,6.19
1717,ANV,2007-12-24,6.02,6.2,6.02,6.1,34100,6.1
1718,ANV,2007-12-21,5.49,6.18,5.49,6.09,96400,6.09
1719,ANV,2007-12-20,5.02,5.5,4.96,5.5,52600,5.5
1720,ANV,2007-12-19,4.84,5.02,4.84,5.02,88700,5.02
1721,ANV,2007-12-18,4.96,5.15,4.92,4.92,127500,4.92
1722,ANV,2007-12-17,5.5,5.5,4.89,4.95,124100,4.95
1723,ANV,2007-12-14,5.81,5.81,5.47,5.55,85800,5.55
1724,ANV,2007-12-13,5.9,5.9,5.82,5.9,36900,5.9
1725,ANV,2007-12-12,5.94,6.07,5.93,5.98,39300,5.98
1726,ANV,2007-12-11,6.25,6.41,5.92,5.94,183800,5.94
1727,ANV,2007-12-10,6.19,6.43,6.15,6.23,61400,6.23
1728,ANV,2007-12-07,6.68,6.75,6.21,6.26,88800,6.26
1729,ANV,2007-12-06,6.7,6.75,6.66,6.74,101700,6.74
1730,ANV,2007-12-05,6.6,6.75,6.5,6.71,60600,6.71
1731,ANV,2007-12-04,6.7,6.7,6.55,6.58,41200,6.58
1732,ANV,2007-12-03,6.57,6.77,6.53,6.66,58000,6.66
1733,ANV,2007-11-30,7.18,7.18,6.7,6.7,167500,6.7
1734,ANV,2007-11-29,7.4,7.4,7.05,7.18,34200,7.18
1735,ANV,2007-11-28,7.25,7.56,6.81,7.55,83600,7.55
1736,ANV,2007-11-27,7.65,7.65,7.2,7.35,56600,7.35
1737,ANV,2007-11-26,7.7,7.84,7.45,7.45,62800,7.45
1738,ANV,2007-11-23,7.35,7.63,7.3,7.58,61800,7.58
1739,ANV,2007-11-21,7.39,7.39,7.25,7.35,22400,7.35
1740,ANV,2007-11-20,7.3,7.5,7.2,7.35,46100,7.35
1741,ANV,2007-11-19,7.34,7.34,6.9,7.18,122500,7.18
1742,ANV,2007-11-16,7.53,7.9,7.25,7.43,87600,7.43
1743,ANV,2007-11-15,8,8.1,7.6,7.62,126100,7.62
1744,ANV,2007-11-14,8.15,8.29,8.12,8.16,60200,8.16
1745,ANV,2007-11-13,8,8.15,7.72,8.1,54600,8.1
1746,ANV,2007-11-12,8.45,8.45,7.85,8,113100,8
1747,ANV,2007-11-09,8.65,8.65,8,8.3,190600,8.3
1748,ANV,2007-11-08,9.18,9.26,8.65,8.66,146800,8.66
1749,ANV,2007-11-07,9.11,9.85,8.65,9.1,261600,9.1
1750,ANV,2007-11-06,8.75,9.19,8.4,9.05,224100,9.05
1751,ANV,2007-11-05,7.75,8.4,7,8.35,115300,8.35
1752,ANV,2007-11-02,7.12,7.8,7.12,7.75,210100,7.75
1753,ANV,2007-11-01,7.3,7.3,7.1,7.22,64200,7.22
1754,ANV,2007-10-31,7.25,7.45,7.22,7.42,54600,7.42
1755,ANV,2007-10-30,7.5,7.54,7.25,7.28,98400,7.28
1756,ANV,2007-10-29,7.7,7.79,7.49,7.5,84900,7.5
1757,ANV,2007-10-26,7.35,7.8,7.32,7.55,237800,7.55
1758,ANV,2007-10-25,7.06,7.45,7,7.35,62200,7.35
1759,ANV,2007-10-24,6.9,7.13,6.8,7.06,57200,7.06
1760,ANV,2007-10-23,7.5,7.72,6.98,7.02,81800,7.02
1761,ANV,2007-10-22,7.12,7.18,7,7.08,149700,7.08
1762,ANV,2007-10-19,7.35,7.73,7.35,7.5,111200,7.5
1763,ANV,2007-10-18,7,7.38,7,7.35,72600,7.35
1764,ANV,2007-10-17,7.15,7.15,6.99,7.05,176600,7.05
1765,ANV,2007-10-16,6.8,7.07,6.75,7.02,103300,7.02
1766,ANV,2007-10-15,6.9,7.05,6.81,6.82,72300,6.82
1767,ANV,2007-10-12,6.79,6.82,6.7,6.77,175000,6.77
1768,ANV,2007-10-11,7.09,7.1,6.63,6.82,160600,6.82
1769,ANV,2007-10-10,6.9,7.18,6.84,7.04,259600,7.04
1770,ANV,2007-10-09,6.45,6.88,6.3,6.71,125700,6.71
1771,ANV,2007-10-08,6.15,6.44,5.9,6.43,243800,6.43
1772,ANV,2007-10-05,6.05,6.35,6.05,6.24,185400,6.24
1773,ANV,2007-10-04,5.9,6.14,5.75,6.14,194300,6.14
1774,ANV,2007-10-03,5.54,6.06,5.5,5.92,321500,5.92
1775,ANV,2007-10-02,5.5,5.5,5.08,5.5,179200,5.5
1776,ANV,2007-10-01,5,5.65,5,5.54,264400,5.54
1777,ANV,2007-09-28,4.6,5,4.6,5,111500,5
1778,ANV,2007-09-27,4.55,4.62,4.55,4.61,30000,4.61
1779,ANV,2007-09-26,4.55,4.65,4.5,4.57,66600,4.57
1780,ANV,2007-09-25,4.5,4.61,4.5,4.58,36300,4.58
1781,ANV,2007-09-24,4.62,4.65,4.47,4.5,77200,4.5
1782,ANV,2007-09-21,4.62,4.69,4.6,4.62,127400,4.62
1783,ANV,2007-09-20,4.35,4.73,4.35,4.57,75600,4.57
1784,ANV,2007-09-19,4.31,4.35,4.1,4.35,101400,4.35
1785,ANV,2007-09-18,4.29,4.35,4.15,4.3,72200,4.3
1786,ANV,2007-09-17,4.41,4.41,4.25,4.33,45400,4.33
1787,ANV,2007-09-14,4.27,4.48,4.26,4.38,69100,4.38
1788,ANV,2007-09-13,4.38,4.45,4.35,4.45,26300,4.45
1789,ANV,2007-09-12,4.5,4.5,4.35,4.4,25200,4.4
1790,ANV,2007-09-11,4.21,4.45,4.2,4.45,36700,4.45
1791,ANV,2007-09-10,4.4,4.4,4.23,4.24,30200,4.24
1792,ANV,2007-09-07,4.38,4.49,4.25,4.3,91200,4.3
1793,ANV,2007-09-06,4.32,4.5,4.3,4.3,117800,4.3
1794,ANV,2007-09-05,4.11,4.35,4.05,4.32,100200,4.32
1795,ANV,2007-09-04,3.85,4.18,3.85,4.1,130700,4.1
1796,ANV,2007-08-31,3.85,3.95,3.81,3.81,77000,3.81
1797,ANV,2007-08-30,3.86,3.89,3.8,3.83,103600,3.83
1798,ANV,2007-08-29,4,4.08,3.8,3.88,136300,3.88
1799,ANV,2007-08-28,4.05,4.13,3.98,3.98,83400,3.98
1800,ANV,2007-08-27,4.06,4.15,4.03,4.05,124400,4.05
1801,ANV,2007-08-24,4.12,4.25,4.05,4.13,117000,4.13
1802,ANV,2007-08-23,4.3,4.38,4.14,4.16,122200,4.16
1803,ANV,2007-08-22,4.17,4.4,4.17,4.25,83900,4.25
1804,ANV,2007-08-21,4.31,4.35,4.15,4.16,120200,4.16
1805,ANV,2007-08-20,4.5,4.53,4.26,4.31,127400,4.31
1806,ANV,2007-08-17,4.29,4.63,4.29,4.46,92700,4.46
1807,ANV,2007-08-16,4.8,4.9,4.15,4.35,182500,4.35
1808,ANV,2007-08-15,5.21,5.25,4.95,5.01,78800,5.01
1809,ANV,2007-08-14,5.5,5.6,5.25,5.36,56600,5.36
1810,ANV,2007-08-13,5.38,5.52,5.3,5.47,39800,5.47
1811,ANV,2007-08-10,5.45,5.56,5.25,5.42,138600,5.42
1812,ANV,2007-08-09,5.5,5.69,5.27,5.45,107700,5.45
1813,ANV,2007-08-08,5.8,5.91,5.6,5.68,57900,5.68
1814,ANV,2007-08-07,5.66,5.94,5.5,5.82,52100,5.82
1815,ANV,2007-08-06,6,6.15,5.46,5.46,88200,5.46
1816,ANV,2007-08-03,5.6,6.15,5.6,5.99,84800,5.99
1817,ANV,2007-08-02,5.51,5.89,5.51,5.88,77500,5.88
1818,ANV,2007-08-01,5.45,5.62,5.3,5.6,69000,5.6
1819,ANV,2007-07-31,5.6,5.61,5.42,5.48,83800,5.48
1820,ANV,2007-07-30,5.1,5.55,5.05,5.42,66300,5.42
1821,ANV,2007-07-27,5.05,5.18,5,5.1,45200,5.1
1822,ANV,2007-07-26,5.3,5.35,4.8,5.05,79000,5.05
1823,ANV,2007-07-25,5.58,5.63,5.15,5.38,71800,5.38
1824,ANV,2007-07-24,5.45,5.78,5.35,5.57,167400,5.57
1825,ANV,2007-07-23,5,5.49,5,5.38,203200,5.38
1826,ANV,2007-07-20,4.62,5,4.62,4.93,65100,4.93
1827,ANV,2007-07-19,4.61,4.65,4.55,4.6,37300,4.6
1828,ANV,2007-07-18,4.5,4.63,4.48,4.61,61700,4.61
1829,ANV,2007-07-17,4.5,4.52,4.4,4.48,52300,4.48
1830,ANV,2007-07-16,4.5,4.62,4.47,4.47,131500,4.47
1831,ANV,2007-07-13,4.64,4.64,4.46,4.49,61800,4.49
1832,ANV,2007-07-12,4.46,4.5,4.39,4.5,94700,4.5
1833,ANV,2007-07-11,4.48,4.49,4.45,4.46,29300,4.46
1834,ANV,2007-07-10,4.63,4.64,4.49,4.5,69500,4.5
1835,ANV,2007-07-09,4.39,4.62,4.38,4.6,119500,4.6
1836,ANV,2007-07-06,4.31,4.43,4.25,4.43,144000,4.43
1837,ANV,2007-07-05,4.35,4.42,4.3,4.34,60500,4.34
1838,ANV,2007-07-03,4.4,4.4,4.32,4.35,13000,4.35
1839,ANV,2007-07-02,4.32,4.46,4.25,4.37,55400,4.37
1840,ANV,2007-06-29,4.2,4.37,4.2,4.3,81200,4.3
1841,ANV,2007-06-28,4.22,4.3,4.2,4.25,34400,4.25
1842,ANV,2007-06-27,4.1,4.26,4.02,4.25,140400,4.25
1843,ANV,2007-06-26,4.29,4.29,4.01,4.14,171500,4.14
1844,ANV,2007-06-25,4.2,4.3,4.01,4.3,165300,4.3
1845,ANV,2007-06-22,4.4,4.4,4.11,4.3,85900,4.3
1846,ANV,2007-06-21,4.28,4.45,4.25,4.44,37900,4.44
1847,ANV,2007-06-20,4.3,4.33,4.25,4.28,28300,4.28
1848,ANV,2007-06-19,4.25,4.35,4.25,4.32,28900,4.32
1849,ANV,2007-06-18,4.3,4.37,4.24,4.29,58700,4.29
1850,ANV,2007-06-15,4.28,4.3,4.22,4.29,28000,4.29
1851,ANV,2007-06-14,4.4,4.4,4.25,4.3,21600,4.3
1852,ANV,2007-06-13,4.45,4.45,4.23,4.4,69100,4.4
1853,ANV,2007-06-12,4.49,4.55,4.34,4.5,376000,4.5
1854,ANV,2007-06-11,4.74,4.74,4.49,4.5,40500,4.5
1855,ANV,2007-06-08,4.65,4.9,4.49,4.72,357000,4.72
1856,ANV,2007-06-07,4.45,4.74,4.45,4.72,335500,4.72
1857,ANV,2007-06-06,4.47,4.51,4.4,4.5,132700,4.5
1858,ANV,2007-06-05,4.34,4.47,4.34,4.46,75000,4.46
1859,ANV,2007-06-04,4.41,4.46,4.25,4.31,83800,4.31
1860,ANV,2007-06-01,4.49,4.51,4.2,4.42,169200,4.42
1861,ANV,2007-05-31,4.2,4.5,4.2,4.3,193500,4.3
1862,ANV,2007-05-30,4.3,4.35,4.17,4.19,69100,4.19
1863,ANV,2007-05-29,4.6,4.6,4.41,4.47,46100,4.47
1864,ANV,2007-05-25,4.35,4.67,4.22,4.67,52800,4.67
1865,ANV,2007-05-24,4.4,4.42,4.24,4.37,72400,4.37
1866,ANV,2007-05-23,4.3,4.7,4.3,4.5,64600,4.5
1867,ANV,2007-05-22,4.7,4.75,4.22,4.25,150300,4.25
1868,ANV,2007-05-21,4.7,4.85,4.5,4.75,81500,4.75
1869,ANV,2007-05-18,4.65,5.09,4.6,4.8,150500,4.8
1870,ANV,2007-05-17,4.9,4.9,4.51,4.7,89200,4.7
1871,ANV,2007-05-16,4.55,4.98,4.45,4.9,195300,4.9
1872,ANV,2007-05-15,4.1,4.6,4.06,4.51,100800,4.51
1873,ANV,2007-05-14,4.82,4.82,4,4.16,340200,4.16
1874,ANV,2007-05-11,5.45,5.46,4.6,4.89,39900,4.89
1875,ANV,2007-05-10,5.5,6.06,5.5,5.5,13900,5.5
