2014-10-27,66.79,67.395,65.97,66.88,1868058.0,0.0,1.0,66.79,67.395,65.97,66.88,1868058.0
2014-10-24,65.575,66.9,65.14,66.78,2704305.0,0.0,1.0,65.575,66.9,65.14,66.78,2704305.0
2014-10-23,65.23,66.0,64.61,65.7,2457610.0,0.0,1.0,65.23,66.0,64.61,65.7,2457610.0
2014-10-22,64.83,65.99,64.39,64.42,2501208.0,0.0,1.0,64.83,65.99,64.39,64.42,2501208.0
2014-10-21,63.96,64.95,63.74,64.95,2006878.0,0.0,1.0,63.96,64.95,63.74,64.95,2006878.0
2014-10-20,63.15,63.78,63.0,63.51,1632057.0,0.0,1.0,63.15,63.78,63.0,63.51,1632057.0
2014-10-17,63.16,64.32,62.77,63.09,2538142.0,0.0,1.0,63.16,64.32,62.77,63.09,2538142.0
2014-10-16,60.45,62.53,60.07,62.34,3071914.0,0.0,1.0,60.45,62.53,60.07,62.34,3071914.0
2014-10-15,60.46,61.89,59.26,61.58,4736097.0,0.0,1.0,60.46,61.89,59.26,61.58,4736097.0
2014-10-14,60.0,61.84,59.48,61.47,4247740.0,0.0,1.0,60.0,61.84,59.48,61.47,4247740.0
2014-10-13,60.28,60.55,58.23,58.3,2805484.0,0.0,1.0,60.28,60.55,58.23,58.3,2805484.0
2014-10-10,61.68,61.7,60.27,60.35,2960221.0,0.0,1.0,61.68,61.7,60.27,60.35,2960221.0
2014-10-09,63.23,63.84,61.57,61.76,2252469.0,0.0,1.0,63.23,63.84,61.57,61.76,2252469.0
2014-10-08,62.7,63.25,62.0,63.1,3531770.0,0.0,1.0,62.7,63.25,62.0,63.1,3531770.0
2014-10-07,63.06,63.638,62.71,62.71,2594647.0,0.0,1.0,63.06,63.638,62.71,62.71,2594647.0
2014-10-06,63.46,63.89,63.22,63.47,1870249.0,0.0,1.0,63.46,63.89,63.22,63.47,1870249.0
2014-10-03,63.01,63.67,62.95,63.25,2079175.0,0.0,1.0,63.01,63.67,62.95,63.25,2079175.0
2014-10-01,61.34,62.05,60.9,61.18,3343151.0,0.0,1.0,61.34,62.05,60.9,61.18,3343151.0
2014-09-30,62.8,62.89,61.205,61.34,5972358.0,0.0,1.0,62.8,62.89,61.205,61.34,5972358.0
2014-09-29,63.54,64.14,62.78,62.8,2372663.0,0.0,1.0,63.54,64.14,62.78,62.8,2372663.0
2014-09-26,64.34,64.489,63.79,64.13,2402299.0,0.0,1.0,64.34,64.489,63.79,64.13,2402299.0
2014-09-25,64.56,64.66,63.94,64.25,2081851.0,0.0,1.0,64.56,64.66,63.94,64.25,2081851.0
2014-09-24,64.67,65.094,64.01,64.56,4508414.0,0.0,1.0,64.67,65.094,64.01,64.56,4508414.0
2014-09-23,64.87,65.16,64.095,64.31,2356174.0,0.0,1.0,64.87,65.16,64.095,64.31,2356174.0
2014-09-22,65.48,65.75,64.71,65.01,2303593.0,0.0,1.0,65.48,65.75,64.71,65.01,2303593.0
2014-09-19,65.985,66.23,65.31,65.44,5544504.0,0.0,1.0,65.985,66.23,65.31,65.44,5544504.0
2014-09-18,66.67,67.03,65.85,65.89,3879963.0,0.0,1.0,66.67,67.03,65.85,65.89,3879963.0
2014-09-17,68.96,67.63,66.4,66.57,3474762.0,0.0,1.0,68.96,67.63,66.4,66.57,3474762.0
2014-09-16,68.96,68.96,67.19,67.24,2761662.0,0.0,1.0,68.96,68.96,67.19,67.24,2761662.0
2014-09-15,70.1,70.3,68.72,69.08,1948770.0,0.0,1.0,70.1,70.3,68.72,69.08,1948770.0
2014-09-12,70.33,70.47,69.79,70.17,1644018.0,0.0,1.0,70.33,70.47,69.79,70.17,1644018.0
2014-09-11,70.56,70.94,70.23,70.47,1506439.0,0.0,1.0,70.56,70.94,70.23,70.47,1506439.0
2014-09-10,71.35,71.41,70.35,70.86,1514677.0,0.0,1.0,71.35,71.41,70.35,70.86,1514677.0
2014-09-09,71.1,71.94,70.95,71.24,2064589.0,0.0,1.0,71.1,71.94,70.95,71.24,2064589.0
2014-09-08,70.55,71.96,70.49,71.41,1906772.0,0.0,1.0,70.55,71.96,70.49,71.41,1906772.0
2014-09-05,69.97,70.59,69.5,70.465,987444.0,0.0,1.0,69.97,70.59,69.5,70.465,987444.0
2014-09-04,70.2,70.54,70.0,70.25,1082413.0,0.0,1.0,70.2,70.54,70.0,70.25,1082413.0
2014-09-03,70.03,70.74,69.84,70.01,880426.0,0.0,1.0,70.03,70.74,69.84,70.01,880426.0
2014-09-02,70.05,70.43,69.7,70.31,1025565.0,0.0,1.0,70.05,70.43,69.7,70.31,1025565.0
2014-08-29,69.64,69.65,68.93,69.58,870809.0,0.0,1.0,69.64,69.65,68.93,69.58,870809.0
2014-08-28,69.35,69.47,69.01,69.33,1586249.0,0.0,1.0,69.35,69.47,69.01,69.33,1586249.0
2014-08-27,70.32,70.55,69.35,69.5,1799107.0,0.0,1.0,70.32,70.55,69.35,69.5,1799107.0
2014-08-26,70.86,71.15,69.89,70.01,1794309.0,0.0,1.0,70.86,71.15,69.89,70.01,1794309.0
2014-08-25,70.68,71.33,70.68,70.74,1043703.0,0.0,1.0,70.68,71.33,70.68,70.74,1043703.0
2014-08-22,70.5,70.92,70.0501,70.63,1259173.0,0.0,1.0,70.5,70.92,70.0501,70.63,1259173.0
2014-08-21,70.69,70.93,70.23,70.65,1212270.0,0.0,1.0,70.69,70.93,70.23,70.65,1212270.0
2014-08-20,69.615,70.73,69.46,70.59,1074567.0,0.0,1.0,69.615,70.73,69.46,70.59,1074567.0
2014-08-19,69.48,70.04,69.47,69.79,1099217.0,0.0,1.0,69.48,70.04,69.47,69.79,1099217.0
2014-08-18,69.17,69.47,69.07,69.33,1305706.0,0.0,1.0,69.17,69.47,69.07,69.33,1305706.0
2014-08-15,69.19,69.26,68.11,68.65,1388210.0,0.0,1.0,69.19,69.26,68.11,68.65,1388210.0
2014-08-14,68.5,69.05,68.2725,69.01,944652.0,0.0,1.0,68.5,69.05,68.2725,69.01,944652.0
2014-08-13,68.26,68.45,67.75,68.19,955118.0,0.0,1.0,68.26,68.45,67.75,68.19,955118.0
2014-08-12,67.98,68.36,67.53,67.81,774021.0,0.0,1.0,67.98,68.36,67.53,67.81,774021.0
2014-08-11,68.64,68.73,67.9,68.02,1008812.0,0.25,1.0,68.64,68.73,67.9,68.02,1008812.0
2014-08-08,67.34,68.53,67.2,68.47,2329248.0,0.0,1.0,67.09340559543,68.279047898052,66.95391826571,68.219267613886,2329248.0
2014-08-07,68.05,68.45,67.16,67.31,1462705.0,0.0,1.0,67.800805624725,68.199340852497,66.914064742932,67.063515453347,1462705.0
2014-08-06,67.98,68.44,67.49,68.01,1366391.0,0.0,1.0,67.731061959865,68.189377471803,67.242856305844,67.760952101948,1366391.0
2014-08-05,68.5,69.48,68.04,68.44,2132236.0,0.0,1.0,68.249157755969,69.225569064011,67.790842244031,68.189377471803,2132236.0
2014-08-04,67.0,68.03,67.01,67.82,1136402.0,0.0,1.0,66.754650651824,67.780878863337,66.764614032518,67.571647868756,1136402.0
2014-08-01,66.94,67.86,66.55,66.88,2385744.0,0.0,1.0,66.694870367658,67.611501391534,66.30629852058,66.635090083492,2385744.0
2014-07-31,65.95,67.84,65.41,66.8,2725432.0,0.0,1.0,65.708495678922,67.591574630145,65.17047312143,66.555383037938,2725432.0
2014-07-30,68.19,68.24,67.23,67.58,2311679.0,0.0,1.0,67.940292954446,67.990109857917,66.983808407793,67.332526732093,2311679.0
2014-07-29,69.02,69.41,67.9,67.95,1697391.0,0.0,1.0,68.767253552073,69.15582539915,67.651354914311,67.701171817782,1697391.0
2014-07-28,68.9,69.09,68.385,68.96,1441785.0,0.0,1.0,68.647692983741,68.836997216933,68.134578877984,68.707473267907,1441785.0
2014-07-25,68.39,68.91,68.32,68.79,1169008.0,0.0,1.0,68.139560568332,68.657656364435,68.069816903472,68.538095796104,1169008.0
2014-07-24,68.91,69.37,68.46,68.62,968866.0,0.0,1.0,68.657656364435,69.115971876373,68.209304233192,68.368718324301,968866.0
2014-07-23,69.14,69.31,68.58,68.75,925649.0,0.0,1.0,68.886814120404,69.056191592207,68.328864801523,68.498242273326,925649.0
2014-07-22,68.85,69.3,68.65,68.95,1709986.0,0.0,1.0,68.59787608027,69.046228211513,68.398608466383,68.697509887213,1709986.0
2014-07-21,68.25,68.83,68.18,68.32,1558466.0,0.0,1.0,68.000073238611,68.577949318881,67.930329573751,68.069816903472,1558466.0
2014-07-18,68.28,68.72,67.97,68.61,1698848.0,0.0,1.0,68.029963380694,68.468352131244,67.721098579171,68.358754943606,1698848.0
2014-07-17,68.68,69.4,67.98,68.13,1845480.0,0.0,1.0,68.428498608466,69.145862018456,67.731061959865,67.88051267028,1845480.0
2014-07-16,69.64,69.87,68.99,69.07,1636545.0,0.0,1.0,69.384983155119,69.614140911088,68.73736340999,68.817070455544,1636545.0
2014-07-15,69.83,70.11,68.966,69.55,1320070.0,0.0,1.0,69.574287388311,69.853262047752,68.713451296323,69.295312728871,1320070.0
2014-07-14,70.0,70.18,69.62,69.75,1566138.0,0.0,1.0,69.743664860114,69.923005712612,69.365056393731,69.494580342757,1566138.0
2014-07-11,69.34,69.91,69.34,69.56,1109271.0,0.0,1.0,69.08608173429,69.653994433866,69.08608173429,69.305276109565,1109271.0
2014-07-10,69.04,69.91,68.74,69.47,2707025.0,0.0,1.0,68.787180313461,69.653994433866,68.488278892632,69.215605683316,2707025.0
2014-07-09,69.46,70.0,69.14,69.75,1728323.0,0.0,1.0,69.205642302622,69.743664860114,68.886814120404,69.494580342757,1728323.0
2014-07-08,69.26,69.51,68.61,69.39,2211534.0,0.0,1.0,69.006374688736,69.255459206093,68.358754943606,69.135898637762,2211534.0
2014-07-07,70.0,70.09,69.35,69.6,1792156.0,0.0,1.0,69.743664860114,69.833335286363,69.096045114985,69.345129632342,1792156.0
2014-07-03,70.28,70.64,70.04,70.22,1194593.0,0.0,1.0,70.022639519555,70.38132122455,69.783518382891,69.962859235389,1194593.0
2014-07-02,69.64,70.08,69.6,69.87,2730885.0,0.0,1.0,69.384983155119,69.823371905669,69.345129632342,69.614140911088,2730885.0
2014-07-01,69.15,69.96,69.07,69.82,3304066.0,0.0,1.0,68.896777501099,69.703811337337,68.817070455544,69.564324007617,3304066.0
2014-06-30,68.38,69.15,68.02,68.74,4003103.0,0.0,1.0,68.129597187637,68.896777501099,67.770915482642,68.488278892632,4003103.0
2014-06-27,67.67,68.89,67.554,68.5,17380728.0,0.0,1.0,67.422197158342,68.637729603047,67.306621942288,68.249157755969,17380728.0
2014-06-26,67.82,68.41,67.021,68.16,2892226.0,0.0,1.0,67.571647868756,68.15948732972,66.775573751282,67.910402812363,2892226.0
2014-06-25,67.29,68.4,67.225,68.0,2590756.0,0.0,1.0,67.043588691958,68.149523949026,66.978826717445,67.750988721254,2590756.0
2014-06-24,66.98,67.96,66.82,67.55,3411990.0,0.0,1.0,66.734723890435,67.711135198477,66.575309799326,67.30263659001,3411990.0
2014-06-23,67.56,67.56,66.71,66.84,2625653.0,0.0,1.0,67.312599970705,67.312599970705,66.465712611689,66.595236560715,2625653.0
2014-06-20,67.6,67.75,67.29,67.38,2573378.0,0.0,1.0,67.352453493482,67.501904203896,67.043588691958,67.133259118207,2573378.0
2014-06-19,68.0,68.42,67.22,67.38,1693997.0,0.0,1.0,67.750988721254,68.169450710415,66.973845027098,67.133259118207,1693997.0
2014-06-18,67.46,68.0,66.89,67.95,1305188.0,0.0,1.0,67.212966163762,67.750988721254,66.645053464186,67.701171817782,1305188.0
2014-06-17,67.75,67.9,67.29,67.61,1533129.0,0.0,1.0,67.501904203896,67.651354914311,67.043588691958,67.362416874176,1533129.0
2014-06-16,67.73,68.17,67.29,67.71,1756661.0,0.0,1.0,67.481977442508,67.920366193057,67.043588691958,67.462050681119,1756661.0
2014-06-13,67.5,68.37,67.435,67.99,2011360.0,0.0,1.0,67.252819686539,68.119633806943,67.188057712026,67.74102534056,2011360.0
2014-06-12,69.23,69.29,67.24,67.35,1568018.0,0.0,1.0,68.976484546653,69.036264830819,66.993771788487,67.103368976124,1568018.0
2014-06-11,69.645,69.71,68.81,69.24,1433769.0,0.0,1.0,69.389964845467,69.454726819979,68.558022557492,68.986447927347,1433769.0
2014-06-10,70.27,70.57,69.75,69.95,1710704.0,0.0,1.0,70.01267613886,70.311577559689,69.494580342757,69.693847956643,1710704.0
2014-06-09,70.64,70.98,70.11,70.24,1168178.0,0.0,1.0,70.38132122455,70.720076168156,69.853262047752,69.982785996777,1168178.0
2014-06-06,71.12,71.27,70.55,70.74,1595262.0,0.0,1.0,70.859563497876,71.009014208291,70.291650798301,70.480955031493,1595262.0
2014-06-05,70.37,70.93,69.69,70.51,1844309.0,0.0,1.0,70.112309945803,70.670259264684,69.434800058591,70.251797275524,1844309.0
2014-06-04,69.51,70.34,68.94,70.02,1702931.0,0.0,1.0,69.255459206093,70.082419803721,68.687546506518,69.763591621503,1702931.0
2014-06-03,68.32,70.11,68.32,69.69,1224914.0,0.0,1.0,68.069816903472,69.853262047752,68.069816903472,69.434800058591,1224914.0
2014-06-02,69.2,69.34,68.3,68.84,1185540.0,0.0,1.0,68.94659440457,69.08608173429,68.049890142083,68.587912699575,1185540.0
2014-05-30,69.27,69.59,68.79,69.06,1768222.0,0.0,1.0,69.01633806943,69.335166251648,68.538095796104,68.80710707485,1768222.0
2014-05-29,69.66,69.98,69.0,69.21,1416250.0,0.0,1.0,69.404909916508,69.723738098726,68.747326790684,68.956557785264,1416250.0
2014-05-28,70.33,70.44,69.41,69.43,1980743.0,0.0,1.0,70.072456423026,70.182053610664,69.15582539915,69.175752160539,1980743.0
2014-05-27,70.5,70.78,70.14,70.4,1609462.0,0.0,1.0,70.241833894829,70.52080855427,69.883152189834,70.142200087886,1609462.0
2014-05-23,68.07,70.11,67.98,70.0,2053630.0,0.0,1.0,67.820732386114,69.853262047752,67.731061959865,69.743664860114,2053630.0
2014-05-22,67.59,68.07,67.43,67.87,1019102.0,0.0,1.0,67.342490112787,67.820732386114,67.183076021679,67.621464772228,1019102.0
2014-05-21,67.1,67.89,67.065,67.53,1105686.0,0.0,1.0,66.854284458767,67.641391533617,66.819412626337,67.282709828622,1105686.0
2014-05-20,66.61,67.49,66.29,66.88,1679902.0,0.0,1.0,66.366078804746,67.242856305844,66.047250622528,66.635090083492,1679902.0
2014-05-19,66.41,67.35,66.35,66.72,2430655.0,0.0,1.0,66.16681119086,67.103368976124,66.107030906694,66.475675992383,2430655.0
2014-05-16,65.27,66.205,65.18,66.02,1074816.0,0.0,1.0,65.030985791709,65.962561886627,64.941315365461,65.778239343782,1074816.0
2014-05-15,66.7,66.95,65.23,65.96,1179915.0,0.0,1.0,66.455749230995,66.704833748352,64.991132268932,65.718459059616,1179915.0
2014-05-14,67.32,67.59,66.87,66.97,887510.0,0.0,1.0,67.073478834041,67.342490112787,66.625126702798,66.724760509741,887510.0
2014-05-13,67.44,67.8,67.25,67.46,779404.0,0.0,1.0,67.193039402373,67.551721107368,67.003735169181,67.212966163762,779404.0
2014-05-12,66.95,67.45,66.75,67.39,1193530.0,0.25,1.0,66.704833748352,67.203002783067,66.505566134466,67.143222498901,1193530.0
2014-05-09,66.65,66.87,65.76,66.84,1060824.0,0.0,1.0,66.160493488347,66.378877712915,65.277030034414,66.349098045928,1060824.0
2014-05-08,67.56,68.07,66.35,66.65,1367294.0,0.0,1.0,67.063810053604,67.570064392375,65.862696818482,66.160493488347,1367294.0
2014-05-07,67.67,67.9,66.73,67.52,1156428.0,0.0,1.0,67.173002165888,67.401312946118,66.239905933644,67.024103830955,1156428.0
2014-05-06,67.61,67.93,67.12,67.27,629660.0,0.0,1.0,67.113442831915,67.431092613104,66.627041604469,66.775939939401,629660.0
2014-05-05,67.63,67.98,66.9,67.93,894463.0,0.0,1.0,67.133295943239,67.480725391415,66.408657379901,67.431092613104,894463.0
2014-05-02,67.34,68.37,67.18,67.88,1307434.0,0.0,1.0,66.845425829036,67.86786106224,66.686600938442,67.381459834793,1307434.0
2014-05-01,66.96,67.84,66.69,67.1,1276734.0,0.0,1.0,66.468216713874,67.341753612145,66.200199710996,66.607188493144,1276734.0
2014-04-30,66.07,66.9,65.61,66.84,1268140.0,0.0,1.0,65.584753259941,66.408657379901,65.128131699481,66.349098045928,1268140.0
2014-04-29,66.12,66.52,65.62,66.23,1415793.0,0.0,1.0,65.634386038252,66.031448264739,65.138058255144,65.743578150536,1415793.0
2014-04-28,66.7,66.89,64.76,65.82,1971163.0,0.0,1.0,66.210126266658,66.398730824239,64.284374468197,65.336589368387,1971163.0
2014-04-25,67.8,68.0,66.03,66.48,1973668.0,0.0,1.0,67.302047389496,67.500578502739,65.545047037292,65.99174204209,1973668.0
2014-04-24,69.61,70.49,67.3,68.34,2022858.0,0.0,1.0,69.098753964348,69.972290862619,66.805719606388,67.838081395253,2022858.0
2014-04-23,68.75,69.13,68.37,68.75,1581355.0,0.0,1.0,68.245070177402,68.622279292564,67.86786106224,68.245070177402,1581355.0
2014-04-22,67.93,69.01,67.73,68.83,1388692.0,0.0,1.0,67.431092613104,68.503160624618,67.232561499861,68.324482622699,1388692.0
2014-04-21,68.18,68.18,66.7901,67.84,891869.0,0.0,1.0,67.679256504658,67.679256504658,66.299564533174,67.341753612145,891869.0
2014-04-17,65.59,67.69,65.75,67.2,1798169.0,0.0,1.0,65.108278588157,67.192855277212,65.267103478752,66.706454049766,1798169.0
2014-04-16,66.56,66.77,65.7,65.9,3505698.0,0.0,1.0,66.071154487387,66.279612156293,65.217470700441,65.416001813684,3505698.0
2014-04-15,65.83,66.43,64.33,65.66,2607641.0,0.0,1.0,65.346515924049,65.942109263779,63.857532574724,65.177764477792,2607641.0
2014-04-14,65.81,65.72,64.76,65.62,1650569.0,0.0,1.0,65.326662812725,65.237323811765,64.284374468197,65.138058255144,1650569.0
2014-04-11,66.24,66.48,64.86,64.9,2990775.0,0.0,1.0,65.753504706198,65.99174204209,64.383640024819,64.423346247468,2990775.0
2014-04-10,68.08,68.52,66.5,66.63,2416913.0,0.0,1.0,67.579990948037,68.016759397172,66.011595153414,66.140640377022,2416913.0
2014-04-09,66.42,68.35,66.36,68.29,2096800.0,0.0,1.0,65.932182708117,67.848007950915,65.872623374144,67.788448616942,2096800.0
2014-04-08,65.73,66.26,64.76,66.11,2745200.0,0.0,1.0,65.247250367427,65.773357817522,64.284374468197,65.62445948259,2745200.0
2014-04-07,67.66,67.67,65.55,65.92,2268100.0,0.0,1.0,67.163075610226,67.173002165888,65.068572365508,65.435854925009,2268100.0
2014-04-04,70.1,70.14,67.59,67.81,1663900.0,0.0,1.0,69.585155191795,69.624861414443,67.093589720591,67.311973945158,1663900.0
2014-04-03,69.62,70.15,69.5,69.73,2476900.0,0.0,1.0,69.108680520011,69.634787970105,68.989561852065,69.217872632294,2476900.0
2014-04-02,69.73,70.49,69.68,70.11,3631700.0,0.0,1.0,69.217872632294,69.972290862619,69.168239853984,69.595081747457,3631700.0
2014-04-01,68.13,69.79,67.95,69.5,4313800.0,0.0,1.0,67.629623726348,69.277431966267,67.450945724429,68.989561852065,4313800.0
2014-03-31,67.33,68.01,67.2,67.86,1879000.0,0.0,1.0,66.835499273374,67.510505058402,66.706454049766,67.361606723469,1879000.0
2014-03-28,65.8,66.9,65.66,66.74,1515700.0,0.0,1.0,65.316736257063,66.408657379901,65.177764477792,66.249832489306,1515700.0
2014-03-27,65.36,65.82,64.89,65.67,1590700.0,0.0,1.0,64.879967807927,65.336589368387,64.413419691805,65.187691033454,1590700.0
2014-03-26,65.75,66.51,65.11,65.38,1495400.0,0.0,1.0,65.267103478752,66.021521709076,64.631803916373,64.899820919252,1495400.0
2014-03-25,66.86,66.92,65.35,65.43,2126800.0,0.0,1.0,66.368951157252,66.428510491225,64.870041252265,64.949453697562,2126800.0
2014-03-24,66.99,67.2,65.6,66.25,1349400.0,0.0,1.0,66.497996380861,66.706454049766,65.118205143819,65.76343126186,1349400.0
2014-03-21,68.14,68.14,66.41,66.64,2027000.0,0.0,1.0,67.63955028201,67.63955028201,65.922256152455,66.150566932685,2027000.0
2014-03-20,66.98,67.68,66.77,67.51,1429500.0,0.0,1.0,66.488069825198,67.18292872155,66.279612156293,67.014177275293,1429500.0
2014-03-19,67.72,67.82,66.61,67.15,1459000.0,0.0,1.0,67.222634944199,67.32190050082,66.120787265698,66.656821271455,1459000.0
2014-03-18,66.79,67.61,66.73,67.51,1384200.0,0.0,1.0,66.299465267617,67.113442831915,66.239905933644,67.014177275293,1384200.0
2014-03-17,65.57,66.56,65.57,66.52,2055800.0,0.0,1.0,65.088425476833,66.071154487387,65.088425476833,66.031448264739,2055800.0
2014-03-14,65.72,66.02,64.93,64.97,1915500.0,0.0,1.0,65.237323811765,65.53512048163,64.453125914454,64.492832137103,1915500.0
2014-03-13,67.36,67.41,65.52,65.76,2172600.0,0.0,1.0,66.865278940361,66.914911718672,65.038792698522,65.277030034414,2172600.0
2014-03-12,67.48,67.82,66.68,67.17,2709300.0,0.0,1.0,66.984397608307,67.32190050082,66.190273155333,66.67667438278,2709300.0
2014-03-11,67.0,67.92,66.87,67.77,3295200.0,0.0,1.0,66.507922936523,67.421166057442,66.378877712915,67.27226772251,3295200.0
2014-03-10,66.56,67.06,66.55,66.86,2463900.0,0.0,1.0,66.071154487387,66.567482270496,66.061227931725,66.368951157252,2463900.0
2014-03-07,67.11,67.34,66.47,66.63,1342400.0,0.0,1.0,66.617115048807,66.845425829036,65.981815486428,66.140640377022,1342400.0
2014-03-06,66.14,67.07,66.13,66.96,2476900.0,0.0,1.0,65.654239149576,66.577408826158,65.644312593914,66.468216713874,2476900.0
2014-03-05,66.92,67.31,65.48,65.81,2670700.0,0.0,1.0,66.428510491225,66.81564616205,64.999086475873,65.326662812725,2670700.0
2014-03-04,67.2,67.35,66.79,66.82,1795600.0,0.0,1.0,66.706454049766,66.855352384699,66.299465267617,66.329244934604,1795600.0
2014-03-03,65.85,66.54,65.36,66.27,2014000.0,0.0,1.0,65.366369035373,66.051301376063,64.879967807927,65.783284373184,2014000.0
2014-02-28,66.68,67.08,66.08,66.57,2079800.0,0.0,1.0,66.190273155333,66.58733538182,65.594679815603,66.081081043049,2079800.0
2014-02-27,66.72,66.75,66.04,66.61,2191000.0,0.0,1.0,66.229979377982,66.259759044969,65.554973592955,66.120787265698,2191000.0
2014-02-26,66.66,67.16,66.35,66.82,1438300.0,0.0,1.0,66.170420044009,66.666747827117,65.862696818482,66.329244934604,1438300.0
2014-02-25,66.36,66.98,66.15,66.44,4130300.0,0.0,1.0,65.872623374144,66.488069825198,65.664165705238,65.952035819441,4130300.0
2014-02-24,65.98,66.78,65.89,66.51,1937700.0,0.0,1.0,65.495414258982,66.289538711955,65.406075258022,66.021521709076,1937700.0
2014-02-21,66.02,66.17,65.71,65.91,2002800.0,0.0,1.0,65.53512048163,65.684018816563,65.227397256103,65.425928369346,2002800.0
2014-02-20,65.14,65.93,65.01,65.71,2514800.0,0.0,1.0,64.66158358336,65.445781480671,64.532538359751,65.227397256103,2514800.0
2014-02-19,64.88,65.62,64.77,65.15,2454100.0,0.0,1.0,64.403493136143,65.138058255144,64.294301023859,64.671510139022,2454100.0
2014-02-18,64.43,65.25,63.92,64.98,1958700.0,0.0,1.0,63.956798131346,64.770775695643,63.450543792575,64.502758692765,1958700.0
2014-02-14,63.99,64.32,63.75,64.12,1482100.0,0.0,1.0,63.52002968221,63.847606019062,63.281792346318,63.649074905818,1482100.0
2014-02-13,63.54,64.39,63.31,64.17,2074000.0,0.25,1.0,63.073334677413,63.917091908697,62.845023897183,63.698707684129,2074000.0
2014-02-12,63.46,64.3,63.33,64.09,2231500.0,0.0,1.0,62.749456529569,63.580051289809,62.620912102389,63.372402599749,2231500.0
2014-02-11,62.71,63.17,62.48,62.97,1917800.0,0.0,1.0,62.007854065069,62.462703576629,61.780429309289,62.264942919429,1917800.0
2014-02-10,62.26,62.68,62.02,62.58,972400.0,0.0,1.0,61.562892586369,61.978189966489,61.325579797729,61.879309637889,972400.0
2014-02-07,61.78,62.43,61.59,62.41,1339900.0,0.0,1.0,61.088267009089,61.730989144989,60.900394384749,61.711213079269,1339900.0
2014-02-06,61.19,61.82,60.84,61.55,2394900.0,0.0,1.0,60.504873070349,61.127819140529,60.158791920249,60.860842253309,2394900.0
2014-02-05,59.56,61.03,59.54,60.97,3628100.0,0.0,1.0,58.893123714169,60.346664544589,58.873347648449,60.287336347429,3628100.0
2014-02-04,59.25,60.29,58.22,60.01,2310300.0,0.0,1.0,58.586594695509,59.614950112949,57.568127310928,59.338085192869,2310300.0
2014-02-03,61.07,61.13,58.96,59.13,3055300.0,0.0,1.0,60.386216676029,60.445544873189,58.299841742568,58.467938301189,3055300.0
2014-01-31,59.91,61.18,59.78,60.89,1788400.0,0.0,1.0,59.239204864269,60.494985037489,59.110660437089,60.208232084549,1788400.0
2014-01-30,60.36,61.34,60.14,60.98,2709800.0,0.0,1.0,59.684166342969,60.653193563249,59.466629620049,60.297224380289,2709800.0
2014-01-29,59.69,60.17,59.57,59.83,2195700.0,0.0,1.0,59.021668141349,59.496293718629,58.903011747029,59.160100601389,2195700.0
2014-01-28,59.94,60.27,59.49,60.04,1909000.0,0.0,1.0,59.268868962849,59.595174047229,58.823907484149,59.367749291449,1909000.0
2014-01-27,60.19,60.35,59.15,59.59,1558800.0,0.0,1.0,59.516069784349,59.674278310109,58.487714366909,58.922787812749,1558800.0
2014-01-24,62.07,62.31,59.8,59.92,1765000.0,0.0,1.0,61.375019962029,61.612332750669,59.130436502809,59.249092897129,1765000.0
2014-01-23,62.75,62.93,61.86,62.3,1831900.0,0.0,1.0,62.047406196509,62.225390787989,61.167371271969,61.602444717809,1831900.0
2014-01-22,63.13,63.42,62.65,63.25,2152400.0,0.0,1.0,62.423151445189,62.709904398129,61.948525867909,62.541807839509,2152400.0
2014-01-21,63.08,63.34,62.65,63.0,3250100.0,0.0,1.0,62.373711280889,62.630800135249,61.948525867909,62.294607018009,3250100.0
2014-01-17,62.3,62.83,62.19,62.7,2714400.0,0.0,1.0,61.602444717809,62.126510459389,61.493676356349,61.997966032209,2714400.0
2014-01-16,62.22,62.54,61.77,62.22,1130600.0,0.0,1.0,61.523340454929,61.839757506449,61.078378976229,61.523340454929,1130600.0
2014-01-15,62.21,62.98,61.48,62.41,3033800.0,0.0,1.0,61.513452422069,62.274830952289,60.791626023289,61.711213079269,3033800.0
2014-01-14,60.88,62.04,59.94,61.98,2336800.0,0.0,1.0,60.198344051689,61.345355863449,59.268868962849,61.286027666289,2336800.0
2014-01-13,61.14,61.8,59.98,60.2,1335100.0,0.0,1.0,60.455432906049,61.108043074809,59.308421094289,59.525957817209,1335100.0
2014-01-10,60.98,61.59,60.91,61.47,1848900.0,0.0,1.0,60.297224380289,60.900394384749,60.228008150269,60.781737990429,1848900.0
2014-01-09,60.82,61.18,60.04,60.62,1812500.0,0.0,1.0,60.139015854529,60.494985037489,59.367749291449,59.941255197329,1812500.0
2014-01-08,60.45,61.09,60.21,60.76,2916000.0,0.0,1.0,59.773158638709,60.405992741749,59.535845850069,60.079687657369,2916000.0
2014-01-07,59.74,60.56,59.42,60.34,3080200.0,0.0,1.0,59.071108305649,59.881927000169,58.754691254129,59.664390277249,3080200.0
2014-01-06,59.81,59.86,58.85,59.28,1311500.0,0.0,1.0,59.140324535669,59.189764699969,58.191073381108,58.616258794089,1311500.0
2014-01-03,59.54,59.88,59.07,59.27,891800.0,0.0,1.0,58.873347648449,59.209540765689,58.408610104028,58.606370761229,891800.0
2014-01-02,59.64,60.0,58.95,59.42,747000.0,0.0,1.0,58.972227977049,59.328197160009,58.289953709708,58.754691254129,747000.0
2013-12-31,59.92,60.21,59.66,60.13,702000.0,0.0,1.0,59.249092897129,59.535845850069,58.992004042769,59.456741587189,702000.0
2013-12-30,59.7,60.16,59.58,59.84,667200.0,0.0,1.0,59.031556174209,59.486405685769,58.912899779889,59.169988634249,667200.0
2013-12-27,60.21,60.32,59.62,59.83,527800.0,0.0,1.0,59.535845850069,59.644614211529,58.952451911329,59.160100601389,527800.0
2013-12-26,60.21,60.42,59.92,60.05,946300.0,0.0,1.0,59.535845850069,59.743494540129,59.249092897129,59.377637324309,946300.0
2013-12-24,59.67,60.19,59.61,59.99,623500.0,0.0,1.0,59.001892075629,59.516069784349,58.942563878469,59.318309127149,623500.0
2013-12-23,58.94,59.6,58.72,59.44,1373400.0,0.0,1.0,58.280065676848,58.932675845609,58.062528953928,58.774467319849,1373400.0
2013-12-20,59.11,59.2,58.3,58.35,2980400.0,0.0,1.0,58.448162235469,58.537154531209,57.647231573808,57.696671738108,2980400.0
2013-12-19,60.1,60.21,58.88,58.97,1348900.0,0.0,1.0,59.427077488609,59.535845850069,58.220737479688,58.309729775428,1348900.0
2013-12-18,59.8,60.21,58.73,60.13,2433100.0,0.0,1.0,59.130436502809,59.535845850069,58.072416986788,59.456741587189,2433100.0
2013-12-17,59.54,60.27,59.34,59.81,1897000.0,0.0,1.0,58.873347648449,59.595174047229,58.675586991249,59.140324535669,1897000.0
2013-12-16,58.86,59.71,58.86,59.63,1266700.0,0.0,1.0,58.200961413968,59.041444207069,58.200961413968,58.962339944189,1266700.0
2013-12-13,58.19,58.93,58.05,58.6,1475900.0,0.0,1.0,57.538463212348,58.270177643988,57.400030752308,57.943872559608,1475900.0
2013-12-12,57.5,58.14,57.49,57.87,700200.0,0.0,1.0,56.856188945008,57.489023048048,56.846300912148,57.222046160828,700200.0
2013-12-11,58.73,59.03,57.43,57.65,1511300.0,0.0,1.0,58.072416986788,58.369057972588,56.786972714988,57.004509437908,1511300.0
2013-12-10,57.98,59.18,57.63,59.12,2132300.0,0.0,1.0,57.330814522288,58.517378465489,56.984733372188,58.458050268329,2132300.0
2013-12-09,58.66,59.33,58.12,58.24,1579700.0,0.0,1.0,58.003200756768,58.665698958389,57.469246982328,57.587903376648,1579700.0
2013-12-06,58.37,58.75,57.86,58.44,1794900.0,0.0,1.0,57.716447803828,58.092193052508,57.212158127968,57.785664033848,1794900.0
2013-12-05,57.26,58.27,57.26,57.48,1813900.0,0.0,1.0,56.618876156368,57.617567475228,56.618876156368,56.836412879288,1813900.0
2013-12-04,56.85,57.75,56.69,57.47,1846600.0,0.0,1.0,56.213466809108,57.103389766508,56.055258283348,56.826524846428,1846600.0
2013-12-03,57.33,57.68,56.75,57.22,1677200.0,0.0,1.0,56.688092386388,57.034173536488,56.114586480508,56.579324024928,1677200.0
2013-12-02,58.39,58.86,57.61,57.79,950700.0,0.0,1.0,57.736223869548,58.200961413968,56.964957306468,57.142941897948,950700.0
2013-11-29,58.45,58.96,58.04,58.55,691300.0,0.0,1.0,57.795552066708,58.299841742568,57.390142719448,57.894432395308,691300.0
2013-11-27,58.06,58.33,57.81,58.03,695900.0,0.0,1.0,57.409918785168,57.676895672388,57.162717963668,57.380254686588,695900.0
2013-11-26,57.9,58.06,57.37,57.7,1658700.0,0.0,1.0,57.251710259408,57.409918785168,56.727644517828,57.053949602208,1658700.0
2013-11-25,58.25,58.42,57.55,57.66,1168600.0,0.0,1.0,57.597791409508,57.765887968128,56.905629109308,57.014397470768,1168600.0
2013-11-22,57.96,58.04,57.42,57.88,1083800.0,0.0,1.0,57.311038456568,57.390142719448,56.777084682128,57.231934193688,1083800.0
2013-11-21,57.06,58.2,57.0,57.86,1246000.0,0.0,1.0,56.421115499168,57.548351245208,56.361787302008,57.212158127968,1246000.0
2013-11-20,56.66,57.3,56.29,56.9,2874900.0,0.0,1.0,56.025594184768,56.658428287808,55.659736968948,56.262906973408,2874900.0
2013-11-19,57.79,58.49,56.01,56.19,3574200.0,0.0,1.0,57.142941897948,57.835104198148,55.382872048868,55.560856640348,3574200.0
2013-11-18,58.13,58.33,57.4,57.67,1639900.0,0.0,1.0,57.479135015188,57.676895672388,56.757308616408,57.024285503628,1639900.0
2013-11-15,57.34,58.1,57.06,58.08,2391600.0,0.0,1.0,56.697980419248,57.449470916608,56.421115499168,57.429694850888,2391600.0
2013-11-14,55.83,57.08,55.81,56.95,1487100.0,0.0,1.0,55.204887457388,56.440891564888,55.185111391668,56.312347137708,1487100.0
2013-11-13,54.7,55.87,54.67,55.87,1454900.0,0.17,1.0,54.087539744208,55.244439588828,54.057875645628,55.244439588828,1454900.0
2013-11-12,54.74,55.23,54.57,55.17,2116000.0,0.0,1.0,53.962894773241,54.445938588347,53.795308143511,54.386790366089,2116000.0
2013-11-11,55.12,55.34,54.42,54.8,1457200.0,0.0,1.0,54.337500180874,54.55437699582,53.647437587866,54.022042995499,1457200.0
2013-11-08,54.02,55.48,54.02,55.42,1864400.0,0.0,1.0,53.253116106147,54.692389514421,53.253116106147,54.633241292164,1864400.0
2013-11-07,55.92,56.07,53.83,54.02,3031000.0,0.0,1.0,55.126143144312,55.274013699957,53.065813402331,53.253116106147,3031000.0
2013-11-06,55.98,56.67,55.0,55.86,2578100.0,0.0,1.0,55.18529136657,55.865495922535,54.219203736359,55.066994922055,2578100.0
2013-11-05,54.43,55.75,53.4,55.01,4038700.0,0.0,1.0,53.657295624909,54.958556514582,52.641917809483,54.229061773402,4038700.0
2013-11-04,57.57,58.04,57.25,58.0,1873900.0,0.0,1.0,56.752719256403,57.216046997423,56.437262071028,57.176614849251,1873900.0
2013-11-01,57.2,57.58,56.61,57.51,1426700.0,0.0,1.0,56.387971885813,56.762577293446,55.806347700278,56.693571034145,1426700.0
2013-10-31,56.41,57.57,56.35,57.2,1162800.0,0.0,1.0,55.609186959418,56.752719256403,55.55003873716,56.387971885813,1162800.0
2013-10-30,56.84,57.43,56.1,56.57,2873800.0,0.0,1.0,56.033082552266,56.614706737801,55.303587811086,55.766915552106,2873800.0
2013-10-29,56.99,57.0,56.35,56.59,3470700.0,0.0,1.0,56.180953107911,56.190811144954,55.55003873716,55.786631626192,3470700.0
2013-10-28,57.91,58.08,56.92,57.02,1725900.0,0.0,1.0,57.087892515864,57.255479145595,56.11194684861,56.21052721904,1725900.0
2013-10-25,58.82,58.94,57.67,58.03,1987100.0,0.0,1.0,57.984973886775,58.103270331291,56.851299626833,57.20618896038,1987100.0
2013-10-24,58.1,58.46,57.67,58.24,1082300.0,0.0,1.0,57.275195219681,57.630084553228,56.851299626833,57.413207738282,1082300.0
2013-10-23,59.31,59.37,57.53,57.9,2026900.0,0.0,1.0,58.468017701881,58.527165924138,56.713287108231,57.078034478821,2026900.0
2013-10-22,59.82,60.05,58.88,59.41,1402200.0,0.0,1.0,58.970777591072,59.197512443061,58.044122109033,58.56659807231,1402200.0
2013-10-21,60.23,60.3,59.15,59.49,1048900.0,0.0,1.0,59.374957109834,59.443963369135,58.310289109193,58.645462368654,1048900.0
2013-10-18,60.3,60.3,59.62,60.0,3907100.0,0.0,1.0,59.443963369135,59.443963369135,58.773616850213,59.148222257846,3907100.0
2013-10-17,58.94,60.05,58.84,60.04,1905000.0,0.0,1.0,58.103270331291,59.197512443061,58.004689960861,59.187654406018,1905000.0
2013-10-16,57.63,59.06,57.46,59.06,2105300.0,0.0,1.0,56.811867478661,58.221566775806,56.64428084893,58.221566775806,2105300.0
2013-10-15,57.12,57.58,56.63,56.9,989100.0,0.0,1.0,56.309107589469,56.762577293446,55.826063774364,56.092230774524,989100.0
2013-10-14,56.81,57.78,56.37,57.38,2292400.0,0.0,1.0,56.003508441137,56.959738034306,55.569754811246,56.565416552587,2292400.0
2013-10-11,57.63,57.85,56.96,57.31,2197300.0,0.0,1.0,56.811867478661,57.028744293606,56.151378996782,56.496410293286,2197300.0
2013-10-10,56.23,57.88,55.91,57.72,2036100.0,0.0,1.0,55.431742292645,57.058318404735,55.116285107269,56.900589812048,2036100.0
2013-10-09,55.96,56.32,54.63,55.91,2713600.0,0.0,1.0,55.165575292484,55.520464626031,53.854456365769,55.116285107269,2713600.0
2013-10-08,57.75,58.0,55.86,55.88,2301600.0,0.0,1.0,56.930163923177,57.176614849251,55.066994922055,55.08671099614,2301600.0
2013-10-07,57.47,58.19,57.12,57.77,1139400.0,0.0,1.0,56.654138885973,57.363917553068,56.309107589469,56.949879997263,1139400.0
2013-10-04,57.58,58.46,57.58,58.01,3688300.0,0.0,1.0,56.762577293446,57.630084553228,56.762577293446,57.186472886294,3688300.0
2013-10-03,57.85,58.25,56.91,57.54,2087000.0,0.0,1.0,57.028744293606,57.423065775325,56.102088811567,56.723145145274,2087000.0
2013-10-02,58.54,58.54,57.6,58.21,1535300.0,0.0,1.0,57.708948849572,57.708948849572,56.782293367532,57.383633627153,1535300.0
2013-10-01,58.7,59.54,57.98,58.83,5519200.0,0.0,1.0,57.866677442259,58.694752553869,57.156898775165,57.994831923818,5519200.0
2013-09-30,57.95,58.5,57.31,58.42,2093000.0,0.0,1.0,57.127324664036,57.6695167014,56.496410293286,57.590652405056,2093000.0
2013-09-27,58.11,58.5,57.97,58.44,1335600.0,0.0,1.0,57.285053256724,57.6695167014,57.147040738122,57.610368479142,1335600.0
2013-09-26,57.86,58.5,57.73,58.37,809800.0,0.0,1.0,57.038602330649,57.6695167014,56.910447849091,57.541362219841,809800.0
2013-09-25,58.14,58.19,57.42,57.67,1147200.0,0.0,1.0,57.314627367853,57.363917553068,56.604848700758,56.851299626833,1147200.0
2013-09-24,57.2,58.47,57.11,57.98,1429900.0,0.0,1.0,56.387971885813,57.639942590271,56.299249552426,57.156898775165,1429900.0
2013-09-23,57.71,57.97,56.62,57.31,1021400.0,0.0,1.0,56.890731775005,57.147040738122,55.816205737321,56.496410293286,1021400.0
2013-09-20,58.36,58.6,57.88,58.0,2802800.0,0.0,1.0,57.531504182798,57.768097071829,57.058318404735,57.176614849251,2802800.0
2013-09-19,57.72,58.38,57.63,58.11,1557200.0,0.0,1.0,56.900589812048,57.551220256884,56.811867478661,57.285053256724,1557200.0
2013-09-18,57.06,57.87,56.35,57.36,2037700.0,0.0,1.0,56.249959367211,57.048460367692,55.55003873716,56.545700478501,2037700.0
2013-09-17,57.1,57.37,56.47,57.08,1576400.0,0.0,1.0,56.289391515383,56.555558515544,55.668335181676,56.269675441297,1576400.0
2013-09-16,57.8,57.8,56.97,57.02,897500.0,0.0,1.0,56.979454108392,56.979454108392,56.161237033825,56.21052721904,897500.0
2013-09-13,56.59,56.91,56.01,56.9,1285800.0,0.0,1.0,55.786631626192,56.102088811567,55.214865477699,56.092230774524,1285800.0
2013-09-12,57.56,57.59,55.96,56.56,1674200.0,0.0,1.0,56.74286121936,56.772435330489,55.165575292484,55.757057515063,1674200.0
2013-09-11,57.39,57.85,57.14,57.65,1800600.0,0.0,1.0,56.57527458963,57.028744293606,56.328823663555,56.831583552747,1800600.0
2013-09-10,57.0,57.72,57.0,57.4,1305900.0,0.0,1.0,56.190811144954,56.900589812048,56.190811144954,56.585132626673,1305900.0
2013-09-09,56.56,57.0,56.51,56.54,2397800.0,0.0,1.0,55.757057515063,56.190811144954,55.707767329848,55.737341440977,2397800.0
2013-09-06,57.5,57.84,56.4,56.5,1742900.0,0.0,1.0,56.683712997102,57.018886256563,55.599328922375,55.697909292805,1742900.0
2013-09-05,56.84,58.26,56.71,57.47,2214500.0,0.0,1.0,56.033082552266,57.432923812368,55.904928070707,56.654138885973,2214500.0
2013-09-04,56.01,56.83,55.3,56.68,1588100.0,0.0,1.0,55.214865477699,56.023224515223,54.514944847648,55.875353959578,1588100.0
2013-09-03,55.75,56.24,55.56,55.98,1499400.0,0.0,1.0,54.958556514582,55.441600329688,54.771253810765,55.18529136657,1499400.0
2013-08-30,55.52,55.89,54.66,55.02,1558800.0,0.0,1.0,54.731821662593,55.096569033183,53.884030476898,54.238919810445,1558800.0
2013-08-29,55.05,55.79,54.9,55.51,1706900.0,0.0,1.0,54.268493921574,54.997988662754,54.120623365929,54.72196362555,1706900.0
2013-08-28,53.79,55.67,53.07,55.31,2943800.0,0.0,1.0,53.026381254159,54.879692218238,52.316602587065,54.524802884691,2943800.0
2013-08-27,55.04,55.04,53.93,53.93,2090800.0,0.0,1.0,54.258635884531,54.258635884531,53.16439377276,53.16439377276,2090800.0
2013-08-26,55.57,56.2,55.43,55.64,1359000.0,0.0,1.0,54.781111847808,55.402168181516,54.643099329207,54.850118107109,1359000.0
2013-08-23,54.83,55.95,54.8,55.56,1539200.0,0.0,1.0,54.051617106628,55.155717255441,54.022042995499,54.771253810765,1539200.0
2013-08-22,54.5,55.18,54.48,54.72,998200.0,0.0,1.0,53.72630188421,54.396648403132,53.706585810124,53.943178699155,998200.0
2013-08-21,54.57,55.15,54.39,54.43,904400.0,0.0,1.0,53.795308143511,54.367074292003,53.617863476737,53.657295624909,904400.0
2013-08-20,54.73,54.96,54.34,54.73,1428300.0,0.0,1.0,53.953036736198,54.179771588187,53.568573291522,53.953036736198,1428300.0
2013-08-19,54.95,55.17,54.59,54.71,936500.0,0.0,1.0,54.169913551144,54.386790366089,53.815024217597,53.933320662112,936500.0
2013-08-16,53.86,55.51,53.84,54.96,1658600.0,0.0,1.0,53.09538751346,54.72196362555,53.075671439374,54.179771588187,1658600.0
2013-08-15,54.92,55.01,53.72,54.2,1570500.0,0.0,1.0,54.140339440015,54.229061773402,52.957374994858,53.430560772921,1570500.0
2013-08-14,56.93,56.93,55.52,55.55,1748200.0,0.17,1.0,56.121804885653,56.121804885653,54.731821662593,54.761395773722,1748200.0
2013-08-13,55.88,56.81,55.45,56.8,1412000.0,0.0,1.0,54.918643141342,55.832643465635,54.496040840863,55.822815505158,1412000.0
2013-08-12,55.35,55.89,55.11,55.68,1208000.0,0.0,1.0,54.397761236101,54.928471101819,54.16189018467,54.722083931817,1208000.0
2013-08-09,55.89,56.41,55.36,55.56,1394800.0,0.0,1.0,54.928471101819,55.439525046584,54.407589196577,54.604148406102,1394800.0
2013-08-08,55.19,55.81,55.17,55.55,1526100.0,0.0,1.0,54.240513868481,54.849847418009,54.220857947528,54.594320445626,1526100.0
2013-08-07,55.45,55.51,54.59,54.91,1049600.0,0.0,1.0,54.496040840863,54.555008603721,53.650836239905,53.965330975145,1049600.0
2013-08-06,55.86,56.18,55.49,55.63,1394900.0,0.0,1.0,54.89898722039,55.21348195563,54.535352682768,54.672944129436,1394900.0
2013-08-05,55.75,56.03,55.6,55.91,1033900.0,0.0,1.0,54.790879655151,55.066062548486,54.643460248007,54.948127022771,1033900.0
2013-08-02,55.25,55.95,55.09,55.85,1623100.0,0.0,1.0,54.299481631338,54.987438864676,54.142234263718,54.889159259914,1623100.0
2013-08-01,54.37,55.9,54.21,55.43,4126400.0,0.0,1.0,53.434621109427,54.938299062295,53.277373741807,54.476384919911,4126400.0
2013-07-31,54.63,54.98,53.26,53.72,4051200.0,0.0,1.0,53.69014808181,54.034126698479,52.343717496562,52.79580367847,4051200.0
2013-07-30,55.56,55.75,54.91,55.32,1482900.0,0.0,1.0,54.604148406102,54.790879655151,53.965330975145,54.368277354672,1482900.0
2013-07-29,55.44,55.79,55.08,55.2,757400.0,0.0,1.0,54.486212880387,54.830191497056,54.132406303242,54.250341828957,757400.0
2013-07-26,55.29,55.8,55.28,55.72,1498600.0,0.0,1.0,54.338793473243,54.840019457532,54.328965512767,54.761395773722,1498600.0
2013-07-25,55.22,55.65,54.94,55.53,1200300.0,0.0,1.0,54.269997749909,54.692600050388,53.994814856574,54.574664524673,1200300.0
2013-07-24,55.06,55.58,54.95,55.49,2259400.0,0.0,1.0,54.112750382289,54.623804327055,54.00464281705,54.535352682768,2259400.0
2013-07-23,55.36,55.66,54.6,54.63,1241200.0,0.0,1.0,54.407589196577,54.702428010865,53.660664200381,53.69014808181,1241200.0
2013-07-22,55.17,55.4,54.8,55.1,1504200.0,0.0,1.0,54.220857947528,54.446901038482,53.857223409906,54.152062224194,1504200.0
2013-07-19,55.15,55.23,54.63,54.95,1169400.0,0.0,1.0,54.201202026575,54.279825710386,53.69014808181,54.00464281705,1169400.0
2013-07-18,54.75,55.22,54.51,55.09,1759900.0,0.0,1.0,53.808083607525,54.269997749909,53.572212556095,54.142234263718,1759900.0
2013-07-17,54.33,54.68,54.25,54.44,1337400.0,0.0,1.0,53.395309267522,53.739287884191,53.316685583712,53.503416832761,1337400.0
2013-07-16,54.19,54.51,53.65,54.0,2273400.0,0.0,1.0,53.257717820854,53.572212556095,52.727007955136,53.070986571806,2273400.0
2013-07-15,55.07,55.37,54.87,55.0,1513900.0,0.0,1.0,54.122578342765,54.417417157053,53.92601913324,54.053782619432,1513900.0
2013-07-12,54.51,54.96,54.51,54.93,1185800.0,0.0,1.0,53.572212556095,54.014470777527,53.572212556095,53.984986896098,1185800.0
2013-07-11,54.38,54.81,54.04,54.77,5653900.0,0.0,1.0,53.444449069903,53.867051370383,53.110298413711,53.827739528478,5653900.0
2013-07-10,53.76,53.93,53.48,53.78,1742900.0,0.0,1.0,52.835115520375,53.002190848472,52.55993262704,52.854771441328,1742900.0
2013-07-09,54.13,54.25,53.4,53.78,2289600.0,0.0,1.0,53.198750057997,53.316685583712,52.48130894323,52.854771441328,2289600.0
2013-07-08,53.08,53.85,53.08,53.63,2049500.0,0.0,1.0,52.16681420799,52.923567164662,52.16681420799,52.707352034184,2049500.0
2013-07-05,52.2,52.59,51.83,52.42,1246800.0,0.0,1.0,51.301953686079,51.685244144653,50.938319148457,51.518168816556,1246800.0
2013-07-03,51.53,51.65,51.35,51.62,619400.0,0.0,1.0,50.643480334169,50.761415859884,50.466577045597,50.731931978456,619400.0
2013-07-02,52.15,52.28,51.59,51.93,1200300.0,0.0,1.0,51.252813883697,51.380577369889,50.702448097027,51.03659875322,1200300.0
2013-07-01,51.12,52.34,51.12,51.96,1416800.0,0.0,1.0,50.240533954643,51.439545132746,50.240533954643,51.066082634648,1416800.0
2013-06-28,51.0,51.25,50.67,50.69,3094800.0,0.0,1.0,50.122598428927,50.368297440834,49.798275733211,49.817931654163,3094800.0
2013-06-27,50.86,51.51,50.7,51.0,1397000.0,0.0,1.0,49.98500698226,50.623824413217,49.82775961464,50.122598428927,1397000.0
2013-06-26,49.52,50.74,49.1,50.6,1647800.0,0.0,1.0,48.668060278441,49.867071456545,48.255285938438,49.729480009877,1647800.0
2013-06-25,48.69,49.13,48.61,49.01,1508700.0,0.0,1.0,47.852339558911,48.284769819867,47.773715875101,48.166834294152,1508700.0
2013-06-24,49.16,49.16,47.4,48.17,2112400.0,0.0,1.0,48.314253701296,48.314253701296,46.584532657474,47.341285614146,2112400.0
2013-06-21,50.83,50.83,49.04,49.69,2965600.0,0.0,1.0,49.955523100831,49.955523100831,48.19631817558,48.835135606537,2965600.0
2013-06-20,51.38,51.46,50.05,50.25,2340100.0,0.0,1.0,50.496060927025,50.574684610835,49.188942183683,49.385501393208,2340100.0
2013-06-19,52.06,52.46,51.91,52.09,2443900.0,0.0,1.0,51.164362239411,51.557480658461,51.016942832267,51.19384612084,2443900.0
2013-06-18,51.9,52.0,51.34,51.93,2240900.0,0.0,1.0,51.007114871791,51.105394476553,50.45674908512,51.03659875322,2240900.0
2013-06-17,51.9,51.9,50.72,51.21,1861600.0,0.0,1.0,51.007114871791,51.007114871791,49.847415535592,50.328985598929,1861600.0
2013-06-14,51.05,51.28,50.83,51.22,1576200.0,0.0,1.0,50.171738231309,50.397781322263,49.955523100831,50.338813559405,1576200.0
2013-06-13,50.02,51.11,49.84,51.06,1740300.0,0.0,1.0,49.159458302254,50.230705994166,48.982555013681,50.181566191785,1740300.0
2013-06-12,50.35,50.48,49.89,50.0,1824200.0,0.0,1.0,49.483780997971,49.611544484162,49.031694816063,49.139802381301,1824200.0
2013-06-11,50.11,50.11,49.5,49.9,2337900.0,0.0,1.0,49.24790994654,49.24790994654,48.648404357488,49.041522776539,2337900.0
2013-06-10,50.84,50.86,50.26,50.66,1950200.0,0.0,1.0,49.965351061307,49.98500698226,49.395329353684,49.788447772735,1950200.0
2013-06-07,49.88,50.42,49.34,50.4,1953800.0,0.0,1.0,49.021866855586,49.552576721304,48.491156989868,49.532920800352,1953800.0
2013-06-06,48.2,49.39,47.87,49.39,2008300.0,0.0,1.0,47.370769495575,48.54029679225,47.046446799858,48.54029679225,2008300.0
2013-06-05,48.57,48.73,47.87,48.12,2216700.0,0.0,1.0,47.734404033196,47.891651400816,47.046446799858,47.292145811764,2216700.0
2013-06-04,48.82,49.25,48.36,48.76,1761000.0,0.0,1.0,47.980103045103,48.402705345582,47.528016863195,47.921135282245,1761000.0
2013-06-03,48.76,49.7,47.9,48.9,2251700.0,0.0,1.0,47.921135282245,48.844963567014,47.075930681287,48.058726728913,2251700.0
2013-05-31,49.21,49.59,48.76,48.81,2482100.0,0.0,1.0,48.363393503677,48.736856001775,47.921135282245,47.970275084626,2482100.0
2013-05-30,49.54,49.96,49.22,49.28,2527400.0,0.0,1.0,48.687716199393,49.100490539396,48.373221464153,48.432189227011,2527400.0
2013-05-29,49.31,49.86,49.15,49.55,2072200.0,0.0,1.0,48.461673108439,49.002210934634,48.304425740819,48.69754415987,2072200.0
2013-05-28,48.57,50.05,48.57,49.82,2743000.0,0.0,1.0,47.734404033196,49.188942183683,47.734404033196,48.962899092729,2743000.0
2013-05-24,47.95,48.17,47.71,48.05,1069300.0,0.0,1.0,47.125070483668,47.341285614146,46.889199432238,47.223350088431,1069300.0
2013-05-23,48.22,48.57,47.9,48.35,1531300.0,0.0,1.0,47.390425416527,47.734404033196,47.075930681287,47.518188902718,1531300.0
2013-05-22,49.15,49.63,48.46,48.77,2164300.0,0.0,1.0,48.304425740819,48.77616784368,47.626296467957,47.930963242721,2164300.0
2013-05-21,48.8,49.25,48.76,49.05,2110600.0,0.0,1.0,47.96044712415,48.402705345582,47.921135282245,48.206146136057,2110600.0
2013-05-20,48.51,48.89,48.4,48.79,2524700.0,0.0,1.0,47.675436270339,48.048898768437,47.5673287051,47.950619163674,2524700.0
2013-05-17,47.08,48.57,47.07,48.52,4484900.0,0.0,1.0,46.270037922233,47.734404033196,46.260209961757,47.685264230815,4484900.0
2013-05-16,46.44,47.4,46.4,47.0,2372800.0,0.0,1.0,45.641048451753,46.584532657474,45.601736609848,46.191414238423,2372800.0
2013-05-15,46.27,46.63,46.22,46.53,3662900.0,0.0,1.0,45.473973123656,45.827779700802,45.424833321275,45.729500096039,3662900.0
2013-05-14,45.6,46.36,45.38,46.33,2345200.0,0.0,1.0,44.815499771747,45.562424767943,44.599284641269,45.532940886514,2345200.0
2013-05-13,45.24,45.84,45.16,45.56,1828600.0,0.17,1.0,44.461693194602,45.051370823177,44.383069510791,44.776187929842,1828600.0
2013-05-10,45.39,46.09,45.24,45.4,1833300.0,0.0,1.0,44.443279469397,45.128679240901,44.296408089789,44.453070894704,1833300.0
2013-05-09,46.16,46.3,44.99,45.24,2299800.0,0.0,1.0,45.197219218052,45.334299172352,44.051622457109,44.296408089789,2299800.0
2013-05-08,46.4,46.55,46.0,46.1,2099800.0,0.0,1.0,45.432213425424,45.579084805033,45.040556413136,45.138470666208,2099800.0
2013-05-07,46.5,46.54,45.98,46.31,2179100.0,0.0,1.0,45.530127678497,45.569293379725,45.020973562522,45.34409059766,2179100.0
2013-05-06,45.77,46.38,45.77,46.27,3356300.0,0.0,1.0,44.815353631071,45.41263057481,44.815353631071,45.304924896431,3356300.0
2013-05-03,46.11,46.5,45.68,45.74,3135800.0,0.0,1.0,45.148262091516,45.530127678497,44.727230803306,44.785979355149,3135800.0
2013-05-02,45.65,46.35,45.38,45.5,1915900.0,0.0,1.0,44.697856527384,45.383256298888,44.43348804409,44.550985147776,1915900.0
2013-05-01,46.01,46.71,44.61,45.47,3172800.0,0.0,1.0,45.050347838444,45.735747609948,43.679548295435,44.521610871855,3172800.0
2013-04-30,45.47,46.21,45.16,46.21,2285000.0,0.0,1.0,44.521610871855,45.246176344588,44.218076687331,45.246176344588,2285000.0
2013-04-29,44.87,45.51,44.69,45.33,2498100.0,0.0,1.0,43.934125353422,44.560776573083,43.757879697893,44.384530917554,2498100.0
2013-04-26,44.74,45.08,44.29,44.7,2444200.0,0.0,1.0,43.806836824429,44.139745284874,43.366222685605,43.7676711232,2444200.0
2013-04-25,44.08,44.78,44.08,44.68,2351400.0,0.0,1.0,43.160602754153,43.846002525658,43.160602754153,43.748088272585,2351400.0
2013-04-24,43.04,43.87,43.03,43.79,2626600.0,0.0,1.0,42.142294522204,42.954982822702,42.132503096897,42.876651420244,2626600.0
2013-04-23,42.51,42.99,42.42,42.92,1365100.0,0.0,1.0,41.623348980922,42.093337395668,41.535226153157,42.024797418518,1365100.0
2013-04-22,42.0,42.46,41.4,42.21,560000.0,0.0,1.0,41.123986290255,41.574391854386,40.536500771823,41.329606221706,560000.0
2013-04-19,41.24,41.93,40.99,41.84,1011600.0,0.0,1.0,40.379837966907,41.055446313105,40.135052334227,40.96732348534,1011600.0
2013-04-18,41.89,42.17,40.78,40.94,1728700.0,0.0,1.0,41.016280611876,41.290440520477,39.929432402776,40.086095207691,1728700.0
2013-04-17,43.21,43.24,41.34,41.87,1510800.0,0.0,1.0,42.308748752427,42.338123028348,40.477752219979,40.996697761261,1510800.0
2013-04-16,42.72,43.61,42.46,43.55,4587500.0,0.0,1.0,41.828968912374,42.700405764715,41.574391854386,42.641657212871,4587500.0
2013-04-15,44.53,44.56,42.32,42.32,2057300.0,0.0,1.0,43.601216892977,43.630591168899,41.437311900085,41.437311900085,2057300.0
2013-04-12,44.05,44.9,44.05,44.89,1186800.0,0.0,1.0,43.131228478232,43.963499629344,43.131228478232,43.953708204037,1186800.0
2013-04-11,43.74,44.54,43.63,44.25,1828100.0,0.0,1.0,42.827694293708,43.611008318285,42.719988615329,43.327056984376,1828100.0
2013-04-10,42.73,43.64,42.49,43.64,1749000.0,0.0,1.0,41.838760337681,42.729780040636,41.603766130308,42.729780040636,1749000.0
2013-04-09,42.59,42.93,42.04,42.5,1645700.0,0.0,1.0,41.70168038338,42.034588843825,41.163151991484,41.613557555615,1645700.0
2013-04-08,42.58,43.09,42.3,42.49,994200.0,0.0,1.0,41.691888958073,42.19125164874,41.417729049471,41.603766130308,994200.0
2013-04-05,42.6,42.83,42.07,42.74,1285200.0,0.0,1.0,41.711471808687,41.936674590753,41.192526267405,41.848551762988,1285200.0
2013-04-04,43.28,43.51,42.78,43.26,1419900.0,0.0,1.0,42.377288729577,42.602491511643,41.887717464217,42.357705878963,1419900.0
2013-04-03,44.06,44.33,43.14,43.36,1760200.0,0.0,1.0,43.141019903539,43.405388386833,42.240208775276,42.455620132035,1760200.0
2013-04-02,44.28,44.5,43.93,44.11,1404400.0,0.0,1.0,43.356431260297,43.571842617056,43.013731374545,43.189977030075,1404400.0
2013-04-01,44.38,44.45,43.92,44.0,878600.0,0.0,1.0,43.454345513369,43.52288549052,43.003939949238,43.082271351696,878600.0
2013-03-28,44.52,44.52,44.02,44.4,1978600.0,0.0,1.0,43.59142546767,43.59142546767,43.10185420231,43.473928363984,1978600.0
2013-03-27,44.14,44.65,44.08,44.52,1698700.0,0.0,1.0,43.219351305996,43.718713996664,43.160602754153,43.59142546767,1698700.0
2013-03-26,43.34,44.46,43.12,44.45,2104400.0,0.0,1.0,42.43603728142,43.532676915827,42.220625924662,43.52288549052,2104400.0
2013-03-25,43.36,43.56,42.79,42.92,1630100.0,0.0,1.0,42.455620132035,42.651448638179,41.897508889524,42.024797418518,1630100.0
2013-03-22,43.47,43.59,43.01,43.21,997000.0,0.0,1.0,42.563325810414,42.6808229141,42.112920246282,42.308748752427,997000.0
2013-03-21,43.09,43.47,43.05,43.38,1375000.0,0.0,1.0,42.19125164874,42.563325810414,42.152085947511,42.475202982649,1375000.0
2013-03-20,43.43,43.49,43.02,43.34,1963300.0,0.0,1.0,42.524160109185,42.582908661028,42.12271167159,42.43603728142,1963300.0
2013-03-19,43.03,43.13,42.58,43.11,1727300.0,0.0,1.0,42.132503096897,42.230417349969,41.691888958073,42.210834499355,1727300.0
2013-03-18,42.8,43.3,42.42,42.79,1835600.0,0.0,1.0,41.907300314831,42.396871580191,41.535226153157,41.897508889524,1835600.0
2013-03-15,43.08,43.56,43.02,43.28,6132800.0,0.0,1.0,42.181460223433,42.651448638179,42.12271167159,42.377288729577,6132800.0
2013-03-14,43.3,43.3,43.05,43.25,2235300.0,0.0,1.0,42.396871580191,42.396871580191,42.152085947511,42.347914453655,2235300.0
2013-03-13,42.97,43.26,42.87,43.2,2850300.0,0.17,1.0,42.073754545054,42.357705878963,41.975840291982,42.298957327119,2850300.0
2013-03-12,43.26,43.27,42.96,43.03,2523700.0,0.0,1.0,42.191673829172,42.20142687444,41.899082471133,41.967353788009,2523700.0
2013-03-11,42.93,43.23,42.91,43.2,2516700.0,0.0,1.0,41.869823335329,42.162414693368,41.850317244793,42.133155557564,2516700.0
2013-03-08,43.04,43.18,42.79,43.0,2493100.0,0.0,1.0,41.977106833277,42.113649467028,41.733280701578,41.938094652205,2493100.0
2013-03-07,42.51,42.82,42.32,42.74,3382800.0,0.0,1.0,41.460195434075,41.762539837382,41.274887573984,41.684515475238,3382800.0
2013-03-06,42.73,42.73,41.84,42.36,3212700.0,0.0,1.0,41.67476242997,41.67476242997,40.806741401122,41.313899755056,3212700.0
2013-03-05,42.56,42.58,42.16,42.5,2371300.0,0.0,1.0,41.508960660415,41.528466750951,41.118838849697,41.450442388807,2371300.0
2013-03-04,42.2,42.4,41.97,42.27,2425300.0,0.0,1.0,41.157851030769,41.352911936128,40.933530989606,41.226122347644,2425300.0
2013-03-01,41.57,42.26,41.31,42.2,2907300.0,0.0,1.0,40.543409178888,41.216369302376,40.289830001921,41.157851030769,2907300.0
2013-02-28,41.83,42.06,41.61,41.85,3388700.0,0.0,1.0,40.796988355854,41.021308397017,40.582421359959,40.81649444639,3388700.0
2013-02-27,39.76,42.02,39.6,41.8,7984900.0,0.0,1.0,38.778107985388,40.982296215945,38.6220592611,40.76772922005,7984900.0
2013-02-26,38.53,40.11,38.28,39.73,3741600.0,0.0,1.0,37.578483417429,39.119464569766,37.33465728573,38.748848849584,3741600.0
2013-02-25,38.5,38.56,38.07,38.13,2291800.0,0.0,1.0,37.549224281625,37.607742553233,37.129843335103,37.188361606711,2291800.0
2013-02-22,38.0,38.37,37.81,38.37,2102600.0,0.0,1.0,37.061572018228,37.422434693142,36.876264158137,37.422434693142,2102600.0
2013-02-21,38.65,38.73,37.46,37.91,1939700.0,0.0,1.0,37.695519960645,37.773544322788,36.534907573758,36.973794610816,1939700.0
2013-02-20,39.67,39.75,38.77,38.79,2145200.0,0.0,1.0,38.690330577976,38.76835494012,37.81255650386,37.832062594396,2145200.0
2013-02-19,40.08,40.08,39.57,39.76,1957800.0,0.0,1.0,39.090205433962,39.090205433962,38.592800125297,38.778107985388,1957800.0
2013-02-15,40.32,40.32,39.92,39.98,2256700.0,0.0,1.0,39.324278520393,39.324278520393,38.934156709675,38.992674981283,2256700.0
2013-02-14,39.74,40.01,39.71,39.97,2137300.0,0.0,1.0,38.758601894852,39.021934117087,38.729342759048,38.982921936015,2137300.0
2013-02-13,39.81,40.05,39.74,39.95,2281400.0,0.0,1.0,38.826873211727,39.060946298158,38.758601894852,38.963415845479,2281400.0
2013-02-12,39.18,39.86,39.11,39.81,2940900.0,0.0,1.0,38.212431359846,38.875638438067,38.144160042971,38.826873211727,2940900.0
2013-02-11,38.52,39.24,38.38,39.19,1678500.0,0.0,1.0,37.568730372161,38.270949631454,37.43218773841,38.222184405114,1678500.0
2013-02-08,38.3,38.53,38.08,38.52,2216900.0,0.0,1.0,37.354163376266,37.578483417429,37.139596380371,37.568730372161,2216900.0
2013-02-07,38.68,38.91,37.99,38.31,2269700.0,0.0,1.0,37.724779096449,37.949099137612,37.05181897296,37.363916421534,2269700.0
2013-02-06,39.08,39.18,38.48,38.6,2419500.0,0.0,1.0,38.114900907167,38.212431359846,37.52971819109,37.646754734305,2419500.0
2013-02-05,38.98,39.84,38.91,39.34,5064500.0,0.0,1.0,38.017370454487,38.856132347531,37.949099137612,38.368480084134,5064500.0
2013-02-04,39.03,39.36,38.75,38.81,2482200.0,0.0,1.0,38.066135680827,38.38798617467,37.793050413324,37.851568684932,2482200.0
2013-02-01,38.82,39.25,38.81,39.22,2565100.0,0.0,1.0,37.8613217302,38.280702676722,37.851568684932,38.251443540918,2565100.0
2013-01-31,38.75,38.88,38.29,38.66,2404700.0,0.0,1.0,37.793050413324,37.919840001808,37.344410330998,37.705273005913,2404700.0
2013-01-30,39.54,39.54,38.85,38.88,2070500.0,0.0,1.0,38.563540989493,38.563540989493,37.890580866004,37.919840001808,2070500.0
2013-01-29,39.6,39.76,38.81,39.59,2772200.0,0.0,1.0,38.6220592611,38.778107985388,37.851568684932,38.612306215832,2772200.0
2013-01-28,39.37,39.98,39.26,39.8,3034900.0,0.0,1.0,38.397739219937,38.992674981283,38.29045572199,38.81712016646,3034900.0
2013-01-25,38.94,39.3,38.9,39.27,2532500.0,0.0,1.0,37.978358273415,38.329467903062,37.939346092344,38.300208767258,2532500.0
2013-01-24,38.68,39.09,38.68,38.87,1536700.0,0.0,1.0,37.724779096449,38.124653952435,37.724779096449,37.91008695654,1536700.0
2013-01-23,38.7,38.99,38.48,38.65,1956700.0,0.0,1.0,37.744285186985,38.027123499755,37.52971819109,37.695519960645,1956700.0
2013-01-22,38.69,38.89,38.42,38.85,1667700.0,0.0,1.0,37.734532141717,37.929593047076,37.471199919482,37.890580866004,1667700.0
2013-01-18,38.93,39.1,38.29,38.82,2273600.0,0.0,1.0,37.968605228147,38.134406997703,37.344410330998,37.8613217302,2273600.0
2013-01-17,38.47,39.27,38.47,39.0,2818100.0,0.0,1.0,37.519965145822,38.300208767258,37.519965145822,38.036876545023,2818100.0
2013-01-16,38.2,38.39,37.69,38.32,2151400.0,0.0,1.0,37.256632923587,37.441940783678,36.759227614921,37.373669466802,2151400.0
2013-01-15,37.24,38.37,37.24,38.29,3746700.0,0.0,1.0,36.320340577863,37.422434693142,36.320340577863,37.344410330998,3746700.0
2013-01-14,38.07,38.16,37.34,37.62,3360700.0,0.0,1.0,37.129843335103,37.217620742515,36.417871030543,36.690956298045,3360700.0
2013-01-11,38.63,38.86,37.95,38.09,1878700.0,0.0,1.0,37.676013870109,37.900333911272,37.012806791888,37.149349425639,1878700.0
2013-01-10,38.83,39.06,38.4,38.81,3135000.0,0.0,1.0,37.871074775468,38.095394816631,37.451693828946,37.851568684932,3135000.0
2013-01-09,38.26,38.64,38.24,38.47,3827400.0,0.0,1.0,37.315151195195,37.685766915377,37.295645104659,37.519965145822,3827400.0
2013-01-08,38.17,38.58,38.05,38.18,2485700.0,0.0,1.0,37.227373787783,37.627248643769,37.110337244567,37.237126833051,2485700.0
2013-01-07,38.25,38.31,37.81,38.19,2021000.0,0.0,1.0,37.305398149927,37.363916421534,36.876264158137,37.246879878319,2021000.0
2013-01-04,38.49,38.68,38.21,38.51,2725900.0,0.0,1.0,37.539471236357,37.724779096449,37.266385968855,37.558977326893,2725900.0
2013-01-03,38.24,38.38,37.8,38.35,4535900.0,0.0,1.0,37.295645104659,37.43218773841,36.866511112869,37.402928602606,4535900.0
2013-01-02,39.04,39.24,38.67,38.88,3903900.0,0.0,1.0,38.075888726095,38.270949631454,37.715026051181,37.919840001808,3903900.0
2012-12-31,37.65,38.28,37.54,38.25,4785400.0,0.0,1.0,36.720215433849,37.33465728573,36.612931935902,37.305398149927,4785400.0
2012-12-28,37.93,38.1,37.69,37.72,3667500.0,0.0,1.0,36.993300701352,37.159102470907,36.759227614921,36.788486750725,3667500.0
2012-12-27,37.16,38.24,37.12,38.13,4566800.0,0.0,1.0,36.24231621572,37.295645104659,36.203304034648,37.188361606711,4566800.0
2012-12-26,36.26,37.28,36.19,37.22,3178500.0,0.0,1.0,35.364542141604,36.359352758935,35.296270824728,36.300834487327,3178500.0
2012-12-24,36.21,36.43,35.92,36.28,1599200.0,0.0,1.0,35.315776915264,35.530343911159,35.032938602493,35.384048232139,1599200.0
2012-12-21,35.72,36.28,35.62,36.14,73242400.0,0.0,1.0,34.837877697134,35.384048232139,34.740347244454,35.247505598388,73242400.0
2012-12-20,35.37,36.09,35.23,36.04,6629100.0,0.0,1.0,34.496521112756,35.198740372048,34.359978479004,35.149975145709,6629100.0
2012-12-19,35.78,35.91,35.14,35.65,14334200.0,0.0,1.0,34.896395968742,35.023185557225,34.272201071593,34.769606380258,14334200.0
2012-12-18,34.36,34.59,34.14,34.45,2403900.0,0.0,1.0,33.511463540692,33.735783581855,33.296896544797,33.599240948104,2403900.0
2012-12-17,34.32,34.73,34.24,34.37,2990900.0,0.0,1.0,33.47245135962,33.872326215607,33.394426997477,33.52121658596,2990900.0
2012-12-14,34.23,34.36,34.05,34.26,9622500.0,0.0,1.0,33.384673952209,33.511463540692,33.209119137386,33.413933088013,9622500.0
2012-12-13,34.32,34.72,34.12,34.33,2634300.0,0.0,1.0,33.47245135962,33.862573170339,33.277390454261,33.482204404888,2634300.0
2012-12-12,34.31,34.76,34.21,34.39,5104200.0,0.0,1.0,33.462698314352,33.90158535141,33.365167861673,33.540722676496,5104200.0
2012-12-11,34.21,34.31,33.97,34.23,1670300.0,0.0,1.0,33.365167861673,33.462698314352,33.131094775242,33.384673952209,1670300.0
2012-12-10,35.5,37.9,33.83,34.05,2150400.0,0.0,1.0,34.623310701239,36.964041565548,32.994552141491,33.209119137386,2150400.0
2012-12-07,34.01,34.1,33.72,33.97,2145900.0,0.0,1.0,33.170106956314,33.257884363725,32.887268643543,33.131094775242,2145900.0
2012-12-06,34.07,34.07,33.83,33.93,1642000.0,0.0,1.0,33.228625227922,33.228625227922,32.994552141491,33.09208259417,1642000.0
2012-12-05,34.07,34.14,33.62,33.87,1651600.0,0.0,1.0,33.228625227922,33.296896544797,32.789738190864,33.033564322562,1651600.0
2012-12-04,33.79,34.0,33.51,33.9,1832100.0,0.0,1.0,32.955539960419,33.160353911046,32.682454692916,33.062823458366,1832100.0
2012-12-03,34.24,34.26,33.43,33.5,1688700.0,0.0,1.0,33.394426997477,33.413933088013,32.604430330772,32.672701647648,1688700.0
2012-11-30,34.03,34.28,33.62,33.99,2679400.0,0.0,1.0,33.18961304685,33.433439178549,32.789738190864,33.150600865778,2679400.0
2012-11-29,33.82,34.11,33.78,33.97,2977300.0,0.0,1.0,32.984799096223,33.267637408993,32.945786915151,33.131094775242,2977300.0
2012-11-28,33.27,33.75,33.2,33.6,1682700.0,0.0,1.0,32.448381606485,32.916527779347,32.380110289609,32.770232100328,1682700.0
2012-11-27,33.37,33.78,33.29,33.43,2183700.0,0.0,1.0,32.545912059165,32.945786915151,32.467887697021,32.604430330772,2183700.0
2012-11-26,33.9,34.3,33.29,33.36,2272900.0,0.0,1.0,33.062823458366,33.452945269084,32.467887697021,32.536159013897,2272900.0
2012-11-23,33.88,34.1,33.66,34.05,807500.0,0.0,1.0,33.04331736783,33.257884363725,32.828750371935,33.209119137386,807500.0
2012-11-21,33.55,33.71,33.43,33.6,1011300.0,0.0,1.0,32.721466873988,32.877515598275,32.604430330772,32.770232100328,1011300.0
2012-11-20,33.35,33.45,32.88,33.4,2112000.0,0.0,1.0,32.526405968629,32.623936421308,32.068012841035,32.575171194969,2112000.0
2012-11-19,32.47,33.75,32.29,33.37,2102100.0,0.0,1.0,31.668137985049,32.916527779347,31.492583170226,32.545912059165,2102100.0
2012-11-16,31.87,32.22,31.57,32.14,4471100.0,0.0,1.0,31.082955268971,31.42431185335,30.790363910933,31.346287491206,4471100.0
2012-11-15,31.79,32.5,31.38,31.68,1763100.0,0.0,1.0,31.004930906828,31.697397120853,30.605056050842,30.89764740888,1763100.0
2012-11-14,32.35,32.49,31.82,31.93,1772400.0,0.0,1.0,31.551101441833,31.687644075585,31.034190042632,31.141473540579,1772400.0
2012-11-13,32.23,32.5,32.03,32.19,4479600.0,0.0,1.0,31.434064898618,31.697397120853,31.239003993259,31.395052717546,4479600.0
2012-11-12,32.46,32.67,32.15,32.46,1797600.0,0.0,1.0,31.658384939781,31.863198890408,31.356040536474,31.658384939781,1797600.0
2012-11-09,31.54,32.54,31.46,32.25,2772500.0,0.0,1.0,30.761104775129,31.736409301924,30.683080412985,31.453570989154,2772500.0
2012-11-08,32.14,32.46,31.5,31.69,1826000.0,0.0,1.0,31.346287491206,31.658384939781,30.722092594057,30.907400454148,1826000.0
2012-11-07,32.44,32.57,31.95,32.08,962100.0,0.0,1.0,31.638878849245,31.765668437728,31.160979631115,31.287769219599,962100.0
2012-11-06,32.51,32.98,32.03,32.86,1591800.0,0.0,1.0,31.707150166121,32.165543293714,31.239003993259,32.048506750499,1591800.0
2012-11-05,32.23,32.89,32.12,32.2,1600600.0,0.0,1.0,31.434064898618,32.077765886303,31.32678140067,31.404805762814,1600600.0
2012-11-02,33.02,33.95,32.76,32.86,4647500.0,0.0,1.0,32.204555474786,33.111588684706,31.950976297819,32.048506750499,4647500.0
2012-11-01,31.76,32.78,30.26,32.56,5248500.0,0.0,1.0,30.975671771024,31.970482388355,29.512714980831,31.75591539246,5248500.0
2012-10-31,30.22,31.78,30.0,31.44,2002200.0,0.0,1.0,29.473702799759,30.99517786156,29.259135803864,30.663574322449,2002200.0
2012-10-26,31.57,31.68,30.5,30.5,1813800.0,0.0,1.0,30.790363910933,30.89764740888,29.746788067262,29.746788067262,1813800.0
2012-10-25,31.72,31.79,31.33,31.43,1075500.0,0.0,1.0,30.936659589952,31.004930906828,30.556290824502,30.653821277181,1075500.0
2012-10-24,31.46,31.93,31.31,31.34,1152600.0,0.0,1.0,30.683080412985,31.141473540579,30.536784733966,30.56604386977,1152600.0
2012-10-23,31.64,31.64,30.77,31.39,1820800.0,0.0,1.0,30.858635227809,30.858635227809,30.010120289496,30.61480909611,1820800.0
2012-10-22,31.98,32.34,31.8,32.34,1145100.0,0.0,1.0,31.190238766919,31.541348396565,31.014683952096,31.541348396565,1145100.0
2012-10-19,32.32,32.46,31.85,31.92,1093100.0,0.0,1.0,31.521842306029,31.658384939781,31.063449178436,31.131720495311,1093100.0
2012-10-18,32.5,32.8,32.3,32.46,920900.0,0.0,1.0,31.697397120853,31.989988478891,31.502336215494,31.658384939781,920900.0
2012-10-17,32.74,32.75,32.4,32.5,1005700.0,0.0,1.0,31.931470207284,31.941223252552,31.599866668173,31.697397120853,1005700.0
2012-10-16,32.48,32.78,32.17,32.76,1075700.0,0.0,1.0,31.677891030317,31.970482388355,31.37554662701,31.950976297819,1075700.0
2012-10-15,32.14,32.5,31.95,32.48,1162000.0,0.0,1.0,31.346287491206,31.697397120853,31.160979631115,31.677891030317,1162000.0
2012-10-12,31.99,32.23,31.73,32.08,1459600.0,0.0,1.0,31.199991812187,31.434064898618,30.94641263522,31.287769219599,1459600.0
2012-10-11,31.8,32.3,31.67,32.03,1284800.0,0.0,1.0,31.014683952096,31.502336215494,30.887894363612,31.239003993259,1284800.0
2012-10-10,31.96,32.11,31.34,31.49,1179300.0,0.0,1.0,31.170732676383,31.317028355402,30.56604386977,30.712339548789,1179300.0
2012-10-09,32.32,32.36,31.66,31.88,1151000.0,0.0,1.0,31.521842306029,31.560854487101,30.878141318344,31.092708314239,1151000.0
2012-10-08,32.3,32.46,32.06,32.27,844600.0,0.0,1.0,31.502336215494,31.658384939781,31.268263129063,31.47307707969,844600.0
2012-10-05,32.41,32.55,32.11,32.5,1500000.0,0.0,1.0,31.609619713441,31.746162347192,31.317028355402,31.697397120853,1500000.0
2012-10-04,31.8,32.39,31.76,32.2,2042500.0,0.0,1.0,31.014683952096,31.590113622905,30.975671771024,31.404805762814,2042500.0
2012-10-03,31.78,32.32,31.31,31.56,1561900.0,0.0,1.0,30.99517786156,31.521842306029,30.536784733966,30.780610865665,1561900.0
2012-10-02,31.55,31.59,31.21,31.54,2013800.0,0.0,1.0,30.770857820397,30.809870001469,30.439254281286,30.761104775129,2013800.0
2012-10-01,31.25,31.55,30.63,31.3,3072800.0,0.0,1.0,30.478266462358,30.770857820397,29.873577655745,30.527031688698,3072800.0
2012-09-28,31.26,31.33,30.83,31.0,1470900.0,0.0,1.0,30.488019507626,30.556290824502,30.068638561104,30.234440330659,1470900.0
2012-09-27,31.52,31.58,31.13,31.26,1380300.0,0.0,1.0,30.741598684593,30.800116956201,30.361229919143,30.488019507626,1380300.0
2012-09-26,31.27,31.58,30.61,31.34,1301200.0,0.0,1.0,30.497772552894,30.800116956201,29.854071565209,30.56604386977,1301200.0
2012-09-25,31.71,31.82,31.37,31.37,2197200.0,0.0,1.0,30.926906544684,31.034190042632,30.595303005574,30.595303005574,2197200.0
2012-09-24,31.45,31.68,31.28,31.66,965900.0,0.0,1.0,30.673327367717,30.89764740888,30.507525598162,30.878141318344,965900.0
2012-09-21,32.14,33.34,31.64,31.78,2999400.0,0.0,1.0,31.346287491206,32.516652923361,30.858635227809,30.99517786156,2999400.0
2012-09-20,31.68,32.16,31.5,32.02,2355200.0,0.0,1.0,30.89764740888,31.365793581742,30.722092594057,31.229250947991,2355200.0
2012-09-19,31.63,32.16,31.6,32.02,2417800.0,0.0,1.0,30.848882182541,31.365793581742,30.819623046737,31.229250947991,2417800.0
2012-09-18,31.5,31.82,31.25,31.74,2338100.0,0.0,1.0,30.722092594057,31.034190042632,30.478266462358,30.956165680488,2338100.0
2012-09-17,31.71,31.77,31.39,31.62,1536200.0,0.0,1.0,30.926906544684,30.985424816292,30.61480909611,30.839129137273,1536200.0
2012-09-14,31.58,32.16,31.41,31.82,5899200.0,0.0,1.0,30.800116956201,31.365793581742,30.634315186646,31.034190042632,5899200.0
2012-09-13,30.9,31.01,30.22,30.76,2517600.0,0.0,1.0,30.13690987798,30.244193375927,29.473702799759,30.000367244229,2517600.0
2012-09-12,31.16,31.46,30.9,30.98,2092000.0,0.0,1.0,30.390489054947,30.683080412985,30.13690987798,30.214934240124,2092000.0
2012-09-11,30.87,31.15,30.85,31.1,1728500.0,0.0,1.0,30.107650742176,30.380736009679,30.08814465164,30.331970783339,1728500.0
2012-09-10,30.94,31.13,30.79,30.87,1709600.0,0.0,1.0,30.175922059052,30.361229919143,30.029626380032,30.107650742176,1709600.0
2012-09-07,30.82,31.21,30.79,31.15,2177400.0,0.0,1.0,30.058885515836,30.439254281286,30.029626380032,30.380736009679,2177400.0
2012-09-06,30.29,30.87,30.23,30.86,5503900.0,0.0,1.0,29.541974116635,30.107650742176,29.483455845027,30.097897696908,5503900.0
2012-09-05,30.07,30.24,29.93,30.0,1791900.0,0.0,1.0,29.32740712074,29.493208890295,29.190864486988,29.259135803864,1791900.0
2012-09-04,30.46,30.48,29.87,30.0,2390700.0,0.0,1.0,29.70777588619,29.727281976726,29.132346215381,29.259135803864,2390700.0
2012-08-31,30.12,30.44,29.68,30.29,13909400.0,0.0,1.0,29.376172347079,29.688269795654,28.947038355289,29.541974116635,13909400.0
2012-08-30,30.25,30.28,29.55,29.79,1658900.0,0.0,1.0,29.502961935563,29.532221071367,28.820248766806,29.054321853237,1658900.0
2012-08-29,30.45,30.52,29.89,30.2,2728700.0,0.0,1.0,29.698022840922,29.766294157798,29.151852305916,29.454196709223,2728700.0
2012-08-28,29.44,30.53,29.37,30.53,3772900.0,0.0,1.0,28.712965268859,29.776047203066,28.644693951983,29.776047203066,3772900.0
2012-08-27,29.16,29.67,29.06,29.56,1807000.0,0.0,1.0,28.439880001356,28.937285310021,28.342349548676,28.830001812074,1807000.0
2012-08-24,29.05,29.24,28.99,29.18,2105500.0,0.0,1.0,28.332596503408,28.517904363499,28.274078231801,28.459386091892,2105500.0
2012-08-23,29.13,29.27,28.98,29.13,1428000.0,0.0,1.0,28.410620865552,28.547163499303,28.264325186533,28.410620865552,1428000.0
2012-08-22,29.16,29.39,29.05,29.24,2077500.0,0.0,1.0,28.439880001356,28.664200042519,28.332596503408,28.517904363499,2077500.0
2012-08-21,29.5,29.5,29.0,29.3,2468800.0,0.0,1.0,28.771483540466,28.771483540466,28.283831277069,28.576422635107,2468800.0
2012-08-20,29.51,29.54,29.23,29.39,5325300.0,0.0,1.0,28.781236585734,28.810495721538,28.508151318231,28.664200042519,5325300.0
2012-08-17,29.65,29.72,29.46,29.5,3216300.0,0.0,1.0,28.917779219486,28.986050536361,28.732471359394,28.771483540466,3216300.0
2012-08-16,28.75,29.51,28.63,29.37,5962100.0,0.0,1.0,28.04000514537,28.781236585734,27.922968602154,28.644693951983,5962100.0
2012-08-15,28.6,28.72,28.35,28.48,1613300.0,0.0,1.0,27.89370946635,28.010746009566,27.649883334651,27.776672923135,1613300.0
2012-08-14,28.94,28.94,28.51,28.63,882900.0,0.0,1.0,28.225313005461,28.225313005461,27.805932058939,27.922968602154,882900.0
2012-08-13,28.57,28.9,28.43,28.71,790400.0,0.0,1.0,27.864450330546,28.186300824389,27.727907696795,28.000992964298,790400.0
2012-08-10,28.97,29.0,28.3,28.54,700200.0,0.0,1.0,28.254572141265,28.283831277069,27.601118108312,27.835191194743,700200.0
2012-08-09,28.62,29.05,28.43,28.94,705000.0,0.0,1.0,27.913215556886,28.332596503408,27.727907696795,28.225313005461,705000.0
2012-08-08,28.89,29.11,28.66,28.69,561000.0,0.0,1.0,28.176547779121,28.391114775016,27.952227737958,27.981486873762,561000.0
2012-08-07,28.56,29.5,28.56,29.04,4420800.0,0.0,1.0,27.854697285279,28.771483540466,27.854697285279,28.32284345814,4420800.0
2012-08-06,28.37,29.2,28.33,29.02,910600.0,0.0,1.0,27.669389425187,28.478892182428,27.630377244116,28.303337367604,910600.0
2012-08-03,27.97,28.48,27.75,28.33,843500.0,0.0,1.0,27.279267614469,27.776672923135,27.064700618574,27.630377244116,843500.0
2012-08-02,27.68,28.0,27.44,27.49,1398500.0,0.0,1.0,26.996429301698,27.308526750273,26.762356215268,26.811121441607,1398500.0
2012-08-01,28.41,28.65,27.68,27.98,1579200.0,0.0,1.0,27.708401606259,27.94247469269,26.996429301698,27.289020659737,1579200.0
2012-07-31,28.0,29.04,28.0,28.39,3320400.0,0.0,1.0,27.308526750273,28.32284345814,27.308526750273,27.688895515723,3320400.0
2012-07-30,27.72,28.14,27.6,27.99,1511200.0,0.0,1.0,27.03544148277,27.445069384024,26.918404939555,27.298773705005,1511200.0
2012-07-27,27.0,27.91,26.8,27.78,2670700.0,0.0,1.0,26.333222223478,27.220749342861,26.138161318118,27.093959754378,2670700.0
2012-07-26,27.05,27.05,26.62,26.95,1834200.0,0.0,1.0,26.381987449817,26.381987449817,25.962606503295,26.284456997138,1834200.0
2012-07-25,26.7,26.83,26.59,26.71,1085600.0,0.0,1.0,26.040630865439,26.167420453922,25.933347367491,26.050383910707,1085600.0
2012-07-24,26.99,26.99,26.25,26.51,1539200.0,0.0,1.0,26.32346917821,26.32346917821,25.601743828381,25.855323005348,1539200.0
2012-07-23,26.37,26.93,26.14,26.89,1387500.0,0.0,1.0,25.718780371596,26.264950906602,25.494460330433,26.22593872553,1387500.0
2012-07-20,27.0,27.09,26.76,26.98,2620100.0,0.0,1.0,26.333222223478,26.420999630889,26.099149137047,26.313716132942,2620100.0
2012-07-19,27.34,27.44,27.12,27.2,2396600.0,0.0,1.0,26.664825762588,26.762356215268,26.450258766693,26.528283128837,2396600.0
2012-07-18,27.06,27.63,26.97,27.21,1060000.0,0.0,1.0,26.391740495085,26.947664075359,26.303963087674,26.538036174105,1060000.0
2012-07-17,26.7,27.01,26.32,27.0,869500.0,0.0,1.0,26.040630865439,26.342975268746,25.670015145257,26.333222223478,869500.0
2012-07-16,26.72,26.82,26.41,26.63,673000.0,0.0,1.0,26.060136955975,26.157667408654,25.757792552668,25.972359548563,673000.0
2012-07-13,26.23,27.01,26.2,26.87,1740400.0,0.0,1.0,25.582237737845,26.342975268746,25.552978602041,26.206432634994,1740400.0
2012-07-12,26.04,26.5,25.3,26.26,2239800.0,0.0,1.0,25.396929877754,25.84556996008,24.675204527925,25.611496873649,2239800.0
2012-07-11,26.44,26.55,25.87,26.13,1456500.0,0.0,1.0,25.787051688472,25.89433518642,25.231128108199,25.484707285166,1456500.0
2012-07-10,26.66,26.87,26.22,26.53,3261800.0,0.0,1.0,26.001618684367,26.206432634994,25.572484692577,25.874829095884,3261800.0
2012-07-09,26.28,26.71,26.21,26.66,2179300.0,0.0,1.0,25.631002964185,26.050383910707,25.562731647309,26.001618684367,2179300.0
2012-07-06,26.52,26.56,26.12,26.4,1269500.0,0.0,1.0,25.865076050616,25.904088231688,25.474954239898,25.7480395074,1269500.0
2012-07-05,26.17,27.0,26.07,26.81,2324800.0,0.0,1.0,25.523719466237,26.333222223478,25.426189013558,26.147914363386,2324800.0
2012-07-03,25.41,26.41,25.26,26.31,1457800.0,0.0,1.0,24.782488025873,25.757792552668,24.636192346853,25.660262099989,1457800.0
2012-07-02,25.6,25.65,24.9,25.29,1528900.0,0.0,1.0,24.967795885964,25.016561112304,24.285082717207,24.665451482657,1528900.0
2012-06-29,25.81,26.28,25.2,25.5,2426800.0,0.0,1.0,25.172609836591,25.631002964185,24.577674075246,24.870265433284,2426800.0
2012-06-28,25.53,25.57,24.86,25.43,3287900.0,0.0,1.0,24.899524569088,24.93853675016,24.246070536135,24.801994116409,3287900.0
2012-06-27,25.75,26.02,25.58,25.74,2367300.0,0.0,1.0,25.114091564983,25.377423787218,24.948289795428,25.104338519715,2367300.0
2012-06-26,25.75,26.02,25.44,25.91,2665900.0,0.0,1.0,25.114091564983,25.377423787218,24.811747161677,25.270140289271,2665900.0
2012-06-25,27.6,27.6,25.52,25.75,2914400.0,0.0,1.0,26.918404939555,26.918404939555,24.88977152382,25.114091564983,2914400.0
2012-06-22,27.79,27.82,26.66,27.02,15518600.0,0.0,1.0,27.103712799646,27.13297193545,26.001618684367,26.352728314013,15518600.0
2012-06-21,28.56,28.59,27.42,27.57,3292100.0,0.0,1.0,27.854697285279,27.883956421082,26.742850124732,26.889145803751,3292100.0
2012-06-20,29.25,29.35,28.49,28.58,3309700.0,0.0,1.0,28.527657408767,28.625187861447,27.786425968403,27.874203375814,3309700.0
2012-06-19,29.04,30.01,28.93,29.1,4313000.0,0.0,1.0,28.32284345814,29.268888849132,28.215559960193,28.381361729748,4313000.0
2012-06-18,28.31,29.16,28.31,28.91,1748300.0,0.0,1.0,27.61087115358,28.439880001356,27.61087115358,28.196053869657,1748300.0
2012-06-15,28.4,28.74,28.23,28.54,1800500.0,0.0,1.0,27.698648560991,28.030252100102,27.532846791436,27.835191194743,1800500.0
2012-06-14,28.33,28.89,28.17,28.44,2794400.0,0.0,1.0,27.630377244116,28.176547779121,27.474328519828,27.737660742063,2794400.0
2012-06-13,28.81,28.88,28.48,28.6,2788800.0,0.0,1.0,28.098523416977,28.166794733853,27.776672923135,27.89370946635,2788800.0
2012-06-12,28.43,28.93,28.23,28.87,4193800.0,0.0,1.0,27.727907696795,28.215559960193,27.532846791436,28.157041688585,4193800.0
2012-06-11,29.1,29.1,28.48,28.5,2569200.0,0.0,1.0,28.381361729748,28.381361729748,27.776672923135,27.796179013671,2569200.0
2012-06-08,28.3,28.83,28.02,28.75,752100.0,0.0,1.0,27.601118108312,28.118029507513,27.328032840809,28.04000514537,752100.0
2012-06-07,28.62,29.15,28.44,28.53,2945800.0,0.0,1.0,27.913215556886,28.430126956088,27.737660742063,27.825438149475,2945800.0
2012-06-06,28.57,29.49,28.56,29.0,3327400.0,0.0,1.0,27.864450330546,28.761730495198,27.854697285279,28.283831277069,3327400.0
2012-06-05,27.72,28.56,27.68,28.27,2073900.0,0.0,1.0,27.03544148277,27.854697285279,26.996429301698,27.571858972508,2073900.0
2012-06-04,28.23,28.41,27.32,27.73,3362700.0,0.0,1.0,27.532846791436,27.708401606259,26.645319672052,27.045194528038,3362700.0
2012-06-01,28.4,28.59,27.97,28.24,2827100.0,0.0,1.0,27.698648560991,27.883956421082,27.279267614469,27.542599836704,2827100.0
2012-05-31,29.09,29.31,28.52,29.03,8916100.0,0.0,1.0,28.37160868448,28.586175680375,27.815685104207,28.313090412872,8916100.0
2012-05-30,29.48,29.48,28.83,28.85,4069100.0,0.0,1.0,28.75197744993,28.75197744993,28.118029507513,28.137535598049,4069100.0
2012-05-29,28.73,29.84,28.59,29.84,3305000.0,0.0,1.0,28.020499054834,29.103087079577,27.883956421082,29.103087079577,3305000.0
2012-05-25,29.01,29.01,27.71,28.45,7544700.0,0.0,1.0,28.293584322336,28.293584322336,27.025688437502,27.747413787331,7544700.0
2012-05-24,28.25,28.25,27.4,27.7,2519600.0,0.0,1.0,27.552352881972,27.552352881972,26.723344034196,27.015935392234,2519600.0
2012-05-23,28.0,29.4,27.52,28.03,3818100.0,0.0,1.0,27.308526750273,28.673953087787,26.840380577411,27.337785886077,3818100.0
2012-05-22,28.13,28.39,27.94,28.19,3756900.0,0.0,1.0,27.435316338756,27.688895515723,27.250008478665,27.493834610364,3756900.0
2012-05-21,27.38,28.2,27.38,28.0,3584100.0,0.0,1.0,26.70383794366,27.503587655632,26.70383794366,27.308526750273,3584100.0
2012-05-18,27.49,27.81,26.94,27.26,4491900.0,0.0,1.0,26.811121441607,27.123218890182,26.27470395187,26.586801400444,4491900.0
2012-05-17,28.12,28.12,27.18,27.49,7158000.0,0.0,1.0,27.425563293488,27.425563293488,26.508777038301,26.811121441607,7158000.0
2012-05-16,28.12,28.71,27.93,27.98,5832900.0,0.0,1.0,27.425563293488,28.000992964298,27.240255433397,27.289020659737,5832900.0
2012-05-15,27.73,27.99,27.37,27.61,6405700.0,0.0,1.0,27.045194528038,27.298773705005,26.694084898392,26.928157984823,6405700.0
2012-05-14,28.32,28.54,27.93,28.01,2025500.0,0.0,1.0,27.620624198848,27.835191194743,27.240255433397,27.318279795541,2025500.0
2012-05-11,28.42,29.24,28.27,28.72,1129800.0,0.0,1.0,27.718154651527,28.517904363499,27.571858972508,28.010746009566,1129800.0
2012-05-10,28.7,29.0,28.58,28.79,946700.0,0.0,1.0,27.99123991903,28.283831277069,27.874203375814,28.079017326441,946700.0
2012-05-09,28.24,29.03,27.89,28.53,2503800.0,0.0,1.0,27.542599836704,28.313090412872,27.201243252326,27.825438149475,2503800.0
2012-05-08,29.37,29.4,28.36,28.5,3359100.0,0.0,1.0,28.644693951983,28.673953087787,27.659636379919,27.796179013671,3359100.0
2012-05-07,29.37,29.89,29.02,29.65,699000.0,0.0,1.0,28.644693951983,29.151852305916,28.303337367604,28.917779219486,699000.0
2012-05-04,30.38,30.38,29.29,29.37,1582900.0,0.0,1.0,29.629751524046,29.629751524046,28.566669589839,28.644693951983,1582900.0
2012-05-03,30.8,30.9,30.34,30.45,2788200.0,0.0,1.0,30.0393794253,30.13690987798,29.590739342974,29.698022840922,2788200.0
2012-05-02,30.55,30.82,30.24,30.74,2937200.0,0.0,1.0,29.795553293601,30.058885515836,29.493208890295,29.980861153693,2937200.0
2012-05-01,30.79,31.26,30.53,30.86,1970100.0,0.0,1.0,30.029626380032,30.488019507626,29.776047203066,30.097897696908,1970100.0
2012-04-30,31.09,31.09,30.46,30.69,2173400.0,0.0,1.0,30.322217738071,30.322217738071,29.70777588619,29.932095927353,2173400.0
2012-04-27,30.75,31.13,30.52,31.11,3058000.0,0.0,1.0,29.990614198961,30.361229919143,29.766294157798,30.341723828607,3058000.0
2012-04-26,30.94,31.0,30.49,30.62,1832700.0,0.0,1.0,30.175922059052,30.234440330659,29.737035021994,29.863824610477,1832700.0
2012-04-25,30.5,30.95,30.5,30.85,2687800.0,0.0,1.0,29.746788067262,30.18567510432,29.746788067262,30.08814465164,2687800.0
2012-04-24,31.22,31.34,30.15,30.22,5682100.0,0.0,1.0,30.449007326554,30.56604386977,29.405431482883,29.473702799759,5682100.0
2012-04-23,31.41,31.9,31.35,31.5,1111200.0,0.0,1.0,30.634315186646,31.112214404775,30.575796915038,30.722092594057,1111200.0
2012-04-20,32.06,32.14,31.6,31.87,605000.0,0.0,1.0,31.268263129063,31.346287491206,30.819623046737,31.082955268971,605000.0
2012-04-19,32.26,32.77,31.5,31.86,1213800.0,0.0,1.0,31.463324034422,31.960729343087,30.722092594057,31.073202223704,1213800.0
2012-04-18,32.01,32.51,31.95,32.2,1154300.0,0.0,1.0,31.219497902723,31.707150166121,31.160979631115,31.404805762814,1154300.0
2012-04-17,32.34,32.84,31.91,32.11,5030200.0,0.0,1.0,31.541348396565,32.029000659963,31.121967450043,31.317028355402,5030200.0
2012-04-16,32.32,32.32,31.64,31.99,4461700.0,0.0,1.0,31.521842306029,31.521842306029,30.858635227809,31.199991812187,4461700.0
2012-04-13,31.56,31.97,31.44,31.85,973300.0,0.0,1.0,30.780610865665,31.180485721651,30.663574322449,31.063449178436,973300.0
2012-04-12,31.85,32.35,31.26,31.77,2220700.0,0.0,1.0,31.063449178436,31.551101441833,30.488019507626,30.985424816292,2220700.0
2012-04-11,31.17,31.68,30.93,31.49,2265800.0,0.0,1.0,30.400242100215,30.89764740888,30.166169013784,30.712339548789,2265800.0
2012-04-10,31.14,31.65,30.58,30.84,2021400.0,0.0,1.0,30.370982964411,30.868388273076,29.824812429405,30.078391606372,2021400.0
2012-04-09,31.24,31.57,31.15,31.27,1284700.0,0.0,1.0,30.46851341709,30.790363910933,30.380736009679,30.497772552894,1284700.0
2012-04-05,31.5,32.0,31.5,31.76,813000.0,0.0,1.0,30.722092594057,31.209744857455,30.722092594057,30.975671771024,813000.0
2012-04-04,31.06,31.67,30.75,31.63,2185400.0,0.0,1.0,30.292958602267,30.887894363612,29.990614198961,30.848882182541,2185400.0
2012-04-03,31.58,31.75,31.0,31.27,1203700.0,0.0,1.0,30.800116956201,30.965918725756,30.234440330659,30.497772552894,1203700.0
2012-04-02,31.7,31.76,31.47,31.55,2317300.0,0.0,1.0,30.917153499416,30.975671771024,30.692833458253,30.770857820397,2317300.0
2012-03-30,32.08,32.17,31.43,31.6,10099000.0,0.0,1.0,31.287769219599,31.37554662701,30.653821277181,30.819623046737,10099000.0
2012-03-29,32.4,32.4,31.4,31.77,1822300.0,0.0,1.0,31.599866668173,31.599866668173,30.624562141378,30.985424816292,1822300.0
2012-03-28,31.8,32.06,30.58,31.56,1451600.0,0.0,1.0,31.014683952096,31.268263129063,29.824812429405,30.780610865665,1451600.0
2012-03-27,32.23,32.61,31.71,31.91,1401600.0,0.0,1.0,31.434064898618,31.8046806188,30.926906544684,31.121967450043,1401600.0
2012-03-26,31.35,31.97,31.07,31.96,1234300.0,0.0,1.0,30.575796915038,31.180485721651,30.302711647535,31.170732676383,1234300.0
2012-03-23,30.93,31.08,30.39,30.97,722200.0,0.0,1.0,30.166169013784,30.312464692803,29.639504569314,30.205181194856,722200.0
2012-03-22,31.17,31.17,30.78,30.97,384400.0,0.0,1.0,30.400242100215,30.400242100215,30.019873334764,30.205181194856,384400.0
2012-03-21,31.39,31.74,31.14,31.26,879700.0,0.0,1.0,30.61480909611,30.956165680488,30.370982964411,30.488019507626,879700.0
2012-03-20,31.15,31.49,30.64,31.14,1751200.0,0.0,1.0,30.380736009679,30.712339548789,29.883330701013,30.370982964411,1751200.0
2012-03-19,31.93,32.06,31.48,31.55,2131200.0,0.0,1.0,31.141473540579,31.268263129063,30.702586503521,30.770857820397,2131200.0
2012-03-16,31.75,32.1,31.64,32.0,1708000.0,0.0,1.0,30.965918725756,31.307275310134,30.858635227809,31.209744857455,1708000.0
2012-03-15,31.9,32.13,31.61,31.72,1337300.0,0.0,1.0,31.112214404775,31.336534445938,30.829376092005,30.936659589952,1337300.0
2012-03-14,31.86,32.29,31.05,31.78,1888600.0,0.0,1.0,31.073202223704,31.492583170226,30.283205556999,30.99517786156,1888600.0
2012-03-13,32.04,32.06,31.67,31.95,1291600.0,0.0,1.0,31.248757038527,31.268263129063,30.887894363612,31.160979631115,1291600.0
2012-03-12,31.91,32.3,31.54,31.92,3487700.0,0.0,1.0,31.121967450043,31.502336215494,30.761104775129,31.131720495311,3487700.0
2012-03-09,31.55,31.9,31.45,31.83,640500.0,0.0,1.0,30.770857820397,31.112214404775,30.673327367717,31.0439430879,640500.0
2012-03-08,30.46,31.91,30.25,31.7,3596200.0,0.0,1.0,29.70777588619,31.121967450043,29.502961935563,30.917153499416,3596200.0
2012-03-07,29.8,30.87,29.8,30.01,681500.0,0.0,1.0,29.064074898505,30.107650742176,29.064074898505,29.268888849132,681500.0
2012-03-06,31.37,31.65,29.79,29.98,1050600.0,0.0,1.0,30.595303005574,30.868388273076,29.054321853237,29.239629713328,1050600.0
2012-03-05,32.3,32.63,31.35,31.64,1848400.0,0.0,1.0,31.502336215494,31.824186709336,30.575796915038,30.858635227809,1848400.0
2012-03-02,31.73,32.49,31.73,32.33,1627300.0,0.0,1.0,30.94641263522,31.687644075585,30.94641263522,31.531595351297,1627300.0
2012-03-01,32.13,32.49,31.37,32.0,2565300.0,0.0,1.0,31.336534445938,31.687644075585,30.595303005574,31.209744857455,2565300.0
2012-02-29,32.18,32.45,31.61,32.0,2462100.0,0.0,1.0,31.385299672278,31.648631894513,30.829376092005,31.209744857455,2462100.0
2012-02-28,31.47,32.18,31.4,31.88,1289800.0,0.0,1.0,30.692833458253,31.385299672278,30.624562141378,31.092708314239,1289800.0
2012-02-27,31.39,31.63,31.03,31.29,2161700.0,0.0,1.0,30.61480909611,30.848882182541,30.263699466463,30.51727864343,2161700.0
2012-02-24,30.95,31.75,30.8,31.39,1117000.0,0.0,1.0,30.18567510432,30.965918725756,30.0393794253,30.61480909611,1117000.0
2012-02-23,31.17,31.4,30.56,31.0,1172000.0,0.0,1.0,30.400242100215,30.624562141378,29.805306338869,30.234440330659,1172000.0
2012-02-22,31.05,31.35,30.31,31.02,1451700.0,0.0,1.0,30.283205556999,30.575796915038,29.561480207171,30.253946421195,1451700.0
2012-02-21,32.91,32.98,30.34,30.93,3841400.0,0.0,1.0,32.097271976839,32.165543293714,29.590739342974,30.166169013784,3841400.0
2012-02-17,30.56,31.5,30.17,31.29,4487500.0,0.0,1.0,29.805306338869,30.722092594057,29.424937573419,30.51727864343,4487500.0
2012-02-16,29.5,30.79,29.36,30.32,4869500.0,0.0,1.0,28.771483540466,30.029626380032,28.634940906715,29.571233252439,4869500.0
2012-02-15,29.24,29.81,29.13,29.38,4789300.0,0.0,1.0,28.517904363499,29.073827943773,28.410620865552,28.654446997251,4789300.0
2012-02-14,29.19,29.49,28.75,29.06,8621700.0,0.0,1.0,28.46913913716,28.761730495198,28.04000514537,28.342349548676,8621700.0
2012-02-13,30.01,30.25,29.93,30.01,1477600.0,0.0,1.0,29.268888849132,29.502961935563,29.190864486988,29.268888849132,1477600.0
2012-02-10,29.49,30.17,29.36,30.04,1489800.0,0.0,1.0,28.761730495198,29.424937573419,28.634940906715,29.298147984936,1489800.0
2012-02-09,29.99,30.02,29.42,29.8,1509800.0,0.0,1.0,29.249382758596,29.2786418944,28.693459178323,29.064074898505,1509800.0
2012-02-08,30.18,30.25,29.09,29.9,1511100.0,0.0,1.0,29.434690618687,29.502961935563,28.37160868448,29.161605351184,1511100.0
2012-02-07,30.5,30.5,29.68,30.08,791900.0,0.0,1.0,29.746788067262,29.746788067262,28.947038355289,29.337160166008,791900.0
2012-02-06,30.62,30.78,29.9,30.52,1650400.0,0.0,1.0,29.863824610477,30.019873334764,29.161605351184,29.766294157798,1650400.0
2012-02-03,29.24,31.03,29.22,30.75,2728300.0,0.0,1.0,28.517904363499,30.263699466463,28.498398272964,29.990614198961,2728300.0
2012-02-02,28.13,29.04,27.87,28.97,571700.0,0.0,1.0,27.435316338756,28.32284345814,27.18173716179,28.254572141265,571700.0
2012-02-01,27.13,28.69,26.99,28.59,713000.0,0.0,1.0,26.460011811961,27.981486873762,26.32346917821,27.883956421082,713000.0
2012-01-31,27.27,27.49,26.57,26.83,553600.0,0.0,1.0,26.596554445712,26.811121441607,25.913841276956,26.167420453922,553600.0
2012-01-30,27.15,27.55,26.57,27.08,675200.0,0.0,1.0,26.479517902497,26.869639713215,25.913841276956,26.411246585621,675200.0
2012-01-27,26.96,27.4,26.17,27.16,2554800.0,0.0,1.0,26.294210042406,26.723344034196,25.523719466237,26.489270947765,2554800.0
2012-01-26,25.85,26.64,25.17,25.95,801600.0,0.0,1.0,25.211622017663,25.982112593831,24.548414939442,25.309152470342,801600.0
2012-01-25,25.81,25.89,25.47,25.76,603700.0,0.0,1.0,25.172609836591,25.250634198735,24.841006297481,25.123844610251,603700.0
2012-01-24,25.3,25.87,25.18,25.81,408100.0,0.0,1.0,24.675204527925,25.231128108199,24.55816798471,25.172609836591,408100.0
2012-01-23,25.18,25.83,25.08,25.48,489600.0,0.0,1.0,24.55816798471,25.192115927127,24.46063753203,24.850759342748,489600.0
2012-01-20,25.02,25.2,24.94,25.1,532000.0,0.0,1.0,24.402119260423,24.577674075246,24.324094898279,24.480143622566,532000.0
2012-01-19,24.68,25.17,24.59,25.07,956500.0,0.0,1.0,24.070515721312,24.548414939442,23.982738313901,24.450884486762,956500.0
2012-01-18,24.21,25.0,24.21,24.5,569700.0,0.0,1.0,23.612122593718,24.382613169887,23.612122593718,23.894960906489,569700.0
2012-01-17,24.95,25.13,24.27,24.36,887800.0,0.0,1.0,24.333847943547,24.50940275837,23.670640865326,23.758418272738,887800.0
2012-01-13,24.53,25.32,24.28,24.8,540900.0,0.0,1.0,23.924220042293,24.694710618461,23.680393910594,24.187552264528,540900.0
2012-01-12,24.1,25.0,23.85,24.69,1013400.0,0.0,1.0,23.504839095771,24.382613169887,23.261012964072,24.08026876658,1013400.0
2012-01-11,23.8,24.02,23.59,23.95,227400.0,0.0,1.0,23.212247737732,23.426814733627,23.007433787105,23.358543416751,227400.0
2012-01-10,22.92,24.0,22.92,23.83,948800.0,0.0,1.0,22.353979754152,23.407308643091,22.353979754152,23.241506873536,948800.0
2012-01-09,22.61,22.71,22.48,22.71,418800.0,0.0,1.0,22.051635350845,22.149165803525,21.924845762362,22.149165803525,418800.0
2012-01-06,22.14,22.83,22.0,22.55,578900.0,0.0,1.0,21.593242223252,22.26620234674,21.4566995895,21.993117079238,578900.0
2012-01-05,22.44,22.44,21.76,22.14,672500.0,0.0,1.0,21.88583358129,21.88583358129,21.222626503069,21.593242223252,672500.0
2012-01-04,23.23,23.23,21.85,22.54,393700.0,0.0,1.0,22.656324157459,22.656324157459,21.310403910481,21.98336403397,393700.0
2012-01-03,22.11,22.93,21.76,22.24,980300.0,0.0,1.0,21.563983087448,22.36373279942,21.222626503069,21.690772675931,980300.0
2011-12-30,21.46,21.64,21.09,21.54,128000.0,0.0,1.0,20.930035145031,21.105589959854,20.569172470116,21.008059507174,128000.0
2011-12-29,21.22,21.43,21.02,21.42,289100.0,0.0,1.0,20.6959620586,20.900776009227,20.500901153241,20.891022963959,289100.0
2011-12-28,21.77,21.82,21.09,21.19,144800.0,0.0,1.0,21.232379548337,21.281144774677,20.569172470116,20.666702922796,144800.0
2011-12-27,22.89,22.89,21.38,21.65,443100.0,0.0,1.0,22.324720618348,22.324720618348,20.852010782887,21.115343005122,443100.0
2011-12-23,21.82,22.45,21.63,21.94,542500.0,0.0,1.0,21.281144774677,21.895586626558,21.095836914586,21.398181317893,542500.0
2011-12-22,21.43,21.85,21.43,21.79,374500.0,0.0,1.0,20.900776009227,21.310403910481,20.900776009227,21.251885638873,374500.0
2011-12-21,21.37,21.68,21.29,21.4,268600.0,0.0,1.0,20.842257737619,21.144602140926,20.764233375475,20.871516873423,268600.0
2011-12-20,21.43,21.69,21.17,21.5,320200.0,0.0,1.0,20.900776009227,21.154355186194,20.64719683226,20.969047326103,320200.0
2011-12-19,21.07,21.17,20.76,20.99,149000.0,0.0,1.0,20.54966637958,20.64719683226,20.247321976274,20.471642017437,149000.0
2011-12-16,20.96,21.5,20.74,20.97,210300.0,0.0,1.0,20.442382881633,20.969047326103,20.227815885738,20.452135926901,210300.0
2011-12-15,20.98,21.88,20.79,20.96,712900.0,0.0,1.0,20.461888972169,21.339663046285,20.276581112078,20.442382881633,712900.0
2011-12-14,21.08,21.19,20.55,20.64,1052600.0,0.0,1.0,20.559419424848,20.666702922796,20.042508025647,20.130285433058,1052600.0
2011-12-13,21.65,21.82,21.21,21.31,558700.0,0.0,1.0,21.115343005122,21.281144774677,20.686209013332,20.783739466011,558700.0
2011-12-12,21.4,21.59,21.25,21.51,431500.0,0.0,1.0,20.871516873423,21.056824733514,20.725221194404,20.97880037137,431500.0
2011-12-09,21.62,21.98,21.25,21.75,492700.0,0.0,1.0,21.086083869318,21.437193498964,20.725221194404,21.212873457801,492700.0
2011-12-08,21.72,21.94,21.62,21.69,377900.0,0.0,1.0,21.183614321998,21.398181317893,21.086083869318,21.154355186194,377900.0
2011-12-07,21.93,22.1,21.82,22.0,157600.0,0.0,1.0,21.388428272625,21.55423004218,21.281144774677,21.4566995895,157600.0
2011-12-06,21.64,22.25,21.61,22.13,524100.0,0.0,1.0,21.105589959854,21.700525721199,21.07633082405,21.583489177984,524100.0
2011-12-05,21.45,21.91,21.4,21.77,2067800.0,0.0,1.0,20.920282099763,21.368922182089,20.871516873423,21.232379548337,2067800.0
2011-12-02,20.95,21.45,20.9,21.37,584500.0,0.0,1.0,20.432629836365,20.920282099763,20.383864610025,20.842257737619,584500.0
2011-12-01,20.95,21.05,20.35,20.81,479900.0,0.0,1.0,20.432629836365,20.530160289045,19.847447120288,20.296087202614,479900.0
2011-11-30,20.15,21.46,20.12,20.84,569700.0,0.0,1.0,19.652386214929,20.930035145031,19.623127079125,20.325346338418,569700.0
2011-11-29,20.0,20.0,19.7,19.99,533900.0,0.0,1.0,19.506090535909,19.506090535909,19.213499177871,19.496337490641,533900.0
2011-11-28,19.86,20.32,19.67,20.04,700300.0,0.0,1.0,19.369547902158,19.818187984484,19.184240042067,19.545102716981,700300.0
2011-11-25,19.55,19.82,19.5,19.65,279600.0,0.0,1.0,19.067203498851,19.330535721086,19.018438272512,19.164733951531,279600.0
2011-11-23,19.7,19.75,19.22,19.63,1061400.0,0.0,1.0,19.213499177871,19.26226440421,18.745353005009,19.145227860995,1061400.0
2011-11-22,20.3,20.71,19.65,19.9,2988700.0,0.0,1.0,19.798681893948,20.198556749934,19.164733951531,19.40856008323,2988700.0
2011-11-21,21.0,21.23,20.02,20.3,2366400.0,0.0,1.0,20.481395062705,20.705715103868,19.525596626445,19.798681893948,2366400.0
2011-11-18,21.35,21.53,20.75,21.0,2718500.0,0.0,1.0,20.822751647083,20.998306461906,20.237568931006,20.481395062705,2718500.0
2011-11-17,21.25,21.92,21.25,21.33,17557500.0,0.0,1.0,20.725221194404,21.378675227357,20.725221194404,20.803245556547,17557500.0
