2014-10-24,141.55,145.45,140.81,144.96,131925.0,0.0,1.0,141.55,145.45,140.81,144.96,131925.0
2014-10-23,139.6,141.11,138.97,140.51,465137.0,0.0,1.0,139.6,141.11,138.97,140.51,465137.0
2014-10-22,141.16,142.842,138.56,138.76,79983.0,0.0,1.0,141.16,142.842,138.56,138.76,79983.0
2014-10-21,137.07,141.21,136.86,140.73,91599.0,0.0,1.0,137.07,141.21,136.86,140.73,91599.0
2014-10-20,138.32,138.37,134.92,136.8,157146.0,0.0,1.0,138.32,138.37,134.92,136.8,157146.0
2014-10-17,139.25,140.91,137.03,137.56,130077.0,0.0,1.0,139.25,140.91,137.03,137.56,130077.0
2014-10-16,129.02,136.99,128.51,136.68,193091.0,0.0,1.0,129.02,136.99,128.51,136.68,193091.0
2014-10-15,129.35,131.47,126.14,130.14,150417.0,0.0,1.0,129.35,131.47,126.14,130.14,150417.0
2014-10-14,129.0,131.5599,128.25,130.68,201962.0,0.0,1.0,129.0,131.5599,128.25,130.68,201962.0
2014-10-13,138.07,140.13,128.01,128.12,250769.0,0.0,1.0,138.07,140.13,128.01,128.12,250769.0
2014-10-10,141.68,142.84,137.41,137.67,101981.0,0.0,1.0,141.68,142.84,137.41,137.67,101981.0
2014-10-09,146.44,146.455,142.05,142.36,93321.0,0.0,1.0,146.44,146.455,142.05,142.36,93321.0
2014-10-08,143.36,145.5,142.83,145.49,57170.0,0.0,1.0,143.36,145.5,142.83,145.49,57170.0
2014-10-07,144.21,145.48,143.09,143.09,110587.0,0.0,1.0,144.21,145.48,143.09,143.09,110587.0
2014-10-06,146.61,148.4999,145.12,145.18,89544.0,0.0,1.0,146.61,148.4999,145.12,145.18,89544.0
2014-10-03,145.8,148.39,145.98,147.06,76249.0,0.0,1.0,145.8,148.39,145.98,147.06,76249.0
2014-10-01,149.28,150.75,144.04,144.6,143640.0,0.0,1.0,149.28,150.75,144.04,144.6,143640.0
2014-09-30,151.64,151.66,149.91,150.0,102164.0,0.0,1.0,151.64,151.66,149.91,150.0,102164.0
2014-09-29,148.82,151.29,148.32,151.22,67549.0,0.0,1.0,148.82,151.29,148.32,151.22,67549.0
2014-09-26,148.59,150.6,148.325,150.24,90388.0,0.0,1.0,148.59,150.6,148.325,150.24,90388.0
2014-09-25,148.55,149.41,147.7348,148.92,64155.0,0.0,1.0,148.55,149.41,147.7348,148.92,64155.0
2014-09-24,148.8,150.73,148.53,149.5,79238.0,0.0,1.0,148.8,150.73,148.53,149.5,79238.0
2014-09-23,150.66,151.45,148.66,148.74,83406.0,0.0,1.0,150.66,151.45,148.66,148.74,83406.0
2014-09-22,151.97,152.74,150.42,151.11,90477.0,0.0,1.0,151.97,152.74,150.42,151.11,90477.0
2014-09-19,154.11,154.08,150.78,153.37,213500.0,0.0,1.0,154.11,154.08,150.78,153.37,213500.0
2014-09-18,151.7,152.65,150.727,152.26,126456.0,0.0,1.0,151.7,152.65,150.727,152.26,126456.0
2014-09-17,151.96,152.26,150.06,151.09,90840.0,0.0,1.0,151.96,152.26,150.06,151.09,90840.0
2014-09-16,152.1,152.49,150.83,151.44,98264.0,0.0,1.0,152.1,152.49,150.83,151.44,98264.0
2014-09-15,150.72,152.24,150.065,151.72,90769.0,0.0,1.0,150.72,152.24,150.065,151.72,90769.0
2014-09-12,153.17,153.65,150.14,150.94,63360.0,0.0,1.0,153.17,153.65,150.14,150.94,63360.0
2014-09-11,153.04,154.17,151.6015,153.97,44222.0,0.0,1.0,153.04,154.17,151.6015,153.97,44222.0
2014-09-10,152.62,154.32,152.46,153.15,77083.0,0.0,1.0,152.62,154.32,152.46,153.15,77083.0
2014-09-09,154.88,155.35,153.9,154.16,102232.0,0.0,1.0,154.88,155.35,153.9,154.16,102232.0
2014-09-08,155.23,155.67,154.39,155.09,76245.0,0.0,1.0,155.23,155.67,154.39,155.09,76245.0
2014-09-05,154.75,156.0,154.22,155.18,84498.0,0.0,1.0,154.75,156.0,154.22,155.18,84498.0
2014-09-04,156.74,157.89,154.51,155.43,51900.0,0.0,1.0,156.74,157.89,154.51,155.43,51900.0
2014-09-03,158.03,158.9,156.58,157.33,118678.0,0.0,1.0,158.03,158.9,156.58,157.33,118678.0
2014-09-02,158.07,158.77,157.64,158.3,53025.0,0.0,1.0,158.07,158.77,157.64,158.3,53025.0
2014-08-29,157.27,158.44,156.37,158.37,49393.0,0.0,1.0,157.27,158.44,156.37,158.37,49393.0
2014-08-28,157.17,157.97,156.5001,156.7,67666.0,0.0,1.0,157.17,157.97,156.5001,156.7,67666.0
2014-08-27,159.4,159.67,157.98,158.0,69943.0,0.0,1.0,159.4,159.67,157.98,158.0,69943.0
2014-08-26,158.72,159.87,157.3,159.47,69181.0,0.0,1.0,158.72,159.87,157.3,159.47,69181.0
2014-08-25,157.93,158.87,156.544,158.14,60921.0,0.0,1.0,157.93,158.87,156.544,158.14,60921.0
2014-08-22,158.79,158.26,156.56,156.82,121420.0,0.0,1.0,158.79,158.26,156.56,156.82,121420.0
2014-08-21,159.33,160.02,158.22,158.22,78679.0,0.0,1.0,159.33,160.02,158.22,158.22,78679.0
2014-08-20,159.46,160.09,158.9,159.1,124410.0,0.0,1.0,159.46,160.09,158.9,159.1,124410.0
2014-08-19,160.04,160.62,159.91,160.0,99755.0,0.0,1.0,160.04,160.62,159.91,160.0,99755.0
2014-08-18,159.81,159.99,158.74,159.96,138248.0,0.0,1.0,159.81,159.99,158.74,159.96,138248.0
2014-08-15,159.32,159.625,157.95,159.11,68099.0,0.0,1.0,159.32,159.625,157.95,159.11,68099.0
2014-08-14,158.95,159.46,157.88,158.44,78442.0,0.0,1.0,158.95,159.46,157.88,158.44,78442.0
2014-08-13,157.17,159.86,156.12,159.19,141221.0,0.0,1.0,157.17,159.86,156.12,159.19,141221.0
2014-08-12,155.4,156.37,154.75,155.65,78146.0,0.0,1.0,155.4,156.37,154.75,155.65,78146.0
2014-08-11,156.01,156.78,155.07,155.2,113538.0,0.0,1.0,156.01,156.78,155.07,155.2,113538.0
2014-08-08,151.15,156.0,150.5,155.15,174869.0,0.0,1.0,151.15,156.0,150.5,155.15,174869.0
2014-08-07,149.95,150.99,149.22,149.99,123769.0,0.0,1.0,149.95,150.99,149.22,149.99,123769.0
2014-08-06,145.64,150.43,145.05,149.61,152952.0,0.0,1.0,145.64,150.43,145.05,149.61,152952.0
2014-08-05,146.67,147.66,145.33,145.81,65952.0,0.0,1.0,146.67,147.66,145.33,145.81,65952.0
2014-08-04,146.84,147.865,146.12,147.14,111627.0,0.0,1.0,146.84,147.865,146.12,147.14,111627.0
2014-08-01,146.2,146.63,143.77,146.12,108857.0,0.0,1.0,146.2,146.63,143.77,146.12,108857.0
2014-07-31,146.32,147.76,144.83,145.42,169160.0,0.0,1.0,146.32,147.76,144.83,145.42,169160.0
2014-07-30,150.57,150.72,147.38,148.07,140871.0,0.0,1.0,150.57,150.72,147.38,148.07,140871.0
2014-07-29,151.05,151.2,148.91,149.06,166749.0,0.0,1.0,151.05,151.2,148.91,149.06,166749.0
2014-07-28,151.64,151.96,150.59,151.09,47727.0,0.0,1.0,151.64,151.96,150.59,151.09,47727.0
2014-07-25,151.98,152.34,151.16,151.81,32374.0,0.0,1.0,151.98,152.34,151.16,151.81,32374.0
2014-07-24,150.88,152.84,150.39,152.63,78422.0,0.0,1.0,150.88,152.84,150.39,152.63,78422.0
2014-07-23,150.5,151.54,149.84,150.69,98607.0,0.0,1.0,150.5,151.54,149.84,150.69,98607.0
2014-07-22,151.875,151.98,150.43,150.68,73491.0,0.0,1.0,151.875,151.98,150.43,150.68,73491.0
2014-07-21,150.33,152.31,150.22,151.62,60285.0,0.0,1.0,150.33,152.31,150.22,151.62,60285.0
2014-07-18,151.7,152.718,151.05,151.77,76396.0,0.0,1.0,151.7,152.718,151.05,151.77,76396.0
2014-07-17,153.21,154.25,150.774,151.0,134374.0,0.0,1.0,153.21,154.25,150.774,151.0,134374.0
2014-07-16,154.6,154.88,152.97,153.68,60446.0,0.0,1.0,154.6,154.88,152.97,153.68,60446.0
2014-07-15,155.37,155.75,154.07,154.58,37014.0,0.0,1.0,155.37,155.75,154.07,154.58,37014.0
2014-07-14,154.38,156.04,153.59,155.85,42197.0,0.0,1.0,154.38,156.04,153.59,155.85,42197.0
2014-07-11,152.42,153.5,152.8,153.37,71343.0,0.0,1.0,152.42,153.5,152.8,153.37,71343.0
2014-07-10,154.46,155.12,152.9,153.03,137835.0,0.0,1.0,154.46,155.12,152.9,153.03,137835.0
2014-07-09,154.46,155.89,153.14,155.89,39144.0,0.0,1.0,154.46,155.89,153.14,155.89,39144.0
2014-07-08,154.27,154.75,153.06,153.81,67644.0,0.0,1.0,154.27,154.75,153.06,153.81,67644.0
2014-07-07,154.19,155.06,153.34,154.9,105473.0,0.0,1.0,154.19,155.06,153.34,154.9,105473.0
2014-07-03,156.74,157.4,153.335,154.74,176833.0,0.0,1.0,156.74,157.4,153.335,154.74,176833.0
2014-07-02,157.97,158.704,156.22,157.5,91865.0,0.0,1.0,157.97,158.704,156.22,157.5,91865.0
2014-07-01,157.12,158.98,156.85,157.65,101341.0,0.0,1.0,157.12,158.98,156.85,157.65,101341.0
2014-06-30,157.9,158.02,155.83,157.83,153812.0,0.0,1.0,157.9,158.02,155.83,157.83,153812.0
2014-06-27,152.45,158.11,151.54,158.11,530203.0,0.0,1.0,152.45,158.11,151.54,158.11,530203.0
2014-06-26,150.53,153.21,150.27,152.56,70878.0,0.0,1.0,150.53,153.21,150.27,152.56,70878.0
2014-06-25,150.54,152.16,149.76,151.71,64407.0,0.0,1.0,150.54,152.16,149.76,151.71,64407.0
2014-06-24,149.72,152.28,148.34,150.82,92274.0,0.0,1.0,149.72,152.28,148.34,150.82,92274.0
2014-06-23,149.37,149.74,147.9001,149.52,61223.0,0.0,1.0,149.37,149.74,147.9001,149.52,61223.0
2014-06-20,148.79,149.6,147.41,148.58,134797.0,0.0,1.0,148.79,149.6,147.41,148.58,134797.0
2014-06-19,147.08,150.1,146.14,149.54,60300.0,0.0,1.0,147.08,150.1,146.14,149.54,60300.0
2014-06-18,147.17,148.25,146.48,147.31,90544.0,0.0,1.0,147.17,148.25,146.48,147.31,90544.0
2014-06-17,146.89,147.94,145.82,146.93,53455.0,0.0,1.0,146.89,147.94,145.82,146.93,53455.0
2014-06-16,146.4,147.34,145.44,146.97,76056.0,0.0,1.0,146.4,147.34,145.44,146.97,76056.0
2014-06-13,146.33,147.37,145.5,146.96,80355.0,0.0,1.0,146.33,147.37,145.5,146.96,80355.0
2014-06-12,147.5,147.66,146.25,146.69,124586.0,0.0,1.0,147.5,147.66,146.25,146.69,124586.0
2014-06-11,147.23,147.9165,146.16,147.78,87143.0,0.0,1.0,147.23,147.9165,146.16,147.78,87143.0
2014-06-10,147.59,148.45,146.12,148.0,106721.0,0.0,1.0,147.59,148.45,146.12,148.0,106721.0
2014-06-09,148.31,149.26,147.45,147.56,109420.0,0.0,1.0,148.31,149.26,147.45,147.56,109420.0
2014-06-06,149.37,150.24,148.92,149.21,82877.0,0.0,1.0,149.37,150.24,148.92,149.21,82877.0
2014-06-05,146.53,149.4,145.87,148.67,106214.0,0.0,1.0,146.53,149.4,145.87,148.67,106214.0
2014-06-04,148.62,148.66,146.5,146.77,117080.0,0.0,1.0,148.62,148.66,146.5,146.77,117080.0
2014-06-03,146.37,148.97,145.8923,148.64,81102.0,0.0,1.0,146.37,148.97,145.8923,148.64,81102.0
2014-06-02,147.49,148.0,145.9,146.96,95870.0,0.0,1.0,147.49,148.0,145.9,146.96,95870.0
2014-05-30,147.37,148.46,146.105,148.08,108592.0,0.0,1.0,147.37,148.46,146.105,148.08,108592.0
2014-05-29,147.01,148.11,145.781,147.58,84818.0,0.0,1.0,147.01,148.11,145.781,147.58,84818.0
2014-05-28,149.71,149.16,146.96,147.15,131379.0,0.0,1.0,149.71,149.16,146.96,147.15,131379.0
2014-05-27,149.52,150.23,148.8,149.33,141310.0,0.0,1.0,149.52,150.23,148.8,149.33,141310.0
2014-05-23,148.2,149.17,147.274,149.07,102114.0,0.0,1.0,148.2,149.17,147.274,149.07,102114.0
2014-05-22,147.86,148.94,147.0,148.68,43784.0,0.0,1.0,147.86,148.94,147.0,148.68,43784.0
2014-05-21,148.63,149.75,146.91,147.64,114791.0,0.0,1.0,148.63,149.75,146.91,147.64,114791.0
2014-05-20,151.18,151.18,147.792,148.62,151223.0,0.0,1.0,151.18,151.18,147.792,148.62,151223.0
2014-05-16,146.04,146.5,144.87,145.9,144678.0,0.0,1.0,146.04,146.5,144.87,145.9,144678.0
2014-05-15,145.87,146.54,145.2225,146.26,134495.0,0.0,1.0,145.87,146.54,145.2225,146.26,134495.0
2014-05-14,146.97,147.96,146.33,146.75,59759.0,0.0,1.0,146.97,147.96,146.33,146.75,59759.0
2014-05-13,149.47,149.69,147.12,147.36,180849.0,0.0,1.0,149.47,149.69,147.12,147.36,180849.0
2014-05-12,145.75,149.29,145.69,148.85,112401.0,0.0,1.0,145.75,149.29,145.69,148.85,112401.0
2014-05-08,146.59,149.66,147.73,149.11,211293.0,0.0,1.0,146.59,149.66,147.73,149.11,211293.0
2014-05-07,147.82,148.76,147.1,148.57,142454.0,0.0,1.0,147.82,148.76,147.1,148.57,142454.0
2014-05-06,148.03,148.59,147.39,147.87,177791.0,0.0,1.0,148.03,148.59,147.39,147.87,177791.0
2014-05-05,144.59,148.1547,144.27,147.5,88941.0,0.0,1.0,144.59,148.1547,144.27,147.5,88941.0
2014-05-02,144.26,147.36,143.99,146.34,103739.0,0.0,1.0,144.26,147.36,143.99,146.34,103739.0
2014-05-01,142.5,144.372,141.87,144.07,119833.0,0.0,1.0,142.5,144.372,141.87,144.07,119833.0
2014-04-30,140.42,142.76,140.47,142.76,115259.0,0.0,1.0,140.42,142.76,140.47,142.76,115259.0
2014-04-29,139.52,141.23,139.43,140.7,199606.0,0.0,1.0,139.52,141.23,139.43,140.7,199606.0
2014-04-28,139.6,141.14,138.0,139.6,118038.0,0.0,1.0,139.6,141.14,138.0,139.6,118038.0
2014-04-25,140.34,141.6,138.925,139.18,82536.0,0.0,1.0,140.34,141.6,138.925,139.18,82536.0
2014-04-24,141.02,143.0499,140.2,141.93,76972.0,0.0,1.0,141.02,143.0499,140.2,141.93,76972.0
2014-04-23,143.1,144.11,141.4,141.64,101274.0,0.0,1.0,143.1,144.11,141.4,141.64,101274.0
2014-04-22,141.0,144.56,140.31,143.88,182917.0,0.0,1.0,141.0,144.56,140.31,143.88,182917.0
2014-04-21,140.81,141.4656,139.41,141.1,126505.0,0.0,1.0,140.81,141.4656,139.41,141.1,126505.0
2014-04-17,139.98,140.68,138.48,140.15,161821.0,0.0,1.0,139.98,140.68,138.48,140.15,161821.0
2014-04-16,138.19,140.7,138.19,140.52,164303.0,0.0,1.0,138.19,140.7,138.19,140.52,164303.0
2014-04-15,139.62,140.85,136.73,137.84,222908.0,0.0,1.0,139.62,140.85,136.73,137.84,222908.0
2014-04-14,141.44,141.76,137.51,139.28,227600.0,0.0,1.0,141.44,141.76,137.51,139.28,227600.0
2014-04-11,140.0,142.87,140.0,141.12,175400.0,0.0,1.0,140.0,142.87,140.0,141.12,175400.0
2014-04-10,142.7,142.86,139.81,140.68,171600.0,0.0,1.0,142.7,142.86,139.81,140.68,171600.0
2014-04-09,143.46,143.85,142.06,142.84,113100.0,0.0,1.0,143.46,143.85,142.06,142.84,113100.0
2014-04-08,140.35,143.65,139.49,143.45,237700.0,0.0,1.0,140.35,143.65,139.49,143.45,237700.0
2014-04-07,144.0,144.0,139.92,140.39,221900.0,0.0,1.0,144.0,144.0,139.92,140.39,221900.0
2014-04-04,145.25,146.65,143.81,144.34,177900.0,0.0,1.0,145.25,146.65,143.81,144.34,177900.0
2014-04-03,144.58,145.24,144.2,144.6,123900.0,0.0,1.0,144.58,145.24,144.2,144.6,123900.0
2014-04-02,143.75,145.74,143.0,145.14,208500.0,0.0,1.0,143.75,145.74,143.0,145.14,208500.0
2014-04-01,142.9,144.65,142.37,143.33,150800.0,0.0,1.0,142.9,144.65,142.37,143.33,150800.0
2014-03-31,141.16,142.71,140.14,142.71,160700.0,0.0,1.0,141.16,142.71,140.14,142.71,160700.0
2014-03-28,139.54,141.25,138.67,140.37,118700.0,0.0,1.0,139.54,141.25,138.67,140.37,118700.0
2014-03-27,138.39,139.7,138.25,139.15,141800.0,0.0,1.0,138.39,139.7,138.25,139.15,141800.0
2014-03-26,140.73,140.75,137.88,138.91,289800.0,0.0,1.0,140.73,140.75,137.88,138.91,289800.0
2014-03-25,142.59,142.59,140.5,140.68,73600.0,0.0,1.0,142.59,142.59,140.5,140.68,73600.0
2014-03-24,144.58,144.98,140.94,141.43,124900.0,0.0,1.0,144.58,144.98,140.94,141.43,124900.0
2014-03-21,141.88,144.44,141.88,143.97,308400.0,0.0,1.0,141.88,144.44,141.88,143.97,308400.0
2014-03-20,141.5,142.42,140.11,141.62,89900.0,0.0,1.0,141.5,142.42,140.11,141.62,89900.0
2014-03-19,143.83,144.64,140.35,141.9,128600.0,0.0,1.0,143.83,144.64,140.35,141.9,128600.0
2014-03-18,144.59,145.6,143.35,143.65,157000.0,0.0,1.0,144.59,145.6,143.35,143.65,157000.0
2014-03-17,145.89,146.99,144.05,144.56,174800.0,0.0,1.0,145.89,146.99,144.05,144.56,174800.0
2014-03-14,144.99,146.96,144.83,145.24,148100.0,0.0,1.0,144.99,146.96,144.83,145.24,148100.0
2014-03-13,146.32,146.41,144.58,145.39,243500.0,0.0,1.0,146.32,146.41,144.58,145.39,243500.0
2014-03-12,143.65,145.61,142.65,145.49,126900.0,0.0,1.0,143.65,145.61,142.65,145.49,126900.0
2014-03-11,142.7,145.29,142.04,144.63,204800.0,0.0,1.0,142.7,145.29,142.04,144.63,204800.0
2014-03-10,143.73,145.12,141.8,142.89,169400.0,0.0,1.0,143.73,145.12,141.8,142.89,169400.0
2014-03-07,147.0,147.72,143.18,144.46,162900.0,0.0,1.0,147.0,147.72,143.18,144.46,162900.0
2014-03-06,142.58,146.57,141.69,146.57,225300.0,0.0,1.0,142.58,146.57,141.69,146.57,225300.0
2014-03-05,141.35,142.87,140.21,142.55,173200.0,0.0,1.0,141.35,142.87,140.21,142.55,173200.0
2014-03-04,141.12,142.64,140.34,141.55,130600.0,0.0,1.0,141.12,142.64,140.34,141.55,130600.0
2014-03-03,136.5,139.85,135.81,139.7,119600.0,0.0,1.0,136.5,139.85,135.81,139.7,119600.0
2014-02-28,136.5,139.38,135.27,138.03,754200.0,0.0,1.0,136.5,139.38,135.27,138.03,754200.0
2014-02-27,135.28,136.81,134.58,135.22,85900.0,0.0,1.0,135.28,136.81,134.58,135.22,85900.0
2014-02-26,135.81,136.26,134.62,135.3,144300.0,0.0,1.0,135.81,136.26,134.62,135.3,144300.0
2014-02-25,136.56,136.56,134.3,135.59,119100.0,0.0,1.0,136.56,136.56,134.3,135.59,119100.0
2014-02-24,134.99,137.27,134.27,136.18,152300.0,0.0,1.0,134.99,137.27,134.27,136.18,152300.0
2014-02-21,133.16,135.05,133.0,134.94,155800.0,0.0,1.0,133.16,135.05,133.0,134.94,155800.0
2014-02-20,132.52,133.68,131.67,132.6,140200.0,0.0,1.0,132.52,133.68,131.67,132.6,140200.0
2014-02-19,132.49,134.34,131.63,132.0,127600.0,0.0,1.0,132.49,134.34,131.63,132.0,127600.0
2014-02-18,129.46,132.84,129.14,132.68,107900.0,0.0,1.0,129.46,132.84,129.14,132.68,107900.0
2014-02-14,128.74,129.27,127.24,129.01,113400.0,0.0,1.0,128.74,129.27,127.24,129.01,113400.0
2014-02-13,129.81,130.83,128.48,128.58,136700.0,0.0,1.0,129.81,130.83,128.48,128.58,136700.0
2014-02-12,128.5,132.64,128.5,130.9,172900.0,0.0,1.0,128.5,132.64,128.5,130.9,172900.0
2014-02-11,126.81,129.9,126.81,128.5,98200.0,0.0,1.0,126.81,129.9,126.81,128.5,98200.0
2014-02-10,126.51,127.62,125.13,126.85,83200.0,0.0,1.0,126.51,127.62,125.13,126.85,83200.0
2014-02-07,127.29,128.17,125.29,126.11,116300.0,0.0,1.0,127.29,128.17,125.29,126.11,116300.0
2014-02-06,122.69,126.6,122.58,126.27,138900.0,0.0,1.0,122.69,126.6,122.58,126.27,138900.0
2014-02-05,122.6,122.6,119.37,122.11,193400.0,0.0,1.0,122.6,122.6,119.37,122.11,193400.0
2014-02-04,121.38,124.48,121.0,122.53,158200.0,0.0,1.0,121.38,124.48,121.0,122.53,158200.0
2014-02-03,124.59,125.73,119.99,120.52,125800.0,0.0,1.0,124.59,125.73,119.99,120.52,125800.0
2014-01-31,122.99,125.78,122.24,124.77,108200.0,0.0,1.0,122.99,125.78,122.24,124.77,108200.0
2014-01-30,125.96,125.96,123.83,124.14,141800.0,0.0,1.0,125.96,125.96,123.83,124.14,141800.0
2014-01-29,124.23,125.81,123.03,124.82,155100.0,0.0,1.0,124.23,125.81,123.03,124.82,155100.0
2014-01-28,122.31,125.21,122.23,125.0,141200.0,0.0,1.0,122.31,125.21,122.23,125.0,141200.0
2014-01-27,123.78,124.76,119.04,122.01,151700.0,0.0,1.0,123.78,124.76,119.04,122.01,151700.0
2014-01-24,126.0,126.41,122.5,123.63,210800.0,0.0,1.0,126.0,126.41,122.5,123.63,210800.0
2014-01-23,124.43,126.93,124.43,126.7,133100.0,0.0,1.0,124.43,126.93,124.43,126.7,133100.0
2014-01-22,124.25,125.98,124.25,125.63,98100.0,0.0,1.0,124.25,125.98,124.25,125.63,98100.0
2014-01-21,124.5,124.5,123.11,123.66,396300.0,0.0,1.0,124.5,124.5,123.11,123.66,396300.0
2014-01-17,122.9,124.87,122.28,123.07,311400.0,0.0,1.0,122.9,124.87,122.28,123.07,311400.0
2014-01-16,122.0,122.71,121.54,122.66,136800.0,0.0,1.0,122.0,122.71,121.54,122.66,136800.0
2014-01-15,122.33,123.99,121.36,122.0,121000.0,0.0,1.0,122.33,123.99,121.36,122.0,121000.0
2014-01-14,120.45,122.84,120.35,122.51,85700.0,0.0,1.0,120.45,122.84,120.35,122.51,85700.0
2014-01-13,122.33,123.31,119.95,120.36,1635500.0,0.0,1.0,122.33,123.31,119.95,120.36,1635500.0
2014-01-10,122.33,123.12,121.26,122.38,103100.0,0.0,1.0,122.33,123.12,121.26,122.38,103100.0
2014-01-09,121.65,122.83,120.9,122.05,119200.0,0.0,1.0,121.65,122.83,120.9,122.05,119200.0
2014-01-08,119.96,121.51,118.9,121.03,125000.0,0.0,1.0,119.96,121.51,118.9,121.03,125000.0
2014-01-07,119.42,121.15,118.22,119.73,106400.0,0.0,1.0,119.42,121.15,118.22,119.73,106400.0
2014-01-06,119.91,119.91,117.6,119.21,121900.0,0.0,1.0,119.91,119.91,117.6,119.21,121900.0
2014-01-03,117.5,119.67,117.5,119.29,102400.0,0.0,1.0,117.5,119.67,117.5,119.29,102400.0
2014-01-02,119.12,120.81,116.22,118.04,171400.0,0.0,1.0,119.12,120.81,116.22,118.04,171400.0
2013-12-31,118.64,120.17,118.29,120.1,1640700.0,0.0,1.0,118.64,120.17,118.29,120.1,1640700.0
2013-12-30,116.41,118.65,116.27,118.54,106200.0,0.0,1.0,116.41,118.65,116.27,118.54,106200.0
2013-12-27,117.36,117.55,116.01,116.51,66600.0,0.0,1.0,117.36,117.55,116.01,116.51,66600.0
2013-12-26,118.27,118.27,116.63,117.43,81500.0,0.0,1.0,118.27,118.27,116.63,117.43,81500.0
2013-12-24,116.22,117.74,115.61,117.69,48800.0,0.0,1.0,116.22,117.74,115.61,117.69,48800.0
2013-12-23,114.12,116.25,114.0,116.22,115800.0,0.0,1.0,114.12,116.25,114.0,116.22,115800.0
2013-12-20,112.34,113.33,110.66,113.27,140600.0,0.0,1.0,112.34,113.33,110.66,113.27,140600.0
2013-12-19,112.37,112.6,110.43,111.84,123500.0,0.0,1.0,112.37,112.6,110.43,111.84,123500.0
2013-12-18,110.17,112.81,109.43,112.44,156200.0,0.0,1.0,110.17,112.81,109.43,112.44,156200.0
2013-12-17,111.32,112.13,110.31,110.58,124500.0,0.0,1.0,111.32,112.13,110.31,110.58,124500.0
2013-12-16,110.25,112.87,110.03,111.49,159700.0,0.0,1.0,110.25,112.87,110.03,111.49,159700.0
2013-12-13,108.64,110.56,107.82,109.93,150300.0,0.0,1.0,108.64,110.56,107.82,109.93,150300.0
2013-12-12,109.17,110.0,108.26,108.79,252300.0,0.0,1.0,109.17,110.0,108.26,108.79,252300.0
2013-12-11,110.92,110.98,109.1,109.57,166800.0,0.0,1.0,110.92,110.98,109.1,109.57,166800.0
2013-12-10,110.42,111.39,110.33,110.53,133900.0,0.0,1.0,110.42,111.39,110.33,110.53,133900.0
2013-12-09,111.65,112.19,110.6,111.3,119200.0,0.0,1.0,111.65,112.19,110.6,111.3,119200.0
2013-12-06,112.0,112.84,110.83,111.59,131000.0,0.0,1.0,112.0,112.84,110.83,111.59,131000.0
2013-12-05,111.65,113.76,110.54,110.81,261300.0,0.0,1.0,111.65,113.76,110.54,110.81,261300.0
2013-12-04,114.44,115.56,110.34,111.67,194600.0,0.0,1.0,114.44,115.56,110.34,111.67,194600.0
2013-12-03,115.76,116.18,114.09,114.13,170900.0,0.0,1.0,115.76,116.18,114.09,114.13,170900.0
2013-12-02,114.37,115.28,113.49,115.04,143800.0,0.0,1.0,114.37,115.28,113.49,115.04,143800.0
2013-11-29,113.47,114.23,112.84,114.12,499200.0,0.0,1.0,113.47,114.23,112.84,114.12,499200.0
2013-11-27,111.17,113.52,110.56,113.08,95600.0,0.0,1.0,111.17,113.52,110.56,113.08,95600.0
2013-11-26,111.05,111.55,110.18,110.81,132200.0,0.0,1.0,111.05,111.55,110.18,110.81,132200.0
2013-11-25,114.09,114.73,110.91,111.17,141500.0,0.0,1.0,114.09,114.73,110.91,111.17,141500.0
2013-11-22,110.7,114.01,110.32,113.75,209800.0,0.0,1.0,110.7,114.01,110.32,113.75,209800.0
2013-11-21,107.56,110.61,107.37,110.39,442600.0,0.0,1.0,107.56,110.61,107.37,110.39,442600.0
2013-11-20,107.65,108.44,105.51,105.97,86100.0,0.0,1.0,107.65,108.44,105.51,105.97,86100.0
2013-11-19,109.65,110.32,107.07,107.5,118400.0,0.0,1.0,109.65,110.32,107.07,107.5,118400.0
2013-11-18,110.73,111.49,109.76,110.0,198700.0,0.0,1.0,110.73,111.49,109.76,110.0,198700.0
2013-11-15,111.09,111.31,110.18,110.5,215000.0,0.0,1.0,111.09,111.31,110.18,110.5,215000.0
2013-11-14,110.0,113.47,110.0,111.29,116400.0,0.0,1.0,110.0,113.47,110.0,111.29,116400.0
2013-11-13,111.42,112.53,110.2,110.75,175000.0,0.0,1.0,111.42,112.53,110.2,110.75,175000.0
2013-11-12,114.41,115.0,111.04,111.67,80400.0,0.0,1.0,114.41,115.0,111.04,111.67,80400.0
2013-11-11,113.54,115.35,113.31,114.41,79200.0,0.0,1.0,113.54,115.35,113.31,114.41,79200.0
2013-11-08,112.01,114.44,110.05,113.28,123100.0,0.0,1.0,112.01,114.44,110.05,113.28,123100.0
2013-11-07,116.96,116.96,112.76,113.62,112700.0,0.0,1.0,116.96,116.96,112.76,113.62,112700.0
2013-11-06,118.21,118.5,115.58,116.26,64800.0,0.0,1.0,118.21,118.5,115.58,116.26,64800.0
2013-11-05,116.63,117.97,115.9,117.4,79500.0,0.0,1.0,116.63,117.97,115.9,117.4,79500.0
2013-11-04,118.12,118.12,116.24,116.99,52700.0,0.0,1.0,118.12,118.12,116.24,116.99,52700.0
2013-11-01,116.78,118.58,115.28,116.78,82800.0,0.0,1.0,116.78,118.58,115.28,116.78,82800.0
2013-10-31,116.45,117.75,116.11,117.05,78600.0,0.0,1.0,116.45,117.75,116.11,117.05,78600.0
2013-10-30,118.5,118.62,116.28,117.23,55400.0,0.0,1.0,118.5,118.62,116.28,117.23,55400.0
2013-10-29,119.12,119.49,117.03,118.72,74400.0,0.0,1.0,119.12,119.49,117.03,118.72,74400.0
2013-10-28,119.5,120.18,118.26,119.23,148900.0,0.0,1.0,119.5,120.18,118.26,119.23,148900.0
2013-10-25,121.13,121.68,119.61,120.0,86900.0,0.0,1.0,121.13,121.68,119.61,120.0,86900.0
2013-10-24,118.0,121.65,117.75,121.13,437900.0,0.0,1.0,118.0,121.65,117.75,121.13,437900.0
2013-10-23,116.67,118.45,115.75,117.87,128000.0,0.0,1.0,116.67,118.45,115.75,117.87,128000.0
2013-10-22,114.04,116.99,114.04,116.77,80400.0,0.0,1.0,114.04,116.99,114.04,116.77,80400.0
2013-10-21,114.75,114.87,113.22,113.99,103600.0,0.0,1.0,114.75,114.87,113.22,113.99,103600.0
2013-10-18,115.53,115.79,114.38,114.73,128000.0,0.0,1.0,115.53,115.79,114.38,114.73,128000.0
2013-10-17,112.75,115.8,112.4,115.53,118500.0,0.0,1.0,112.75,115.8,112.4,115.53,118500.0
2013-10-16,112.24,113.27,111.47,112.69,77200.0,0.0,1.0,112.24,113.27,111.47,112.69,77200.0
2013-10-15,113.32,114.1,111.12,111.12,168000.0,0.0,1.0,113.32,114.1,111.12,111.12,168000.0
2013-10-14,112.4,114.4,111.46,113.71,113800.0,0.0,1.0,112.4,114.4,111.46,113.71,113800.0
2013-10-11,111.8,113.13,110.8,112.74,94100.0,0.0,1.0,111.8,113.13,110.8,112.74,94100.0
2013-10-10,109.65,112.82,109.65,112.18,108700.0,0.0,1.0,109.65,112.82,109.65,112.18,108700.0
2013-10-09,112.66,112.66,107.74,108.28,204700.0,0.0,1.0,112.66,112.66,107.74,108.28,204700.0
2013-10-08,115.24,116.2,111.64,112.32,113500.0,0.0,1.0,115.24,116.2,111.64,112.32,113500.0
2013-10-07,116.0,116.98,115.32,115.91,66200.0,0.0,1.0,116.0,116.98,115.32,115.91,66200.0
2013-10-04,115.86,117.37,115.53,116.96,98900.0,0.0,1.0,115.86,117.37,115.53,116.96,98900.0
2013-10-03,116.3,116.84,113.92,116.35,99200.0,0.0,1.0,116.3,116.84,113.92,116.35,99200.0
2013-10-02,116.26,116.71,114.7,115.69,104300.0,0.0,1.0,116.26,116.71,114.7,115.69,104300.0
2013-10-01,112.16,116.97,112.16,116.53,137400.0,0.0,1.0,112.16,116.97,112.16,116.53,137400.0
2013-09-30,113.2,113.2,111.12,112.37,80200.0,0.0,1.0,113.2,113.2,111.12,112.37,80200.0
2013-09-27,112.93,114.7,112.37,114.1,69700.0,0.0,1.0,112.93,114.7,112.37,114.1,69700.0
2013-09-26,114.67,114.7,113.36,114.01,84000.0,0.0,1.0,114.67,114.7,113.36,114.01,84000.0
2013-09-25,110.25,114.78,109.87,114.06,155500.0,0.0,1.0,110.25,114.78,109.87,114.06,155500.0
2013-09-24,108.63,110.71,107.56,109.85,162400.0,0.0,1.0,108.63,110.71,107.56,109.85,162400.0
2013-09-23,108.6,109.8,106.43,108.41,126500.0,0.0,1.0,108.6,109.8,106.43,108.41,126500.0
2013-09-20,110.05,110.05,107.88,108.6,142400.0,0.0,1.0,110.05,110.05,107.88,108.6,142400.0
2013-09-19,112.33,113.15,109.54,109.75,127200.0,0.0,1.0,112.33,113.15,109.54,109.75,127200.0
2013-09-18,108.73,111.79,107.4,111.25,181400.0,0.0,1.0,108.73,111.79,107.4,111.25,181400.0
2013-09-17,108.2,108.5,107.4,108.01,95400.0,0.0,1.0,108.2,108.5,107.4,108.01,95400.0
2013-09-16,109.0,109.56,107.59,107.86,80100.0,0.0,1.0,109.0,109.56,107.59,107.86,80100.0
2013-09-13,108.4,109.71,107.28,107.44,63300.0,0.0,1.0,108.4,109.71,107.28,107.44,63300.0
2013-09-12,111.0,111.81,108.32,108.5,82200.0,0.0,1.0,111.0,111.81,108.32,108.5,82200.0
2013-09-11,109.69,111.3,108.81,110.47,60600.0,0.0,1.0,109.69,111.3,108.81,110.47,60600.0
2013-09-10,109.03,110.17,108.38,109.72,98300.0,0.0,1.0,109.03,110.17,108.38,109.72,98300.0
2013-09-09,104.52,108.59,104.5,108.09,184500.0,0.0,1.0,104.52,108.59,104.5,108.09,184500.0
2013-09-06,104.83,106.07,102.86,104.18,55700.0,0.0,1.0,104.83,106.07,102.86,104.18,55700.0
2013-09-05,106.22,106.22,103.37,103.77,142000.0,0.0,1.0,106.22,106.22,103.37,103.77,142000.0
2013-09-04,104.17,106.35,104.17,105.47,228100.0,0.0,1.0,104.17,106.35,104.17,105.47,228100.0
2013-09-03,106.9,106.93,103.18,104.38,161000.0,0.0,1.0,106.9,106.93,103.18,104.38,161000.0
2013-08-30,104.5,104.78,100.35,102.2,122500.0,0.0,1.0,104.5,104.78,100.35,102.2,122500.0
2013-08-29,103.27,104.68,103.03,104.22,77100.0,0.0,1.0,103.27,104.68,103.03,104.22,77100.0
2013-08-28,104.75,104.75,103.01,103.19,88000.0,0.0,1.0,104.75,104.75,103.01,103.19,88000.0
2013-08-27,105.52,106.31,104.65,105.29,107200.0,0.0,1.0,105.52,106.31,104.65,105.29,107200.0
2013-08-26,108.09,108.54,106.04,106.46,48300.0,0.0,1.0,108.09,108.54,106.04,106.46,48300.0
2013-08-23,107.31,107.9,105.55,107.74,43200.0,0.0,1.0,107.31,107.9,105.55,107.74,43200.0
2013-08-22,106.65,107.21,105.0,107.21,126900.0,0.0,1.0,106.65,107.21,105.0,107.21,126900.0
2013-08-21,105.07,105.95,103.38,105.44,272900.0,0.0,1.0,105.07,105.95,103.38,105.44,272900.0
2013-08-20,101.41,105.66,101.15,105.13,217900.0,0.0,1.0,101.41,105.66,101.15,105.13,217900.0
2013-08-19,104.77,104.78,101.01,101.52,188300.0,0.0,1.0,104.77,104.78,101.01,101.52,188300.0
2013-08-16,103.01,106.34,103.01,104.38,133300.0,0.0,1.0,103.01,106.34,103.01,104.38,133300.0
2013-08-15,105.48,105.93,102.29,102.44,183700.0,0.0,1.0,105.48,105.93,102.29,102.44,183700.0
2013-08-14,106.85,108.05,104.72,106.7,208500.0,0.0,1.0,106.85,108.05,104.72,106.7,208500.0
2013-08-13,110.0,110.62,106.74,106.85,137000.0,0.0,1.0,110.0,110.62,106.74,106.85,137000.0
2013-08-12,111.42,111.47,108.99,109.96,93200.0,0.0,1.0,111.42,111.47,108.99,109.96,93200.0
2013-08-09,111.65,112.76,111.08,111.72,59800.0,0.0,1.0,111.65,112.76,111.08,111.72,59800.0
2013-08-08,113.52,113.52,109.16,112.05,73800.0,0.0,1.0,113.52,113.52,109.16,112.05,73800.0
2013-08-07,108.5,109.97,107.85,108.92,64800.0,0.0,1.0,108.5,109.97,107.85,108.92,64800.0
2013-08-06,112.85,113.39,110.02,110.27,78500.0,0.0,1.0,112.85,113.39,110.02,110.27,78500.0
2013-08-05,110.8,113.63,110.67,113.12,97100.0,0.0,1.0,110.8,113.63,110.67,113.12,97100.0
2013-08-02,110.69,111.93,110.23,111.7,90900.0,0.0,1.0,110.69,111.93,110.23,111.7,90900.0
2013-08-01,110.56,111.1,108.4,110.84,170100.0,0.0,1.0,110.56,111.1,108.4,110.84,170100.0
2013-07-31,109.21,110.55,107.62,109.21,92400.0,0.0,1.0,109.21,110.55,107.62,109.21,92400.0
2013-07-30,108.69,109.46,108.09,109.2,129200.0,0.0,1.0,108.69,109.46,108.09,109.2,129200.0
2013-07-29,108.68,109.06,107.98,108.34,75600.0,0.0,1.0,108.68,109.06,107.98,108.34,75600.0
2013-07-26,109.34,110.0,107.92,109.0,121400.0,0.0,1.0,109.34,110.0,107.92,109.0,121400.0
2013-07-25,110.05,110.67,109.02,109.64,107500.0,0.0,1.0,110.05,110.67,109.02,109.64,107500.0
2013-07-24,111.29,111.81,108.57,110.53,391000.0,0.0,1.0,111.29,111.81,108.57,110.53,391000.0
2013-07-23,113.3,113.67,110.23,111.04,165400.0,0.0,1.0,113.3,113.67,110.23,111.04,165400.0
2013-07-22,114.16,114.5,112.15,113.27,114100.0,0.0,1.0,114.16,114.5,112.15,113.27,114100.0
2013-07-19,115.31,115.62,113.76,114.39,98500.0,0.0,1.0,115.31,115.62,113.76,114.39,98500.0
2013-07-18,114.88,115.97,113.81,115.27,118900.0,0.0,1.0,114.88,115.97,113.81,115.27,118900.0
2013-07-17,114.12,115.07,112.98,114.99,74000.0,0.0,1.0,114.12,115.07,112.98,114.99,74000.0
2013-07-16,114.12,114.49,111.55,113.59,132900.0,0.0,1.0,114.12,114.49,111.55,113.59,132900.0
2013-07-15,117.06,117.62,114.36,114.55,79600.0,0.0,1.0,117.06,117.62,114.36,114.55,79600.0
2013-07-12,116.81,118.86,116.42,117.01,74100.0,0.0,1.0,116.81,118.86,116.42,117.01,74100.0
2013-07-11,116.6,117.43,115.75,116.98,106100.0,0.0,1.0,116.6,117.43,115.75,116.98,106100.0
2013-07-10,115.42,116.28,113.48,114.61,82500.0,0.0,1.0,115.42,116.28,113.48,114.61,82500.0
2013-07-09,113.81,116.4,112.96,115.42,177400.0,0.0,1.0,113.81,116.4,112.96,115.42,177400.0
2013-07-08,111.16,113.66,111.16,112.83,289000.0,0.0,1.0,111.16,113.66,111.16,112.83,289000.0
2013-07-05,113.34,113.34,109.62,110.91,300800.0,0.0,1.0,113.34,113.34,109.62,110.91,300800.0
2013-07-03,110.0,112.3,109.33,112.3,87100.0,0.0,1.0,110.0,112.3,109.33,112.3,87100.0
2013-07-02,111.62,112.46,110.27,110.91,155300.0,0.0,1.0,111.62,112.46,110.27,110.91,155300.0
2013-07-01,112.46,113.99,111.62,112.43,270200.0,0.0,1.0,112.46,113.99,111.62,112.43,270200.0
2013-06-28,113.0,113.66,111.33,112.09,648900.0,0.0,1.0,113.0,113.66,111.33,112.09,648900.0
2013-06-27,111.37,113.79,109.68,113.4,314100.0,0.0,1.0,111.37,113.79,109.68,113.4,314100.0
2013-06-26,107.82,110.69,107.05,110.46,216200.0,0.0,1.0,107.82,110.69,107.05,110.46,216200.0
2013-06-25,105.29,106.99,103.09,106.72,156700.0,0.0,1.0,105.29,106.99,103.09,106.72,156700.0
2013-06-24,103.22,105.46,102.05,103.88,247900.0,0.0,1.0,103.22,105.46,102.05,103.88,247900.0
2013-06-21,102.74,105.32,102.6,105.1,334700.0,0.0,1.0,102.74,105.32,102.6,105.1,334700.0
2013-06-20,106.78,107.83,102.28,102.53,263700.0,0.0,1.0,106.78,107.83,102.28,102.53,263700.0
2013-06-19,109.22,109.63,107.82,108.15,209100.0,0.0,1.0,109.22,109.63,107.82,108.15,209100.0
2013-06-18,109.71,110.47,108.86,109.07,188800.0,0.0,1.0,109.71,110.47,108.86,109.07,188800.0
2013-06-17,107.15,110.48,106.4,109.69,243500.0,0.0,1.0,107.15,110.48,106.4,109.69,243500.0
2013-06-14,103.85,108.53,102.95,106.26,217700.0,0.0,1.0,103.85,108.53,102.95,106.26,217700.0
2013-06-13,100.33,105.15,100.33,103.46,255700.0,0.0,1.0,100.33,105.15,100.33,103.46,255700.0
2013-06-12,105.97,105.97,100.29,100.31,414300.0,0.0,1.0,105.97,105.97,100.29,100.31,414300.0
2013-06-11,104.85,105.7,104.08,104.17,177700.0,0.0,1.0,104.85,105.7,104.08,104.17,177700.0
2013-06-10,105.7,106.84,104.99,106.55,235300.0,0.0,1.0,105.7,106.84,104.99,106.55,235300.0
2013-06-07,101.92,106.14,100.74,105.78,192700.0,0.0,1.0,101.92,106.14,100.74,105.78,192700.0
2013-06-06,97.87,101.9,97.87,101.77,298500.0,0.0,1.0,97.87,101.9,97.87,101.77,298500.0
2013-06-05,100.15,100.8,97.69,97.72,335200.0,0.0,1.0,100.15,100.8,97.69,97.72,335200.0
2013-06-04,101.12,101.91,100.0,100.22,118000.0,0.0,1.0,101.12,101.91,100.0,100.22,118000.0
2013-06-03,99.87,101.2,98.76,100.15,97900.0,0.0,1.0,99.87,101.2,98.76,100.15,97900.0
2013-05-31,100.16,101.74,99.0,99.6,159500.0,0.0,1.0,100.16,101.74,99.0,99.6,159500.0
2013-05-30,101.97,102.92,100.28,100.85,92900.0,0.0,1.0,101.97,102.92,100.28,100.85,92900.0
2013-05-29,105.26,105.51,101.17,102.15,143100.0,0.0,1.0,105.26,105.51,101.17,102.15,143100.0
2013-05-28,103.05,106.47,102.75,105.5,235000.0,0.0,1.0,103.05,106.47,102.75,105.5,235000.0
2013-05-24,99.94,102.3,98.56,102.03,270100.0,0.0,1.0,99.94,102.3,98.56,102.03,270100.0
2013-05-23,100.42,101.57,97.16,100.2,334800.0,0.0,1.0,100.42,101.57,97.16,100.2,334800.0
2013-05-22,107.86,108.71,101.02,102.0,230400.0,0.0,1.0,107.86,108.71,101.02,102.0,230400.0
2013-05-21,109.09,109.89,107.65,108.0,273300.0,0.0,1.0,109.09,109.89,107.65,108.0,273300.0
2013-05-20,110.94,111.11,108.28,108.42,282600.0,0.0,1.0,110.94,111.11,108.28,108.42,282600.0
2013-05-17,107.5,110.68,107.0,110.66,190000.0,0.0,1.0,107.5,110.68,107.0,110.66,190000.0
2013-05-16,104.4,106.82,104.4,106.52,159200.0,0.0,1.0,104.4,106.82,104.4,106.52,159200.0
2013-05-15,102.9,104.1,102.53,104.04,152900.0,0.0,1.0,102.9,104.1,102.53,104.04,152900.0
2013-05-14,101.86,103.46,101.77,102.72,214400.0,0.0,1.0,101.86,103.46,101.77,102.72,214400.0
2013-05-13,101.95,102.16,101.37,101.61,141100.0,0.0,1.0,101.95,102.16,101.37,101.61,141100.0
2013-05-10,102.0,102.19,100.53,101.86,88900.0,0.0,1.0,102.0,102.19,100.53,101.86,88900.0
2013-05-09,102.4,102.49,101.44,101.71,43900.0,0.0,1.0,102.4,102.49,101.44,101.71,43900.0
2013-05-08,100.94,102.88,100.62,102.28,88100.0,0.0,1.0,100.94,102.88,100.62,102.28,88100.0
2013-05-07,99.6,100.79,99.02,100.7,106000.0,0.0,1.0,99.6,100.79,99.02,100.7,106000.0
2013-05-06,96.9,101.42,96.5,99.37,181700.0,0.0,1.0,96.9,101.42,96.5,99.37,181700.0
2013-05-03,96.18,97.35,95.87,96.91,95200.0,0.0,1.0,96.18,97.35,95.87,96.91,95200.0
2013-05-02,95.14,95.45,94.5,95.44,152900.0,0.0,1.0,95.14,95.45,94.5,95.44,152900.0
2013-05-01,94.58,95.0,93.88,94.85,133800.0,0.0,1.0,94.58,95.0,93.88,94.85,133800.0
2013-04-30,93.12,94.6,93.1,94.38,62100.0,0.0,1.0,93.12,94.6,93.1,94.38,62100.0
2013-04-29,94.73,94.73,92.67,93.48,121700.0,0.0,1.0,94.73,94.73,92.67,93.48,121700.0
2013-04-26,93.65,94.99,93.29,94.35,91300.0,0.0,1.0,93.65,94.99,93.29,94.35,91300.0
2013-04-25,93.28,94.14,92.21,93.55,123700.0,0.0,1.0,93.28,94.14,92.21,93.55,123700.0
2013-04-24,89.99,93.42,89.92,93.0,200500.0,0.0,1.0,89.99,93.42,89.92,93.0,200500.0
2013-04-23,88.92,90.24,88.91,90.24,175200.0,0.0,1.0,88.92,90.24,88.91,90.24,175200.0
2013-04-22,88.7,89.04,88.36,88.92,146100.0,0.0,1.0,88.7,89.04,88.36,88.92,146100.0
2013-04-19,89.0,89.08,88.63,88.75,97600.0,0.0,1.0,89.0,89.08,88.63,88.75,97600.0
2013-04-18,88.91,89.21,88.37,89.01,103200.0,0.0,1.0,88.91,89.21,88.37,89.01,103200.0
2013-04-17,89.53,89.6,88.4,88.91,303100.0,0.0,1.0,89.53,89.6,88.4,88.91,303100.0
2013-04-16,87.5,89.86,87.39,89.85,161600.0,0.0,1.0,87.5,89.86,87.39,89.85,161600.0
2013-04-15,89.52,89.62,87.13,87.23,199900.0,0.0,1.0,89.52,89.62,87.13,87.23,199900.0
2013-04-12,89.1,89.98,88.37,89.81,130200.0,0.0,1.0,89.1,89.98,88.37,89.81,130200.0
2013-04-11,88.59,89.98,88.33,89.33,108000.0,0.0,1.0,88.59,89.98,88.33,89.33,108000.0
2013-04-10,87.3,88.77,87.3,88.77,115200.0,0.0,1.0,87.3,88.77,87.3,88.77,115200.0
2013-04-09,88.7,88.8,87.31,87.43,92400.0,0.0,1.0,88.7,88.8,87.31,87.43,92400.0
2013-04-08,86.25,89.12,86.14,88.18,148000.0,0.0,1.0,86.25,89.12,86.14,88.18,148000.0
2013-04-05,85.29,86.41,84.92,86.03,111000.0,0.0,1.0,85.29,86.41,84.92,86.03,111000.0
2013-04-04,83.87,87.15,83.35,86.4,212700.0,0.0,1.0,83.87,87.15,83.35,86.4,212700.0
2013-04-03,84.11,84.33,82.72,83.62,171300.0,0.0,1.0,84.11,84.33,82.72,83.62,171300.0
2013-04-02,84.23,85.2,83.97,83.98,157600.0,0.0,1.0,84.23,85.2,83.97,83.98,157600.0
2013-04-01,83.77,84.34,83.5,84.25,183900.0,0.0,1.0,83.77,84.34,83.5,84.25,183900.0
2013-03-28,83.61,84.1,82.84,83.81,119600.0,0.0,1.0,83.61,84.1,82.84,83.81,119600.0
2013-03-27,83.7,83.7,82.86,83.59,59500.0,0.0,1.0,83.7,83.7,82.86,83.59,59500.0
2013-03-26,82.45,84.42,82.44,83.72,127900.0,0.0,1.0,82.45,84.42,82.44,83.72,127900.0
2013-03-25,83.41,83.99,82.45,82.47,76500.0,0.0,1.0,83.41,83.99,82.45,82.47,76500.0
2013-03-22,83.68,84.07,83.18,83.41,272100.0,0.0,1.0,83.68,84.07,83.18,83.41,272100.0
2013-03-21,83.11,84.03,82.9,83.97,141600.0,0.0,1.0,83.11,84.03,82.9,83.97,141600.0
2013-03-20,82.57,83.6,82.24,83.3,82000.0,0.0,1.0,82.57,83.6,82.24,83.3,82000.0
2013-03-19,82.0,82.94,81.55,82.44,99900.0,0.0,1.0,82.0,82.94,81.55,82.44,99900.0
2013-03-18,81.46,82.37,81.34,82.0,130200.0,0.0,1.0,81.46,82.37,81.34,82.0,130200.0
2013-03-15,81.86,81.97,80.53,81.8,248600.0,0.0,1.0,81.86,81.97,80.53,81.8,248600.0
2013-03-14,81.07,82.09,81.07,81.86,139400.0,0.0,1.0,81.07,82.09,81.07,81.86,139400.0
2013-03-13,82.0,82.24,80.96,81.07,64200.0,0.0,1.0,82.0,82.24,80.96,81.07,64200.0
2013-03-12,82.06,83.14,81.76,81.81,104800.0,0.0,1.0,82.06,83.14,81.76,81.81,104800.0
2013-03-11,80.66,82.37,80.43,81.94,188100.0,0.0,1.0,80.66,82.37,80.43,81.94,188100.0
2013-03-08,80.0,80.88,79.67,80.38,140900.0,0.0,1.0,80.0,80.88,79.67,80.38,140900.0
2013-03-07,77.25,79.96,77.25,79.57,397700.0,0.0,1.0,77.25,79.96,77.25,79.57,397700.0
2013-03-06,77.6,78.3,76.86,77.0,1948300.0,0.0,1.0,77.6,78.3,76.86,77.0,1948300.0
2013-03-05,77.01,77.62,77.0,77.3,307600.0,0.0,1.0,77.01,77.62,77.0,77.3,307600.0
2013-03-04,77.06,77.71,76.93,77.01,305900.0,0.0,1.0,77.06,77.71,76.93,77.01,305900.0
2013-03-01,77.0,77.35,76.25,77.15,236300.0,0.0,1.0,77.0,77.35,76.25,77.15,236300.0
2013-02-28,76.9,77.92,76.64,76.79,375000.0,0.0,1.0,76.9,77.92,76.64,76.79,375000.0
2013-02-27,76.51,77.24,76.51,76.97,167200.0,0.0,1.0,76.51,77.24,76.51,76.97,167200.0
2013-02-26,76.87,77.24,76.53,76.73,151400.0,0.0,1.0,76.87,77.24,76.53,76.73,151400.0
2013-02-25,77.12,77.77,76.59,76.76,168100.0,0.0,1.0,77.12,77.77,76.59,76.76,168100.0
2013-02-22,76.65,77.04,76.1,76.95,173900.0,0.0,1.0,76.65,77.04,76.1,76.95,173900.0
2013-02-21,77.42,77.6,75.98,76.26,77000.0,0.0,1.0,77.42,77.6,75.98,76.26,77000.0
2013-02-20,79.08,79.08,77.27,77.52,103100.0,0.0,1.0,79.08,79.08,77.27,77.52,103100.0
2013-02-19,79.16,79.64,78.41,79.0,112400.0,0.0,1.0,79.16,79.64,78.41,79.0,112400.0
2013-02-15,78.4,78.93,78.07,78.89,219700.0,0.0,1.0,78.4,78.93,78.07,78.89,219700.0
2013-02-14,78.62,78.98,77.0,78.46,446100.0,0.0,1.0,78.62,78.98,77.0,78.46,446100.0
2013-02-13,72.65,78.52,72.65,78.23,457800.0,0.0,1.0,72.65,78.52,72.65,78.23,457800.0
2013-02-12,72.4,72.86,72.1,72.71,317900.0,0.0,1.0,72.4,72.86,72.1,72.71,317900.0
2013-02-11,72.69,72.69,72.14,72.41,157300.0,0.0,1.0,72.69,72.69,72.14,72.41,157300.0
2013-02-08,72.43,72.91,72.08,72.69,66100.0,0.0,1.0,72.43,72.91,72.08,72.69,66100.0
2013-02-07,72.5,72.52,71.68,72.24,174900.0,0.0,1.0,72.5,72.52,71.68,72.24,174900.0
2013-02-06,72.08,72.61,72.05,72.61,120500.0,0.0,1.0,72.08,72.61,72.05,72.61,120500.0
2013-02-05,72.15,72.95,72.15,72.45,129700.0,0.0,1.0,72.15,72.95,72.15,72.45,129700.0
2013-02-04,72.5,72.71,71.65,72.0,127000.0,0.0,1.0,72.5,72.71,71.65,72.0,127000.0
2013-02-01,72.05,73.49,72.02,72.37,211600.0,0.0,1.0,72.05,73.49,72.02,72.37,211600.0
2013-01-31,72.55,72.55,71.65,72.0,61600.0,0.0,1.0,72.55,72.55,71.65,72.0,61600.0
2013-01-30,72.55,72.94,72.0,72.52,72200.0,0.0,1.0,72.55,72.94,72.0,72.52,72200.0
2013-01-29,72.04,72.7,72.04,72.7,129300.0,0.0,1.0,72.04,72.7,72.04,72.7,129300.0
2013-01-28,73.0,73.06,71.75,72.43,166200.0,0.0,1.0,73.0,73.06,71.75,72.43,166200.0
2013-01-25,72.79,73.06,72.34,72.78,60900.0,0.0,1.0,72.79,73.06,72.34,72.78,60900.0
2013-01-24,73.9,74.35,72.63,72.77,63500.0,0.0,1.0,73.9,74.35,72.63,72.77,63500.0
2013-01-23,72.9,74.85,72.83,73.9,126400.0,0.0,1.0,72.9,74.85,72.83,73.9,126400.0
2013-01-22,72.35,72.68,72.0,72.61,79400.0,0.0,1.0,72.35,72.68,72.0,72.61,79400.0
2013-01-18,72.24,72.54,71.5,72.39,124700.0,0.0,1.0,72.24,72.54,71.5,72.39,124700.0
2013-01-17,71.7,72.48,71.46,72.0,147000.0,0.0,1.0,71.7,72.48,71.46,72.0,147000.0
2013-01-16,70.97,71.97,70.74,71.7,95300.0,0.0,1.0,70.97,71.97,70.74,71.7,95300.0
2013-01-15,71.12,71.96,71.0,71.25,123700.0,0.0,1.0,71.12,71.96,71.0,71.25,123700.0
2013-01-14,72.37,72.4,71.08,71.25,110500.0,0.0,1.0,72.37,72.4,71.08,71.25,110500.0
2013-01-11,73.49,73.68,72.09,72.23,87100.0,0.0,1.0,73.49,73.68,72.09,72.23,87100.0
2013-01-10,73.95,74.44,73.16,73.74,116900.0,0.0,1.0,73.95,74.44,73.16,73.74,116900.0
2013-01-09,74.0,74.45,73.68,73.75,63400.0,0.0,1.0,74.0,74.45,73.68,73.75,63400.0
2013-01-08,74.31,74.72,73.56,73.77,105200.0,0.0,1.0,74.31,74.72,73.56,73.77,105200.0
2013-01-07,74.8,74.92,73.55,74.38,110900.0,0.0,1.0,74.8,74.92,73.55,74.38,110900.0
2013-01-04,74.0,75.61,73.43,75.2,101900.0,0.0,1.0,74.0,75.61,73.43,75.2,101900.0
2013-01-03,74.49,74.74,73.82,74.1,105100.0,0.0,1.0,74.49,74.74,73.82,74.1,105100.0
2013-01-02,74.41,74.73,73.71,74.6,120500.0,0.0,1.0,74.41,74.73,73.71,74.6,120500.0
2012-12-31,71.59,74.07,71.59,73.02,213700.0,0.0,1.0,71.59,74.07,71.59,73.02,213700.0
2012-12-28,71.1,72.01,70.91,71.6,66400.0,0.0,1.0,71.1,72.01,70.91,71.6,66400.0
2012-12-27,71.98,72.28,70.76,71.72,83400.0,0.0,1.0,71.98,72.28,70.76,71.72,83400.0
2012-12-26,72.25,72.86,71.51,72.28,121700.0,0.0,1.0,72.25,72.86,71.51,72.28,121700.0
2012-12-24,72.59,73.0,71.96,72.1,68900.0,0.0,1.0,72.59,73.0,71.96,72.1,68900.0
2012-12-21,74.28,74.29,72.69,72.89,181800.0,0.0,1.0,74.28,74.29,72.69,72.89,181800.0
2012-12-20,75.12,75.24,74.68,74.95,131800.0,0.0,1.0,75.12,75.24,74.68,74.95,131800.0
2012-12-19,74.55,76.71,74.35,75.12,242600.0,0.0,1.0,74.55,76.71,74.35,75.12,242600.0
2012-12-18,73.5,74.56,73.18,74.56,157500.0,0.0,1.0,73.5,74.56,73.18,74.56,157500.0
2012-12-17,73.22,73.61,72.58,73.53,145200.0,0.0,1.0,73.22,73.61,72.58,73.53,145200.0
2012-12-14,72.84,73.47,72.14,73.0,117100.0,0.0,1.0,72.84,73.47,72.14,73.0,117100.0
2012-12-13,72.99,73.48,72.68,72.75,81000.0,0.0,1.0,72.99,73.48,72.68,72.75,81000.0
2012-12-12,73.05,73.39,72.82,73.38,118700.0,0.0,1.0,73.05,73.39,72.82,73.38,118700.0
2012-12-11,73.17,73.75,72.52,73.01,120200.0,0.0,1.0,73.17,73.75,72.52,73.01,120200.0
2012-12-10,71.79,72.96,71.69,72.95,126000.0,0.0,1.0,71.79,72.96,71.69,72.95,126000.0
2012-12-07,72.22,72.75,71.81,72.19,113500.0,0.0,1.0,72.22,72.75,71.81,72.19,113500.0
2012-12-06,72.44,72.54,71.74,72.5,124100.0,0.0,1.0,72.44,72.54,71.74,72.5,124100.0
2012-12-05,72.8,73.04,71.52,72.33,179600.0,0.0,1.0,72.8,73.04,71.52,72.33,179600.0
2012-12-04,72.75,73.16,72.48,72.8,111700.0,0.0,1.0,72.75,73.16,72.48,72.8,111700.0
2012-12-03,73.6,73.74,72.52,72.59,90300.0,0.0,1.0,73.6,73.74,72.52,72.59,90300.0
2012-11-30,73.46,73.88,72.9,73.68,117400.0,0.0,1.0,73.46,73.88,72.9,73.68,117400.0
2012-11-29,73.89,73.91,73.07,73.27,240500.0,0.0,1.0,73.89,73.91,73.07,73.27,240500.0
2012-11-28,73.32,73.9,72.91,73.89,125800.0,0.0,1.0,73.32,73.9,72.91,73.89,125800.0
2012-11-27,73.27,74.34,72.82,73.43,101800.0,0.0,1.0,73.27,74.34,72.82,73.43,101800.0
2012-11-26,72.64,73.79,71.91,73.5,95300.0,0.0,1.0,72.64,73.79,71.91,73.5,95300.0
2012-11-23,72.31,72.74,71.82,72.64,63700.0,0.0,1.0,72.31,72.74,71.82,72.64,63700.0
2012-11-21,72.04,72.69,71.43,72.41,81100.0,0.0,1.0,72.04,72.69,71.43,72.41,81100.0
2012-11-20,71.02,72.72,71.02,72.23,114400.0,0.0,1.0,71.02,72.72,71.02,72.23,114400.0
2012-11-19,69.91,71.26,69.68,71.26,103200.0,0.0,1.0,69.91,71.26,69.68,71.26,103200.0
2012-11-16,67.75,69.27,67.51,69.25,85500.0,0.0,1.0,67.75,69.27,67.51,69.25,85500.0
2012-11-15,68.0,68.88,67.65,68.0,113400.0,0.0,1.0,68.0,68.88,67.65,68.0,113400.0
2012-11-14,68.86,68.92,67.43,67.72,158600.0,0.0,1.0,68.86,68.92,67.43,67.72,158600.0
2012-11-13,69.56,69.56,67.57,68.97,123600.0,0.0,1.0,69.56,69.56,67.57,68.97,123600.0
2012-11-12,71.5,72.06,69.53,69.97,102200.0,0.0,1.0,71.5,72.06,69.53,69.97,102200.0
2012-11-09,71.5,72.87,71.07,72.15,203800.0,0.0,1.0,71.5,72.87,71.07,72.15,203800.0
2012-11-08,70.8,72.02,70.8,71.49,191800.0,0.0,1.0,70.8,72.02,70.8,71.49,191800.0
2012-11-07,70.5,71.46,69.96,71.2,107400.0,0.0,1.0,70.5,71.46,69.96,71.2,107400.0
2012-11-06,71.47,71.6,70.55,71.22,60500.0,0.0,1.0,71.47,71.6,70.55,71.22,60500.0
2012-11-05,71.43,71.64,70.63,71.3,70000.0,0.0,1.0,71.43,71.64,70.63,71.3,70000.0
2012-11-02,72.85,72.85,71.0,71.25,102300.0,0.0,1.0,72.85,72.85,71.0,71.25,102300.0
2012-11-01,69.93,72.84,69.6,72.7,172700.0,0.0,1.0,69.93,72.84,69.6,72.7,172700.0
2012-10-31,69.51,70.31,68.65,70.0,103600.0,0.0,1.0,69.51,70.31,68.65,70.0,103600.0
2012-10-26,69.97,70.23,69.08,69.55,104000.0,0.0,1.0,69.97,70.23,69.08,69.55,104000.0
2012-10-25,71.27,71.77,69.58,69.95,81800.0,0.0,1.0,71.27,71.77,69.58,69.95,81800.0
2012-10-24,71.0,71.0,70.7,70.79,39900.0,0.0,1.0,71.0,71.0,70.7,70.79,39900.0
2012-10-23,70.8,71.28,70.25,70.56,88200.0,0.0,1.0,70.8,71.28,70.25,70.56,88200.0
2012-10-22,70.75,71.77,70.63,71.4,73700.0,0.0,1.0,70.75,71.77,70.63,71.4,73700.0
2012-10-19,70.5,71.44,70.18,70.7,71800.0,0.0,1.0,70.5,71.44,70.18,70.7,71800.0
2012-10-18,71.16,71.5,69.93,70.48,103800.0,0.0,1.0,71.16,71.5,69.93,70.48,103800.0
2012-10-17,71.6,72.54,71.26,71.7,95500.0,0.0,1.0,71.6,72.54,71.26,71.7,95500.0
2012-10-16,70.84,71.58,70.51,71.58,68600.0,0.0,1.0,70.84,71.58,70.51,71.58,68600.0
2012-10-15,70.45,70.97,70.11,70.65,69600.0,0.0,1.0,70.45,70.97,70.11,70.65,69600.0
2012-10-12,69.91,70.63,69.91,70.42,111700.0,0.0,1.0,69.91,70.63,69.91,70.42,111700.0
2012-10-11,71.22,71.42,69.5,69.73,130200.0,0.0,1.0,71.22,71.42,69.5,69.73,130200.0
2012-10-10,72.31,72.79,70.27,70.44,136100.0,0.0,1.0,72.31,72.79,70.27,70.44,136100.0
2012-10-09,73.43,73.48,72.47,72.56,97800.0,0.0,1.0,73.43,73.48,72.47,72.56,97800.0
2012-10-08,73.67,74.2,73.5,73.55,61900.0,0.0,1.0,73.67,74.2,73.5,73.55,61900.0
2012-10-05,72.98,74.29,72.61,73.88,177400.0,0.0,1.0,72.98,74.29,72.61,73.88,177400.0
2012-10-04,73.11,73.35,72.07,72.71,175400.0,0.0,1.0,73.11,73.35,72.07,72.71,175400.0
2012-10-03,71.6,73.38,71.33,73.16,156200.0,0.0,1.0,71.6,73.38,71.33,73.16,156200.0
2012-10-02,73.45,73.45,71.21,71.36,122800.0,0.0,1.0,73.45,73.45,71.21,71.36,122800.0
2012-10-01,71.37,73.39,71.1,72.72,199700.0,0.0,1.0,71.37,73.39,71.1,72.72,199700.0
2012-09-28,71.25,71.48,70.21,71.05,60100.0,0.0,1.0,71.25,71.48,70.21,71.05,60100.0
2012-09-27,69.74,71.46,69.6,71.35,122100.0,0.0,1.0,69.74,71.46,69.6,71.35,122100.0
2012-09-26,70.45,70.57,68.91,69.37,76400.0,0.0,1.0,70.45,70.57,68.91,69.37,76400.0
2012-09-25,72.11,72.43,70.33,70.4,130300.0,0.0,1.0,72.11,72.43,70.33,70.4,130300.0
2012-09-24,72.77,72.86,71.51,71.52,98100.0,0.0,1.0,72.77,72.86,71.51,71.52,98100.0
2012-09-21,72.83,73.34,72.57,72.81,137200.0,0.0,1.0,72.83,73.34,72.57,72.81,137200.0
2012-09-20,73.0,73.0,72.29,72.35,61100.0,0.0,1.0,73.0,73.0,72.29,72.35,61100.0
2012-09-19,72.9,73.47,72.18,73.18,83700.0,0.0,1.0,72.9,73.47,72.18,73.18,83700.0
2012-09-18,72.51,73.04,71.48,72.86,103500.0,0.0,1.0,72.51,73.04,71.48,72.86,103500.0
2012-09-17,73.17,73.88,72.16,72.29,97900.0,0.0,1.0,73.17,73.88,72.16,72.29,97900.0
2012-09-14,71.05,73.75,70.51,73.52,188000.0,0.0,1.0,71.05,73.75,70.51,73.52,188000.0
2012-09-13,68.22,70.68,67.82,70.66,133700.0,0.0,1.0,68.22,70.68,67.82,70.66,133700.0
2012-09-12,66.97,68.57,66.78,68.5,73100.0,0.0,1.0,66.97,68.57,66.78,68.5,73100.0
2012-09-11,67.13,67.24,66.4,67.11,44400.0,0.0,1.0,67.13,67.24,66.4,67.11,44400.0
2012-09-10,66.48,67.13,65.64,66.8,48200.0,0.0,1.0,66.48,67.13,65.64,66.8,48200.0
2012-09-07,65.93,66.32,65.48,66.25,72900.0,0.0,1.0,65.93,66.32,65.48,66.25,72900.0
2012-09-06,66.0,66.39,64.85,65.66,144700.0,0.0,1.0,66.0,66.39,64.85,65.66,144700.0
2012-09-05,66.0,66.0,65.29,65.81,77300.0,0.0,1.0,66.0,66.0,65.29,65.81,77300.0
2012-09-04,66.03,66.03,64.85,66.0,62100.0,0.0,1.0,66.03,66.03,64.85,66.0,62100.0
2012-08-31,65.78,66.0,65.32,65.79,46300.0,0.0,1.0,65.78,66.0,65.32,65.79,46300.0
2012-08-30,66.24,66.48,65.44,65.5,72700.0,0.0,1.0,66.24,66.48,65.44,65.5,72700.0
2012-08-29,65.5,66.49,65.03,66.44,258200.0,0.0,1.0,65.5,66.49,65.03,66.44,258200.0
2012-08-28,65.29,65.76,64.92,65.5,43200.0,0.0,1.0,65.29,65.76,64.92,65.5,43200.0
2012-08-27,66.8,66.8,65.02,65.39,124200.0,0.0,1.0,66.8,66.8,65.02,65.39,124200.0
2012-08-24,65.47,66.78,65.39,66.45,113900.0,0.0,1.0,65.47,66.78,65.39,66.45,113900.0
2012-08-23,65.04,65.61,64.72,65.43,63000.0,0.0,1.0,65.04,65.61,64.72,65.43,63000.0
2012-08-22,64.94,66.0,64.38,64.81,63000.0,0.0,1.0,64.94,66.0,64.38,64.81,63000.0
2012-08-21,65.77,66.05,64.7,64.94,60100.0,0.0,1.0,65.77,66.05,64.7,64.94,60100.0
2012-08-20,65.19,66.36,64.7,66.0,60200.0,0.0,1.0,65.19,66.36,64.7,66.0,60200.0
2012-08-17,66.88,66.88,65.01,65.19,34600.0,0.0,1.0,66.88,66.88,65.01,65.19,34600.0
2012-08-16,64.1,66.99,63.86,66.6,150200.0,0.0,1.0,64.1,66.99,63.86,66.6,150200.0
2012-08-15,65.36,65.53,64.24,64.24,50900.0,0.0,1.0,65.36,65.53,64.24,64.24,50900.0
2012-08-14,66.27,66.99,65.23,65.51,137500.0,0.0,1.0,66.27,66.99,65.23,65.51,137500.0
2012-08-13,64.32,65.05,64.28,65.05,52100.0,0.0,1.0,64.32,65.05,64.28,65.05,52100.0
2012-08-10,64.71,65.22,64.37,64.45,54900.0,0.0,1.0,64.71,65.22,64.37,64.45,54900.0
2012-08-09,65.96,65.96,64.56,65.06,76300.0,0.0,1.0,65.96,65.96,64.56,65.06,76300.0
2012-08-08,64.67,65.45,64.45,65.15,128900.0,0.0,1.0,64.67,65.45,64.45,65.15,128900.0
2012-08-07,64.92,65.75,64.5,65.05,110900.0,0.0,1.0,64.92,65.75,64.5,65.05,110900.0
2012-08-06,63.72,65.58,63.72,64.92,106700.0,0.0,1.0,63.72,65.58,63.72,64.92,106700.0
2012-08-03,62.99,63.82,62.34,63.37,95600.0,0.0,1.0,62.99,63.82,62.34,63.37,95600.0
2012-08-02,60.92,62.84,60.92,62.18,93600.0,0.0,1.0,60.92,62.84,60.92,62.18,93600.0
2012-08-01,62.14,62.58,61.31,61.34,58500.0,0.0,1.0,62.14,62.58,61.31,61.34,58500.0
2012-07-31,62.32,62.96,61.62,61.63,67300.0,0.0,1.0,62.32,62.96,61.62,61.63,67300.0
2012-07-30,63.0,63.87,62.15,62.45,57500.0,0.0,1.0,63.0,63.87,62.15,62.45,57500.0
2012-07-27,62.64,63.5,61.89,63.22,55500.0,0.0,1.0,62.64,63.5,61.89,63.22,55500.0
2012-07-26,62.0,62.81,61.64,62.38,73300.0,0.0,1.0,62.0,62.81,61.64,62.38,73300.0
2012-07-25,62.06,62.17,60.85,61.03,96100.0,0.0,1.0,62.06,62.17,60.85,61.03,96100.0
2012-07-24,62.3,62.57,61.5,61.6,133600.0,0.0,1.0,62.3,62.57,61.5,61.6,133600.0
2012-07-23,62.51,62.68,62.05,62.07,45500.0,0.0,1.0,62.51,62.68,62.05,62.07,45500.0
2012-07-20,63.22,63.69,62.9,63.44,60000.0,0.0,1.0,63.22,63.69,62.9,63.44,60000.0
2012-07-19,62.77,64.15,62.18,63.6,299700.0,0.0,1.0,62.77,64.15,62.18,63.6,299700.0
2012-07-18,62.65,63.15,62.34,62.52,57100.0,0.0,1.0,62.65,63.15,62.34,62.52,57100.0
2012-07-17,62.05,62.99,61.47,62.65,106600.0,0.0,1.0,62.05,62.99,61.47,62.65,106600.0
2012-07-16,62.0,62.0,61.0,61.48,58400.0,0.0,1.0,62.0,62.0,61.0,61.48,58400.0
2012-07-13,61.61,62.27,61.6,62.05,60000.0,0.0,1.0,61.61,62.27,61.6,62.05,60000.0
2012-07-12,61.96,62.06,61.04,61.61,88300.0,0.0,1.0,61.96,62.06,61.04,61.61,88300.0
2012-07-11,62.08,62.65,61.55,62.15,64000.0,0.0,1.0,62.08,62.65,61.55,62.15,64000.0
2012-07-10,61.91,62.53,61.64,62.08,162600.0,0.0,1.0,61.91,62.53,61.64,62.08,162600.0
2012-07-09,63.12,63.34,62.05,62.11,82200.0,0.0,1.0,63.12,63.34,62.05,62.11,82200.0
2012-07-06,62.75,63.89,62.0,63.03,151600.0,0.0,1.0,62.75,63.89,62.0,63.03,151600.0
2012-07-05,62.56,63.8,61.9,63.13,213300.0,0.0,1.0,62.56,63.8,61.9,63.13,213300.0
2012-07-03,62.15,62.56,61.91,62.56,119500.0,0.0,1.0,62.15,62.56,61.91,62.56,119500.0
2012-07-02,62.0,62.22,61.65,62.17,213500.0,0.0,1.0,62.0,62.22,61.65,62.17,213500.0
2012-06-29,61.0,61.79,60.56,61.64,257100.0,0.0,1.0,61.0,61.79,60.56,61.64,257100.0
2012-06-28,59.78,60.53,59.21,60.03,65500.0,0.0,1.0,59.78,60.53,59.21,60.03,65500.0
2012-06-27,59.89,60.97,59.78,60.5,69400.0,0.0,1.0,59.89,60.97,59.78,60.5,69400.0
2012-06-26,59.95,60.87,59.52,60.15,175400.0,0.0,1.0,59.95,60.87,59.52,60.15,175400.0
2012-06-25,59.93,60.05,58.78,59.96,95600.0,0.0,1.0,59.93,60.05,58.78,59.96,95600.0
2012-06-22,59.66,60.52,58.96,59.97,405300.0,0.0,1.0,59.66,60.52,58.96,59.97,405300.0
2012-06-21,61.86,61.86,59.17,59.3,231000.0,0.0,1.0,61.86,61.86,59.17,59.3,231000.0
2012-06-20,61.4,62.53,61.19,61.73,114600.0,0.0,1.0,61.4,62.53,61.19,61.73,114600.0
2012-06-19,59.95,61.57,59.95,61.33,171000.0,0.0,1.0,59.95,61.57,59.95,61.33,171000.0
2012-06-18,59.07,60.42,58.81,60.03,247100.0,0.0,1.0,59.07,60.42,58.81,60.03,247100.0
2012-06-15,59.54,59.83,58.85,59.3,194900.0,0.0,1.0,59.54,59.83,58.85,59.3,194900.0
2012-06-14,58.73,60.18,58.38,59.5,168600.0,0.0,1.0,58.73,60.18,58.38,59.5,168600.0
2012-06-13,58.97,59.6,58.17,58.58,113400.0,0.0,1.0,58.97,59.6,58.17,58.58,113400.0
2012-06-12,59.09,59.77,58.57,59.02,124500.0,0.0,1.0,59.09,59.77,58.57,59.02,124500.0
2012-06-11,60.18,60.52,58.22,58.97,93700.0,0.0,1.0,60.18,60.52,58.22,58.97,93700.0
2012-06-08,59.21,59.71,58.39,59.5,80400.0,0.0,1.0,59.21,59.71,58.39,59.5,80400.0
2012-06-07,61.0,61.03,59.39,59.5,96500.0,0.0,1.0,61.0,61.03,59.39,59.5,96500.0
2012-06-06,59.02,61.36,58.84,60.54,123900.0,0.0,1.0,59.02,61.36,58.84,60.54,123900.0
2012-06-05,56.43,58.46,56.32,58.38,127100.0,0.0,1.0,56.43,58.46,56.32,58.38,127100.0
2012-06-04,57.63,58.12,56.57,56.76,135800.0,0.0,1.0,57.63,58.12,56.57,56.76,135800.0
2012-06-01,56.84,58.68,55.36,57.9,226300.0,0.0,1.0,56.84,58.68,55.36,57.9,226300.0
2012-05-31,60.25,60.44,58.79,59.87,146800.0,0.0,1.0,60.25,60.44,58.79,59.87,146800.0
2012-05-30,61.02,61.56,60.04,60.07,108500.0,0.0,1.0,61.02,61.56,60.04,60.07,108500.0
2012-05-29,61.06,62.59,60.58,61.78,144200.0,0.0,1.0,61.06,62.59,60.58,61.78,144200.0
2012-05-25,59.2,60.37,58.81,60.19,172100.0,0.0,1.0,59.2,60.37,58.81,60.19,172100.0
2012-05-24,58.31,59.53,58.06,59.09,115200.0,0.0,1.0,58.31,59.53,58.06,59.09,115200.0
2012-05-23,58.92,59.03,57.54,58.0,101000.0,0.0,1.0,58.92,59.03,57.54,58.0,101000.0
2012-05-22,59.44,60.31,58.87,59.06,62400.0,0.0,1.0,59.44,60.31,58.87,59.06,62400.0
2012-05-21,57.67,59.19,57.46,59.0,79200.0,0.0,1.0,57.67,59.19,57.46,59.0,79200.0
2012-05-18,58.48,58.87,57.37,57.5,152800.0,0.0,1.0,58.48,58.87,57.37,57.5,152800.0
2012-05-17,61.73,62.14,58.01,58.17,166900.0,0.0,1.0,61.73,62.14,58.01,58.17,166900.0
2012-05-16,60.99,63.54,60.78,61.58,230300.0,0.0,1.0,60.99,63.54,60.78,61.58,230300.0
2012-05-15,60.68,61.24,60.14,60.33,97000.0,0.0,1.0,60.68,61.24,60.14,60.33,97000.0
2012-05-14,61.64,62.06,61.03,61.26,96700.0,0.0,1.0,61.64,62.06,61.03,61.26,96700.0
2012-05-11,62.34,62.82,61.78,62.33,79000.0,0.0,1.0,62.34,62.82,61.78,62.33,79000.0
2012-05-10,65.34,65.34,62.27,62.42,130300.0,0.0,1.0,65.34,65.34,62.27,62.42,130300.0
2012-05-09,65.33,65.76,64.2,64.91,88300.0,0.0,1.0,65.33,65.76,64.2,64.91,88300.0
2012-05-08,65.75,65.89,64.26,65.33,188000.0,0.0,1.0,65.75,65.89,64.26,65.33,188000.0
2012-05-07,65.02,66.35,64.57,66.08,116000.0,0.0,1.0,65.02,66.35,64.57,66.08,116000.0
2012-05-04,66.33,66.58,65.4,65.41,114800.0,0.0,1.0,66.33,66.58,65.4,65.41,114800.0
2012-05-03,68.58,68.59,66.46,66.72,50000.0,0.0,1.0,68.58,68.59,66.46,66.72,50000.0
2012-05-02,67.34,68.94,67.31,68.43,54000.0,0.0,1.0,67.34,68.94,67.31,68.43,54000.0
2012-05-01,67.0,68.06,66.59,67.55,82900.0,0.0,1.0,67.0,68.06,66.59,67.55,82900.0
2012-04-30,68.3,68.45,67.11,67.11,66000.0,0.0,1.0,68.3,68.45,67.11,67.11,66000.0
2012-04-27,66.64,68.41,66.46,68.1,97500.0,0.0,1.0,66.64,68.41,66.46,68.1,97500.0
2012-04-26,66.01,66.75,65.66,66.68,83000.0,0.0,1.0,66.01,66.75,65.66,66.68,83000.0
2012-04-25,66.15,66.28,65.54,66.04,62300.0,0.0,1.0,66.15,66.28,65.54,66.04,62300.0
2012-04-24,63.83,65.35,63.58,65.35,87100.0,0.0,1.0,63.83,65.35,63.58,65.35,87100.0
2012-04-23,64.81,65.03,63.17,63.99,120400.0,0.0,1.0,64.81,65.03,63.17,63.99,120400.0
2012-04-20,65.1,65.99,64.66,65.85,120200.0,0.0,1.0,65.1,65.99,64.66,65.85,120200.0
2012-04-19,64.73,65.99,64.45,64.99,106400.0,0.0,1.0,64.73,65.99,64.45,64.99,106400.0
2012-04-18,65.54,66.0,64.33,64.83,75100.0,0.0,1.0,65.54,66.0,64.33,64.83,75100.0
2012-04-17,63.44,66.7,63.22,65.7,278700.0,0.0,1.0,63.44,66.7,63.22,65.7,278700.0
2012-04-16,64.1,64.55,62.99,63.1,153800.0,0.0,1.0,64.1,64.55,62.99,63.1,153800.0
2012-04-13,64.84,64.84,63.71,64.0,88400.0,0.0,1.0,64.84,64.84,63.71,64.0,88400.0
2012-04-12,63.13,65.23,62.65,64.8,160900.0,0.0,1.0,63.13,65.23,62.65,64.8,160900.0
2012-04-11,63.4,63.62,62.94,63.2,78000.0,0.0,1.0,63.4,63.62,62.94,63.2,78000.0
2012-04-10,64.43,64.5,62.67,62.81,172600.0,0.0,1.0,64.43,64.5,62.67,62.81,172600.0
2012-04-09,64.07,64.91,63.85,64.76,83600.0,0.0,1.0,64.07,64.91,63.85,64.76,83600.0
2012-04-05,64.37,65.12,64.31,65.0,79700.0,0.0,1.0,64.37,65.12,64.31,65.0,79700.0
2012-04-04,64.63,65.06,64.0,64.75,209400.0,0.0,1.0,64.63,65.06,64.0,64.75,209400.0
2012-04-03,64.84,65.19,64.43,65.12,135800.0,0.0,1.0,64.84,65.19,64.43,65.12,135800.0
2012-04-02,63.88,65.37,63.81,65.13,159100.0,0.0,1.0,63.88,65.37,63.81,65.13,159100.0
2012-03-30,64.25,64.4,63.84,63.87,106500.0,0.0,1.0,64.25,64.4,63.84,63.87,106500.0
2012-03-29,63.89,64.27,63.5,64.0,111400.0,0.0,1.0,63.89,64.27,63.5,64.0,111400.0
2012-03-28,64.0,64.69,63.91,64.41,118200.0,0.0,1.0,64.0,64.69,63.91,64.41,118200.0
2012-03-27,63.34,64.61,63.16,64.02,144500.0,0.0,1.0,63.34,64.61,63.16,64.02,144500.0
2012-03-26,63.24,63.74,62.96,63.5,128200.0,0.0,1.0,63.24,63.74,62.96,63.5,128200.0
2012-03-23,62.49,62.95,62.16,62.86,76200.0,0.0,1.0,62.49,62.95,62.16,62.86,76200.0
2012-03-22,62.91,63.22,62.09,62.49,105900.0,0.0,1.0,62.91,63.22,62.09,62.49,105900.0
2012-03-21,63.48,63.49,63.0,63.25,79200.0,0.0,1.0,63.48,63.49,63.0,63.25,79200.0
2012-03-20,63.85,64.16,63.27,63.5,106900.0,0.0,1.0,63.85,64.16,63.27,63.5,106900.0
2012-03-19,64.39,64.69,63.8,64.14,146400.0,0.0,1.0,64.39,64.69,63.8,64.14,146400.0
2012-03-16,65.17,65.34,64.54,64.66,128900.0,0.0,1.0,65.17,65.34,64.54,64.66,128900.0
2012-03-15,64.0,65.09,63.48,64.9,144100.0,0.0,1.0,64.0,65.09,63.48,64.9,144100.0
2012-03-14,65.63,65.63,64.0,64.08,140900.0,0.0,1.0,65.63,65.63,64.0,64.08,140900.0
2012-03-13,64.14,65.58,63.92,65.58,188700.0,0.0,1.0,64.14,65.58,63.92,65.58,188700.0
2012-03-12,63.05,64.3,62.69,63.9,175900.0,0.0,1.0,63.05,64.3,62.69,63.9,175900.0
2012-03-09,61.5,63.29,61.31,62.9,242200.0,0.0,1.0,61.5,63.29,61.31,62.9,242200.0
2012-03-08,59.0,61.77,58.86,60.95,561600.0,0.0,1.0,59.0,61.77,58.86,60.95,561600.0
2012-03-07,58.18,58.93,57.81,58.77,103100.0,0.0,1.0,58.18,58.93,57.81,58.77,103100.0
2012-03-06,58.07,58.59,57.61,58.38,200100.0,0.0,1.0,58.07,58.59,57.61,58.38,200100.0
2012-03-05,58.62,58.8,58.28,58.68,110500.0,0.0,1.0,58.62,58.8,58.28,58.68,110500.0
2012-03-02,58.3,58.9,58.0,58.62,126400.0,0.0,1.0,58.3,58.9,58.0,58.62,126400.0
2012-03-01,56.01,59.44,55.6,58.22,287000.0,0.0,1.0,56.01,59.44,55.6,58.22,287000.0
2012-02-29,55.37,55.92,55.02,55.55,84600.0,0.0,1.0,55.37,55.92,55.02,55.55,84600.0
2012-02-28,55.57,55.92,54.77,55.43,85600.0,0.0,1.0,55.57,55.92,54.77,55.43,85600.0
2012-02-27,55.22,56.16,54.74,55.6,95300.0,0.0,1.0,55.22,56.16,54.74,55.6,95300.0
2012-02-24,55.0,55.6,54.5,55.46,112300.0,0.0,1.0,55.0,55.6,54.5,55.46,112300.0
2012-02-23,54.05,54.93,53.53,54.9,103400.0,0.0,1.0,54.05,54.93,53.53,54.9,103400.0
2012-02-22,54.65,55.08,53.83,54.05,102100.0,0.0,1.0,54.65,55.08,53.83,54.05,102100.0
2012-02-21,55.0,55.5,54.04,54.8,123600.0,0.0,1.0,55.0,55.5,54.04,54.8,123600.0
2012-02-17,55.65,55.74,54.62,54.91,101700.0,0.0,1.0,55.65,55.74,54.62,54.91,101700.0
2012-02-16,53.16,55.57,52.69,55.31,168900.0,0.0,1.0,53.16,55.57,52.69,55.31,168900.0
2012-02-15,52.26,53.36,51.8,53.23,173000.0,0.0,1.0,52.26,53.36,51.8,53.23,173000.0
2012-02-14,52.25,52.4,51.81,52.01,117200.0,0.0,1.0,52.25,52.4,51.81,52.01,117200.0
2012-02-13,51.5,52.4,51.47,52.39,108700.0,0.0,1.0,51.5,52.4,51.47,52.39,108700.0
2012-02-10,51.16,51.58,50.67,51.15,92600.0,0.0,1.0,51.16,51.58,50.67,51.15,92600.0
2012-02-09,52.0,52.25,51.66,51.67,124900.0,0.0,1.0,52.0,52.25,51.66,51.67,124900.0
2012-02-08,51.5,52.1,51.31,51.89,102900.0,0.0,1.0,51.5,52.1,51.31,51.89,102900.0
2012-02-07,51.17,51.17,50.61,51.09,69100.0,0.0,1.0,51.17,51.17,50.61,51.09,69100.0
2012-02-06,51.63,51.8,51.12,51.17,70400.0,0.0,1.0,51.63,51.8,51.12,51.17,70400.0
2012-02-03,51.55,51.94,51.4,51.56,161000.0,0.0,1.0,51.55,51.94,51.4,51.56,161000.0
2012-02-02,51.74,52.1,50.5,50.7,117800.0,0.0,1.0,51.74,52.1,50.5,50.7,117800.0
2012-02-01,52.11,52.55,51.51,51.66,139500.0,0.0,1.0,52.11,52.55,51.51,51.66,139500.0
2012-01-31,52.55,52.7,51.5,51.82,100800.0,0.0,1.0,52.55,52.7,51.5,51.82,100800.0
2012-01-30,51.99,52.22,51.07,52.16,120500.0,0.0,1.0,51.99,52.22,51.07,52.16,120500.0
2012-01-27,50.58,52.99,50.18,52.25,160600.0,0.0,1.0,50.58,52.99,50.18,52.25,160600.0
2012-01-26,49.36,51.13,48.98,50.58,274900.0,0.0,1.0,49.36,51.13,48.98,50.58,274900.0
2012-01-25,47.0,49.61,46.61,49.25,135800.0,0.0,1.0,47.0,49.61,46.61,49.25,135800.0
2012-01-24,46.67,47.21,46.63,46.95,75000.0,0.0,1.0,46.67,47.21,46.63,46.95,75000.0
2012-01-23,47.3,47.44,46.71,46.98,89900.0,0.0,1.0,47.3,47.44,46.71,46.98,89900.0
2012-01-20,47.28,47.5,46.72,47.23,95200.0,0.0,1.0,47.28,47.5,46.72,47.23,95200.0
2012-01-19,47.35,47.89,47.28,47.35,101500.0,0.0,1.0,47.35,47.89,47.28,47.35,101500.0
2012-01-18,47.04,48.2,46.86,47.25,165700.0,0.0,1.0,47.04,48.2,46.86,47.25,165700.0
2012-01-17,48.46,48.46,47.0,47.02,99400.0,0.0,1.0,48.46,48.46,47.0,47.02,99400.0
2012-01-13,48.26,48.28,47.81,47.85,118400.0,0.0,1.0,48.26,48.28,47.81,47.85,118400.0
2012-01-12,48.18,48.66,47.5,48.39,203900.0,0.0,1.0,48.18,48.66,47.5,48.39,203900.0
2012-01-11,47.34,48.21,47.29,48.12,119100.0,0.0,1.0,47.34,48.21,47.29,48.12,119100.0
2012-01-10,46.95,47.73,46.93,47.34,131000.0,0.0,1.0,46.95,47.73,46.93,47.34,131000.0
2012-01-09,46.46,46.76,45.95,46.32,114000.0,0.0,1.0,46.46,46.76,45.95,46.32,114000.0
2012-01-06,45.89,46.84,45.4,46.21,83600.0,0.0,1.0,45.89,46.84,45.4,46.21,83600.0
2012-01-05,44.57,45.67,44.4,45.65,199100.0,0.0,1.0,44.57,45.67,44.4,45.65,199100.0
2012-01-04,44.34,45.11,44.21,44.73,154400.0,0.0,1.0,44.34,45.11,44.21,44.73,154400.0
2012-01-03,45.08,45.25,44.02,44.27,113600.0,0.0,1.0,45.08,45.25,44.02,44.27,113600.0
2011-12-30,44.25,44.98,43.8,44.17,180300.0,0.0,1.0,44.25,44.98,43.8,44.17,180300.0
2011-12-29,44.23,44.73,44.03,44.42,76800.0,0.0,1.0,44.23,44.73,44.03,44.42,76800.0
2011-12-28,44.99,44.99,44.4,44.44,97900.0,0.0,1.0,44.99,44.99,44.4,44.44,97900.0
2011-12-27,44.5,45.52,44.5,45.02,109000.0,0.0,1.0,44.5,45.52,44.5,45.02,109000.0
2011-12-23,44.62,44.65,44.17,44.64,99700.0,0.0,1.0,44.62,44.65,44.17,44.64,99700.0
2011-12-22,44.0,44.86,44.0,44.63,130900.0,0.0,1.0,44.0,44.86,44.0,44.63,130900.0
2011-12-21,44.19,44.19,43.7,44.0,109600.0,0.0,1.0,44.19,44.19,43.7,44.0,109600.0
2011-12-20,44.03,44.5,43.58,44.3,184300.0,0.0,1.0,44.03,44.5,43.58,44.3,184300.0
2011-12-19,44.56,45.06,43.65,43.65,150400.0,0.0,1.0,44.56,45.06,43.65,43.65,150400.0
2011-12-16,45.48,46.17,44.29,44.53,143400.0,0.0,1.0,45.48,46.17,44.29,44.53,143400.0
2011-12-15,46.29,46.62,44.68,45.1,155900.0,0.0,1.0,46.29,46.62,44.68,45.1,155900.0
2011-12-14,47.68,47.79,45.86,45.89,110800.0,0.0,1.0,47.68,47.79,45.86,45.89,110800.0
2011-12-13,48.72,48.75,47.19,47.6,175000.0,0.0,1.0,48.72,48.75,47.19,47.6,175000.0
2011-12-12,47.79,48.66,46.02,48.43,222100.0,0.0,1.0,47.79,48.66,46.02,48.43,222100.0
2011-12-09,47.52,48.47,47.3,48.19,223600.0,0.0,1.0,47.52,48.47,47.3,48.19,223600.0
2011-12-08,49.12,49.17,47.25,47.3,99000.0,0.0,1.0,49.12,49.17,47.25,47.3,99000.0
2011-12-07,47.8,49.67,47.36,49.54,142900.0,0.0,1.0,47.8,49.67,47.36,49.54,142900.0
2011-12-06,46.4,48.14,46.17,48.0,173200.0,0.0,1.0,46.4,48.14,46.17,48.0,173200.0
2011-12-05,45.5,47.24,45.11,46.65,96900.0,0.0,1.0,45.5,47.24,45.11,46.65,96900.0
2011-12-02,45.14,45.58,44.56,44.85,82000.0,0.0,1.0,45.14,45.58,44.56,44.85,82000.0
2011-12-01,45.79,46.13,44.7,44.72,127000.0,0.0,1.0,45.79,46.13,44.7,44.72,127000.0
2011-11-30,44.8,46.23,44.34,46.19,220100.0,0.0,1.0,44.8,46.23,44.34,46.19,220100.0
2011-11-29,45.52,45.7,43.6,43.6,84900.0,0.0,1.0,45.52,45.7,43.6,43.6,84900.0
2011-11-28,45.18,45.69,44.78,45.56,110700.0,0.0,1.0,45.18,45.69,44.78,45.56,110700.0
2011-11-25,44.03,45.0,43.9,44.26,39700.0,0.0,1.0,44.03,45.0,43.9,44.26,39700.0
2011-11-23,44.95,45.03,43.77,44.3,110700.0,0.0,1.0,44.95,45.03,43.77,44.3,110700.0
2011-11-22,44.99,45.42,44.7,44.97,143800.0,0.0,1.0,44.99,45.42,44.7,44.97,143800.0
2011-11-21,44.26,45.14,43.51,44.9,156900.0,0.0,1.0,44.26,45.14,43.51,44.9,156900.0
2011-11-18,44.91,44.99,44.1,44.85,94700.0,0.0,1.0,44.91,44.99,44.1,44.85,94700.0
2011-11-17,45.65,45.77,44.01,44.79,98700.0,0.0,1.0,45.65,45.77,44.01,44.79,98700.0
2011-11-16,45.61,46.55,45.56,45.65,130000.0,0.0,1.0,45.61,46.55,45.56,45.65,130000.0
2011-11-15,46.75,46.84,46.14,46.49,104900.0,0.0,1.0,46.75,46.84,46.14,46.49,104900.0
2011-11-14,47.25,47.38,46.41,46.87,116600.0,0.0,1.0,47.25,47.38,46.41,46.87,116600.0
2011-11-11,46.48,47.87,46.45,47.2,138400.0,0.0,1.0,46.48,47.87,46.45,47.2,138400.0
2011-11-10,46.22,46.67,45.06,46.04,89200.0,0.0,1.0,46.22,46.67,45.06,46.04,89200.0
2011-11-09,45.11,46.88,45.11,45.29,125900.0,0.0,1.0,45.11,46.88,45.11,45.29,125900.0
2011-11-08,47.28,47.38,46.64,46.83,101800.0,0.0,1.0,47.28,47.38,46.64,46.83,101800.0
2011-11-07,46.88,47.29,45.68,46.84,49100.0,0.0,1.0,46.88,47.29,45.68,46.84,49100.0
2011-11-04,45.17,47.52,44.81,46.89,187400.0,0.0,1.0,45.17,47.52,44.81,46.89,187400.0
2011-11-03,46.83,46.91,45.53,46.0,103100.0,0.0,1.0,46.83,46.91,45.53,46.0,103100.0
2011-11-02,46.6,46.6,45.29,45.96,105100.0,0.0,1.0,46.6,46.6,45.29,45.96,105100.0
2011-11-01,45.77,47.0,45.44,45.44,135200.0,0.0,1.0,45.77,47.0,45.44,45.44,135200.0
2011-10-31,48.06,48.79,47.98,47.98,162400.0,0.0,1.0,48.06,48.79,47.98,47.98,162400.0
2011-10-28,47.74,49.49,45.0,49.28,85300.0,0.0,1.0,47.74,49.49,45.0,49.28,85300.0
2011-10-27,47.69,49.4,47.01,49.0,142600.0,0.0,1.0,47.69,49.4,47.01,49.0,142600.0
2011-10-26,47.12,47.22,46.17,46.43,96400.0,0.0,1.0,47.12,47.22,46.17,46.43,96400.0
2011-10-25,47.64,47.74,46.26,46.34,73400.0,0.0,1.0,47.64,47.74,46.26,46.34,73400.0
2011-10-24,46.6,48.13,46.15,47.85,93900.0,0.0,1.0,46.6,48.13,46.15,47.85,93900.0
2011-10-21,45.53,46.56,45.21,46.52,109700.0,0.0,1.0,45.53,46.56,45.21,46.52,109700.0
2011-10-20,44.0,45.14,43.5,45.0,72200.0,0.0,1.0,44.0,45.14,43.5,45.0,72200.0
2011-10-19,45.06,45.65,44.0,44.13,103500.0,0.0,1.0,45.06,45.65,44.0,44.13,103500.0
2011-10-18,44.32,46.43,43.85,45.4,179100.0,0.0,1.0,44.32,46.43,43.85,45.4,179100.0
2011-10-17,44.71,45.28,43.5,44.16,211400.0,0.0,1.0,44.71,45.28,43.5,44.16,211400.0
2011-10-14,42.31,44.97,42.31,44.35,216300.0,0.0,1.0,42.31,44.97,42.31,44.35,216300.0
2011-10-13,43.7,43.7,40.78,42.0,68200.0,0.0,1.0,43.7,43.7,40.78,42.0,68200.0
2011-10-12,42.92,44.0,42.45,42.83,65600.0,0.0,1.0,42.92,44.0,42.45,42.83,65600.0
2011-10-11,42.96,43.73,41.97,42.16,89100.0,0.0,1.0,42.96,43.73,41.97,42.16,89100.0
2011-10-10,41.29,43.83,41.29,43.45,221500.0,0.0,1.0,41.29,43.83,41.29,43.45,221500.0
2011-10-07,41.28,42.52,40.06,40.07,178200.0,0.0,1.0,41.28,42.52,40.06,40.07,178200.0
2011-10-06,38.87,41.66,38.87,41.35,132000.0,0.0,1.0,38.87,41.66,38.87,41.35,132000.0
2011-10-05,37.67,39.49,36.85,39.08,253800.0,0.0,1.0,37.67,39.49,36.85,39.08,253800.0
2011-10-04,37.43,38.35,35.51,37.31,467600.0,0.0,1.0,37.43,38.35,35.51,37.31,467600.0
2011-10-03,41.65,41.74,37.66,38.03,300900.0,0.0,1.0,41.65,41.74,37.66,38.03,300900.0
2011-09-30,43.82,44.57,41.53,42.1,311100.0,0.0,1.0,43.82,44.57,41.53,42.1,311100.0
2011-09-29,43.35,45.09,43.35,44.38,169300.0,0.0,1.0,43.35,45.09,43.35,44.38,169300.0
2011-09-28,43.5,43.93,42.64,42.64,138300.0,0.0,1.0,43.5,43.93,42.64,42.64,138300.0
2011-09-27,44.48,45.0,43.45,43.81,101400.0,0.0,1.0,44.48,45.0,43.45,43.81,101400.0
2011-09-26,42.96,43.58,42.32,43.58,94500.0,0.0,1.0,42.96,43.58,42.32,43.58,94500.0
2011-09-23,42.05,42.91,42.05,42.41,102400.0,0.0,1.0,42.05,42.91,42.05,42.41,102400.0
2011-09-22,44.5,44.5,41.96,42.15,283400.0,0.0,1.0,44.5,44.5,41.96,42.15,283400.0
2011-09-21,46.58,47.35,45.49,45.5,193300.0,0.0,1.0,46.58,47.35,45.49,45.5,193300.0
2011-09-20,47.7,48.0,46.81,46.84,104800.0,0.0,1.0,47.7,48.0,46.81,46.84,104800.0
2011-09-19,46.46,47.71,46.18,47.26,115800.0,0.0,1.0,46.46,47.71,46.18,47.26,115800.0
2011-09-16,47.56,47.56,46.18,47.11,425300.0,0.0,1.0,47.56,47.56,46.18,47.11,425300.0
2011-09-15,47.37,48.32,46.5,47.61,125000.0,0.0,1.0,47.37,48.32,46.5,47.61,125000.0
2011-09-14,47.86,48.84,46.6,46.88,158200.0,0.0,1.0,47.86,48.84,46.6,46.88,158200.0
2011-09-13,47.01,48.02,46.83,47.61,128300.0,0.0,1.0,47.01,48.02,46.83,47.61,128300.0
2011-09-12,47.09,47.7,45.61,46.5,185700.0,0.0,1.0,47.09,47.7,45.61,46.5,185700.0
2011-09-09,49.19,50.31,48.23,48.32,120300.0,0.0,1.0,49.19,50.31,48.23,48.32,120300.0
2011-09-08,50.15,51.36,49.52,49.71,136400.0,0.0,1.0,50.15,51.36,49.52,49.71,136400.0
2011-09-07,50.04,50.18,49.39,49.95,97600.0,0.0,1.0,50.04,50.18,49.39,49.95,97600.0
2011-09-06,48.3,49.66,47.88,49.33,158200.0,0.0,1.0,48.3,49.66,47.88,49.33,158200.0
2011-09-02,49.49,50.46,48.83,49.65,110000.0,0.0,1.0,49.49,50.46,48.83,49.65,110000.0
2011-09-01,53.7,54.08,50.99,51.06,135900.0,0.0,1.0,53.7,54.08,50.99,51.06,135900.0
2011-08-31,53.2,54.17,52.81,54.09,168200.0,0.0,1.0,53.2,54.17,52.81,54.09,168200.0
2011-08-30,51.88,53.47,51.67,53.22,68800.0,0.0,1.0,51.88,53.47,51.67,53.22,68800.0
2011-08-29,50.86,53.2,50.58,53.1,100700.0,0.0,1.0,50.86,53.2,50.58,53.1,100700.0
2011-08-26,49.94,51.45,49.45,50.21,103000.0,0.0,1.0,49.94,51.45,49.45,50.21,103000.0
2011-08-25,53.55,53.98,50.0,50.27,133400.0,0.0,1.0,53.55,53.98,50.0,50.27,133400.0
2011-08-24,51.69,53.2,50.95,53.05,119700.0,0.0,1.0,51.69,53.2,50.95,53.05,119700.0
2011-08-23,49.82,53.06,49.02,51.89,182500.0,0.0,1.0,49.82,53.06,49.02,51.89,182500.0
2011-08-22,51.25,52.01,49.18,49.84,116200.0,0.0,1.0,51.25,52.01,49.18,49.84,116200.0
2011-08-19,50.09,52.13,50.03,50.18,160500.0,0.0,1.0,50.09,52.13,50.03,50.18,160500.0
2011-08-18,53.67,53.83,50.39,50.7,421600.0,0.0,1.0,53.67,53.83,50.39,50.7,421600.0
2011-08-17,55.96,55.96,55.03,55.63,122200.0,0.0,1.0,55.96,55.96,55.03,55.63,122200.0
2011-08-16,55.1,57.77,54.81,55.57,172100.0,0.0,1.0,55.1,57.77,54.81,55.57,172100.0
2011-08-15,52.85,55.85,51.99,55.82,158700.0,0.0,1.0,52.85,55.85,51.99,55.82,158700.0
2011-08-12,56.19,57.08,52.21,52.22,288200.0,0.0,1.0,56.19,57.08,52.21,52.22,288200.0
2011-08-11,52.92,56.85,52.77,55.57,270300.0,0.0,1.0,52.92,56.85,52.77,55.57,270300.0
2011-08-10,51.05,56.76,49.13,52.36,389700.0,0.0,1.0,51.05,56.76,49.13,52.36,389700.0
2011-08-09,47.91,50.51,46.51,50.09,424400.0,0.0,1.0,47.91,50.51,46.51,50.09,424400.0
2011-08-08,50.0,51.72,45.25,45.34,532000.0,0.0,1.0,50.0,51.72,45.25,45.34,532000.0
2011-08-05,52.95,54.25,48.0,52.3,513000.0,0.0,1.0,52.95,54.25,48.0,52.3,513000.0
2011-08-04,54.68,54.89,51.93,52.5,505400.0,0.0,1.0,54.68,54.89,51.93,52.5,505400.0
2011-08-03,55.93,55.93,53.61,55.3,198700.0,0.0,1.0,55.93,55.93,53.61,55.3,198700.0
2011-08-02,58.87,59.27,55.86,55.89,229600.0,0.0,1.0,58.87,59.27,55.86,55.89,229600.0
2011-08-01,61.07,61.53,59.23,59.38,97500.0,0.0,1.0,61.07,61.53,59.23,59.38,97500.0
2011-07-29,60.81,61.38,60.32,60.46,70800.0,0.0,1.0,60.81,61.38,60.32,60.46,70800.0
2011-07-28,60.84,61.99,60.01,61.23,108400.0,0.0,1.0,60.84,61.99,60.01,61.23,108400.0
2011-07-27,62.55,62.68,60.6,60.66,94500.0,0.0,1.0,62.55,62.68,60.6,60.66,94500.0
2011-07-26,62.62,62.85,62.49,62.59,48000.0,0.0,1.0,62.62,62.85,62.49,62.59,48000.0
2011-07-25,62.5,62.85,62.22,62.45,37500.0,0.0,1.0,62.5,62.85,62.22,62.45,37500.0
2011-07-22,63.29,63.82,62.52,62.97,77900.0,0.0,1.0,63.29,63.82,62.52,62.97,77900.0
2011-07-21,61.72,63.23,61.47,63.15,90000.0,0.0,1.0,61.72,63.23,61.47,63.15,90000.0
2011-07-20,61.36,61.57,60.81,61.45,59000.0,0.0,1.0,61.36,61.57,60.81,61.45,59000.0
2011-07-19,61.32,62.21,60.7,61.3,58400.0,0.0,1.0,61.32,62.21,60.7,61.3,58400.0
2011-07-18,61.8,61.8,59.57,60.92,86600.0,0.0,1.0,61.8,61.8,59.57,60.92,86600.0
2011-07-15,61.2,61.96,60.56,61.94,83300.0,0.0,1.0,61.2,61.96,60.56,61.94,83300.0
2011-07-14,62.0,62.06,60.57,60.84,65200.0,0.0,1.0,62.0,62.06,60.57,60.84,65200.0
2011-07-13,62.67,63.94,61.55,61.88,102200.0,0.0,1.0,62.67,63.94,61.55,61.88,102200.0
2011-07-12,62.51,63.69,62.34,62.55,52600.0,0.0,1.0,62.51,63.69,62.34,62.55,52600.0
2011-07-11,63.52,63.81,62.46,62.53,67300.0,0.0,1.0,63.52,63.81,62.46,62.53,67300.0
2011-07-08,64.29,64.99,64.0,64.19,64100.0,0.0,1.0,64.29,64.99,64.0,64.19,64100.0
2011-07-07,64.67,65.15,64.25,64.96,81900.0,0.0,1.0,64.67,65.15,64.25,64.96,81900.0
2011-07-06,65.7,66.31,63.65,63.93,128300.0,0.0,1.0,65.7,66.31,63.65,63.93,128300.0
2011-07-05,64.49,66.42,64.0,65.51,118600.0,0.0,1.0,64.49,66.42,64.0,65.51,118600.0
2011-07-01,64.99,65.58,63.87,64.34,93000.0,0.0,1.0,64.99,65.58,63.87,64.34,93000.0
2011-06-30,64.05,65.41,63.74,65.04,229600.0,0.0,1.0,64.05,65.41,63.74,65.04,229600.0
2011-06-29,63.39,64.53,63.22,63.73,119000.0,0.0,1.0,63.39,64.53,63.22,63.73,119000.0
2011-06-28,62.66,63.63,61.55,63.23,102800.0,0.0,1.0,62.66,63.63,61.55,63.23,102800.0
2011-06-27,63.25,64.32,62.24,62.29,206400.0,0.0,1.0,63.25,64.32,62.24,62.29,206400.0
2011-06-24,64.67,64.85,63.01,63.5,540800.0,0.0,1.0,64.67,64.85,63.01,63.5,540800.0
2011-06-23,64.47,64.62,63.78,64.47,116900.0,0.0,1.0,64.47,64.62,63.78,64.47,116900.0
2011-06-22,65.39,65.93,65.3,65.38,90200.0,0.0,1.0,65.39,65.93,65.3,65.38,90200.0
2011-06-21,65.42,65.96,64.78,65.84,96100.0,0.0,1.0,65.42,65.96,64.78,65.84,96100.0
2011-06-20,65.3,65.43,63.89,65.22,120700.0,0.0,1.0,65.3,65.43,63.89,65.22,120700.0
2011-06-17,66.76,67.03,64.61,65.09,135500.0,0.0,1.0,66.76,67.03,64.61,65.09,135500.0
2011-06-16,66.8,66.83,64.84,66.02,212500.0,0.0,1.0,66.8,66.83,64.84,66.02,212500.0
2011-06-15,69.03,69.2,66.32,66.65,177200.0,0.0,1.0,69.03,69.2,66.32,66.65,177200.0
2011-06-14,69.06,70.37,68.23,69.36,209400.0,0.0,1.0,69.06,70.37,68.23,69.36,209400.0
2011-06-13,72.01,72.16,67.14,68.44,410700.0,0.0,1.0,72.01,72.16,67.14,68.44,410700.0
2011-06-10,73.16,73.5,71.96,71.99,227600.0,0.0,1.0,73.16,73.5,71.96,71.99,227600.0
2011-06-09,73.31,74.3,73.07,73.67,158700.0,0.0,1.0,73.31,74.3,73.07,73.67,158700.0
2011-06-08,73.18,74.01,72.34,73.31,215600.0,0.0,1.0,73.18,74.01,72.34,73.31,215600.0
2011-06-07,73.71,74.65,73.42,73.56,106800.0,0.0,1.0,73.71,74.65,73.42,73.56,106800.0
2011-06-06,73.27,73.82,71.49,73.07,254600.0,0.0,1.0,73.27,73.82,71.49,73.07,254600.0
2011-06-03,72.33,74.21,72.33,73.27,161500.0,0.0,1.0,72.33,74.21,72.33,73.27,161500.0
2011-06-02,72.7,74.07,72.7,73.38,143900.0,0.0,1.0,72.7,74.07,72.7,73.38,143900.0
2011-06-01,76.25,76.25,72.63,73.15,296200.0,0.0,1.0,76.25,76.25,72.63,73.15,296200.0
2011-05-31,75.01,76.83,74.62,76.48,1373900.0,0.0,1.0,75.01,76.83,74.62,76.48,1373900.0
2011-05-27,73.3,74.73,73.1,74.51,186300.0,0.0,1.0,73.3,74.73,73.1,74.51,186300.0
2011-05-26,70.94,73.1,70.26,72.92,222600.0,0.0,1.0,70.94,73.1,70.26,72.92,222600.0
2011-05-25,68.8,71.69,68.8,70.97,295800.0,0.0,1.0,68.8,71.69,68.8,70.97,295800.0
2011-05-24,67.88,69.53,67.5,69.13,235700.0,0.0,1.0,67.88,69.53,67.5,69.13,235700.0
2011-05-23,66.23,68.07,66.12,67.62,176000.0,0.0,1.0,66.23,68.07,66.12,67.62,176000.0
2011-05-20,67.2,67.75,66.75,67.0,189900.0,0.0,1.0,67.2,67.75,66.75,67.0,189900.0
2011-05-19,67.28,67.63,66.9,67.1,107500.0,0.0,1.0,67.28,67.63,66.9,67.1,107500.0
2011-05-18,66.75,67.34,66.66,67.16,276100.0,0.0,1.0,66.75,67.34,66.66,67.16,276100.0
2011-05-17,66.22,67.04,65.65,66.78,270300.0,0.0,1.0,66.22,67.04,65.65,66.78,270300.0
2011-05-16,65.9,67.47,65.5,66.27,226700.0,0.0,1.0,65.9,67.47,65.5,66.27,226700.0
2011-05-13,67.2,67.41,65.8,65.97,175100.0,0.0,1.0,67.2,67.41,65.8,65.97,175100.0
2011-05-12,65.8,67.5,65.8,67.03,284000.0,0.0,1.0,65.8,67.5,65.8,67.03,284000.0
2011-05-11,69.0,70.14,65.53,66.15,733800.0,0.0,1.0,69.0,70.14,65.53,66.15,733800.0
2011-05-10,67.51,69.32,66.91,68.84,450300.0,0.0,1.0,67.51,69.32,66.91,68.84,450300.0
2011-05-09,65.64,68.25,65.31,67.85,252000.0,0.0,1.0,65.64,68.25,65.31,67.85,252000.0
2011-05-06,65.8,66.17,64.9,65.5,160500.0,0.0,1.0,65.8,66.17,64.9,65.5,160500.0
2011-05-05,64.9,65.83,64.58,65.21,120400.0,0.0,1.0,64.9,65.83,64.58,65.21,120400.0
2011-05-04,65.5,66.18,65.12,65.14,226000.0,0.0,1.0,65.5,66.18,65.12,65.14,226000.0
2011-05-03,65.33,65.48,64.34,64.52,148000.0,0.0,1.0,65.33,65.48,64.34,64.52,148000.0
2011-05-02,65.44,65.65,64.75,65.21,189000.0,0.0,1.0,65.44,65.65,64.75,65.21,189000.0
2011-04-29,64.82,65.14,64.24,64.77,184000.0,0.0,1.0,64.82,65.14,64.24,64.77,184000.0
2011-04-28,64.77,64.8,64.14,64.57,179400.0,0.0,1.0,64.77,64.8,64.14,64.57,179400.0
2011-04-27,64.43,65.02,64.04,64.75,172300.0,0.0,1.0,64.43,65.02,64.04,64.75,172300.0
2011-04-26,64.17,64.74,63.99,64.64,276500.0,0.0,1.0,64.17,64.74,63.99,64.64,276500.0
2011-04-25,64.11,64.19,63.27,64.1,122800.0,0.0,1.0,64.11,64.19,63.27,64.1,122800.0
2011-04-21,64.26,64.67,63.48,64.41,91400.0,0.0,1.0,64.26,64.67,63.48,64.41,91400.0
2011-04-20,63.31,65.49,62.69,64.44,232800.0,0.0,1.0,63.31,65.49,62.69,64.44,232800.0
2011-04-19,63.0,63.42,62.68,62.95,157600.0,0.0,1.0,63.0,63.42,62.68,62.95,157600.0
2011-04-18,62.29,63.22,61.32,62.89,102200.0,0.0,1.0,62.29,63.22,61.32,62.89,102200.0
2011-04-15,63.24,64.0,62.53,62.79,188600.0,0.0,1.0,63.24,64.0,62.53,62.79,188600.0
2011-04-14,62.87,64.17,62.2,63.49,262300.0,0.0,1.0,62.87,64.17,62.2,63.49,262300.0
2011-04-13,61.92,63.21,60.41,63.04,255200.0,0.0,1.0,61.92,63.21,60.41,63.04,255200.0
2011-04-12,60.66,62.41,59.15,61.25,335300.0,0.0,1.0,60.66,62.41,59.15,61.25,335300.0
2011-04-11,64.03,64.03,56.86,60.59,818800.0,0.0,1.0,64.03,64.03,56.86,60.59,818800.0
2011-04-08,68.91,69.5,63.45,64.5,474200.0,0.0,1.0,68.91,69.5,63.45,64.5,474200.0
2011-04-07,70.29,70.3,68.01,68.25,97900.0,0.0,1.0,70.29,70.3,68.01,68.25,97900.0
2011-04-06,71.9,72.25,68.0,69.87,204900.0,0.0,1.0,71.9,72.25,68.0,69.87,204900.0
2011-04-05,73.6,73.79,71.87,72.03,135400.0,0.0,1.0,73.6,73.79,71.87,72.03,135400.0
2011-04-04,72.0,73.75,72.0,73.5,116500.0,0.0,1.0,72.0,73.75,72.0,73.5,116500.0
2011-04-01,71.05,72.0,70.66,71.93,179500.0,0.0,1.0,71.05,72.0,70.66,71.93,179500.0
2011-03-31,69.78,70.89,68.75,70.64,154600.0,0.0,1.0,69.78,70.89,68.75,70.64,154600.0
2011-03-30,68.75,70.0,68.28,69.75,98400.0,0.0,1.0,68.75,70.0,68.28,69.75,98400.0
2011-03-29,68.5,68.92,67.5,68.89,95400.0,0.0,1.0,68.5,68.92,67.5,68.89,95400.0
2011-03-28,69.05,69.2,68.26,68.56,65800.0,0.0,1.0,69.05,69.2,68.26,68.56,65800.0
2011-03-25,68.49,69.86,68.03,69.2,113000.0,0.0,1.0,68.49,69.86,68.03,69.2,113000.0
2011-03-24,69.02,69.02,67.33,68.68,103000.0,0.0,1.0,69.02,69.02,67.33,68.68,103000.0
2011-03-23,69.61,69.73,68.13,68.49,114800.0,0.0,1.0,69.61,69.73,68.13,68.49,114800.0
2011-03-22,69.99,70.21,68.65,70.0,141000.0,0.0,1.0,69.99,70.21,68.65,70.0,141000.0
2011-03-21,68.3,71.94,68.21,69.74,251600.0,0.0,1.0,68.3,71.94,68.21,69.74,251600.0
2011-03-18,66.96,68.42,65.0,68.33,576100.0,0.0,1.0,66.96,68.42,65.0,68.33,576100.0
2011-03-17,65.12,66.48,64.7,66.34,157800.0,0.0,1.0,65.12,66.48,64.7,66.34,157800.0
2011-03-16,66.39,66.39,64.65,64.8,194500.0,0.0,1.0,66.39,66.39,64.65,64.8,194500.0
2011-03-15,65.87,67.36,64.6,66.71,198500.0,0.0,1.0,65.87,67.36,64.6,66.71,198500.0
2011-03-14,65.3,67.7,65.3,67.13,243700.0,0.0,1.0,65.3,67.7,65.3,67.13,243700.0
2011-03-11,63.06,65.93,62.31,65.67,223500.0,0.0,1.0,63.06,65.93,62.31,65.67,223500.0
2011-03-10,63.7,64.1,62.75,63.04,108700.0,0.0,1.0,63.7,64.1,62.75,63.04,108700.0
2011-03-09,63.91,64.54,63.75,63.94,130200.0,0.0,1.0,63.91,64.54,63.75,63.94,130200.0
2011-03-08,62.75,63.93,62.38,63.56,79400.0,0.0,1.0,62.75,63.93,62.38,63.56,79400.0
2011-03-07,63.11,63.46,62.65,62.82,94800.0,0.0,1.0,63.11,63.46,62.65,62.82,94800.0
2011-03-04,63.28,63.49,61.6,63.0,116400.0,0.0,1.0,63.28,63.49,61.6,63.0,116400.0
2011-03-03,62.46,63.39,62.22,62.92,165600.0,0.0,1.0,62.46,63.39,62.22,62.92,165600.0
2011-03-02,59.27,62.16,58.75,61.82,207900.0,0.0,1.0,59.27,62.16,58.75,61.82,207900.0
2011-03-01,57.95,59.44,56.82,59.18,244700.0,0.0,1.0,57.95,59.44,56.82,59.18,244700.0
2011-02-28,56.58,58.94,56.0,57.77,230700.0,0.0,1.0,56.58,58.94,56.0,57.77,230700.0
2011-02-25,55.01,56.34,54.88,56.32,69800.0,0.0,1.0,55.01,56.34,54.88,56.32,69800.0
2011-02-24,54.55,55.02,53.79,54.5,45700.0,0.0,1.0,54.55,55.02,53.79,54.5,45700.0
2011-02-23,55.35,55.63,54.16,54.73,65600.0,0.0,1.0,55.35,55.63,54.16,54.73,65600.0
2011-02-22,55.41,56.09,54.97,55.48,89300.0,0.0,1.0,55.41,56.09,54.97,55.48,89300.0
2011-02-18,54.54,56.78,54.08,55.83,169500.0,0.0,1.0,54.54,56.78,54.08,55.83,169500.0
2011-02-17,53.46,54.57,53.36,54.46,106600.0,0.0,1.0,53.46,54.57,53.36,54.46,106600.0
2011-02-16,52.77,53.6,52.62,53.56,71700.0,0.0,1.0,52.77,53.6,52.62,53.56,71700.0
2011-02-15,53.34,53.6,52.79,52.82,51800.0,0.0,1.0,53.34,53.6,52.79,52.82,51800.0
2011-02-14,53.45,53.72,53.01,53.37,33100.0,0.0,1.0,53.45,53.72,53.01,53.37,33100.0
2011-02-11,52.9,53.52,52.9,53.4,61600.0,0.0,1.0,52.9,53.52,52.9,53.4,61600.0
2011-02-10,53.02,53.37,52.68,53.07,57100.0,0.0,1.0,53.02,53.37,52.68,53.07,57100.0
2011-02-09,52.34,53.25,52.34,53.16,145600.0,0.0,1.0,52.34,53.25,52.34,53.16,145600.0
2011-02-08,52.69,52.72,52.4,52.6,136400.0,0.0,1.0,52.69,52.72,52.4,52.6,136400.0
2011-02-07,52.31,53.01,52.23,52.69,176500.0,0.0,1.0,52.31,53.01,52.23,52.69,176500.0
2011-02-04,52.45,53.01,51.73,52.32,151700.0,0.0,1.0,52.45,53.01,51.73,52.32,151700.0
2011-02-03,50.19,51.85,50.19,51.72,125800.0,0.0,1.0,50.19,51.85,50.19,51.72,125800.0
2011-02-02,50.72,51.11,50.32,50.43,60300.0,0.0,1.0,50.72,51.11,50.32,50.43,60300.0
2011-02-01,50.36,51.07,49.85,50.73,158800.0,0.0,1.0,50.36,51.07,49.85,50.73,158800.0
2011-01-31,50.0,50.28,49.0,50.28,316600.0,0.0,1.0,50.0,50.28,49.0,50.28,316600.0
2011-01-28,51.51,51.56,50.41,50.53,104600.0,0.0,1.0,51.51,51.56,50.41,50.53,104600.0
2011-01-27,52.18,52.22,51.3,51.57,90000.0,0.0,1.0,52.18,52.22,51.3,51.57,90000.0
2011-01-26,52.77,52.77,52.13,52.3,109200.0,0.0,1.0,52.77,52.77,52.13,52.3,109200.0
2011-01-25,52.82,52.92,51.97,52.69,69800.0,0.0,1.0,52.82,52.92,51.97,52.69,69800.0
2011-01-24,51.67,53.0,51.35,52.95,128100.0,0.0,1.0,51.67,53.0,51.35,52.95,128100.0
2011-01-21,52.86,53.03,51.17,51.98,169100.0,0.0,1.0,52.86,53.03,51.17,51.98,169100.0
2011-01-20,52.37,53.06,51.84,52.48,139300.0,0.0,1.0,52.37,53.06,51.84,52.48,139300.0
2011-01-19,53.1,53.72,52.4,52.54,103800.0,0.0,1.0,53.1,53.72,52.4,52.54,103800.0
2011-01-18,53.07,53.88,52.83,53.33,161200.0,0.0,1.0,53.07,53.88,52.83,53.33,161200.0
2011-01-14,53.5,53.92,52.89,53.42,161400.0,0.0,1.0,53.5,53.92,52.89,53.42,161400.0
2011-01-13,53.35,53.52,52.89,53.5,74100.0,0.0,1.0,53.35,53.52,52.89,53.5,74100.0
2011-01-12,53.32,53.45,52.35,53.25,172900.0,0.0,1.0,53.32,53.45,52.35,53.25,172900.0
2011-01-11,53.81,53.81,52.31,53.16,116600.0,0.0,1.0,53.81,53.81,52.31,53.16,116600.0
2011-01-10,54.51,54.57,53.4,53.83,67400.0,0.0,1.0,54.51,54.57,53.4,53.83,67400.0
2011-01-07,55.0,55.89,54.83,54.96,259000.0,0.0,1.0,55.0,55.89,54.83,54.96,259000.0
2011-01-06,54.69,55.21,54.5,54.83,235900.0,0.0,1.0,54.69,55.21,54.5,54.83,235900.0
2011-01-05,53.95,54.6,53.79,54.58,152200.0,0.0,1.0,53.95,54.6,53.79,54.58,152200.0
2011-01-04,54.32,54.5,53.92,54.3,127700.0,0.0,1.0,54.32,54.5,53.92,54.3,127700.0
2011-01-03,54.52,54.69,52.85,54.6,267000.0,0.0,1.0,54.52,54.69,52.85,54.6,267000.0
2010-12-31,54.48,54.66,54.21,54.42,91700.0,0.0,1.0,54.48,54.66,54.21,54.42,91700.0
2010-12-30,54.77,54.77,54.03,54.47,94000.0,0.0,1.0,54.77,54.77,54.03,54.47,94000.0
2010-12-29,53.66,55.19,53.46,54.56,196400.0,0.0,1.0,53.66,55.19,53.46,54.56,196400.0
2010-12-28,51.82,54.15,50.9,53.46,137100.0,0.0,1.0,51.82,54.15,50.9,53.46,137100.0
2010-12-27,52.06,52.06,50.44,51.93,131500.0,0.0,1.0,52.06,52.06,50.44,51.93,131500.0
2010-12-23,53.96,53.96,52.04,52.11,199800.0,0.0,1.0,53.96,53.96,52.04,52.11,199800.0
2010-12-22,55.01,55.14,51.74,53.96,324800.0,0.0,1.0,55.01,55.14,51.74,53.96,324800.0
2010-12-21,56.1,56.25,54.85,55.14,129300.0,0.0,1.0,56.1,56.25,54.85,55.14,129300.0
2010-12-20,54.77,56.1,54.77,56.0,261200.0,0.0,1.0,54.77,56.1,54.77,56.0,261200.0
2010-12-17,54.5,55.05,53.83,54.95,494200.0,0.0,1.0,54.5,55.05,53.83,54.95,494200.0
2010-12-16,53.77,54.8,53.54,54.51,171500.0,0.0,1.0,53.77,54.8,53.54,54.51,171500.0
2010-12-15,54.0,54.43,53.38,53.53,211900.0,0.0,1.0,54.0,54.43,53.38,53.53,211900.0
2010-12-14,54.35,54.78,53.28,54.6,249600.0,0.0,1.0,54.35,54.78,53.28,54.6,249600.0
2010-12-13,52.81,54.7,52.46,54.39,388600.0,0.0,1.0,52.81,54.7,52.46,54.39,388600.0
2010-12-10,50.16,52.2,48.98,51.85,429900.0,0.0,1.0,50.16,52.2,48.98,51.85,429900.0
2010-12-09,49.93,50.5,49.0,49.94,421400.0,0.0,1.0,49.93,50.5,49.0,49.94,421400.0
2010-12-08,47.4,49.24,47.2,48.46,282500.0,0.0,1.0,47.4,49.24,47.2,48.46,282500.0
2010-12-07,46.5,47.19,46.06,47.08,335100.0,0.0,1.0,46.5,47.19,46.06,47.08,335100.0
2010-12-06,44.45,46.07,44.45,45.3,396600.0,0.0,1.0,44.45,46.07,44.45,45.3,396600.0
2010-12-03,43.1,44.9,43.06,44.34,464800.0,0.0,1.0,43.1,44.9,43.06,44.34,464800.0
2010-12-02,41.95,43.38,41.95,43.15,347300.0,0.0,1.0,41.95,43.38,41.95,43.15,347300.0
2010-12-01,41.86,43.1,41.5,41.95,234200.0,0.0,1.0,41.86,43.1,41.5,41.95,234200.0
2010-11-30,41.0,41.71,40.01,40.77,48600.0,0.0,1.0,41.0,41.71,40.01,40.77,48600.0
2010-11-29,41.8,41.96,41.25,41.42,244900.0,0.0,1.0,41.8,41.96,41.25,41.42,244900.0
2010-11-26,42.05,42.23,41.8,41.94,34900.0,0.0,1.0,42.05,42.23,41.8,41.94,34900.0
2010-11-24,41.7,42.22,41.7,42.05,233100.0,0.0,1.0,41.7,42.22,41.7,42.05,233100.0
2010-11-23,41.32,41.89,40.62,41.7,135200.0,0.0,1.0,41.32,41.89,40.62,41.7,135200.0
2010-11-22,42.34,42.35,40.26,41.63,161400.0,0.0,1.0,42.34,42.35,40.26,41.63,161400.0
2010-11-19,40.1,43.25,39.91,42.23,1479300.0,0.0,1.0,40.1,43.25,39.91,42.23,1479300.0
2010-11-18,40.93,40.93,39.3,40.05,289600.0,0.0,1.0,40.93,40.93,39.3,40.05,289600.0
2010-11-17,40.1,40.5,39.13,39.94,349100.0,0.0,1.0,40.1,40.5,39.13,39.94,349100.0
2010-11-16,41.53,43.78,39.0,40.3,460100.0,0.0,1.0,41.53,43.78,39.0,40.3,460100.0
2010-11-15,37.1,41.31,37.0,40.75,562700.0,0.0,1.0,37.1,41.31,37.0,40.75,562700.0
2010-11-12,37.03,37.34,36.5,36.96,73000.0,0.0,1.0,37.03,37.34,36.5,36.96,73000.0
2010-11-11,36.25,37.87,36.25,37.35,746700.0,0.0,1.0,36.25,37.87,36.25,37.35,746700.0
2010-11-10,35.5,37.74,34.5,36.9,1862500.0,0.0,1.0,35.5,37.74,34.5,36.9,1862500.0
2010-11-09,38.0,38.8,35.51,36.5,58700.0,0.0,1.0,38.0,38.8,35.51,36.5,58700.0
2010-11-08,39.0,39.95,37.2,38.5,92700.0,0.0,1.0,39.0,39.95,37.2,38.5,92700.0
2010-11-05,31.0,42.75,31.0,38.0,54500.0,0.0,1.0,31.0,42.75,31.0,38.0,54500.0
