2014-10-27,18.1,18.4,17.29,17.66,3656138.0,0.0,1.0,18.1,18.4,17.29,17.66,3656138.0
2014-10-24,19.2,19.375,18.395,18.4,1707133.0,0.0,1.0,19.2,19.375,18.395,18.4,1707133.0
2014-10-23,18.92,19.26,18.34,19.22,2501785.0,0.0,1.0,18.92,19.26,18.34,19.22,2501785.0
2014-10-22,20.1,20.14,18.89,18.9,2895932.0,0.0,1.0,20.1,20.14,18.89,18.9,2895932.0
2014-10-21,21.91,22.01,20.6,20.78,2191488.0,0.0,1.0,21.91,22.01,20.6,20.78,2191488.0
2014-10-20,21.6,21.87,21.52,21.82,929703.0,0.0,1.0,21.6,21.87,21.52,21.82,929703.0
2014-10-17,21.9,21.95,21.3312,21.53,444374.0,0.0,1.0,21.9,21.95,21.3312,21.53,444374.0
2014-10-16,21.15,21.84,20.99,21.69,589368.0,0.0,1.0,21.15,21.84,20.99,21.69,589368.0
2014-10-15,20.94,21.5,20.64,21.5,1279190.0,0.0,1.0,20.94,21.5,20.64,21.5,1279190.0
2014-10-14,20.98,21.49,20.82,21.25,728358.0,0.0,1.0,20.98,21.49,20.82,21.25,728358.0
2014-10-13,21.06,21.49,20.774,20.85,628648.0,0.0,1.0,21.06,21.49,20.774,20.85,628648.0
2014-10-10,20.94,21.32,20.74,20.99,487964.0,0.0,1.0,20.94,21.32,20.74,20.99,487964.0
2014-10-09,21.24,21.41,21.0,21.02,454373.0,0.0,1.0,21.24,21.41,21.0,21.02,454373.0
2014-10-08,20.81,21.23,20.595,21.22,796841.0,0.0,1.0,20.81,21.23,20.595,21.22,796841.0
2014-10-07,21.15,21.33,20.865,20.88,281011.0,0.0,1.0,21.15,21.33,20.865,20.88,281011.0
2014-10-06,21.07,21.25,21.03,21.19,312669.0,0.0,1.0,21.07,21.25,21.03,21.19,312669.0
2014-10-03,21.0,21.28,20.94,21.04,379559.0,0.0,1.0,21.0,21.28,20.94,21.04,379559.0
2014-10-01,21.18,21.18,20.76,20.81,540101.0,0.0,1.0,21.18,21.18,20.76,20.81,540101.0
2014-09-30,21.5,21.5,21.18,21.19,538868.0,0.0,1.0,21.5,21.5,21.18,21.19,538868.0
2014-09-29,21.52,21.66,21.38,21.45,364033.0,0.0,1.0,21.52,21.66,21.38,21.45,364033.0
2014-09-26,21.65,21.94,21.52,21.68,339140.0,0.16,1.0,21.65,21.94,21.52,21.68,339140.0
2014-09-25,22.02,22.08,21.75,21.8,411627.0,0.0,1.0,21.858681318681,21.918241758242,21.590659340659,21.640293040293,411627.0
2014-09-24,21.9,22.13,21.8,22.1,375156.0,0.0,1.0,21.73956043956,21.967875457875,21.640293040293,21.938095238095,375156.0
2014-09-23,22.16,22.39,21.8,21.81,572014.0,0.0,1.0,21.997655677656,22.225970695971,21.640293040293,21.65021978022,572014.0
2014-09-22,22.42,22.5,22.12,22.2,418428.0,0.0,1.0,22.255750915751,22.335164835165,21.957948717949,22.037362637363,418428.0
2014-09-19,22.32,22.51,22.255,22.47,1243396.0,0.0,1.0,22.156483516484,22.345091575092,22.09195970696,22.305384615385,1243396.0
2014-09-18,22.44,22.51,22.21,22.29,888444.0,0.0,1.0,22.275604395604,22.345091575092,22.047289377289,22.126703296703,888444.0
2014-09-17,22.18,22.505,22.17,22.3,611365.0,0.0,1.0,22.017509157509,22.340128205128,22.007582417582,22.13663003663,611365.0
2014-09-16,22.18,22.3,22.075,22.22,428795.0,0.0,1.0,22.017509157509,22.13663003663,21.913278388278,22.057216117216,428795.0
2014-09-15,22.45,22.47,22.16,22.26,413026.0,0.0,1.0,22.285531135531,22.305384615385,21.997655677656,22.096923076923,413026.0
2014-09-12,22.57,22.57,22.262,22.38,389015.0,0.0,1.0,22.404652014652,22.404652014652,22.098908424908,22.216043956044,389015.0
2014-09-11,22.46,22.72,22.41,22.64,653390.0,0.0,1.0,22.295457875458,22.553553113553,22.245824175824,22.474139194139,653390.0
2014-09-10,22.31,22.56,22.31,22.5,522851.0,0.0,1.0,22.146556776557,22.394725274725,22.146556776557,22.335164835165,522851.0
2014-09-09,22.46,22.5,22.26,22.33,931540.0,0.0,1.0,22.295457875458,22.335164835165,22.096923076923,22.16641025641,931540.0
2014-09-08,22.27,22.4982,22.14,22.45,696351.0,0.0,1.0,22.10684981685,22.333378021978,21.977802197802,22.285531135531,696351.0
2014-09-05,22.19,22.285,22.11,22.24,507295.0,0.0,1.0,22.027435897436,22.12173992674,21.948021978022,22.07706959707,507295.0
2014-09-04,22.09,22.1899,21.96,22.16,698997.0,0.0,1.0,21.928168498168,22.027336630037,21.799120879121,21.997655677656,698997.0
2014-09-03,22.11,22.32,22.0,22.03,907235.0,0.0,1.0,21.948021978022,22.156483516484,21.838827838828,21.868608058608,907235.0
2014-09-02,22.05,22.14,21.92,22.08,785342.0,0.0,1.0,21.888461538462,21.977802197802,21.759413919414,21.918241758242,785342.0
2014-08-29,21.94,21.94,21.71,21.9,348396.0,0.0,1.0,21.779267399267,21.779267399267,21.550952380952,21.73956043956,348396.0
2014-08-28,21.85,21.97,21.69,21.87,462268.0,0.0,1.0,21.689926739927,21.809047619048,21.531098901099,21.70978021978,462268.0
2014-08-27,22.06,22.09,21.78,21.88,426906.0,0.16,1.0,21.898388278388,21.928168498168,21.62043956044,21.719706959707,426906.0
2014-08-26,21.95,22.19,21.8225,22.15,700414.0,0.0,1.0,21.631014871396,21.867527106892,21.505367746289,21.828108400976,700414.0
2014-08-25,21.8,22.08,21.63,21.96,500510.0,0.0,1.0,21.483194724211,21.759125665623,21.315665224068,21.640869547875,500510.0
2014-08-22,21.75,21.8,21.61,21.7,1630012.0,0.0,1.0,21.433921341816,21.483194724211,21.29595587111,21.384647959421,1630012.0
2014-08-21,21.55,21.75,21.44,21.69,609542.0,0.0,1.0,21.236827812236,21.433921341816,21.128426370967,21.374793282942,609542.0
2014-08-20,21.43,21.6,21.31,21.5,898545.0,0.0,1.0,21.118571694488,21.286101194631,21.00031557674,21.187554429841,898545.0
2014-08-19,21.26,21.495,21.17,21.43,702699.0,0.0,1.0,20.951042194345,21.182627091602,20.862350106034,21.118571694488,702699.0
2014-08-18,21.25,21.27,21.12,21.21,1082895.0,0.0,1.0,20.941187517866,20.960896870824,20.813076723639,20.90176881195,1082895.0
2014-08-15,21.06,21.15,20.96,21.09,765770.0,0.0,1.0,20.753948664765,20.842640753076,20.655401899975,20.783512694202,765770.0
2014-08-14,21.27,21.37,20.925,20.98,829485.0,0.0,1.0,20.960896870824,21.059443635614,20.620910532299,20.675111252933,829485.0
2014-08-13,21.37,21.8,21.21,21.25,814237.0,0.0,1.0,21.059443635614,21.483194724211,20.90176881195,20.941187517866,814237.0
2014-08-12,21.37,21.5,21.19,21.25,865835.0,0.0,1.0,21.059443635614,21.187554429841,20.882059458992,20.941187517866,865835.0
2014-08-11,21.35,21.53,21.31,21.38,526014.0,0.0,1.0,21.039734282656,21.217118459278,21.00031557674,21.069298312093,526014.0
2014-08-08,20.93,21.29,20.88,21.24,579054.0,0.0,1.0,20.625837870538,20.980606223782,20.576564488143,20.931332841387,579054.0
2014-08-07,20.87,21.05,20.8,20.92,524448.0,0.0,1.0,20.566709811664,20.744093988286,20.497727076311,20.615983194059,524448.0
2014-08-06,20.49,20.9,20.39,20.76,1126011.0,0.0,1.0,20.192232105463,20.596273841101,20.093685340673,20.458308370395,1126011.0
2014-08-05,20.78,20.85,20.38,20.5,1502991.0,0.0,1.0,20.478017723353,20.547000458706,20.083830664194,20.202086781942,1502991.0
2014-08-04,21.4,21.57,20.8,20.85,1065690.0,0.0,1.0,21.089007665051,21.256537165194,20.497727076311,20.547000458706,1065690.0
2014-08-01,21.42,21.42,21.11,21.32,898062.0,0.0,1.0,21.108717018009,21.108717018009,20.80322204716,21.010170253219,898062.0
2014-07-31,21.7,21.8271,21.32,21.4,936372.0,0.0,1.0,21.384647959421,21.509900897469,21.010170253219,21.089007665051,936372.0
2014-07-30,21.98,22.07,21.7,21.75,717146.0,0.0,1.0,21.660578900833,21.749270989144,21.384647959421,21.433921341816,717146.0
2014-07-29,22.17,22.25,21.84,21.88,919198.0,0.16,1.0,21.847817753934,21.926655165766,21.522613430127,21.562032136043,919198.0
2014-07-28,22.43,22.45,22.17,22.2,850029.0,0.0,1.0,21.94357444698,21.963140719336,21.689212906355,21.718562314889,850029.0
2014-07-25,22.6,22.69,22.31,22.33,936620.0,0.0,1.0,22.109887762004,22.197935987605,21.826176812846,21.845743085201,936620.0
2014-07-24,22.97,22.9999,22.6706,22.69,823436.0,0.0,1.0,22.471863800586,22.501115377758,22.17895670342,22.197935987605,823436.0
2014-07-23,22.9,23.0,22.84,22.85,460689.0,0.0,1.0,22.403381847341,22.501213209119,22.344683030273,22.354466166451,460689.0
2014-07-22,23.14,23.26,22.88,22.94,574440.0,0.0,1.0,22.63817711561,22.755574749744,22.383815574985,22.442514392052,574440.0
2014-07-21,23.23,23.23,22.85,22.98,591789.0,0.0,1.0,22.726225341211,22.726225341211,22.354466166451,22.481646936764,591789.0
2014-07-18,22.9,23.38,22.85,23.26,1381054.0,0.0,1.0,22.403381847341,22.872972383879,22.354466166451,22.755574749744,1381054.0
2014-07-17,23.05,23.25,22.93,23.0,957055.0,0.0,1.0,22.550128890009,22.745791613566,22.432731255874,22.501213209119,957055.0
2014-07-16,23.0,23.25,22.97,23.05,922019.0,0.0,1.0,22.501213209119,22.745791613566,22.471863800586,22.550128890009,922019.0
2014-07-15,23.0,23.05,22.75,22.91,578735.0,0.0,1.0,22.501213209119,22.550128890009,22.256634804672,22.413164983518,578735.0
2014-07-14,22.95,23.19,22.87,22.99,641226.0,0.0,1.0,22.45229752823,22.687092796499,22.374032438807,22.491430072941,641226.0
2014-07-11,22.75,22.9,22.6,22.82,223494.0,0.0,1.0,22.256634804672,22.403381847341,22.109887762004,22.325116757918,223494.0
2014-07-10,22.7,22.91,22.58,22.82,319124.0,0.0,1.0,22.207719123783,22.413164983518,22.090321489648,22.325116757918,319124.0
2014-07-09,22.87,22.91,22.73,22.84,257950.0,0.0,1.0,22.374032438807,22.413164983518,22.237068532317,22.344683030273,257950.0
2014-07-08,23.01,23.01,22.74,22.86,259136.0,0.0,1.0,22.510996345297,22.510996345297,22.246851668494,22.364249302629,259136.0
2014-07-07,23.02,23.17,22.91,22.98,251070.0,0.0,1.0,22.520779481475,22.667526524143,22.413164983518,22.481646936764,251070.0
2014-07-03,23.02,23.23,22.85,23.0,143129.0,0.0,1.0,22.520779481475,22.726225341211,22.354466166451,22.501213209119,143129.0
2014-07-02,23.07,23.17,22.94,22.98,230970.0,0.0,1.0,22.569695162364,22.667526524143,22.442514392052,22.481646936764,230970.0
2014-07-01,22.79,23.07,22.76,23.02,592580.0,0.0,1.0,22.295767349384,22.569695162364,22.26641794085,22.520779481475,592580.0
2014-06-30,22.84,22.96,22.61,22.73,465007.0,0.0,1.0,22.344683030273,22.462080664408,22.119670898182,22.237068532317,465007.0
2014-06-27,22.62,22.84,22.62,22.84,575922.0,0.0,1.0,22.12945403436,22.344683030273,22.12945403436,22.344683030273,575922.0
2014-06-26,22.68,22.78,22.56,22.7,249261.0,0.16,1.0,22.188152851427,22.285984213206,22.070755217293,22.207719123783,249261.0
2014-06-25,22.67,22.855,22.65,22.85,258463.0,0.0,1.0,22.023140530891,22.202861792391,22.003711205323,22.198004460999,258463.0
2014-06-24,22.64,22.98,22.62,22.67,481045.0,0.0,1.0,21.993996542539,22.324295077189,21.974567216972,22.023140530891,481045.0
2014-06-23,22.57,22.67,22.48,22.61,550433.0,0.0,1.0,21.925993903053,22.023140530891,21.838561937998,21.964852554188,550433.0
2014-06-20,22.71,22.71,22.53,22.54,729425.0,0.0,1.0,22.061999182026,22.061999182026,21.887135251917,21.896849914701,729425.0
2014-06-19,22.7,22.74,22.49,22.625,410481.0,0.0,1.0,22.052284519242,22.091143170377,21.848276600782,21.979424548364,410481.0
2014-06-18,22.61,22.68,22.46,22.6,308325.0,0.0,1.0,21.964852554188,22.032855193674,21.819132612431,21.955137891404,308325.0
2014-06-17,22.56,22.74,22.51,22.6,361855.0,0.0,1.0,21.916279240269,22.091143170377,21.86770592635,21.955137891404,361855.0
2014-06-16,22.74,22.77,22.515,22.63,329546.0,0.0,1.0,22.091143170377,22.120287158729,21.872563257742,21.984281879755,329546.0
2014-06-13,22.69,22.75,22.56,22.74,317430.0,0.0,1.0,22.042569856458,22.100857833161,21.916279240269,22.091143170377,317430.0
2014-06-12,22.63,22.71,22.43,22.69,396057.0,0.0,1.0,21.984281879755,22.061999182026,21.789988624079,22.042569856458,396057.0
2014-06-11,22.6,22.76,22.51,22.67,516576.0,0.0,1.0,21.955137891404,22.110572495945,21.86770592635,22.023140530891,516576.0
2014-06-10,22.81,22.88,22.6,22.72,523804.0,0.0,1.0,22.159145809864,22.227148449351,21.955137891404,22.07171384481,523804.0
2014-06-09,22.94,22.94,22.68,22.82,375345.0,0.0,1.0,22.285436426053,22.285436426053,22.032855193674,22.168860472648,375345.0
2014-06-06,22.86,23.1,22.77,22.88,748476.0,0.0,1.0,22.207719123783,22.440871030594,22.120287158729,22.227148449351,748476.0
2014-06-05,22.49,22.84,22.39,22.77,1050823.0,0.0,1.0,21.848276600782,22.188289798215,21.751129972944,22.120287158729,1050823.0
2014-06-04,22.29,22.54,22.24,22.47,774960.0,0.0,1.0,21.653983345106,21.896849914701,21.605410031187,21.828847275214,774960.0
2014-06-03,22.22,22.34,22.12,22.26,992467.0,0.0,1.0,21.585980705619,21.702556659025,21.488834077781,21.624839356755,992467.0
2014-06-02,22.35,22.455,22.15,22.26,345216.0,0.0,1.0,21.712271321809,21.814275281039,21.517978066133,21.624839356755,345216.0
2014-05-30,22.39,22.49,22.18,22.3,461613.0,0.0,1.0,21.751129972944,21.848276600782,21.547122054484,21.66369800789,461613.0
2014-05-29,22.38,22.53,22.28,22.32,520480.0,0.0,1.0,21.74141531016,21.887135251917,21.644268682322,21.683127333457,520480.0
2014-05-28,22.31,22.4,22.12,22.33,353208.0,0.16,1.0,21.673412670674,21.760844635728,21.488834077781,21.692841996241,353208.0
2014-05-27,22.2,22.455,22.1,22.41,550478.0,0.0,1.0,21.413121045645,21.659082571169,21.316665545439,21.615677596077,550478.0
2014-05-23,21.97,22.08,21.79,22.07,344893.0,0.0,1.0,21.191273395172,21.297374445398,21.017653494802,21.287728895378,344893.0
2014-05-22,21.86,21.94,21.73,21.86,194559.0,0.0,1.0,21.085172344946,21.16233674511,20.959780194679,21.085172344946,194559.0
2014-05-21,21.6,21.83,21.5074,21.75,415107.0,0.0,1.0,20.834388044411,21.056235694884,20.745070251221,20.97907129472,415107.0
2014-05-20,21.97,21.98,21.48,21.5,498798.0,0.0,1.0,21.191273395172,21.200918945193,20.718641444165,20.737932544206,498798.0
2014-05-16,21.47,21.71,21.39,21.59,333277.0,0.0,1.0,20.708995894144,20.940489094637,20.63183149398,20.824742494391,333277.0
2014-05-15,21.74,21.87,21.44,21.55,490324.0,0.0,1.0,20.969425744699,21.094817894966,20.680059244082,20.786160294308,490324.0
2014-05-14,21.85,21.92,21.74,21.82,569506.0,0.0,1.0,21.075526794925,21.143045645069,20.969425744699,21.046590144864,569506.0
2014-05-13,21.62,21.89,21.49,21.82,914587.0,0.0,1.0,20.853679144452,21.114108995008,20.728286994185,21.046590144864,914587.0
2014-05-12,21.3,21.65,21.29,21.56,396909.0,0.0,1.0,20.545021543794,20.882615794514,20.535375993774,20.795805844329,396909.0
2014-05-08,21.21,21.44,21.03,21.31,409391.0,0.0,1.0,20.458211593609,20.680059244082,20.284591693239,20.554667093815,409391.0
2014-05-07,21.64,21.64,21.24,21.28,777421.0,0.0,1.0,20.872970244494,20.872970244494,20.487148243671,20.525730443753,777421.0
2014-05-06,21.89,21.89,21.5,21.53,699475.0,0.0,1.0,21.114108995008,21.114108995008,20.737932544206,20.766869194267,699475.0
2014-05-05,21.8,21.9501,21.73,21.93,494355.0,0.0,1.0,21.027299044822,21.172078750631,20.959780194679,21.15269119509,494355.0
2014-05-02,21.99,22.11,21.84,21.86,376524.0,0.0,1.0,21.210564495213,21.32631109546,21.065881244905,21.085172344946,376524.0
2014-05-01,22.06,22.3,21.8,21.91,583657.0,0.0,1.0,21.278083345357,21.509576545851,21.027299044822,21.133400095049,583657.0
2014-04-30,21.96,22.26,21.85,22.15,440702.0,0.0,1.0,21.181627845151,21.470994345768,21.075526794925,21.364893295542,440702.0
2014-04-29,22.15,22.33,21.95,21.96,345449.0,0.0,1.0,21.364893295542,21.538513195912,21.171982295131,21.181627845151,345449.0
2014-04-28,22.28,22.34,22.05,22.06,580250.0,0.16,1.0,21.490285445809,21.548158745933,21.268437795337,21.278083345357,580250.0
2014-04-25,22.11,22.36,22.1,22.28,503554.0,0.0,1.0,21.172746299093,21.412148676966,21.163170203978,21.335539916047,503554.0
2014-04-24,22.47,22.49,22.02,22.18,547650.0,0.0,1.0,21.51748572323,21.53663791346,21.086561443059,21.239778964897,547650.0
2014-04-23,22.26,22.43,22.03,22.3,588287.0,0.0,1.0,21.316387725817,21.47918134277,21.096137538174,21.354692106276,588287.0
2014-04-22,22.09,22.28,22.0,22.22,1047609.0,0.0,1.0,21.153594108863,21.335539916047,21.067409252829,21.278083345357,1047609.0
2014-04-21,22.24,22.24,21.38,21.99,822608.0,0.0,1.0,21.297235535587,21.297235535587,20.473691355704,21.057833157714,822608.0
2014-04-17,21.91,22.34,21.85,22.15,793201.0,0.0,1.0,20.981224396794,21.392996486736,20.923767826105,21.211050679553,793201.0
2014-04-16,21.58,21.67,21.33,21.53,419347.0,0.0,1.0,20.665213258002,20.751398114036,20.425810880129,20.617332782427,419347.0
2014-04-15,21.47,21.55,21.19,21.41,882815.0,0.0,1.0,20.559876211738,20.636484972657,20.29174554852,20.502419641048,882815.0
2014-04-14,21.38,21.47,21.22,21.34,279000.0,0.0,1.0,20.473691355704,20.559876211738,20.320473833865,20.435386975244,279000.0
2014-04-11,21.54,21.67,21.21,21.28,443600.0,0.0,1.0,20.626908877542,20.751398114036,20.31089773875,20.377930404554,443600.0
2014-04-10,21.46,22.03,21.46,21.67,1054700.0,0.0,1.0,20.550300116623,21.096137538174,20.550300116623,20.751398114036,1054700.0
2014-04-09,21.47,21.77,21.18,21.4,648400.0,0.0,1.0,20.559876211738,20.847159065186,20.282169453405,20.492843545933,648400.0
2014-04-08,21.43,21.49,21.29,21.45,806400.0,0.0,1.0,20.521571831278,20.579028401968,20.387506499669,20.540724021508,806400.0
2014-04-07,21.41,21.62,21.38,21.41,449200.0,0.0,1.0,20.502419641048,20.703517638462,20.473691355704,20.502419641048,449200.0
2014-04-04,21.9,21.9,21.47,21.49,822900.0,0.0,1.0,20.97164830168,20.97164830168,20.559876211738,20.579028401968,822900.0
2014-04-03,21.8,21.91,21.64,21.77,342800.0,0.0,1.0,20.87588735053,20.981224396794,20.722669828692,20.847159065186,342800.0
2014-04-02,21.85,21.85,21.65,21.77,490300.0,0.0,1.0,20.923767826105,20.923767826105,20.732245923807,20.847159065186,490300.0
2014-04-01,21.61,21.8,21.5,21.79,948600.0,0.0,1.0,20.693941543347,20.87588735053,20.588604497083,20.866311255415,948600.0
2014-03-31,21.38,21.74,21.38,21.6,986700.0,0.0,1.0,20.473691355704,20.818430779841,20.473691355704,20.684365448232,986700.0
2014-03-28,21.9,21.9,21.13,21.19,371000.0,0.0,1.0,20.97164830168,20.97164830168,20.234288977831,20.29174554852,371000.0
2014-03-27,21.03,21.22,20.9,21.2,417500.0,0.15,1.0,20.138528026681,20.320473833865,20.014038790187,20.301321643635,417500.0
2014-03-26,21.54,21.58,21.14,21.15,369200.0,0.0,1.0,20.48198914304,20.520024406072,20.101636512714,20.111145328472,369200.0
2014-03-25,21.51,21.55,21.14,21.38,425500.0,0.0,1.0,20.453462695765,20.491497958798,20.101636512714,20.329848090909,425500.0
2014-03-24,21.73,21.87,21.4,21.46,389700.0,0.0,1.0,20.662656642444,20.795780063058,20.348865722426,20.405918616975,389700.0
2014-03-21,21.72,22.0,21.62,21.77,1075000.0,0.0,1.0,20.653147826686,20.919394667914,20.558059669105,20.700691905477,1075000.0
2014-03-20,21.42,21.65,21.36,21.62,264300.0,0.0,1.0,20.367883353942,20.586586116379,20.310830459393,20.558059669105,264300.0
2014-03-19,21.6,21.65,21.37,21.47,300800.0,0.0,1.0,20.539042037589,20.586586116379,20.320339275151,20.415427432733,300800.0
2014-03-18,21.62,21.62,21.31,21.61,274100.0,0.0,1.0,20.558059669105,20.558059669105,20.263286380602,20.548550853347,274100.0
2014-03-17,21.64,21.85,21.43,21.55,348400.0,0.0,1.0,20.577077300621,20.776762431542,20.3773921697,20.491497958798,348400.0
2014-03-14,21.32,21.55,21.18,21.49,383200.0,0.0,1.0,20.272795196361,20.491497958798,20.139671775747,20.434445064249,383200.0
2014-03-13,21.32,21.35,21.18,21.3,596200.0,0.0,1.0,20.272795196361,20.301321643635,20.139671775747,20.253777564844,596200.0
2014-03-12,20.94,21.28,20.79,21.27,650900.0,0.0,1.0,19.911460197551,20.234759933328,19.768827961179,20.22525111757,650900.0
2014-03-11,21.13,21.13,20.88,20.99,462800.0,0.0,1.0,20.092127696956,20.092127696956,19.854407303002,19.959004276342,462800.0
2014-03-10,21.37,21.4,20.98,21.13,511500.0,0.0,1.0,20.320339275151,20.348865722426,19.949495460584,20.092127696956,511500.0
2014-03-07,21.29,21.36,21.1,21.35,548500.0,0.0,1.0,20.244268749086,20.310830459393,20.063601249681,20.301321643635,548500.0
2014-03-06,21.14,21.25,20.99,21.09,399200.0,0.0,1.0,20.101636512714,20.206233486054,19.959004276342,20.054092433923,399200.0
2014-03-05,21.04,21.21,20.93,21.05,562300.0,0.0,1.0,20.006548355133,20.168198223021,19.901951381793,20.016057170891,562300.0
2014-03-04,20.53,21.12,20.22,21.05,1982200.0,0.0,1.0,19.521598751467,20.082618881198,19.226825462965,20.016057170891,1982200.0
2014-03-03,20.44,20.49,20.16,20.33,866300.0,0.0,1.0,19.436019409644,19.483563488435,19.169772568416,19.331422436304,866300.0
2014-02-28,20.8,20.83,20.41,20.52,923700.0,0.0,1.0,19.778336776937,19.806863224212,19.40749296237,19.512089935709,923700.0
2014-02-27,20.72,20.81,20.44,20.72,1964000.0,0.0,1.0,19.702266250872,19.787845592695,19.436019409644,19.702266250872,1964000.0
2014-02-26,21.0,21.2,20.38,20.69,2171200.0,0.15,1.0,19.9685130921,20.158689407263,19.378966515095,19.673739803598,2171200.0
2014-02-25,21.18,21.24,20.89,21.15,606400.0,0.0,1.0,19.994712525921,20.051354771037,19.720941674528,19.966391403363,606400.0
2014-02-24,20.77,21.4,20.67,21.1,794400.0,0.0,1.0,19.607657184296,20.202400758013,19.513253442436,19.919189532433,794400.0
2014-02-21,20.05,21.0,19.84,20.66,1828000.0,0.0,1.0,18.927950242905,19.824785790573,18.729702384999,19.50381306825,1828000.0
2014-02-20,20.27,20.27,19.47,19.86,1326600.0,0.0,1.0,19.135638474996,19.135638474996,18.380408540117,18.748583133371,1326600.0
2014-02-19,20.29,20.49,20.04,20.14,864200.0,0.0,1.0,19.154519223368,19.343326707088,18.918509868719,19.012913610578,864200.0
2014-02-18,20.14,20.35,20.1,20.29,585400.0,0.0,1.0,19.012913610578,19.211161468484,18.975152113835,19.154519223368,585400.0
2014-02-14,20.33,20.42,19.98,20.03,1321000.0,0.0,1.0,19.192280720112,19.277244087786,18.861867623603,18.909069494533,1321000.0
2014-02-13,20.4,20.58,20.06,20.28,868700.0,0.0,1.0,19.258363339414,19.428290074762,18.937390617091,19.145078849182,868700.0
2014-02-12,20.69,20.85,20.4,20.46,748900.0,0.0,1.0,19.532134190808,19.683180177784,19.258363339414,19.31500558453,748900.0
2014-02-11,21.3,21.47,20.3,20.6,1000300.0,0.0,1.0,20.107997016153,20.268483377315,19.163959597554,19.447170823134,1000300.0
2014-02-10,21.6,21.85,21.06,21.2,676000.0,0.0,1.0,20.391208241733,20.627217596382,19.881428035689,20.013593274293,676000.0
2014-02-07,21.67,22.09,21.42,21.56,748400.0,0.0,1.0,20.457290861035,20.853786576846,20.221281506385,20.353446744989,748400.0
2014-02-06,20.77,22.32,19.77,21.51,3811900.0,0.0,1.0,19.607657184296,21.070915183124,18.663619765697,20.306244874059,3811900.0
2014-02-05,19.8,20.43,19.72,20.11,1024200.0,0.0,1.0,18.691940888255,19.286684461972,18.616417894767,18.984592488021,1024200.0
2014-02-04,20.09,20.29,19.81,19.83,659000.0,0.0,1.0,18.965711739649,19.154519223368,18.701381262441,18.720262010813,659000.0
2014-02-03,20.55,20.56,19.93,19.97,1131200.0,0.0,1.0,19.399968952204,19.40940932639,18.814665752673,18.852427249417,1131200.0
2014-01-31,20.63,20.69,19.67,20.52,681300.0,0.0,1.0,19.475491945692,19.532134190808,18.569216023837,19.371647829646,681300.0
2014-01-30,21.1,21.2,20.91,20.93,312600.0,0.0,1.0,19.919189532433,20.013593274293,19.7398224229,19.758703171271,312600.0
2014-01-29,20.8,21.2,20.79,21.0,484300.0,0.15,1.0,19.635978306854,20.013593274293,19.626537932668,19.824785790573,484300.0
2014-01-28,21.29,21.38,20.94,21.09,751900.0,0.0,1.0,19.956013687059,20.040374477658,19.627943945844,19.768545263508,751900.0
2014-01-27,21.96,21.96,21.11,21.2,540300.0,0.0,1.0,20.584032905957,20.584032905957,19.787292105863,19.871652896461,540300.0
2014-01-24,21.7,21.81,21.4,21.58,364300.0,0.0,1.0,20.34032395534,20.443431588293,20.059121320013,20.227842901209,364300.0
2014-01-23,22.16,22.33,21.71,21.75,572800.0,0.0,1.0,20.771501329509,20.930849489527,20.349697376518,20.387191061228,572800.0
2014-01-22,22.44,22.5,22.21,22.28,170700.0,0.0,1.0,21.033957122481,21.090197649546,20.818368435396,20.883982383639,170700.0
2014-01-21,22.62,22.62,22.04,22.35,521200.0,0.0,1.0,21.202678703677,21.202678703677,20.659020275378,20.949596331883,521200.0
2014-01-17,22.32,22.54,22.26,22.44,285100.0,0.0,1.0,20.92147606835,21.127691334256,20.865235541284,21.033957122481,285100.0
2014-01-16,22.63,22.72,22.26,22.26,409200.0,0.0,1.0,21.212052124855,21.296412915453,20.865235541284,20.865235541284,409200.0
2014-01-15,22.62,22.78,22.43,22.6,393200.0,0.0,1.0,21.202678703677,21.352653442518,21.024583701303,21.183931861322,393200.0
2014-01-14,22.69,22.93,22.48,22.63,501300.0,0.0,1.0,21.26829265192,21.493254760182,21.071450807191,21.212052124855,501300.0
2014-01-13,22.76,22.89,22.62,22.68,409900.0,0.0,1.0,21.333906600163,21.455761075472,21.202678703677,21.258919230743,409900.0
2014-01-10,22.54,22.82,22.33,22.75,433400.0,0.0,1.0,21.127691334256,21.390147127229,20.930849489527,21.324533178986,433400.0
2014-01-09,22.39,22.51,22.01,22.47,786000.0,0.0,1.0,20.987090016593,21.099571070724,20.630900011845,21.062077386013,786000.0
2014-01-08,22.47,22.5,22.07,22.31,511200.0,0.0,1.0,21.062077386013,21.090197649546,20.68714053891,20.912102647172,511200.0
2014-01-07,22.74,22.83,22.33,22.43,464200.0,0.0,1.0,21.315159757808,21.399520548406,20.930849489527,21.024583701303,464200.0
2014-01-06,22.87,22.98,22.5,22.66,342500.0,0.0,1.0,21.437014233116,21.54012186607,21.090197649546,21.240172388387,342500.0
2014-01-03,22.98,23.08,22.6,22.75,333200.0,0.0,1.0,21.54012186607,21.633856077846,21.183931861322,21.324533178986,333200.0
2014-01-02,22.89,23.08,22.65,22.96,402400.0,0.0,1.0,21.455761075472,21.633856077846,21.23079896721,21.521375023715,402400.0
2013-12-31,22.53,23.03,22.5,22.97,846000.0,0.0,1.0,21.118317913079,21.586988971958,21.090197649546,21.530748444892,846000.0
2013-12-30,22.83,22.87,22.5,22.54,540500.0,0.0,1.0,21.399520548406,21.437014233116,21.090197649546,21.127691334256,540500.0
2013-12-27,23.01,23.11,22.84,22.9,366500.0,0.15,1.0,21.568242129603,21.661976341378,21.408893969584,21.465134496649,366500.0
2013-12-26,23.64,23.64,23.09,23.16,455100.0,0.0,1.0,22.014567440381,22.014567440381,21.50238418775,21.567571147176,455100.0
2013-12-24,23.44,23.81,23.38,23.6,296000.0,0.0,1.0,21.828318984879,22.172878627558,21.772444448228,21.977317749281,296000.0
2013-12-23,23.35,23.61,23.3,23.44,436600.0,0.0,1.0,21.744507179903,21.986630172056,21.697945066027,21.828318984879,436600.0
2013-12-20,23.18,23.47,23.06,23.3,583900.0,0.0,1.0,21.586195992726,21.856256253204,21.474446919424,21.697945066027,583900.0
2013-12-19,23.66,23.68,23.07,23.08,469700.0,0.0,1.0,22.033192285931,22.051817131482,21.483759342199,21.493071764975,469700.0
2013-12-18,23.5,23.77,23.39,23.76,427900.0,0.0,1.0,21.88419352153,22.135628936458,21.781756871003,22.126316513683,427900.0
2013-12-17,23.48,23.54,23.35,23.43,295100.0,0.0,1.0,21.865568675979,21.92144321263,21.744507179903,21.819006562104,295100.0
2013-12-16,23.44,23.65,23.35,23.44,473700.0,0.0,1.0,21.828318984879,22.023879863156,21.744507179903,21.828318984879,473700.0
2013-12-13,23.25,23.4,23.2,23.27,582600.0,0.0,1.0,21.651382952152,21.791069293778,21.604820838276,21.670007797702,582600.0
2013-12-12,23.25,23.34,23.03,23.26,384200.0,0.0,1.0,21.651382952152,21.735194757128,21.446509651099,21.660695374927,384200.0
2013-12-11,23.32,23.55,23.03,23.17,611100.0,0.0,1.0,21.716569911577,21.930755635405,21.446509651099,21.576883569951,611100.0
2013-12-10,23.31,23.52,23.19,23.31,391300.0,0.0,1.0,21.707257488802,21.90281836708,21.595508415501,21.707257488802,391300.0
2013-12-09,23.35,23.43,23.2,23.42,314400.0,0.0,1.0,21.744507179903,21.819006562104,21.604820838276,21.809694139329,314400.0
2013-12-06,23.21,23.29,22.9,23.27,315600.0,0.0,1.0,21.614133261051,21.688632643252,21.325448155022,21.670007797702,315600.0
2013-12-05,23.27,23.33,22.91,22.99,373700.0,0.0,1.0,21.670007797702,21.725882334353,21.334760577798,21.409259959998,373700.0
2013-12-04,23.02,23.33,22.89,23.28,418700.0,0.0,1.0,21.437197228324,21.725882334353,21.316135732247,21.679320220477,418700.0
2013-12-03,23.2,23.41,22.84,23.02,384700.0,0.0,1.0,21.604820838276,21.800381716553,21.269573618372,21.437197228324,384700.0
2013-12-02,23.33,23.58,23.18,23.26,361800.0,0.0,1.0,21.725882334353,21.958692903731,21.586195992726,21.660695374927,361800.0
2013-11-29,23.29,23.5,23.13,23.27,205200.0,0.0,1.0,21.688632643252,21.88419352153,21.53963387885,21.670007797702,205200.0
2013-11-27,23.05,23.18,22.92,23.15,342200.0,0.0,1.0,21.465134496649,21.586195992726,21.344073000573,21.5582587244,342200.0
2013-11-26,23.05,23.13,22.96,23.02,280600.0,0.15,1.0,21.465134496649,21.53963387885,21.381322691673,21.437197228324,280600.0
2013-11-25,23.27,23.27,23.12,23.16,308100.0,0.0,1.0,21.529718580194,21.529718580194,21.390936552389,21.427945093137,308100.0
2013-11-22,23.2,23.25,23.08,23.12,257500.0,0.0,1.0,21.464953633885,21.51121430982,21.353928011641,21.390936552389,257500.0
2013-11-21,23.0,23.26,22.81,23.13,258200.0,0.0,1.0,21.279910930145,21.520466445007,21.104120361591,21.400188687576,258200.0
2013-11-20,22.94,23.2,22.75,22.93,296300.0,0.0,1.0,21.224398119022,21.464953633885,21.048607550469,21.215145983835,296300.0
2013-11-19,23.01,23.25,22.85,22.9,210600.0,0.0,1.0,21.289163065332,21.51121430982,21.141128902339,21.187389578274,210600.0
2013-11-18,23.25,23.34,22.91,23.03,313200.0,0.0,1.0,21.51121430982,21.594483526503,21.196641713461,21.307667335706,313200.0
2013-11-15,23.26,23.42,22.91,23.21,318500.0,0.0,1.0,21.520466445007,21.668500607999,21.196641713461,21.474205769072,318500.0
2013-11-14,23.2,23.43,23.01,23.29,250800.0,0.0,1.0,21.464953633885,21.677752743186,21.289163065332,21.548222850568,250800.0
2013-11-13,22.82,23.17,22.81,23.17,215400.0,0.0,1.0,21.113372496778,21.437197228324,21.104120361591,21.437197228324,215400.0
2013-11-12,23.04,23.13,22.65,22.86,383800.0,0.0,1.0,21.316919470893,21.400188687576,20.956086198599,21.150381037526,383800.0
2013-11-11,22.89,23.13,22.75,23.05,206200.0,0.0,1.0,21.178137443087,21.400188687576,21.048607550469,21.32617160608,206200.0
2013-11-08,22.88,23.05,22.57,22.9,374100.0,0.0,1.0,21.1688853079,21.32617160608,20.882069117103,21.187389578274,374100.0
2013-11-07,23.48,23.54,22.65,22.87,1006400.0,0.0,1.0,21.724013419121,21.779526230244,20.956086198599,21.159633172713,1006400.0
2013-11-06,23.73,23.73,23.29,23.43,227800.0,0.0,1.0,21.955316798797,21.955316798797,21.548222850568,21.677752743186,227800.0
2013-11-05,23.44,23.58,23.3,23.55,266400.0,0.0,1.0,21.687004878373,21.816534770992,21.557474985755,21.788778365431,266400.0
2013-11-04,23.62,23.65,23.3,23.45,437500.0,0.0,1.0,21.85354331174,21.881299717301,21.557474985755,21.69625701356,437500.0
2013-11-01,23.57,23.82,23.29,23.49,617200.0,0.0,1.0,21.807282635805,22.03858601548,21.548222850568,21.733265554308,617200.0
2013-10-31,23.73,23.83,23.41,23.62,516600.0,0.0,1.0,21.955316798797,22.047838150667,21.659248472812,21.85354331174,516600.0
2013-10-30,23.75,23.82,23.56,23.67,572000.0,0.0,1.0,21.973821069171,22.03858601548,21.798030500618,21.899803987675,572000.0
2013-10-29,23.85,23.91,23.49,23.74,493900.0,0.15,1.0,22.066342421041,22.121855232163,21.733265554308,21.964568933984,493900.0
2013-10-28,23.98,24.1,23.72,23.86,823600.0,0.0,1.0,22.047315321764,22.157643838803,21.808270201511,21.936986804724,823600.0
2013-10-25,23.95,24.04,23.77,23.9,757700.0,0.0,1.0,22.019733192504,22.102479580284,21.854240416944,21.973762977071,757700.0
2013-10-24,23.44,23.99,23.32,23.89,1048000.0,0.0,1.0,21.550836995085,22.05650936485,21.440508478045,21.964568933984,1048000.0
2013-10-23,23.08,23.39,22.97,23.33,500500.0,0.0,1.0,21.219851443966,21.504866779652,21.118716970013,21.449702521132,500500.0
2013-10-22,22.96,23.25,22.84,23.11,852400.0,0.0,1.0,21.109522926926,21.376150176439,20.999194409887,21.247433573226,852400.0
2013-10-21,22.75,22.87,22.47,22.82,784200.0,0.0,1.0,20.916448022107,21.026776539147,20.659014815681,20.980806323713,784200.0
2013-10-18,23.21,23.21,22.64,22.73,1157200.0,0.0,1.0,21.339374004092,21.339374004092,20.815313548154,20.898059935934,1157200.0
2013-10-17,23.0,23.03,22.51,23.0,548500.0,0.0,1.0,21.146299099273,21.173881228533,20.695790988028,21.146299099273,548500.0
2013-10-16,22.87,23.12,22.61,22.78,461400.0,0.0,1.0,21.026776539147,21.256627616313,20.787731418894,20.944030151367,461400.0
2013-10-15,22.67,22.91,22.52,22.69,753400.0,0.0,1.0,20.842895677414,21.063552711493,20.704985031114,20.861283763587,753400.0
2013-10-14,22.22,22.84,22.06,22.76,552700.0,0.0,1.0,20.429163738515,20.999194409887,20.282059049129,20.925642065194,552700.0
2013-10-11,21.97,22.4,21.86,22.33,433600.0,0.0,1.0,20.199312661349,20.594656514075,20.098178187396,20.530298212468,433600.0
2013-10-10,21.73,22.07,21.57,21.97,577900.0,0.0,1.0,19.97865562727,20.291253092215,19.831550937883,20.199312661349,577900.0
2013-10-09,21.63,21.71,21.17,21.5,538300.0,0.0,1.0,19.886715196403,19.960267541096,19.463789214418,19.767192636277,538300.0
2013-10-08,22.12,22.19,21.61,21.66,746200.0,0.0,1.0,20.337223307649,20.401581609255,19.86832711023,19.914297325663,746200.0
2013-10-07,21.8,22.19,21.72,22.05,508900.0,0.0,1.0,20.043013928876,20.401581609255,19.969461584183,20.272865006042,508900.0
2013-10-04,21.91,22.09,21.83,21.84,665700.0,0.0,1.0,20.144148402829,20.309641178389,20.070596058136,20.079790101223,665700.0
2013-10-03,22.41,22.54,21.98,22.08,301300.0,0.0,1.0,20.603850557161,20.723373117288,20.208506704436,20.300447135302,301300.0
2013-10-02,22.77,22.81,22.3,22.37,429300.0,0.0,1.0,20.93483610828,20.971612280627,20.502716083208,20.567074384815,429300.0
2013-10-01,21.94,22.83,21.94,22.83,1131500.0,0.0,1.0,20.171730532089,20.9900003668,20.171730532089,20.9900003668,1131500.0
2013-09-30,21.9,22.05,21.8,22.01,621900.0,0.0,1.0,20.134954359743,20.272865006042,20.043013928876,20.236088833696,621900.0
2013-09-27,22.08,22.08,21.62,22.0,710800.0,0.0,1.0,20.300447135302,20.300447135302,19.877521153317,20.226894790609,710800.0
2013-09-26,22.1,22.39,21.9,22.11,773500.0,0.15,1.0,20.318835221475,20.585462470988,20.134954359743,20.328029264562,773500.0
2013-09-25,22.65,22.75,22.1,22.23,965000.0,0.0,1.0,20.68418072068,20.775501606864,20.181915846668,20.300632998707,965000.0
2013-09-24,22.8,22.83,22.58,22.62,466500.0,0.0,1.0,20.821162049956,20.848558315811,20.620256100351,20.656784454824,466500.0
2013-09-23,22.84,22.91,22.71,22.72,379200.0,0.0,1.0,20.857690404429,20.921615024758,20.73897325239,20.748105341008,379200.0
2013-09-20,23.1,23.18,22.71,22.84,858100.0,0.0,1.0,21.095124708508,21.168181417455,20.73897325239,20.857690404429,858100.0
2013-09-19,23.25,23.26,23.01,23.1,470300.0,0.0,1.0,21.232106037784,21.241238126402,21.012935910942,21.095124708508,470300.0
2013-09-18,23.08,23.29,22.65,23.19,570000.0,0.0,1.0,21.076860531271,21.268634392257,20.68418072068,21.177313506073,570000.0
2013-09-17,23.05,23.21,22.94,23.09,413200.0,0.0,1.0,21.049464265416,21.19557768331,20.949011290613,21.085992619889,413200.0
2013-09-16,23.2,23.26,22.86,23.0,388500.0,0.0,1.0,21.186445594692,21.241238126402,20.875954581666,21.003803822324,388500.0
2013-09-13,22.84,22.99,22.78,22.9,228000.0,0.0,1.0,20.857690404429,20.994671733705,20.802897872719,20.91248293614,228000.0
2013-09-12,23.06,23.24,22.6,22.72,337700.0,0.0,1.0,21.058596354034,21.222973949165,20.638520277588,20.748105341008,337700.0
2013-09-11,23.28,23.28,22.91,22.99,228500.0,0.0,1.0,21.259502303639,21.259502303639,20.921615024758,20.994671733705,228500.0
2013-09-10,23.16,23.32,23.01,23.3,340000.0,0.0,1.0,21.149917240218,21.296030658113,21.012935910942,21.277766480876,340000.0
2013-09-09,23.0,23.16,22.92,23.01,446000.0,0.0,1.0,21.003803822324,21.149917240218,20.930747113376,21.012935910942,446000.0
2013-09-06,23.29,23.29,22.77,22.89,277800.0,0.0,1.0,21.268634392257,21.268634392257,20.7937657841,20.903350847521,277800.0
2013-09-05,22.79,23.22,22.76,23.13,387600.0,0.0,1.0,20.812029961337,21.204709771929,20.784633695482,21.122520974363,387600.0
2013-09-04,22.8,23.08,22.75,22.85,600100.0,0.0,1.0,20.821162049956,21.076860531271,20.775501606864,20.866822493048,600100.0
2013-09-03,22.93,22.98,22.68,22.77,338500.0,0.0,1.0,20.939879201995,20.985539645087,20.711576986535,20.7937657841,338500.0
2013-08-30,22.95,23.0,22.63,22.8,361900.0,0.0,1.0,20.958143379232,21.003803822324,20.665916543443,20.821162049956,361900.0
2013-08-29,22.94,23.14,22.81,23.0,263400.0,0.0,1.0,20.949011290613,21.131653062981,20.830294138574,21.003803822324,263400.0
2013-08-28,22.82,23.08,22.71,22.91,335700.0,0.15,1.0,20.839426227192,21.076860531271,20.73897325239,20.921615024758,335700.0
2013-08-27,23.24,23.26,22.92,23.01,346100.0,0.0,1.0,21.084923381413,21.103068754374,20.794597414027,20.876251592354,346100.0
2013-08-26,23.65,23.7,23.2,23.28,373200.0,0.0,1.0,21.456903527126,21.50226695953,21.048632635489,21.121214127336,373200.0
2013-08-23,23.55,23.56,23.11,23.56,388500.0,0.0,1.0,21.366176662318,21.375249348799,20.966978457162,21.375249348799,388500.0
2013-08-22,23.33,23.74,23.13,23.57,215900.0,0.0,1.0,21.16657755974,21.538557705453,20.985123830124,21.38432203528,215900.0
2013-08-21,23.72,23.72,23.02,23.31,415800.0,0.0,1.0,21.520412332492,21.520412332492,20.885324278835,21.148432186778,415800.0
2013-08-20,23.25,23.89,22.58,23.82,1013000.0,0.0,1.0,21.093996067894,21.674648002666,20.486126073679,21.6111391973,1013000.0
2013-08-19,24.11,24.2,23.0,23.16,925300.0,0.0,1.0,21.874247105244,21.955901283571,20.867178905873,21.012341889566,925300.0
2013-08-16,23.72,24.34,23.66,24.19,751500.0,0.0,1.0,21.520412332492,22.082918894302,21.465976213607,21.94682859709,751500.0
2013-08-15,24.04,24.21,23.7,23.81,549000.0,0.0,1.0,21.810738299878,21.964973970052,21.50226695953,21.602066510819,549000.0
2013-08-14,24.56,24.7,24.05,24.23,611300.0,0.0,1.0,22.28251799688,22.409535607612,21.819810986359,21.983119343013,611300.0
2013-08-13,24.56,24.74,23.87,24.49,815900.0,0.0,1.0,22.28251799688,22.445826353535,21.656502629704,22.219009191515,815900.0
2013-08-12,23.83,24.5,23.83,24.5,584300.0,0.0,1.0,21.620211883781,22.228081877995,21.620211883781,22.228081877995,584300.0
2013-08-09,24.06,24.21,23.77,23.89,424700.0,0.0,1.0,21.82888367284,21.964973970052,21.565775764896,21.674648002666,424700.0
2013-08-08,23.98,24.21,23.57,23.97,756100.0,0.0,1.0,21.756302180993,21.964973970052,21.38432203528,21.747229494512,756100.0
2013-08-07,24.64,24.65,23.84,23.9,856200.0,0.0,1.0,22.355099488727,22.364172175208,21.629284570262,21.683720689146,856200.0
2013-08-06,25.02,25.17,24.51,24.58,501900.0,0.0,1.0,22.699861574998,22.83595187221,22.237154564476,22.300663369842,501900.0
2013-08-05,25.0,25.02,24.7,24.99,440800.0,0.0,1.0,22.681716202036,22.699861574998,22.409535607612,22.672643515555,440800.0
2013-08-02,25.42,25.43,24.94,25.04,615900.0,0.0,1.0,23.06276903423,23.071841720711,22.627280083151,22.718006947959,615900.0
2013-08-01,25.32,25.59,25.18,25.41,637400.0,0.0,1.0,22.972042169422,23.217004704404,22.845024558691,23.053696347749,637400.0
2013-07-31,25.21,25.28,24.75,25.12,2409500.0,0.0,1.0,22.872242618133,22.935751423499,22.454899040016,22.790588439806,2409500.0
2013-07-30,25.34,25.35,25.0,25.21,528600.0,0.0,1.0,22.990187542384,22.999260228865,22.681716202036,22.872242618133,528600.0
2013-07-29,25.17,25.33,24.91,25.19,558400.0,0.15,1.0,22.83595187221,22.981114855903,22.600062023709,22.854097245172,558400.0
2013-07-26,25.3,25.35,25.0,25.24,266300.0,0.0,1.0,22.818021322133,22.863116225931,22.547451899341,22.763907437574,266300.0
2013-07-25,25.19,25.33,24.97,25.3,405400.0,0.0,1.0,22.718812533776,22.845078264412,22.520394957061,22.818021322133,405400.0
2013-07-24,24.62,25.22,24.6,25.15,672200.0,0.0,1.0,22.204730630471,22.745869476055,22.186692668951,22.682736610737,672200.0
2013-07-23,25.16,25.26,24.55,24.6,389300.0,0.0,1.0,22.691755591496,22.781945399094,22.141597765152,22.186692668951,389300.0
2013-07-22,24.8,25.0,24.75,24.98,516800.0,0.0,1.0,22.367072284146,22.547451899341,22.321977380347,22.529413937821,516800.0
2013-07-19,24.8,25.11,24.56,24.86,598700.0,0.0,1.0,22.367072284146,22.646660687698,22.150616745912,22.421186168704,598700.0
2013-07-18,24.55,24.8,24.3,24.68,919000.0,0.0,1.0,22.141597765152,22.367072284146,21.916123246159,22.258844515029,919000.0
2013-07-17,24.12,24.43,24.05,24.27,445700.0,0.0,1.0,21.753781592484,22.033369996036,21.690648727166,21.88906630388,445700.0
2013-07-16,24.25,24.36,23.86,24.0,455100.0,0.0,1.0,21.87102834236,21.970237130717,21.519288092731,21.645553823367,455100.0
2013-07-15,24.35,24.45,23.92,24.23,653900.0,0.0,1.0,21.961218149958,22.051407957555,21.573401977289,21.852990380841,653900.0
2013-07-12,24.14,24.83,24.07,24.39,611900.0,0.0,1.0,21.771819554003,22.394129226425,21.708686688685,21.997294072997,611900.0
2013-07-11,23.72,24.11,23.59,24.11,766600.0,0.0,1.0,21.393022362094,21.744762611724,21.275775612218,21.744762611724,766600.0
2013-07-10,23.71,23.78,23.25,23.5,461900.0,0.0,1.0,21.384003381335,21.447136246653,20.969130266387,21.19460478538,461900.0
2013-07-09,23.85,23.92,23.45,23.61,453000.0,0.0,1.0,21.510269111971,21.573401977289,21.149509881581,21.293813573737,453000.0
2013-07-08,23.28,23.92,23.28,23.83,617800.0,0.0,1.0,20.996187208666,21.573401977289,20.996187208666,21.492231150451,617800.0
2013-07-05,23.76,23.76,22.92,23.21,685600.0,0.0,1.0,21.429098285133,21.429098285133,20.671503901315,20.933054343348,685600.0
2013-07-03,23.55,23.59,23.32,23.47,256900.0,0.0,1.0,21.239699689179,21.275775612218,21.032263131705,21.167547843101,256900.0
2013-07-02,24.05,24.05,23.45,23.56,624800.0,0.0,1.0,21.690648727166,21.690648727166,21.149509881581,21.248718669939,624800.0
2013-07-01,24.1,24.19,23.7,23.99,710000.0,0.0,1.0,21.735743630964,21.816914457802,21.374984400575,21.636534842607,710000.0
2013-06-28,24.0,24.32,23.7,23.97,1438900.0,0.0,1.0,21.645553823367,21.934161207678,21.374984400575,21.618496881088,1438900.0
2013-06-27,24.03,24.05,23.35,23.91,1210800.0,0.0,1.0,21.672610765646,21.690648727166,21.059320073984,21.564382996529,1210800.0
2013-06-26,23.99,24.23,23.4,23.53,886500.0,0.14,1.0,21.636534842607,21.852990380841,21.104414977783,21.221661727659,886500.0
2013-06-25,23.15,23.99,23.1,23.94,1859100.0,0.0,1.0,20.755448626756,21.508562097446,20.710620443977,21.463733914667,1859100.0
2013-06-24,22.8,23.01,22.57,22.87,1785000.0,0.0,1.0,20.441651347302,20.629929714974,20.235441706518,20.504410803193,1785000.0
2013-06-21,22.85,23.04,22.35,23.01,7722000.0,0.0,1.0,20.486479530081,20.656826624642,20.038197702289,20.629929714974,7722000.0
2013-06-20,23.55,23.94,23.03,23.51,1764300.0,0.0,1.0,21.114074088989,21.463733914667,20.647860988086,21.078211542766,1764300.0
2013-06-19,24.43,24.84,24.1,24.29,596000.0,0.0,1.0,21.903050105903,22.270641204692,21.60718409956,21.777531194121,596000.0
2013-06-18,24.48,24.97,24.19,24.37,635700.0,0.0,1.0,21.947878288682,22.387194479918,21.687874828563,21.849256286568,635700.0
2013-06-17,24.17,24.78,24.12,24.26,505400.0,0.0,1.0,21.669943555451,22.216847385357,21.625115372672,21.750634284454,505400.0
2013-06-14,24.15,24.6,23.76,24.01,516100.0,0.0,1.0,21.652012282339,22.055465927352,21.302352456662,21.526493370558,516100.0
2013-06-13,23.72,24.15,23.57,24.05,290100.0,0.0,1.0,21.266489910438,21.652012282339,21.132005362101,21.562355916781,290100.0
2013-06-12,24.19,24.31,23.56,23.61,264100.0,0.0,1.0,21.687874828563,21.795462467233,21.123039725545,21.167867908324,264100.0
2013-06-11,23.71,24.48,23.3,24.05,443300.0,0.0,1.0,21.257524273883,21.947878288682,20.889933175093,21.562355916781,443300.0
2013-06-10,24.09,24.09,23.66,23.78,256600.0,0.0,1.0,21.598218463004,21.598218463004,21.212696091103,21.320283729773,256600.0
2013-06-07,24.14,24.14,23.76,23.91,231600.0,0.0,1.0,21.643046645783,21.643046645783,21.302352456662,21.436837004999,231600.0
2013-06-06,23.57,24.25,23.52,23.91,835700.0,0.0,1.0,21.132005362101,21.741668647898,21.087177179322,21.436837004999,835700.0
2013-06-05,23.05,24.0,22.89,23.49,830600.0,0.0,1.0,20.665792261198,21.517527734002,20.522342076304,21.060280269654,830600.0
2013-06-04,23.16,23.4,22.73,22.99,869300.0,0.0,1.0,20.764414263312,20.979589540652,20.378891891411,20.611998441863,869300.0
2013-06-03,23.06,23.26,22.35,23.21,855700.0,0.0,1.0,20.674757897753,20.85407062887,20.038197702289,20.809242446091,855700.0
2013-05-31,23.07,23.26,22.7,22.84,742100.0,0.0,1.0,20.683723534309,20.85407062887,20.351994981743,20.477513893525,742100.0
2013-05-30,23.14,23.29,22.65,23.06,513200.0,0.0,1.0,20.7464829902,20.880967538538,20.307166798964,20.674757897753,513200.0
2013-05-29,23.7,23.79,22.9,23.06,621100.0,0.14,1.0,21.248558637327,21.329249366329,20.53130771286,20.674757897753,621100.0
2013-05-28,24.08,24.43,23.74,23.87,547000.0,0.0,1.0,21.458972852496,21.770876527677,21.155980710891,21.271830647387,547000.0
2013-05-24,23.79,23.89,23.56,23.61,380600.0,0.0,1.0,21.200538378774,21.28965371454,20.995573106512,21.040130774395,380600.0
2013-05-23,23.48,23.95,23.04,23.71,529300.0,0.0,1.0,20.924280837899,21.343122916,20.532173360528,21.129246110161,529300.0
2013-05-22,23.59,23.84,23.23,23.55,706900.0,0.0,1.0,21.022307707242,21.245096046657,20.701492498483,20.986661572935,706900.0
2013-05-21,23.69,23.85,23.28,23.42,329400.0,0.0,1.0,21.111423043008,21.254007580234,20.746050166366,20.870811636439,329400.0
2013-05-20,23.7,23.92,23.35,23.62,397700.0,0.0,1.0,21.120334576584,21.31638831527,20.808430901403,21.049042307971,397700.0
2013-05-17,24.36,24.51,23.4,23.71,423600.0,0.0,1.0,21.708495792641,21.84216879629,20.852988569286,21.129246110161,423600.0
2013-05-16,23.85,24.63,23.74,24.21,653900.0,0.0,1.0,21.254007580234,21.94910719921,21.155980710891,21.574822788992,653900.0
2013-05-15,23.7,23.87,23.54,23.82,326000.0,0.0,1.0,21.120334576584,21.271830647387,20.977750039358,21.227272979504,326000.0
2013-05-14,23.9,23.9,23.7,23.77,455400.0,0.0,1.0,21.298565248117,21.298565248117,21.120334576584,21.182715311621,455400.0
2013-05-13,23.98,24.0,23.6,23.8,326200.0,0.0,1.0,21.36985751673,21.387680583883,21.031219240818,21.20944991235,326200.0
2013-05-10,23.53,23.99,23.5,23.87,435000.0,0.0,1.0,20.968838505782,21.378769050306,20.942103905052,21.271830647387,435000.0
2013-05-09,23.26,23.55,23.18,23.41,343400.0,0.0,1.0,20.728227099213,20.986661572935,20.6569348306,20.861900102862,343400.0
2013-05-08,23.03,23.4,22.99,23.15,476900.0,0.0,1.0,20.523261826951,20.852988569286,20.487615692644,20.63020022987,476900.0
2013-05-07,22.87,23.05,22.59,22.99,664600.0,0.0,1.0,20.380677289725,20.541084894104,20.13115434958,20.487615692644,664600.0
2013-05-06,22.69,22.96,22.65,22.74,344500.0,0.0,1.0,20.220269685346,20.460881091915,20.184623551039,20.264827353229,344500.0
2013-05-03,22.82,22.89,22.61,22.61,388000.0,0.0,1.0,20.336119621842,20.398500356878,20.148977416733,20.148977416733,388000.0
2013-05-02,22.41,22.66,22.36,22.59,507900.0,0.0,1.0,19.970746745201,20.193535084616,19.926189077318,20.13115434958,507900.0
2013-05-01,22.65,22.65,22.3,22.34,439200.0,0.0,1.0,20.184623551039,20.184623551039,19.872719875858,19.908366010164,439200.0
2013-04-30,22.61,22.69,22.48,22.65,380400.0,0.0,1.0,20.148977416733,20.220269685346,20.033127480237,20.184623551039,380400.0
2013-04-29,22.94,22.98,22.64,22.65,723200.0,0.0,1.0,20.443058024761,20.478704159068,20.175712017463,20.184623551039,723200.0
2013-04-26,23.2,23.31,22.83,22.86,319300.0,0.14,1.0,20.674757897753,20.772784767096,20.345031155419,20.371765756148,319300.0
2013-04-25,23.14,23.62,23.08,23.4,325900.0,0.0,1.0,20.495767808577,20.920917702618,20.442624071822,20.726057334516,325900.0
2013-04-24,22.94,23.18,22.82,23.06,254500.0,0.0,1.0,20.318622019393,20.531196966414,20.212334545883,20.424909492904,254500.0
2013-04-23,22.75,23.1,22.6,22.96,281600.0,0.0,1.0,20.150333519669,20.46033865074,20.017474177781,20.336336598312,281600.0
2013-04-22,22.21,22.95,21.98,22.7,451400.0,0.0,1.0,19.672039888872,20.327479308852,19.468322231311,20.106047072373,451400.0
2013-04-19,22.5,22.85,22.02,22.2,1079800.0,0.0,1.0,19.928901283189,20.23890641426,19.503751389147,19.663182599413,1079800.0
2013-04-18,22.51,23.16,22.01,22.49,879000.0,0.0,1.0,19.937758572648,20.513482387496,19.494894099688,19.920043993729,879000.0
2013-04-17,22.35,22.6,21.89,22.46,1057900.0,0.0,1.0,19.796041941301,20.017474177781,19.388606626178,19.893472125352,1057900.0
2013-04-16,22.79,23.12,22.43,22.51,575900.0,0.0,1.0,20.185762677505,20.478053229659,19.866900256974,19.937758572648,575900.0
2013-04-15,22.96,23.14,22.23,22.63,758300.0,0.0,1.0,20.336336598312,20.495767808577,19.68975446779,20.044046046158,758300.0
2013-04-12,22.8,22.99,22.42,22.95,314300.0,0.0,1.0,20.194619966965,20.362908466689,19.858042967515,20.327479308852,314300.0
2013-04-11,23.32,23.47,22.93,22.94,938700.0,0.0,1.0,20.655199018843,20.788058360731,20.309764729934,20.318622019393,938700.0
2013-04-10,23.26,23.55,23.02,23.33,412000.0,0.0,1.0,20.602055282087,20.858916676404,20.389480335067,20.664056308302,412000.0
2013-04-09,23.13,23.53,23.03,23.19,349700.0,0.0,1.0,20.486910519118,20.841202097486,20.398337624526,20.540054255873,349700.0
2013-04-08,22.58,23.11,22.28,23.09,375800.0,0.0,1.0,19.999759598862,20.4691959402,19.734040915086,20.451481361281,375800.0
2013-04-05,22.59,22.81,21.13,22.59,875300.0,0.0,1.0,20.008616888321,20.203477256424,18.715452627279,20.008616888321,875300.0
2013-04-04,22.91,23.07,22.5,23.05,472700.0,0.0,1.0,20.292050151016,20.433766782363,19.928901283189,20.416052203444,472700.0
2013-04-03,23.11,23.3,22.7,22.94,538200.0,0.0,1.0,20.4691959402,20.637484439924,20.106047072373,20.318622019393,538200.0
2013-04-02,23.21,23.55,23.06,23.09,362300.0,0.0,1.0,20.557768834791,20.858916676404,20.424909492904,20.451481361281,362300.0
2013-04-01,23.38,23.53,22.95,23.04,570400.0,0.0,1.0,20.708342755598,20.841202097486,20.327479308852,20.407194913985,570400.0
2013-03-28,23.55,23.55,22.97,23.33,685200.0,0.0,1.0,20.858916676404,20.858916676404,20.345193887771,20.664056308302,685200.0
2013-03-27,23.38,23.63,23.12,23.51,352600.0,0.0,1.0,20.708342755598,20.929774992078,20.478053229659,20.823487518567,352600.0
2013-03-26,22.98,23.5,22.9,23.42,673800.0,0.13,1.0,20.35405117723,20.814630229108,20.283192861556,20.743771913435,673800.0
2013-03-25,22.61,22.99,22.6,22.89,439400.0,0.0,1.0,19.915782716041,20.250501753285,19.906974320324,20.162417796115,439400.0
2013-03-22,22.86,22.9,22.2,22.62,774600.0,0.0,1.0,20.135992608965,20.171226191832,19.554638491645,19.924591111758,774600.0
2013-03-21,22.75,22.94,22.54,22.86,683500.0,0.0,1.0,20.039100256078,20.2064597747,19.854123946022,20.135992608965,683500.0
2013-03-20,23.19,23.4,22.46,22.92,1012700.0,0.0,1.0,20.426669667624,20.61164597768,19.783656780286,20.188842983266,1012700.0
2013-03-19,23.96,24.08,22.66,23.2,1654400.0,0.0,1.0,21.10491613783,21.210616886433,19.959824694625,20.435478063341,1654400.0
2013-03-18,23.95,24.03,23.59,23.9,491800.0,0.0,1.0,21.096107742113,21.166574907849,20.779005496302,21.052065763528,491800.0
2013-03-15,23.94,24.09,23.66,24.06,794300.0,0.0,1.0,21.087299346396,21.21942528215,20.840664266321,21.193000094999,794300.0
2013-03-14,23.32,23.92,23.04,23.83,621900.0,0.0,1.0,20.541178811945,21.069682554962,20.29454373187,20.990406993509,621900.0
2013-03-13,22.95,23.27,22.89,23.24,465300.0,0.0,1.0,20.215268170417,20.49713683336,20.162417796115,20.470711646209,465300.0
2013-03-12,23.45,23.6,22.77,22.89,703400.0,0.0,1.0,20.655687956265,20.787813892019,20.056717047512,20.162417796115,703400.0
2013-03-11,23.36,23.6,23.32,23.48,546800.0,0.0,1.0,20.576412394812,20.787813892019,20.541178811945,20.682113143416,546800.0
2013-03-08,23.25,23.36,22.9,23.27,626100.0,0.0,1.0,20.479520041926,20.576412394812,20.171226191832,20.49713683336,626100.0
2013-03-07,23.12,23.71,23.02,23.08,654600.0,0.0,1.0,20.365010897605,20.884706244906,20.276926940436,20.329777314738,654600.0
2013-03-06,23.66,23.88,23.01,23.11,481600.0,0.0,1.0,20.840664266321,21.034448972094,20.268118544719,20.356202501888,481600.0
2013-03-05,23.57,24.08,23.53,23.56,1142500.0,0.0,1.0,20.761388704869,21.210616886433,20.726155122001,20.752580309152,1142500.0
2013-03-04,23.05,23.47,22.8,23.4,937900.0,0.0,1.0,20.303352127587,20.673304747699,20.083142234663,20.61164597768,937900.0
2013-03-01,22.44,23.27,22.24,23.02,747400.0,0.0,1.0,19.766039988852,20.49713683336,19.589872074513,20.276926940436,747400.0
2013-02-28,22.18,22.61,22.0,22.56,585700.0,0.0,1.0,19.537021700211,19.915782716041,19.378470577306,19.871740737456,585700.0
2013-02-27,22.06,22.34,21.7,22.22,721600.0,0.0,1.0,19.431320951608,19.677956031683,19.114218705797,19.572255283079,721600.0
2013-02-26,22.24,22.48,21.98,22.19,607800.0,0.13,1.0,19.589872074513,19.80127357172,19.360853785872,19.545830095928,607800.0
2013-02-25,22.69,22.78,22.3,22.35,713600.0,0.0,1.0,19.869842512393,19.948656343425,19.528315911255,19.572101372939,713600.0
2013-02-22,22.37,22.69,22.32,22.59,628800.0,0.0,1.0,19.589615557613,19.869842512393,19.545830095928,19.782271589024,628800.0
2013-02-21,22.51,22.69,22.24,22.33,920300.0,0.0,1.0,19.712214850329,19.869842512393,19.475773357233,19.554587188265,920300.0
2013-02-20,23.2,23.32,22.72,22.78,1081700.0,0.0,1.0,20.316454221574,20.421539329617,19.896113789404,19.948656343425,1081700.0
2013-02-19,22.99,23.2,22.85,23.2,703600.0,0.0,1.0,20.1325552825,20.316454221574,20.009955989783,20.316454221574,703600.0
2013-02-15,23.07,23.25,22.82,22.99,951500.0,0.0,1.0,20.202612021195,20.360239683259,19.983684712773,20.1325552825,951500.0
2013-02-14,22.74,23.37,22.73,22.95,823200.0,0.0,1.0,19.913627974078,20.465324791301,19.904870881741,20.097526913152,823200.0
2013-02-13,22.04,23.04,21.93,22.77,991300.0,0.0,1.0,19.300631510496,20.176340744184,19.20430349479,19.939899251088,991300.0
2013-02-12,21.99,22.17,21.86,21.98,369700.0,0.0,1.0,19.256846048811,19.414473710875,19.143003848432,19.248088956474,369700.0
2013-02-11,21.96,22.03,21.76,22.0,519900.0,0.0,1.0,19.230574771801,19.291874418159,19.055432925063,19.265603141148,519900.0
2013-02-08,22.3,22.35,21.7,21.95,528300.0,0.0,1.0,19.528315911255,19.572101372939,19.002890371041,19.221817679464,528300.0
2013-02-07,22.1,22.5,19.64,22.17,2636800.0,0.0,1.0,19.353174064517,19.703457757992,17.198929349643,19.414473710875,2636800.0
2013-02-06,21.35,21.56,21.25,21.45,423100.0,0.0,1.0,18.69639213925,18.880291078325,18.608821215882,18.783963062619,423100.0
2013-02-05,21.5,21.6,21.25,21.36,644100.0,0.0,1.0,18.827748524304,18.915319447673,18.608821215882,18.705149231587,644100.0
2013-02-04,21.73,21.73,21.39,21.49,471700.0,0.0,1.0,19.029161648052,19.029161648052,18.731420508598,18.818991431967,471700.0
2013-02-01,21.96,22.12,21.7,21.77,725600.0,0.0,1.0,19.230574771801,19.370688249191,19.002890371041,19.0641900174,725600.0
2013-01-31,21.35,21.85,21.25,21.74,4929000.0,0.0,1.0,18.69639213925,19.134246756095,18.608821215882,19.037918740389,4929000.0
2013-01-30,21.38,21.43,20.98,21.41,929600.0,0.0,1.0,18.722663416261,18.766448877946,18.372379722786,18.748934693272,929600.0
2013-01-29,21.31,21.63,21.04,21.39,1062200.0,0.12,1.0,18.661363769903,18.941590724683,18.424922276807,18.731420508598,1062200.0
2013-01-28,20.91,21.48,20.69,21.42,1029300.0,0.0,1.0,18.208926212682,18.705295793802,18.017344970846,18.653046364211,1029300.0
2013-01-25,20.52,21.07,20.42,20.94,848700.0,0.0,1.0,17.869304920336,18.348258024926,17.782222537683,18.235050927478,848700.0
2013-01-24,20.5,20.85,20.24,20.42,900200.0,0.0,1.0,17.851888443806,18.15667678309,17.625474248909,17.782222537683,900200.0
2013-01-23,20.19,20.58,20.14,20.49,568300.0,0.0,1.0,17.581933057582,17.921554349928,17.538391866256,17.84318020554,568300.0
2013-01-22,20.31,20.49,19.61,20.25,997700.0,0.0,1.0,17.686431916766,17.84318020554,17.076855238197,17.634182487174,997700.0
2013-01-18,20.55,20.59,20.05,20.35,693900.0,0.0,1.0,17.895429635132,17.930262588193,17.460017721868,17.721264869827,693900.0
2013-01-17,19.95,20.66,19.85,20.44,1904000.0,0.0,1.0,17.372935339216,17.99122025605,17.285852956563,17.799639014214,1904000.0
2013-01-16,20.05,20.05,19.67,19.78,430700.0,0.0,1.0,17.460017721868,17.460017721868,17.129104667788,17.224895288706,430700.0
2013-01-15,20.11,20.11,19.9,20.03,406300.0,0.0,1.0,17.51226715146,17.51226715146,17.329394147889,17.442601245338,406300.0
2013-01-14,19.96,20.04,19.8,19.96,355100.0,0.0,1.0,17.381643577481,17.451309483603,17.242311765237,17.381643577481,355100.0
2013-01-11,19.9,19.95,19.65,19.9,338500.0,0.0,1.0,17.329394147889,17.372935339216,17.111688191258,17.329394147889,338500.0
2013-01-10,20.03,20.04,19.61,19.85,519300.0,0.0,1.0,17.442601245338,17.451309483603,17.076855238197,17.285852956563,519300.0
2013-01-09,19.76,20.02,19.75,20.01,960800.0,0.0,1.0,17.207478812176,17.433893007073,17.19877057391,17.425184768807,960800.0
2013-01-08,19.75,20.1,19.39,19.79,983400.0,0.0,1.0,17.19877057391,17.503558913195,16.885273996361,17.233603526971,983400.0
2013-01-07,19.32,19.71,19.13,19.64,976100.0,0.0,1.0,16.824316328504,17.163937620849,16.658859801464,17.102979952992,976100.0
2013-01-04,19.14,19.43,18.89,19.34,820100.0,0.0,1.0,16.667568039729,16.920106949422,16.449862083097,16.841732805034,820100.0
2013-01-03,19.09,19.21,18.95,19.0,797600.0,0.0,1.0,16.624026848402,16.728525707586,16.502111512689,16.545652704015,797600.0
2013-01-02,19.14,19.46,18.9,19.12,935700.0,0.0,1.0,16.667568039729,16.946231664217,16.458570321362,16.650151563198,935700.0
2012-12-31,18.75,18.9,18.6,18.9,1220400.0,0.0,1.0,16.327946747383,16.458570321362,16.197323173404,16.458570321362,1220400.0
2012-12-28,18.88,18.94,18.6,18.78,709500.0,0.0,1.0,16.441153844832,16.493403274423,16.197323173404,16.354071462179,709500.0
2012-12-27,19.0,19.1,18.64,18.91,722700.0,0.12,1.0,16.545652704015,16.632735086668,16.232156126465,16.467278559628,722700.0
2012-12-26,19.0,19.1,18.9,19.03,673800.0,0.0,1.0,16.441318582918,16.527851838617,16.354785327218,16.467278559628,673800.0
2012-12-24,19.01,19.23,18.98,19.02,350000.0,0.0,1.0,16.449971908488,16.640345071027,16.424011931778,16.458625234058,350000.0
2012-12-21,19.0,19.24,18.9,19.1,1064300.0,0.0,1.0,16.441318582918,16.648998396597,16.354785327218,16.527851838617,1064300.0
2012-12-20,18.8,19.25,18.8,19.19,2628100.0,0.0,1.0,16.268252071519,16.657651722167,16.268252071519,16.605731768747,2628100.0
2012-12-19,19.0,19.1,18.65,18.8,15188400.0,0.0,1.0,16.441318582918,16.527851838617,16.138452187969,16.268252071519,15188400.0
2012-12-18,18.21,19.64,18.16,19.45,1334000.0,0.0,1.0,15.757705862891,16.995131419395,15.714439235041,16.830718233566,1334000.0
2012-12-17,18.82,19.1,18.26,18.37,403300.0,0.0,1.0,16.285558722658,16.527851838617,15.800972490741,15.89615907201,403300.0
2012-12-14,18.82,19.06,18.69,18.79,243800.0,0.0,1.0,16.285558722658,16.493238536337,16.173065490249,16.259598745949,243800.0
2012-12-13,18.46,19.1,18.44,18.79,430500.0,0.0,1.0,15.97403900214,16.527851838617,15.956732351,16.259598745949,430500.0
2012-12-12,18.18,18.6,18.18,18.5,465400.0,0.0,1.0,15.731745886181,16.095185560119,15.731745886181,16.00865230442,465400.0
2012-12-11,18.48,18.68,18.03,18.13,658800.0,0.0,1.0,15.99134565328,16.164412164679,15.601946002632,15.688479258331,658800.0
2012-12-10,18.58,18.9,18.35,18.36,422000.0,0.0,1.0,16.07787890898,16.354785327218,15.878852420871,15.88750574644,422000.0
2012-12-07,18.92,19.02,18.55,18.58,377900.0,0.0,1.0,16.372091978358,16.458625234058,16.05191893227,16.07787890898,377900.0
2012-12-06,19.04,19.04,18.65,18.77,413400.0,0.0,1.0,16.475931885198,16.475931885198,16.138452187969,16.242292094809,413400.0
2012-12-05,19.1,19.31,18.68,18.91,636200.0,0.0,1.0,16.527851838617,16.709571675586,16.164412164679,16.363438652788,636200.0
2012-12-04,19.05,19.3,18.98,19.06,482200.0,0.0,1.0,16.484585210767,16.700918350016,16.424011931778,16.493238536337,482200.0
2012-12-03,19.76,20.46,19.0,19.03,1112500.0,0.0,1.0,17.098971326234,17.704704116131,16.441318582918,16.467278559628,1112500.0
2012-11-30,19.03,19.56,18.91,19.55,2450600.0,0.0,1.0,16.467278559628,16.925904814835,16.363438652788,16.917251489265,2450600.0
2012-11-29,19.32,19.5,18.99,19.0,375000.0,0.0,1.0,16.718225001156,16.873984861416,16.432665257348,16.441318582918,375000.0
2012-11-28,18.97,19.19,18.7,19.18,333100.0,0.12,1.0,16.415358606208,16.605731768747,16.181718815819,16.597078443177,333100.0
2012-11-27,19.4,19.69,19.1,19.1,355300.0,0.0,1.0,16.683073668271,16.932459821044,16.425087992989,16.425087992989,355300.0
2012-11-26,19.44,19.44,18.72,19.14,510100.0,0.0,1.0,16.717471758309,16.717471758309,16.098306137631,16.459486083026,510100.0
2012-11-23,19.8,19.8,19.23,19.45,219500.0,0.0,1.0,17.027054568648,17.027054568648,16.536881785611,16.726071280818,219500.0
2012-11-21,19.54,19.98,19.4,19.78,631900.0,0.0,1.0,16.803466983403,17.181845973817,16.683073668271,17.009855523629,631900.0
2012-11-20,19.08,19.52,18.91,19.47,496400.0,0.0,1.0,16.40788894797,16.786267938384,16.26169706531,16.743270325837,496400.0
2012-11-19,19.29,19.48,18.73,19.14,678900.0,0.0,1.0,16.588478920667,16.751869848346,16.10690566014,16.459486083026,678900.0
2012-11-16,18.61,19.2,18.5,19.01,901900.0,0.0,1.0,16.003711390027,16.511083218083,15.909116642423,16.347692290404,901900.0
2012-11-15,17.63,18.79,17.36,17.67,1143600.0,0.0,1.0,15.160958184104,16.158502795197,14.92877107635,15.195356274142,1143600.0
2012-11-14,18.47,18.79,17.47,17.66,1410300.0,0.0,1.0,15.883318074895,16.158502795197,15.023365823953,15.186756751632,1410300.0
2012-11-13,19.52,19.66,18.14,18.71,1217300.0,0.0,1.0,16.786267938384,16.906661253516,15.599533832084,16.089706615121,1217300.0
2012-11-12,19.69,19.8,19.28,19.54,486800.0,0.0,1.0,16.932459821044,17.027054568648,16.579879398158,16.803466983403,486800.0
2012-11-09,19.26,19.56,19.26,19.51,494200.0,0.0,1.0,16.562680353139,16.820666028422,16.562680353139,16.777668415875,494200.0
2012-11-08,19.85,20.24,19.3,19.36,580800.0,0.0,1.0,17.070052181195,17.405433559062,16.597078443177,16.648675578233,580800.0
2012-11-07,19.19,20.07,18.84,19.82,782900.0,0.0,1.0,16.502483695573,17.259241676402,16.201500407744,17.044253613667,782900.0
2012-11-06,18.94,19.49,18.93,19.35,464100.0,0.0,1.0,16.287495632838,16.760469370856,16.278896110328,16.640076055724,464100.0
2012-11-05,19.45,19.51,18.54,18.8,590400.0,0.0,1.0,16.726071280818,16.777668415875,15.943514732461,16.167102317706,590400.0
2012-11-02,19.4,19.7,19.0,19.33,483300.0,0.0,1.0,16.683073668271,16.941059343554,16.339092767894,16.622877010705,483300.0
2012-11-01,19.8,19.84,19.48,19.67,913700.0,0.0,1.0,17.027054568648,17.061452658685,16.751869848346,16.915260776025,913700.0
2012-10-31,19.24,19.62,18.85,19.46,1058400.0,0.11,1.0,16.54548130812,16.872263163478,16.210099930253,16.734670803328,1058400.0
2012-10-26,18.46,19.39,18.25,19.16,551800.0,0.0,1.0,15.785489168596,16.580749457155,15.605914264728,16.38407218149,551800.0
2012-10-25,19.12,19.53,18.12,18.51,1153800.0,0.0,1.0,16.349867437896,16.700466059734,15.494748848048,15.828245098089,1153800.0
2012-10-24,19.48,19.85,18.97,19.01,1308200.0,0.0,1.0,16.657710130241,16.974104008485,16.221599649419,16.255804393013,1308200.0
2012-10-23,19.41,19.68,19.18,19.46,620700.0,0.0,1.0,16.597851828952,16.828733848211,16.401174553287,16.640607758444,620700.0
2012-10-22,19.67,19.9,19.2,19.56,726100.0,0.0,1.0,16.820182662312,17.016859937977,16.418276925084,16.726119617429,726100.0
2012-10-19,18.89,19.39,18.66,19.35,1276400.0,0.0,1.0,16.153190162231,16.580749457155,15.956512886566,16.546544713561,1276400.0
2012-10-18,18.07,19.27,17.95,18.6,1628700.0,0.0,1.0,15.451992918555,16.478135226373,15.349378687774,15.905205771175,1628700.0
2012-10-17,17.97,18.22,17.86,18.0,538900.0,0.0,1.0,15.366481059571,15.580260707033,15.272418014687,15.392134617266,538900.0
2012-10-16,17.67,17.98,17.61,17.9,830900.0,0.0,1.0,15.109945482616,15.375032245469,15.058638367225,15.306622758281,830900.0
2012-10-15,17.28,17.49,16.86,17.44,575600.0,0.0,1.0,14.776449232575,14.956024136444,14.417299424839,14.913268206951,575600.0
2012-10-12,17.1,17.61,17.1,17.2,555500.0,0.0,1.0,14.622527886403,15.058638367225,14.622527886403,14.708039745388,555500.0
2012-10-11,17.07,17.25,16.66,17.11,506600.0,0.0,1.0,14.596874328707,14.75079567488,14.24627570687,14.631079072301,506600.0
2012-10-10,17.34,17.34,16.85,16.96,901400.0,0.0,1.0,14.827756347966,14.827756347966,14.408748238941,14.502811283824,901400.0
2012-10-09,18.64,18.64,16.92,17.24,1016300.0,0.0,1.0,15.939410514769,15.939410514769,14.46860654023,14.742244488981,1016300.0
2012-10-08,17.43,17.8,17.2,17.71,765300.0,0.0,1.0,14.904717021053,15.221110899296,14.708039745388,15.14415022621,765300.0
2012-10-05,17.41,17.9,17.16,17.4,626800.0,0.0,1.0,14.887614649256,15.306622758281,14.673835001794,14.879063463357,626800.0
2012-10-04,17.5,18.11,17.32,17.83,816200.0,0.0,1.0,14.964575322342,15.486197662149,14.810653976169,15.246764456992,816200.0
2012-10-03,17.07,17.79,16.88,17.43,1108400.0,0.0,1.0,14.596874328707,15.212559713398,14.434401796636,14.904717021053,1108400.0
2012-10-02,16.8,17.19,16.61,17.02,446400.0,0.0,1.0,14.365992309448,14.699488559489,14.203519777377,14.554118399215,446400.0
2012-10-01,16.33,16.81,16.33,16.8,595600.0,0.0,1.0,13.96408657222,14.374543495347,13.96408657222,14.365992309448,595600.0
2012-09-28,16.24,16.29,15.92,16.28,2649100.0,0.0,1.0,13.887125899133,13.929881828626,13.613487950382,13.921330642727,2649100.0
2012-09-27,16.12,16.32,16.03,16.32,263300.0,0.0,1.0,13.784511668352,13.955535386321,13.707550995265,13.955535386321,263300.0
2012-09-26,15.9,16.18,15.9,16.04,583900.0,0.1,1.0,13.596385578585,13.835818783742,13.596385578585,13.716102181164,583900.0
2012-09-25,16.1,16.36,16.0,16.03,413800.0,0.0,1.0,13.682109362871,13.903062681774,13.597127317139,13.622621930858,413800.0
2012-09-24,16.18,16.46,16.06,16.1,396300.0,0.0,1.0,13.750094999457,13.988044727507,13.648116544578,13.682109362871,396300.0
2012-09-21,16.48,16.53,15.99,16.12,330000.0,0.0,1.0,14.005041136653,14.047532159519,13.588629112566,13.699105772017,330000.0
2012-09-20,16.12,16.45,15.99,16.22,451200.0,0.0,1.0,13.699105772017,13.979546522933,13.588629112566,13.784087817749,451200.0
2012-09-19,16.08,16.2,15.9,16.19,471500.0,0.0,1.0,13.665112953724,13.767091408603,13.512145271407,13.75859320403,471500.0
2012-09-18,16.1,16.25,15.81,16.02,510100.0,0.0,1.0,13.682109362871,13.809582431469,13.435661430248,13.614123726285,510100.0
2012-09-17,15.85,16.09,15.84,16.03,568100.0,0.0,1.0,13.469654248541,13.673611158298,13.461156043967,13.622621930858,568100.0
2012-09-14,15.76,15.88,15.71,15.79,439300.0,0.0,1.0,13.393170407382,13.49514886226,13.350679384516,13.418665021101,439300.0
2012-09-13,15.7,16.0,15.55,15.8,670300.0,0.0,1.0,13.342181179942,13.597127317139,13.214708111344,13.427163225675,670300.0
2012-09-12,15.85,15.99,15.71,15.75,629200.0,0.0,1.0,13.469654248541,13.588629112566,13.350679384516,13.384672202809,629200.0
2012-09-11,15.82,16.05,15.76,15.9,1284800.0,0.0,1.0,13.444159634821,13.639618340005,13.393170407382,13.512145271407,1284800.0
2012-09-10,15.7,16.05,15.59,15.87,1511600.0,0.0,1.0,13.342181179942,13.639618340005,13.248700929637,13.486650657687,1511600.0
2012-09-07,15.5,15.99,15.47,15.7,6924500.0,0.0,1.0,13.172217088478,13.588629112566,13.146722474759,13.342181179942,6924500.0
2012-09-06,15.1,15.82,14.93,15.61,1201900.0,0.0,1.0,12.83228890555,13.444159634821,12.687819427805,13.265697338784,1201900.0
2012-09-05,15.73,15.8,15.21,15.33,241700.0,0.0,1.0,13.367675793662,13.427163225675,12.925769155855,13.027747610734,241700.0
2012-09-04,15.73,15.92,15.25,15.64,397200.0,0.0,1.0,13.367675793662,13.529141680553,12.959761974148,13.291191952503,397200.0
2012-08-31,15.95,16.0,15.37,15.65,200700.0,0.0,1.0,13.554636294273,13.597127317139,13.061740429026,13.299690157076,200700.0
2012-08-30,15.98,16.07,15.8,15.95,199800.0,0.0,1.0,13.580130907992,13.656614749151,13.427163225675,13.554636294273,199800.0
2012-08-29,16.01,16.44,15.66,16.15,395100.0,0.1,1.0,13.605625521712,13.97104831836,13.30818836165,13.724600385737,395100.0
2012-08-28,15.7,16.15,15.57,16.07,340500.0,0.0,1.0,13.260075449604,13.64014130644,13.150278646518,13.572574043003,340500.0
2012-08-27,15.67,15.9,15.5,15.64,202800.0,0.0,1.0,13.234737725815,13.428993608198,13.091157291011,13.209400002026,202800.0
2012-08-24,15.56,15.85,15.27,15.65,380600.0,0.0,1.0,13.141832738589,13.38676406855,12.896901408628,13.217845909956,380600.0
2012-08-23,15.23,15.59,15.1,15.51,172900.0,0.0,1.0,12.863117776909,13.167170462378,12.753320973823,13.09960319894,172900.0
2012-08-22,15.16,15.47,14.6,15.28,257500.0,0.0,1.0,12.803996421401,13.065819567222,12.331025577339,12.905347316558,257500.0
2012-08-21,15.3,15.43,14.84,15.24,310600.0,0.0,1.0,12.922239132417,13.032035935503,12.533727367651,12.871563684839,310600.0
2012-08-20,15.18,15.6,15.16,15.27,193100.0,0.0,1.0,12.820888237261,13.175616370307,12.803996421401,12.896901408628,193100.0
2012-08-17,15.77,15.8,15.02,15.16,372000.0,0.0,1.0,13.319196805112,13.344534528901,12.685753710386,12.803996421401,372000.0
2012-08-16,15.61,15.92,15.43,15.76,574000.0,0.0,1.0,13.184062278237,13.445885424057,13.032035935503,13.310750897182,574000.0
2012-08-15,15.23,15.5,15.0,15.47,251400.0,0.0,1.0,12.863117776909,13.091157291011,12.668861894526,13.065819567222,251400.0
2012-08-14,14.51,15.25,14.51,15.23,359200.0,0.0,1.0,12.255012405972,12.880009592769,12.255012405972,12.863117776909,359200.0
2012-08-13,14.53,14.69,14.39,14.49,135100.0,0.0,1.0,12.271904221831,12.407038748706,12.153661510816,12.238120590113,135100.0
2012-08-10,14.5,14.54,14.4,14.49,106700.0,0.0,1.0,12.246566498042,12.280350129761,12.162107418745,12.238120590113,106700.0
2012-08-09,14.48,14.52,14.41,14.47,80200.0,0.0,1.0,12.229674682183,12.263458313902,12.170553326675,12.221228774253,80200.0
2012-08-08,14.45,14.52,14.45,14.52,122500.0,0.0,1.0,12.204336958394,12.263458313902,12.204336958394,12.263458313902,122500.0
2012-08-07,14.47,14.54,14.39,14.51,114900.0,0.0,1.0,12.221228774253,12.280350129761,12.153661510816,12.255012405972,114900.0
2012-08-06,14.47,14.6,14.39,14.5,246400.0,0.0,1.0,12.221228774253,12.331025577339,12.153661510816,12.246566498042,246400.0
2012-08-03,14.42,14.5,14.3,14.41,133600.0,0.0,1.0,12.178999234605,12.246566498042,12.077648339449,12.170553326675,133600.0
2012-08-02,14.22,14.46,14.19,14.29,131100.0,0.0,1.0,12.010081076011,12.212782866323,11.984743352222,12.069202431519,131100.0
2012-08-01,14.45,14.48,14.26,14.27,120400.0,0.0,1.0,12.204336958394,12.229674682183,12.04386470773,12.052310615659,120400.0
2012-07-31,14.48,14.51,14.37,14.38,153000.0,0.0,1.0,12.229674682183,12.255012405972,12.136769694956,12.145215602886,153000.0
2012-07-30,14.37,14.57,14.34,14.44,181600.0,0.0,1.0,12.136769694956,12.30568785355,12.111431971167,12.195891050464,181600.0
2012-07-27,14.37,14.6,14.23,14.27,402900.0,0.1,1.0,12.136769694956,12.331025577339,12.018526983941,12.052310615659,402900.0
2012-07-26,14.5,14.66,14.27,14.37,270500.0,0.0,1.0,12.161343349134,12.295537482642,11.968439282217,12.052310615659,270500.0
2012-07-25,14.35,14.5,14.19,14.46,216600.0,0.0,1.0,12.035536348971,12.161343349134,11.901342215463,12.127794815758,216600.0
2012-07-24,14.25,14.35,14.17,14.3,322200.0,0.0,1.0,11.951665015529,12.035536348971,11.884567948775,11.99360068225,322200.0
2012-07-23,14.14,14.17,14.01,14.1,161000.0,0.0,1.0,11.859406548742,11.884567948775,11.750373815267,11.825858015365,161000.0
2012-07-20,13.93,14.25,13.9,14.13,94200.0,0.0,1.0,11.683276748513,11.951665015529,11.658115348481,11.851019415398,94200.0
2012-07-19,14.23,14.38,13.91,14.0,196800.0,0.0,1.0,11.93489074884,12.060697749004,11.666502481825,11.741986681923,196800.0
2012-07-18,14.13,14.27,14.09,14.2,241000.0,0.0,1.0,11.851019415398,11.968439282217,11.817470882021,11.909729348808,241000.0
2012-07-17,14.16,14.23,14.02,14.17,234200.0,0.0,1.0,11.876180815431,11.93489074884,11.758760948611,11.884567948775,234200.0
2012-07-16,14.0,14.25,13.95,14.09,333500.0,0.0,1.0,11.741986681923,11.951665015529,11.700051015202,11.817470882021,333500.0
2012-07-13,13.89,14.01,13.87,14.0,389500.0,0.0,1.0,11.649728215136,11.750373815267,11.632953948448,11.741986681923,389500.0
2012-07-12,14.01,14.05,13.7,13.83,343200.0,0.0,1.0,11.750373815267,11.783922348644,11.490372681596,11.599405415071,343200.0
2012-07-11,13.9,14.25,13.8,14.05,557300.0,0.0,1.0,11.658115348481,11.951665015529,11.574244015038,11.783922348644,557300.0
2012-07-10,13.66,14.02,13.6,13.83,496900.0,0.0,1.0,11.456824148219,11.758760948611,11.406501348154,11.599405415071,496900.0
2012-07-09,13.61,13.72,13.4,13.6,223500.0,0.0,1.0,11.414888481498,11.507146948284,11.238758681269,11.406501348154,223500.0
2012-07-06,13.37,13.69,13.37,13.58,110000.0,0.0,1.0,11.213597281236,11.481985548252,11.213597281236,11.389727081465,110000.0
2012-07-05,13.46,13.54,13.31,13.43,86200.0,0.0,1.0,11.289081481334,11.356178548088,11.163274481171,11.263920081302,86200.0
2012-07-03,13.65,13.7,13.45,13.5,71700.0,0.0,1.0,11.448437014875,11.490372681596,11.28069434799,11.322630014711,71700.0
2012-07-02,13.36,13.68,13.29,13.65,244800.0,0.0,1.0,11.205210147892,11.473598414908,11.146500214483,11.448437014875,244800.0
2012-06-29,13.54,13.54,13.2,13.4,109700.0,0.0,1.0,11.356178548088,11.356178548088,11.071016014384,11.238758681269,109700.0
2012-06-28,13.39,13.48,13.19,13.38,191100.0,0.0,1.0,11.230371547925,11.305855748023,11.06262888104,11.221984414581,191100.0
2012-06-27,13.38,13.52,13.32,13.41,79400.0,0.1,1.0,11.221984414581,11.3394042814,11.171661614515,11.247145814613,79400.0
2012-06-26,13.78,13.83,13.44,13.45,105100.0,0.0,1.0,11.471922229857,11.513547491939,11.188870447698,11.197195500115,105100.0
2012-06-25,13.63,13.8,13.57,13.79,103800.0,0.0,1.0,11.347046443611,11.48857233469,11.297096129112,11.480247282274,103800.0
2012-06-22,13.57,13.8,13.46,13.78,767600.0,0.0,1.0,11.297096129112,11.48857233469,11.205520552531,11.471922229857,767600.0
2012-06-21,13.64,13.69,13.35,13.5,55900.0,0.0,1.0,11.355371496027,11.396996758109,11.11394497595,11.238820762197,55900.0
2012-06-20,13.5,13.7,13.44,13.69,68700.0,0.0,1.0,11.238820762197,11.405321810526,11.188870447698,11.396996758109,68700.0
2012-06-19,13.44,13.58,13.31,13.47,110400.0,0.0,1.0,11.188870447698,11.305421181528,11.080644766284,11.213845604948,110400.0
2012-06-18,13.55,13.59,13.32,13.37,140500.0,0.0,1.0,11.280446024279,11.313746233945,11.088969818701,11.130595080783,140500.0
2012-06-15,13.47,13.71,13.43,13.67,209400.0,0.0,1.0,11.213845604948,11.413646862942,11.180545395282,11.380346653276,209400.0
2012-06-14,13.51,13.58,13.29,13.5,120600.0,0.0,1.0,11.247145814613,11.305421181528,11.063994661452,11.238820762197,120600.0
2012-06-13,13.44,13.52,13.4,13.49,129500.0,0.0,1.0,11.188870447698,11.25547086703,11.155570238032,11.23049570978,129500.0
2012-06-12,13.57,13.57,13.41,13.46,133000.0,0.0,1.0,11.297096129112,11.297096129112,11.163895290449,11.205520552531,133000.0
2012-06-11,13.7,13.75,13.48,13.48,185500.0,0.0,1.0,11.405321810526,11.446947072608,11.222170657364,11.222170657364,185500.0
2012-06-08,13.61,13.7,13.61,13.69,70500.0,0.0,1.0,11.330396338778,11.405321810526,11.330396338778,11.396996758109,70500.0
2012-06-07,13.68,13.72,13.55,13.64,174900.0,0.0,1.0,11.388671705693,11.421971915359,11.280446024279,11.355371496027,174900.0
2012-06-06,13.55,13.61,13.34,13.6,122400.0,0.0,1.0,11.280446024279,11.330396338778,11.105619923534,11.322071286361,122400.0
2012-06-05,13.19,13.62,13.19,13.49,196800.0,0.0,1.0,10.980744137287,11.338721391194,10.980744137287,11.23049570978,196800.0
2012-06-04,13.32,13.39,13.2,13.25,136200.0,0.0,1.0,11.088969818701,11.147245185616,10.989069189704,11.030694451786,136200.0
2012-06-01,13.18,13.4,13.18,13.26,158400.0,0.0,1.0,10.972419084871,11.155570238032,10.972419084871,11.039019504202,158400.0
2012-05-31,13.3,13.39,13.18,13.38,194800.0,0.0,1.0,11.072319713868,11.147245185616,10.972419084871,11.1389201332,194800.0
2012-05-30,13.4,13.44,13.28,13.3,77600.0,0.0,1.0,11.155570238032,11.188870447698,11.055669609035,11.072319713868,77600.0
2012-05-29,13.39,13.5,13.36,13.49,118400.0,0.1,1.0,11.147245185616,11.238820762197,11.122270028367,11.23049570978,118400.0
2012-05-25,13.4,13.43,13.27,13.35,54700.0,0.0,1.0,11.073483628481,11.098275009739,10.966054309697,11.032164659718,54700.0
2012-05-24,13.4,13.51,13.33,13.43,45300.0,0.0,1.0,11.073483628481,11.16438535976,11.015637072213,11.098275009739,45300.0
2012-05-23,13.51,13.6,13.27,13.4,79800.0,0.0,1.0,11.16438535976,11.238759503533,10.966054309697,11.073483628481,79800.0
2012-05-22,13.39,13.63,13.26,13.59,113800.0,0.0,1.0,11.065219834728,11.263550884791,10.957790515945,11.23049570978,113800.0
2012-05-21,13.44,13.46,13.28,13.4,55800.0,0.0,1.0,11.106538803491,11.123066390997,10.97431810345,11.073483628481,55800.0
2012-05-18,13.3,13.6,13.23,13.44,108000.0,0.0,1.0,10.990845690955,11.238759503533,10.932999134687,11.106538803491,108000.0
2012-05-17,13.35,13.61,13.21,13.27,124000.0,0.0,1.0,11.032164659718,11.247023297286,10.916471547182,10.966054309697,124000.0
2012-05-16,13.56,13.56,13.34,13.34,126000.0,0.0,1.0,11.205704328523,11.205704328523,11.023900865966,11.023900865966,126000.0
2012-05-15,13.53,13.68,13.48,13.52,98200.0,0.0,1.0,11.180912947265,11.304869853554,11.139593978502,11.172649153512,98200.0
2012-05-14,13.64,13.75,13.46,13.49,151000.0,0.0,1.0,11.271814678543,11.362716409822,11.123066390997,11.147857772254,151000.0
2012-05-11,13.66,13.82,13.64,13.75,103600.0,0.0,1.0,11.288342266049,11.42056296609,11.271814678543,11.362716409822,103600.0
2012-05-10,13.64,13.76,13.51,13.71,85000.0,0.0,1.0,11.271814678543,11.370980203575,11.16438535976,11.329661234812,85000.0
2012-05-09,13.39,13.78,13.39,13.58,148500.0,0.0,1.0,11.065219834728,11.38750779108,11.065219834728,11.222231916028,148500.0
2012-05-08,13.65,13.83,13.46,13.52,110500.0,0.0,1.0,11.280078472296,11.428826759843,11.123066390997,11.172649153512,110500.0
2012-05-07,13.6,13.92,13.6,13.73,74700.0,0.0,1.0,11.238759503533,11.503200903616,11.238759503533,11.346188822317,74700.0
2012-05-04,13.8,13.9,13.62,13.62,138400.0,0.0,1.0,11.404035378585,11.486673316111,11.255287091038,11.255287091038,138400.0
2012-05-03,13.97,14.0,13.82,13.84,323600.0,0.0,1.0,11.544519872379,11.569311253637,11.42056296609,11.437090553595,323600.0
2012-05-02,13.86,13.94,13.75,13.92,151000.0,0.0,1.0,11.453618141101,11.519728491121,11.362716409822,11.503200903616,151000.0
2012-05-01,13.9,13.9,13.64,13.77,94000.0,0.0,1.0,11.486673316111,11.486673316111,11.271814678543,11.379243997327,94000.0
2012-04-30,13.52,13.98,13.52,13.86,343800.0,0.0,1.0,11.172649153512,11.552783666132,11.172649153512,11.453618141101,343800.0
2012-04-27,13.47,13.72,13.46,13.58,89000.0,0.0,1.0,11.131330184749,11.337925028564,11.123066390997,11.222231916028,89000.0
2012-04-26,13.34,13.54,13.34,13.46,112400.0,0.1,1.0,11.023900865966,11.189176741017,11.023900865966,11.123066390997,112400.0
2012-04-25,13.6,13.62,13.55,13.6,101900.0,0.0,1.0,11.15587779628,11.172283498921,11.114863539676,11.15587779628,101900.0
2012-04-24,13.73,13.76,13.55,13.61,81500.0,0.0,1.0,11.26251486345,11.287123417413,11.114863539676,11.164080647601,81500.0
2012-04-23,13.51,13.84,13.47,13.73,82600.0,0.0,1.0,11.082052134393,11.352746227979,11.04924072911,11.26251486345,82600.0
2012-04-20,13.81,13.81,13.53,13.72,97900.0,0.0,1.0,11.328137674017,11.328137674017,11.098457837034,11.254312012129,97900.0
2012-04-19,13.44,13.77,13.32,13.66,107800.0,0.0,1.0,11.024632175147,11.295326268733,10.926197959298,11.205094904205,107800.0
2012-04-18,13.45,13.54,13.35,13.46,65100.0,0.0,1.0,11.032835026468,11.106660688355,10.95080651326,11.041037877789,65100.0
2012-04-17,13.68,13.68,13.46,13.48,92100.0,0.0,1.0,11.221500606846,11.221500606846,11.041037877789,11.05744358043,92100.0
2012-04-16,13.71,13.75,13.53,13.57,51000.0,0.0,1.0,11.246109160809,11.278920566092,11.098457837034,11.131269242317,51000.0
2012-04-13,13.79,13.79,13.61,13.67,68500.0,0.0,1.0,11.311731971375,11.311731971375,11.164080647601,11.213297755525,68500.0
2012-04-12,13.76,13.8,13.62,13.74,80800.0,0.0,1.0,11.287123417413,11.319934822696,11.172283498921,11.270717714771,80800.0
2012-04-11,13.66,13.89,13.66,13.8,83400.0,0.0,1.0,11.205094904205,11.393760484583,11.205094904205,11.319934822696,83400.0
2012-04-10,13.95,13.95,13.69,13.69,186400.0,0.0,1.0,11.442977592508,11.442977592508,11.229703458167,11.229703458167,186400.0
2012-04-09,13.71,13.98,13.55,13.97,183400.0,0.0,1.0,11.246109160809,11.46758614647,11.114863539676,11.459383295149,183400.0
2012-04-05,13.89,13.99,13.79,13.94,83200.0,0.0,1.0,11.393760484583,11.475788997791,11.311731971375,11.434774741187,83200.0
2012-04-04,13.9,14.0,13.84,13.9,183700.0,0.0,1.0,11.401963335904,11.483991849112,11.352746227979,11.401963335904,183700.0
2012-04-03,14.0,14.0,13.88,14.0,129900.0,0.0,1.0,11.483991849112,11.483991849112,11.385557633262,11.483991849112,129900.0
2012-04-02,13.92,14.0,13.83,14.0,158900.0,0.0,1.0,11.418369038545,11.483991849112,11.344543376658,11.483991849112,158900.0
2012-03-30,13.96,14.0,13.77,13.94,1294400.0,0.0,1.0,11.451180443828,11.483991849112,11.295326268733,11.434774741187,1294400.0
2012-03-29,13.9,13.97,13.85,13.92,331700.0,0.0,1.0,11.401963335904,11.459383295149,11.3609490793,11.418369038545,331700.0
2012-03-28,13.84,13.95,13.84,13.94,264800.0,0.08,1.0,11.352746227979,11.442977592508,11.352746227979,11.434774741187,264800.0
2012-03-27,13.85,13.99,13.77,13.94,311700.0,0.0,1.0,11.296121980416,11.410306606933,11.230873622407,11.369526383177,311700.0
2012-03-26,13.72,13.9,13.65,13.87,114500.0,0.0,1.0,11.190093398651,11.336902204172,11.133001085392,11.312434069919,114500.0
2012-03-23,13.51,13.7,13.41,13.66,107500.0,0.0,1.0,11.018816458875,11.173781309148,10.937256011363,11.141157130144,107500.0
2012-03-22,13.4,13.63,13.36,13.58,186000.0,0.0,1.0,10.929099966612,11.11668899589,10.896475787607,11.075908772134,186000.0
2012-03-21,13.5,13.53,13.31,13.45,181900.0,0.0,1.0,11.010660414124,11.035128548378,10.855695563851,10.969880190368,181900.0
2012-03-20,13.45,13.53,13.43,13.43,123400.0,0.0,1.0,10.969880190368,11.035128548378,10.953568100866,10.953568100866,123400.0
2012-03-19,13.51,13.58,13.5,13.5,123400.0,0.0,1.0,11.018816458875,11.075908772134,11.010660414124,11.010660414124,123400.0
2012-03-16,13.51,13.65,13.5,13.57,161600.0,0.0,1.0,11.018816458875,11.133001085392,11.010660414124,11.067752727383,161600.0
2012-03-15,13.54,13.6,13.51,13.56,111400.0,0.0,1.0,11.043284593129,11.092220861636,11.018816458875,11.059596682632,111400.0
2012-03-14,13.72,13.75,13.42,13.56,227100.0,0.0,1.0,11.190093398651,11.214561532904,10.945412056115,11.059596682632,227100.0
2012-03-13,13.72,13.84,13.71,13.72,153900.0,0.0,1.0,11.190093398651,11.287965935665,11.1819373539,11.190093398651,153900.0
2012-03-12,13.74,13.75,13.62,13.74,229100.0,0.0,1.0,11.206405488153,11.214561532904,11.108532951139,11.206405488153,229100.0
2012-03-09,13.69,13.69,13.53,13.59,146600.0,0.0,1.0,11.165625264397,11.165625264397,11.035128548378,11.084064816885,146600.0
2012-03-08,13.6,13.65,13.5,13.59,214800.0,0.0,1.0,11.092220861636,11.133001085392,11.010660414124,11.084064816885,214800.0
2012-03-07,13.66,13.8,13.5,13.5,360500.0,0.0,1.0,11.141157130144,11.25534175666,11.010660414124,11.010660414124,360500.0
2012-03-06,13.7,13.76,13.43,13.62,419600.0,0.0,1.0,11.173781309148,11.222717577656,10.953568100866,11.108532951139,419600.0
2012-03-05,13.94,13.94,13.7,13.76,261000.0,0.0,1.0,11.369526383177,11.369526383177,11.173781309148,11.222717577656,261000.0
2012-03-02,13.75,13.83,13.65,13.76,308000.0,0.0,1.0,11.214561532904,11.279809890914,11.133001085392,11.222717577656,308000.0
2012-03-01,13.6,13.75,13.52,13.73,418800.0,0.0,1.0,11.092220861636,11.214561532904,11.026972503627,11.198249443402,418800.0
2012-02-29,13.25,13.72,12.8,13.56,5288800.0,0.0,1.0,10.806759295344,11.190093398651,10.43973728154,11.059596682632,5288800.0
