2014-10-27,8.02,8.11,7.97,8.09,102877.0,0.0,1.0,8.02,8.11,7.97,8.09,102877.0
2014-10-24,8.08,8.15,7.98,8.04,256542.0,0.0,1.0,8.08,8.15,7.98,8.04,256542.0
2014-10-23,8.06,8.23,8.06,8.12,145982.0,0.0,1.0,8.06,8.23,8.06,8.12,145982.0
2014-10-22,8.2,8.247,8.02,8.02,128152.0,0.0,1.0,8.2,8.247,8.02,8.02,128152.0
2014-10-21,8.16,8.3,8.06,8.2,141334.0,0.0,1.0,8.16,8.3,8.06,8.2,141334.0
2014-10-20,8.09,8.17,7.93,8.13,135467.0,0.0,1.0,8.09,8.17,7.93,8.13,135467.0
2014-10-17,8.19,8.344,8.03,8.06,147257.0,0.0,1.0,8.19,8.344,8.03,8.06,147257.0
2014-10-16,8.29,8.37,8.06,8.15,208377.0,0.0,1.0,8.29,8.37,8.06,8.15,208377.0
2014-10-15,7.96,8.43,7.9,8.36,202502.0,0.0,1.0,7.96,8.43,7.9,8.36,202502.0
2014-10-14,8.11,8.31,8.0342,8.17,136934.0,0.0,1.0,8.11,8.31,8.0342,8.17,136934.0
2014-10-13,7.95,8.25,7.82,8.08,115110.0,0.0,1.0,7.95,8.25,7.82,8.08,115110.0
2014-10-10,7.95,8.12,7.84,7.91,215296.0,0.0,1.0,7.95,8.12,7.84,7.91,215296.0
2014-10-09,8.15,8.25,8.02,8.07,203720.0,0.0,1.0,8.15,8.25,8.02,8.07,203720.0
2014-10-08,8.08,8.22,7.833,8.2,207101.0,0.0,1.0,8.08,8.22,7.833,8.2,207101.0
2014-10-07,8.05,8.19,8.0,8.05,151397.0,0.0,1.0,8.05,8.19,8.0,8.05,151397.0
2014-10-06,8.41,8.44,8.2,8.21,81938.0,0.0,1.0,8.41,8.44,8.2,8.21,81938.0
2014-10-03,8.31,8.45,8.26,8.36,194549.0,0.0,1.0,8.31,8.45,8.26,8.36,194549.0
2014-10-02,8.2,8.33,8.05,8.26,184949.0,0.0,1.0,8.2,8.33,8.05,8.26,184949.0
2014-10-01,8.05,8.225,8.0,8.15,278415.0,0.0,1.0,8.05,8.225,8.0,8.15,278415.0
2014-09-30,8.18,8.24,8.09,8.1,198441.0,0.0,1.0,8.18,8.24,8.09,8.1,198441.0
2014-09-29,8.19,8.28,8.1,8.2,377382.0,0.0,1.0,8.19,8.28,8.1,8.2,377382.0
2014-09-26,8.1,8.26,8.022,8.24,166421.0,0.0,1.0,8.1,8.26,8.022,8.24,166421.0
2014-09-25,8.33,8.369,8.02,8.07,216756.0,0.0,1.0,8.33,8.369,8.02,8.07,216756.0
2014-09-24,8.35,8.47,8.285,8.33,132038.0,0.0,1.0,8.35,8.47,8.285,8.33,132038.0
2014-09-23,8.57,8.6,8.37,8.42,136695.0,0.0,1.0,8.57,8.6,8.37,8.42,136695.0
2014-09-22,8.61,8.64,8.27,8.53,356409.0,0.0,1.0,8.61,8.64,8.27,8.53,356409.0
2014-09-19,8.75,8.83,8.612,8.66,229460.0,0.0,1.0,8.75,8.83,8.612,8.66,229460.0
2014-09-18,8.76,8.82,8.672,8.74,202017.0,0.0,1.0,8.76,8.82,8.672,8.74,202017.0
2014-09-17,8.75,8.82,8.6338,8.74,254702.0,0.0,1.0,8.75,8.82,8.6338,8.74,254702.0
2014-09-16,8.77,8.8,8.64,8.72,189818.0,0.0,1.0,8.77,8.8,8.64,8.72,189818.0
2014-09-15,8.82,8.92,8.62,8.73,235495.0,0.0,1.0,8.82,8.92,8.62,8.73,235495.0
2014-09-12,8.77,8.94,8.73,8.85,404094.0,0.0,1.0,8.77,8.94,8.73,8.85,404094.0
2014-09-11,8.78,8.868,8.71,8.8,531275.0,0.0,1.0,8.78,8.868,8.71,8.8,531275.0
2014-09-10,8.54,8.8,8.51,8.75,795570.0,0.0,1.0,8.54,8.8,8.51,8.75,795570.0
2014-09-09,8.58,8.61,8.48,8.49,580010.0,0.0,1.0,8.58,8.61,8.48,8.49,580010.0
2014-09-08,8.71,8.71,8.5361,8.6,236371.0,0.0,1.0,8.71,8.71,8.5361,8.6,236371.0
2014-09-05,8.28,8.97,8.26,8.63,819643.0,0.0,1.0,8.28,8.97,8.26,8.63,819643.0
2014-09-04,8.07,8.145,7.89,7.99,218876.0,0.0,1.0,8.07,8.145,7.89,7.99,218876.0
2014-09-03,8.05,8.26,8.01,8.08,129886.0,0.0,1.0,8.05,8.26,8.01,8.08,129886.0
2014-09-02,7.92,8.11,7.84,8.08,254739.0,0.0,1.0,7.92,8.11,7.84,8.08,254739.0
2014-08-29,7.88,7.95,7.8,7.86,194622.0,0.0,1.0,7.88,7.95,7.8,7.86,194622.0
2014-08-28,7.84,7.96,7.8,7.9,77576.0,0.0,1.0,7.84,7.96,7.8,7.9,77576.0
2014-08-27,8.05,8.06,7.93,7.94,99725.0,0.0,1.0,8.05,8.06,7.93,7.94,99725.0
2014-08-26,7.97,8.07,7.95,8.06,253164.0,0.0,1.0,7.97,8.07,7.95,8.06,253164.0
2014-08-25,8.14,8.17,7.98,7.99,203832.0,0.0,1.0,8.14,8.17,7.98,7.99,203832.0
2014-08-22,8.18,8.3575,8.055,8.13,112205.0,0.0,1.0,8.18,8.3575,8.055,8.13,112205.0
2014-08-21,8.18,8.24,8.02,8.19,80837.0,0.0,1.0,8.18,8.24,8.02,8.19,80837.0
2014-08-20,8.19,8.42,8.17,8.22,95162.0,0.0,1.0,8.19,8.42,8.17,8.22,95162.0
2014-08-19,8.49,8.54,8.22,8.31,191142.0,0.0,1.0,8.49,8.54,8.22,8.31,191142.0
2014-08-18,8.5,8.62,8.45,8.51,110355.0,0.0,1.0,8.5,8.62,8.45,8.51,110355.0
2014-08-15,8.57,8.63,8.38,8.44,140522.0,0.0,1.0,8.57,8.63,8.38,8.44,140522.0
2014-08-14,8.75,8.84,8.5,8.54,131278.0,0.0,1.0,8.75,8.84,8.5,8.54,131278.0
2014-08-13,8.44,8.78,8.384,8.78,159605.0,0.0,1.0,8.44,8.78,8.384,8.78,159605.0
2014-08-12,8.5,8.57,8.37,8.44,134724.0,0.0,1.0,8.5,8.57,8.37,8.44,134724.0
2014-08-11,8.67,8.85,8.59,8.61,214184.0,0.0,1.0,8.67,8.85,8.59,8.61,214184.0
2014-08-08,8.95,9.0,8.69,8.7,182594.0,0.0,1.0,8.95,9.0,8.69,8.7,182594.0
2014-08-07,8.61,8.94,8.63,8.91,386254.0,0.0,1.0,8.61,8.94,8.63,8.91,386254.0
2014-08-06,7.85,8.38,7.8,8.34,207905.0,0.0,1.0,7.85,8.38,7.8,8.34,207905.0
2014-08-05,7.83,7.92,7.78,7.82,90530.0,0.0,1.0,7.83,7.92,7.78,7.82,90530.0
2014-08-04,8.01,8.01,7.76,7.89,421012.0,0.0,1.0,8.01,8.01,7.76,7.89,421012.0
2014-08-01,7.96,8.02,7.82,7.89,196455.0,0.0,1.0,7.96,8.02,7.82,7.89,196455.0
2014-07-31,8.17,8.2,7.95,8.02,123221.0,0.0,1.0,8.17,8.2,7.95,8.02,123221.0
2014-07-30,8.26,8.375,8.17,8.26,86652.0,0.0,1.0,8.26,8.375,8.17,8.26,86652.0
2014-07-29,8.0,8.12,7.92,8.12,611655.0,0.0,1.0,8.0,8.12,7.92,8.12,611655.0
2014-07-28,8.0,8.05,7.95,8.0,401070.0,0.0,1.0,8.0,8.05,7.95,8.0,401070.0
2014-07-25,7.95,8.12,7.93,8.03,160869.0,0.0,1.0,7.95,8.12,7.93,8.03,160869.0
2014-07-24,8.18,8.19,7.99,8.11,68034.0,0.0,1.0,8.18,8.19,7.99,8.11,68034.0
2014-07-23,8.22,8.34,8.14,8.15,78717.0,0.0,1.0,8.22,8.34,8.14,8.15,78717.0
2014-07-22,8.12,8.3,8.1,8.24,165808.0,0.0,1.0,8.12,8.3,8.1,8.24,165808.0
2014-07-21,8.05,8.19,7.99,8.08,172590.0,0.0,1.0,8.05,8.19,7.99,8.08,172590.0
2014-07-18,7.97,8.15,7.9,8.04,392201.0,0.0,1.0,7.97,8.15,7.9,8.04,392201.0
2014-07-17,8.15,8.27,7.95,7.96,243194.0,0.0,1.0,8.15,8.27,7.95,7.96,243194.0
2014-07-16,8.44,8.54,8.2,8.25,340577.0,0.0,1.0,8.44,8.54,8.2,8.25,340577.0
2014-07-15,8.69,8.73,8.465,8.51,110839.0,0.0,1.0,8.69,8.73,8.465,8.51,110839.0
2014-07-14,8.85,8.97,8.71,8.75,143576.0,0.0,1.0,8.85,8.97,8.71,8.75,143576.0
2014-07-11,8.65,8.78,8.615,8.73,115863.0,0.0,1.0,8.65,8.78,8.615,8.73,115863.0
2014-07-10,8.72,8.865,8.59,8.67,115542.0,0.0,1.0,8.72,8.865,8.59,8.67,115542.0
2014-07-09,9.09,9.14,8.987,9.0,74982.0,0.0,1.0,9.09,9.14,8.987,9.0,74982.0
2014-07-08,9.1,9.23,8.92,9.08,180874.0,0.0,1.0,9.1,9.23,8.92,9.08,180874.0
2014-07-07,9.32,9.42,9.13,9.19,156344.0,0.0,1.0,9.32,9.42,9.13,9.19,156344.0
2014-07-03,9.15,9.47,9.08,9.47,77713.0,0.0,1.0,9.15,9.47,9.08,9.47,77713.0
2014-07-02,9.09,9.23,8.99,9.17,112696.0,0.0,1.0,9.09,9.23,8.99,9.17,112696.0
2014-07-01,9.03,9.17,8.9,9.02,116912.0,0.0,1.0,9.03,9.17,8.9,9.02,116912.0
2014-06-30,8.7,8.93,8.66,8.89,132374.0,0.0,1.0,8.7,8.93,8.66,8.89,132374.0
2014-06-27,8.81,8.81,8.7,8.76,151415.0,0.0,1.0,8.81,8.81,8.7,8.76,151415.0
2014-06-26,8.75,8.87,8.66,8.76,90708.0,0.0,1.0,8.75,8.87,8.66,8.76,90708.0
2014-06-25,8.35,8.82,8.34,8.76,182621.0,0.0,1.0,8.35,8.82,8.34,8.76,182621.0
2014-06-24,8.56,8.78,8.39,8.43,182742.0,0.0,1.0,8.56,8.78,8.39,8.43,182742.0
2014-06-23,8.62,8.73,8.48,8.59,177740.0,0.0,1.0,8.62,8.73,8.48,8.59,177740.0
2014-06-20,8.64,8.8,8.49,8.59,662973.0,0.0,1.0,8.64,8.8,8.49,8.59,662973.0
2014-06-19,8.91,8.92,8.66,8.67,119087.0,0.0,1.0,8.91,8.92,8.66,8.67,119087.0
2014-06-18,8.69,8.88,8.59,8.86,97117.0,0.0,1.0,8.69,8.88,8.59,8.86,97117.0
2014-06-17,8.73,8.8,8.61,8.64,287775.0,0.0,1.0,8.73,8.8,8.61,8.64,287775.0
2014-06-16,8.82,8.9,8.58,8.68,143602.0,0.0,1.0,8.82,8.9,8.58,8.68,143602.0
2014-06-13,8.88,9.0,8.79,8.84,96877.0,0.0,1.0,8.88,9.0,8.79,8.84,96877.0
2014-06-12,8.98,9.1,8.82,8.87,111996.0,0.0,1.0,8.98,9.1,8.82,8.87,111996.0
2014-06-11,9.18,9.22,8.97,9.05,91566.0,0.0,1.0,9.18,9.22,8.97,9.05,91566.0
2014-06-10,9.27,9.29,9.07,9.1,130682.0,0.0,1.0,9.27,9.29,9.07,9.1,130682.0
2014-06-09,9.01,9.329,8.99,9.25,158897.0,0.0,1.0,9.01,9.329,8.99,9.25,158897.0
2014-06-06,9.02,9.1,8.98,9.05,162398.0,0.0,1.0,9.02,9.1,8.98,9.05,162398.0
2014-06-05,8.61,9.05,8.61,8.94,457967.0,0.0,1.0,8.61,9.05,8.61,8.94,457967.0
2014-06-04,8.495,8.85,8.48,8.61,415432.0,0.0,1.0,8.495,8.85,8.48,8.61,415432.0
2014-06-03,8.6,8.66,8.45,8.6,209180.0,0.0,1.0,8.6,8.66,8.45,8.6,209180.0
2014-06-02,8.57,8.7,8.45,8.59,143495.0,0.0,1.0,8.57,8.7,8.45,8.59,143495.0
2014-05-30,8.65,8.75,8.52,8.71,214489.0,0.0,1.0,8.65,8.75,8.52,8.71,214489.0
2014-05-29,8.53,8.75,8.49,8.66,191990.0,0.0,1.0,8.53,8.75,8.49,8.66,191990.0
2014-05-28,8.67,8.82,8.45,8.46,207867.0,0.0,1.0,8.67,8.82,8.45,8.46,207867.0
2014-05-27,8.73,8.97,8.69,8.77,126997.0,0.0,1.0,8.73,8.97,8.69,8.77,126997.0
2014-05-23,8.42,8.68,8.38,8.65,104986.0,0.0,1.0,8.42,8.68,8.38,8.65,104986.0
2014-05-22,8.24,8.505,8.25,8.44,130808.0,0.0,1.0,8.24,8.505,8.25,8.44,130808.0
2014-05-21,8.11,8.3,8.06,8.22,133740.0,0.0,1.0,8.11,8.3,8.06,8.22,133740.0
2014-05-20,8.22,8.23,7.96,8.11,251746.0,0.0,1.0,8.22,8.23,7.96,8.11,251746.0
2014-05-16,8.23,8.37,8.04,8.17,385668.0,0.0,1.0,8.23,8.37,8.04,8.17,385668.0
2014-05-15,8.24,8.44,8.07,8.39,174196.0,0.0,1.0,8.24,8.44,8.07,8.39,174196.0
2014-05-14,8.45,8.45,8.17,8.29,224739.0,0.0,1.0,8.45,8.45,8.17,8.29,224739.0
2014-05-13,8.59,8.63,8.34,8.4,243225.0,0.0,1.0,8.59,8.63,8.34,8.4,243225.0
2014-05-12,8.28,8.77,8.19,8.61,249164.0,0.0,1.0,8.28,8.77,8.19,8.61,249164.0
2014-05-08,8.31,8.59,7.83,7.91,955298.0,0.0,1.0,8.31,8.59,7.83,7.91,955298.0
2014-05-07,8.645,8.67,7.97,8.01,674063.0,0.0,1.0,8.645,8.67,7.97,8.01,674063.0
2014-05-06,8.8,8.86,8.6,8.62,358906.0,0.0,1.0,8.8,8.86,8.6,8.62,358906.0
2014-05-05,8.79,9.06,8.78,8.86,144303.0,0.0,1.0,8.79,9.06,8.78,8.86,144303.0
2014-05-02,9.23,9.23,8.87,8.92,171102.0,0.0,1.0,9.23,9.23,8.87,8.92,171102.0
2014-05-01,9.07,9.37,8.95,9.18,183404.0,0.0,1.0,9.07,9.37,8.95,9.18,183404.0
2014-04-30,8.88,9.16,8.78,9.15,190232.0,0.0,1.0,8.88,9.16,8.78,9.15,190232.0
2014-04-29,8.87,9.05,8.8,8.98,122797.0,0.0,1.0,8.87,9.05,8.8,8.98,122797.0
2014-04-28,9.11,9.19,8.68,8.81,308633.0,0.0,1.0,9.11,9.19,8.68,8.81,308633.0
2014-04-25,9.53,9.63,9.03,9.03,271365.0,0.0,1.0,9.53,9.63,9.03,9.03,271365.0
2014-04-24,10.17,10.23,9.49,9.52,178645.0,0.0,1.0,10.17,10.23,9.49,9.52,178645.0
2014-04-23,9.7,10.36,9.7,10.06,279984.0,0.0,1.0,9.7,10.36,9.7,10.06,279984.0
2014-04-22,9.42,9.88,9.39,9.84,148978.0,0.0,1.0,9.42,9.88,9.39,9.84,148978.0
2014-04-21,9.4,9.46,9.2,9.37,90916.0,0.0,1.0,9.4,9.46,9.2,9.37,90916.0
2014-04-17,9.01,9.39,9.0,9.37,248273.0,0.0,1.0,9.01,9.39,9.0,9.37,248273.0
2014-04-16,9.29,9.29,9.05,9.13,142055.0,0.0,1.0,9.29,9.29,9.05,9.13,142055.0
2014-04-15,9.18,9.24,8.85,9.2,234916.0,0.0,1.0,9.18,9.24,8.85,9.2,234916.0
2014-04-14,9.33,9.43,9.02,9.14,172800.0,0.0,1.0,9.33,9.43,9.02,9.14,172800.0
2014-04-11,9.34,9.44,9.16,9.23,159400.0,0.0,1.0,9.34,9.44,9.16,9.23,159400.0
2014-04-10,9.83,9.84,9.42,9.45,271700.0,0.0,1.0,9.83,9.84,9.42,9.45,271700.0
2014-04-09,9.91,9.95,9.74,9.87,337100.0,0.0,1.0,9.91,9.95,9.74,9.87,337100.0
2014-04-08,9.91,10.11,9.84,9.85,364100.0,0.0,1.0,9.91,10.11,9.84,9.85,364100.0
2014-04-07,9.86,10.06,9.77,9.88,213800.0,0.0,1.0,9.86,10.06,9.77,9.88,213800.0
2014-04-04,10.41,10.46,9.9,9.91,256100.0,0.0,1.0,10.41,10.46,9.9,9.91,256100.0
2014-04-03,10.59,10.73,10.29,10.34,157700.0,0.0,1.0,10.59,10.73,10.29,10.34,157700.0
2014-04-02,10.51,10.65,10.32,10.63,130800.0,0.0,1.0,10.51,10.65,10.32,10.63,130800.0
2014-04-01,10.07,10.61,10.07,10.51,118800.0,0.0,1.0,10.07,10.61,10.07,10.51,118800.0
2014-03-31,10.09,10.36,10.03,10.23,120000.0,0.0,1.0,10.09,10.36,10.03,10.23,120000.0
2014-03-28,10.0,10.19,9.95,10.04,232700.0,0.0,1.0,10.0,10.19,9.95,10.04,232700.0
2014-03-27,10.0,10.09,9.96,10.0,283000.0,0.0,1.0,10.0,10.09,9.96,10.0,283000.0
2014-03-26,10.48,10.54,9.99,10.0,413200.0,0.0,1.0,10.48,10.54,9.99,10.0,413200.0
2014-03-25,10.59,10.8,10.37,10.48,161700.0,0.0,1.0,10.59,10.8,10.37,10.48,161700.0
2014-03-24,10.72,10.76,10.24,10.51,228700.0,0.0,1.0,10.72,10.76,10.24,10.51,228700.0
2014-03-21,10.84,10.85,10.53,10.7,243300.0,0.0,1.0,10.84,10.85,10.53,10.7,243300.0
2014-03-20,10.62,10.77,10.47,10.76,95500.0,0.0,1.0,10.62,10.77,10.47,10.76,95500.0
2014-03-19,10.87,10.93,10.62,10.67,105200.0,0.0,1.0,10.87,10.93,10.62,10.67,105200.0
2014-03-18,10.57,11.0,10.57,10.9,134100.0,0.0,1.0,10.57,11.0,10.57,10.9,134100.0
2014-03-17,10.48,10.66,10.48,10.58,92000.0,0.0,1.0,10.48,10.66,10.48,10.58,92000.0
2014-03-14,10.13,10.44,10.13,10.43,120600.0,0.0,1.0,10.13,10.44,10.13,10.43,120600.0
2014-03-13,10.45,10.49,10.14,10.16,455700.0,0.0,1.0,10.45,10.49,10.14,10.16,455700.0
2014-03-12,10.42,10.6,10.4,10.43,172800.0,0.0,1.0,10.42,10.6,10.4,10.43,172800.0
2014-03-11,10.87,10.96,10.47,10.52,206800.0,0.0,1.0,10.87,10.96,10.47,10.52,206800.0
2014-03-10,10.9,10.97,10.69,10.87,141800.0,0.0,1.0,10.9,10.97,10.69,10.87,141800.0
2014-03-07,11.13,11.13,10.85,10.95,204400.0,0.0,1.0,11.13,11.13,10.85,10.95,204400.0
2014-03-06,11.38,11.46,11.01,11.04,236000.0,0.0,1.0,11.38,11.46,11.01,11.04,236000.0
2014-03-05,11.49,11.55,11.3,11.31,187900.0,0.0,1.0,11.49,11.55,11.3,11.31,187900.0
2014-03-04,11.5,11.75,11.45,11.55,366100.0,0.0,1.0,11.5,11.75,11.45,11.55,366100.0
2014-03-03,11.45,11.45,10.98,11.33,389900.0,0.0,1.0,11.45,11.45,10.98,11.33,389900.0
2014-02-28,11.58,11.76,11.28,11.61,313300.0,0.0,1.0,11.58,11.76,11.28,11.61,313300.0
2014-02-27,11.78,11.92,11.51,11.64,319700.0,0.0,1.0,11.78,11.92,11.51,11.64,319700.0
2014-02-26,11.06,12.21,11.06,11.85,611500.0,0.0,1.0,11.06,12.21,11.06,11.85,611500.0
2014-02-25,11.22,11.23,10.98,11.03,485500.0,0.0,1.0,11.22,11.23,10.98,11.03,485500.0
2014-02-24,11.14,11.43,11.12,11.19,302300.0,0.0,1.0,11.14,11.43,11.12,11.19,302300.0
2014-02-21,11.1,11.18,10.99,11.11,224300.0,0.0,1.0,11.1,11.18,10.99,11.11,224300.0
2014-02-20,10.74,11.07,10.7,11.06,161200.0,0.0,1.0,10.74,11.07,10.7,11.06,161200.0
2014-02-19,10.6,10.82,10.56,10.7,295100.0,0.0,1.0,10.6,10.82,10.56,10.7,295100.0
2014-02-18,10.27,10.63,10.19,10.63,155500.0,0.0,1.0,10.27,10.63,10.19,10.63,155500.0
2014-02-14,9.99,10.19,9.89,10.19,131400.0,0.0,1.0,9.99,10.19,9.89,10.19,131400.0
2014-02-13,9.83,10.11,9.74,10.02,207800.0,0.0,1.0,9.83,10.11,9.74,10.02,207800.0
2014-02-12,9.72,10.05,9.63,9.89,237500.0,0.0,1.0,9.72,10.05,9.63,9.89,237500.0
2014-02-11,9.77,9.85,9.62,9.72,129400.0,0.0,1.0,9.77,9.85,9.62,9.72,129400.0
2014-02-10,9.93,9.93,9.7,9.77,104900.0,0.0,1.0,9.93,9.93,9.7,9.77,104900.0
2014-02-07,9.91,9.99,9.74,9.9,301900.0,0.0,1.0,9.91,9.99,9.74,9.9,301900.0
2014-02-06,9.92,10.06,9.76,9.9,164400.0,0.0,1.0,9.92,10.06,9.76,9.9,164400.0
2014-02-05,9.89,9.98,9.59,9.9,284000.0,0.0,1.0,9.89,9.98,9.59,9.9,284000.0
2014-02-04,10.14,10.14,9.92,10.0,254400.0,0.0,1.0,10.14,10.14,9.92,10.0,254400.0
2014-02-03,10.59,10.68,9.96,10.11,322400.0,0.0,1.0,10.59,10.68,9.96,10.11,322400.0
2014-01-31,10.62,10.69,10.47,10.58,327400.0,0.0,1.0,10.62,10.69,10.47,10.58,327400.0
2014-01-30,10.93,11.11,10.84,10.86,218900.0,0.0,1.0,10.93,11.11,10.84,10.86,218900.0
2014-01-29,11.06,11.1,10.76,10.83,232500.0,0.0,1.0,11.06,11.1,10.76,10.83,232500.0
2014-01-28,10.93,11.19,10.82,11.18,244100.0,0.0,1.0,10.93,11.19,10.82,11.18,244100.0
2014-01-27,10.82,11.14,10.64,10.95,232400.0,0.0,1.0,10.82,11.14,10.64,10.95,232400.0
2014-01-24,11.71,11.71,10.7,10.83,445000.0,0.0,1.0,11.71,11.71,10.7,10.83,445000.0
2014-01-23,11.98,11.98,11.66,11.82,173600.0,0.0,1.0,11.98,11.98,11.66,11.82,173600.0
2014-01-22,11.73,12.13,11.55,12.0,634000.0,0.0,1.0,11.73,12.13,11.55,12.0,634000.0
2014-01-21,11.81,11.92,11.66,11.76,156000.0,0.0,1.0,11.81,11.92,11.66,11.76,156000.0
2014-01-17,11.73,11.92,11.67,11.71,175400.0,0.0,1.0,11.73,11.92,11.67,11.71,175400.0
2014-01-16,11.6,11.76,11.6,11.72,201300.0,0.0,1.0,11.6,11.76,11.6,11.72,201300.0
2014-01-15,11.55,11.67,11.4,11.57,252400.0,0.0,1.0,11.55,11.67,11.4,11.57,252400.0
2014-01-14,11.51,11.57,11.41,11.51,226200.0,0.0,1.0,11.51,11.57,11.41,11.51,226200.0
2014-01-13,11.7,11.8,11.38,11.49,279500.0,0.0,1.0,11.7,11.8,11.38,11.49,279500.0
2014-01-10,11.75,11.76,11.52,11.76,168200.0,0.0,1.0,11.75,11.76,11.52,11.76,168200.0
2014-01-09,11.81,11.86,11.57,11.7,261700.0,0.0,1.0,11.81,11.86,11.57,11.7,261700.0
2014-01-08,11.81,11.87,11.65,11.8,242700.0,0.0,1.0,11.81,11.87,11.65,11.8,242700.0
2014-01-07,11.91,12.13,11.75,11.85,334600.0,0.0,1.0,11.91,12.13,11.75,11.85,334600.0
2014-01-06,12.04,12.05,11.86,11.9,189700.0,0.0,1.0,12.04,12.05,11.86,11.9,189700.0
2014-01-03,12.03,12.11,11.96,12.0,227200.0,0.0,1.0,12.03,12.11,11.96,12.0,227200.0
2014-01-02,12.1,12.1,11.81,12.0,284900.0,0.0,1.0,12.1,12.1,11.81,12.0,284900.0
2013-12-31,12.14,12.28,12.03,12.11,292200.0,0.0,1.0,12.14,12.28,12.03,12.11,292200.0
2013-12-30,12.21,12.34,12.01,12.08,233300.0,0.0,1.0,12.21,12.34,12.01,12.08,233300.0
2013-12-27,12.21,12.24,11.95,12.2,93200.0,0.0,1.0,12.21,12.24,11.95,12.2,93200.0
2013-12-26,12.45,12.5,12.12,12.15,89300.0,0.0,1.0,12.45,12.5,12.12,12.15,89300.0
2013-12-24,12.35,12.5,12.35,12.39,49900.0,0.0,1.0,12.35,12.5,12.35,12.39,49900.0
2013-12-23,12.48,12.5,12.15,12.32,147700.0,0.0,1.0,12.48,12.5,12.15,12.32,147700.0
2013-12-20,12.24,12.49,12.24,12.35,558000.0,0.0,1.0,12.24,12.49,12.24,12.35,558000.0
2013-12-19,11.9,12.37,11.67,12.19,466700.0,0.0,1.0,11.9,12.37,11.67,12.19,466700.0
2013-12-18,11.81,12.06,11.71,11.96,324200.0,0.0,1.0,11.81,12.06,11.71,11.96,324200.0
2013-12-17,11.54,11.84,11.39,11.82,445400.0,0.0,1.0,11.54,11.84,11.39,11.82,445400.0
2013-12-16,11.52,11.66,11.41,11.54,159300.0,0.0,1.0,11.52,11.66,11.41,11.54,159300.0
2013-12-13,11.41,11.57,11.31,11.43,163900.0,0.0,1.0,11.41,11.57,11.31,11.43,163900.0
2013-12-12,11.5,11.57,11.12,11.38,164200.0,0.0,1.0,11.5,11.57,11.12,11.38,164200.0
2013-12-11,11.83,11.83,11.34,11.48,253000.0,0.0,1.0,11.83,11.83,11.34,11.48,253000.0
2013-12-10,11.7,11.99,11.67,11.84,254100.0,0.0,1.0,11.7,11.99,11.67,11.84,254100.0
2013-12-09,11.68,11.72,11.47,11.7,334000.0,0.0,1.0,11.68,11.72,11.47,11.7,334000.0
2013-12-06,11.16,11.62,11.0,11.54,762100.0,0.0,1.0,11.16,11.62,11.0,11.54,762100.0
2013-12-05,11.0,11.12,10.92,11.05,323000.0,0.0,1.0,11.0,11.12,10.92,11.05,323000.0
2013-12-04,10.64,11.09,10.64,10.99,874800.0,0.0,1.0,10.64,11.09,10.64,10.99,874800.0
2013-12-03,10.47,10.7,10.47,10.69,382800.0,0.0,1.0,10.47,10.7,10.47,10.69,382800.0
2013-12-02,10.88,10.91,10.4,10.5,206000.0,0.0,1.0,10.88,10.91,10.4,10.5,206000.0
2013-11-29,10.82,11.01,10.74,10.91,65000.0,0.0,1.0,10.82,11.01,10.74,10.91,65000.0
2013-11-27,10.68,10.82,10.57,10.74,149900.0,0.0,1.0,10.68,10.82,10.57,10.74,149900.0
2013-11-26,10.48,10.84,10.47,10.7,173900.0,0.0,1.0,10.48,10.84,10.47,10.7,173900.0
2013-11-25,10.44,10.57,10.3,10.42,151000.0,0.0,1.0,10.44,10.57,10.3,10.42,151000.0
2013-11-22,10.48,10.56,10.28,10.36,187700.0,0.0,1.0,10.48,10.56,10.28,10.36,187700.0
2013-11-21,10.3,10.63,10.26,10.47,165400.0,0.0,1.0,10.3,10.63,10.26,10.47,165400.0
2013-11-20,10.23,10.45,10.17,10.24,108900.0,0.0,1.0,10.23,10.45,10.17,10.24,108900.0
2013-11-19,10.38,10.47,10.0,10.23,980700.0,0.0,1.0,10.38,10.47,10.0,10.23,980700.0
2013-11-18,10.63,10.64,10.24,10.36,193000.0,0.0,1.0,10.63,10.64,10.24,10.36,193000.0
2013-11-15,10.62,10.78,10.6,10.62,198100.0,0.0,1.0,10.62,10.78,10.6,10.62,198100.0
2013-11-14,10.97,10.97,10.56,10.59,250000.0,0.0,1.0,10.97,10.97,10.56,10.59,250000.0
2013-11-13,10.9,11.01,10.89,10.95,351100.0,0.0,1.0,10.9,11.01,10.89,10.95,351100.0
2013-11-12,11.0,11.07,10.82,10.97,266300.0,0.0,1.0,11.0,11.07,10.82,10.97,266300.0
2013-11-11,10.9,11.21,10.81,11.05,403100.0,0.0,1.0,10.9,11.21,10.81,11.05,403100.0
2013-11-08,10.99,11.24,10.4,10.9,1096900.0,0.0,1.0,10.99,11.24,10.4,10.9,1096900.0
2013-11-07,10.35,10.46,9.96,9.99,589000.0,0.0,1.0,10.35,10.46,9.96,9.99,589000.0
2013-11-06,10.25,10.39,10.09,10.38,454400.0,0.0,1.0,10.25,10.39,10.09,10.38,454400.0
2013-11-05,10.41,10.41,10.11,10.17,147200.0,0.0,1.0,10.41,10.41,10.11,10.17,147200.0
2013-11-04,10.5,10.52,10.35,10.4,225200.0,0.0,1.0,10.5,10.52,10.35,10.4,225200.0
2013-11-01,10.35,10.53,10.35,10.48,319100.0,0.0,1.0,10.35,10.53,10.35,10.48,319100.0
2013-10-31,10.48,10.48,10.02,10.39,454700.0,0.0,1.0,10.48,10.48,10.02,10.39,454700.0
2013-10-30,10.59,10.6,10.34,10.44,679100.0,0.0,1.0,10.59,10.6,10.34,10.44,679100.0
2013-10-29,10.25,10.62,10.25,10.56,335400.0,0.0,1.0,10.25,10.62,10.25,10.56,335400.0
2013-10-28,9.89,10.24,9.86,10.2,261100.0,0.0,1.0,9.89,10.24,9.86,10.2,261100.0
2013-10-25,9.9,10.0,9.88,9.89,170200.0,0.0,1.0,9.9,10.0,9.88,9.89,170200.0
2013-10-24,9.89,9.95,9.83,9.92,128600.0,0.0,1.0,9.89,9.95,9.83,9.92,128600.0
2013-10-23,9.78,9.98,9.74,9.84,221600.0,0.0,1.0,9.78,9.98,9.74,9.84,221600.0
2013-10-22,9.66,9.9,9.66,9.85,264900.0,0.0,1.0,9.66,9.9,9.66,9.85,264900.0
2013-10-21,9.78,9.8,9.65,9.65,150200.0,0.0,1.0,9.78,9.8,9.65,9.65,150200.0
2013-10-18,9.71,9.82,9.55,9.81,206500.0,0.0,1.0,9.71,9.82,9.55,9.81,206500.0
2013-10-17,9.33,9.6,9.3,9.6,200500.0,0.0,1.0,9.33,9.6,9.3,9.6,200500.0
2013-10-16,9.25,9.37,9.18,9.35,136500.0,0.0,1.0,9.25,9.37,9.18,9.35,136500.0
2013-10-15,9.22,9.22,9.07,9.16,236700.0,0.0,1.0,9.22,9.22,9.07,9.16,236700.0
2013-10-14,9.07,9.23,8.93,9.23,150800.0,0.0,1.0,9.07,9.23,8.93,9.23,150800.0
2013-10-11,8.68,9.22,8.68,9.12,223100.0,0.0,1.0,8.68,9.22,8.68,9.12,223100.0
2013-10-10,8.64,8.93,8.61,8.76,175400.0,0.0,1.0,8.64,8.93,8.61,8.76,175400.0
2013-10-09,8.35,8.6,8.21,8.48,184800.0,0.0,1.0,8.35,8.6,8.21,8.48,184800.0
2013-10-08,8.68,8.72,8.32,8.37,192900.0,0.0,1.0,8.68,8.72,8.32,8.37,192900.0
2013-10-07,8.66,8.9,8.55,8.66,144600.0,0.0,1.0,8.66,8.9,8.55,8.66,144600.0
2013-10-04,8.68,8.83,8.66,8.77,144900.0,0.0,1.0,8.68,8.83,8.66,8.77,144900.0
2013-10-03,9.21,9.24,8.63,8.73,466600.0,0.0,1.0,9.21,9.24,8.63,8.73,466600.0
2013-10-02,8.68,9.09,8.67,9.0,255300.0,0.0,1.0,8.68,9.09,8.67,9.0,255300.0
2013-10-01,8.78,8.78,8.67,8.73,160300.0,0.0,1.0,8.78,8.78,8.67,8.73,160300.0
2013-09-30,8.59,8.9,8.52,8.8,336500.0,0.0,1.0,8.59,8.9,8.52,8.8,336500.0
2013-09-27,8.55,8.66,8.55,8.61,142100.0,0.0,1.0,8.55,8.66,8.55,8.61,142100.0
2013-09-26,8.56,8.69,8.52,8.62,156100.0,0.0,1.0,8.56,8.69,8.52,8.62,156100.0
2013-09-25,8.44,8.63,8.35,8.56,247200.0,0.0,1.0,8.44,8.63,8.35,8.56,247200.0
2013-09-24,8.28,8.62,8.18,8.42,190800.0,0.0,1.0,8.28,8.62,8.18,8.42,190800.0
2013-09-23,8.34,8.34,8.23,8.26,161600.0,0.0,1.0,8.34,8.34,8.23,8.26,161600.0
2013-09-20,8.47,8.49,8.27,8.36,442300.0,0.0,1.0,8.47,8.49,8.27,8.36,442300.0
2013-09-19,8.29,8.48,8.24,8.43,153800.0,0.0,1.0,8.29,8.48,8.24,8.43,153800.0
2013-09-18,8.36,8.37,8.19,8.29,207600.0,0.0,1.0,8.36,8.37,8.19,8.29,207600.0
2013-09-17,8.17,8.37,8.14,8.37,96700.0,0.0,1.0,8.17,8.37,8.14,8.37,96700.0
2013-09-16,8.22,8.22,8.11,8.16,215500.0,0.0,1.0,8.22,8.22,8.11,8.16,215500.0
2013-09-13,8.21,8.21,8.1,8.14,330500.0,0.0,1.0,8.21,8.21,8.1,8.14,330500.0
2013-09-12,8.24,8.24,8.05,8.16,184100.0,0.0,1.0,8.24,8.24,8.05,8.16,184100.0
2013-09-11,8.32,8.38,8.21,8.23,210200.0,0.0,1.0,8.32,8.38,8.21,8.23,210200.0
2013-09-10,8.21,8.34,8.21,8.32,180500.0,0.0,1.0,8.21,8.34,8.21,8.32,180500.0
2013-09-09,8.17,8.23,8.14,8.16,155200.0,0.0,1.0,8.17,8.23,8.14,8.16,155200.0
2013-09-06,8.24,8.24,8.05,8.16,152300.0,0.0,1.0,8.24,8.24,8.05,8.16,152300.0
2013-09-05,8.09,8.21,8.08,8.18,92900.0,0.0,1.0,8.09,8.21,8.08,8.18,92900.0
2013-09-04,8.12,8.2,8.05,8.1,138900.0,0.0,1.0,8.12,8.2,8.05,8.1,138900.0
2013-09-03,7.93,8.16,7.89,8.11,168900.0,0.0,1.0,7.93,8.16,7.89,8.11,168900.0
2013-08-30,8.0,8.03,7.81,7.82,195200.0,0.0,1.0,8.0,8.03,7.81,7.82,195200.0
2013-08-29,7.93,8.1,7.93,8.03,120400.0,0.0,1.0,7.93,8.1,7.93,8.03,120400.0
2013-08-28,7.9,7.95,7.87,7.92,126100.0,0.0,1.0,7.9,7.95,7.87,7.92,126100.0
2013-08-27,8.17,8.21,7.87,7.91,258500.0,0.0,1.0,8.17,8.21,7.87,7.91,258500.0
2013-08-26,8.32,8.41,8.21,8.25,194700.0,0.0,1.0,8.32,8.41,8.21,8.25,194700.0
2013-08-23,8.43,8.49,8.24,8.33,194900.0,0.0,1.0,8.43,8.49,8.24,8.33,194900.0
2013-08-22,8.21,8.45,8.21,8.4,308000.0,0.0,1.0,8.21,8.45,8.21,8.4,308000.0
2013-08-21,8.16,8.27,8.16,8.21,160200.0,0.0,1.0,8.16,8.27,8.16,8.21,160200.0
2013-08-20,8.22,8.36,8.13,8.21,338800.0,0.0,1.0,8.22,8.36,8.13,8.21,338800.0
2013-08-19,8.16,8.29,8.12,8.19,313700.0,0.0,1.0,8.16,8.29,8.12,8.19,313700.0
2013-08-16,8.24,8.44,8.24,8.31,265200.0,0.0,1.0,8.24,8.44,8.24,8.31,265200.0
2013-08-15,8.49,8.55,8.24,8.32,283400.0,0.0,1.0,8.49,8.55,8.24,8.32,283400.0
2013-08-14,8.73,8.85,8.63,8.64,256100.0,0.0,1.0,8.73,8.85,8.63,8.64,256100.0
2013-08-13,9.06,9.06,8.77,8.78,181500.0,0.0,1.0,9.06,9.06,8.77,8.78,181500.0
2013-08-12,8.89,9.09,8.77,9.04,190300.0,0.0,1.0,8.89,9.09,8.77,9.04,190300.0
2013-08-09,9.19,9.22,8.94,8.98,184700.0,0.0,1.0,9.19,9.22,8.94,8.98,184700.0
2013-08-08,9.25,9.25,9.0,9.19,276600.0,0.0,1.0,9.25,9.25,9.0,9.19,276600.0
2013-08-07,9.13,9.75,8.76,9.17,751600.0,0.0,1.0,9.13,9.75,8.76,9.17,751600.0
2013-08-06,9.35,9.38,9.04,9.09,424500.0,0.0,1.0,9.35,9.38,9.04,9.09,424500.0
2013-08-05,9.31,9.49,9.29,9.35,273700.0,0.0,1.0,9.31,9.49,9.29,9.35,273700.0
2013-08-02,9.43,9.49,9.29,9.34,186100.0,0.0,1.0,9.43,9.49,9.29,9.34,186100.0
2013-08-01,9.59,9.66,9.4,9.48,188000.0,0.0,1.0,9.59,9.66,9.4,9.48,188000.0
2013-07-31,9.46,9.63,9.3,9.5,321300.0,0.0,1.0,9.46,9.63,9.3,9.5,321300.0
2013-07-30,9.71,9.83,9.24,9.4,445800.0,0.0,1.0,9.71,9.83,9.24,9.4,445800.0
2013-07-29,9.89,9.91,9.6,9.64,197700.0,0.0,1.0,9.89,9.91,9.6,9.64,197700.0
2013-07-26,9.82,9.95,9.77,9.89,209400.0,0.0,1.0,9.82,9.95,9.77,9.89,209400.0
2013-07-25,9.68,9.93,9.67,9.85,367700.0,0.0,1.0,9.68,9.93,9.67,9.85,367700.0
2013-07-24,9.78,10.05,9.7,9.74,641700.0,0.0,1.0,9.78,10.05,9.7,9.74,641700.0
2013-07-23,9.79,9.88,9.49,9.73,456900.0,0.0,1.0,9.79,9.88,9.49,9.73,456900.0
2013-07-22,9.66,10.04,9.66,9.81,426300.0,0.0,1.0,9.66,10.04,9.66,9.81,426300.0
2013-07-19,9.61,9.74,9.6,9.67,277400.0,0.0,1.0,9.61,9.74,9.6,9.67,277400.0
2013-07-18,9.75,9.81,9.66,9.68,397700.0,0.0,1.0,9.75,9.81,9.66,9.68,397700.0
2013-07-17,9.87,10.05,9.71,9.74,500100.0,0.0,1.0,9.87,10.05,9.71,9.74,500100.0
2013-07-16,9.86,10.0,9.72,9.8,545200.0,0.0,1.0,9.86,10.0,9.72,9.8,545200.0
2013-07-15,9.87,9.95,9.66,9.86,603200.0,0.0,1.0,9.87,9.95,9.66,9.86,603200.0
2013-07-12,9.96,9.98,9.56,9.9,780000.0,0.0,1.0,9.96,9.98,9.56,9.9,780000.0
2013-07-11,8.93,10.0,8.93,9.93,1933300.0,0.0,1.0,8.93,10.0,8.93,9.93,1933300.0
2013-07-10,8.57,8.9,8.42,8.8,598900.0,0.0,1.0,8.57,8.9,8.42,8.8,598900.0
2013-07-09,8.68,8.85,8.51,8.57,842800.0,0.0,1.0,8.68,8.85,8.51,8.57,842800.0
2013-07-08,8.44,8.73,8.34,8.66,1579500.0,0.0,1.0,8.44,8.73,8.34,8.66,1579500.0
2013-07-05,8.15,8.35,8.1,8.34,791000.0,0.0,1.0,8.15,8.35,8.1,8.34,791000.0
2013-07-03,7.62,8.25,7.58,8.1,626800.0,0.0,1.0,7.62,8.25,7.58,8.1,626800.0
2013-07-02,7.31,7.63,7.29,7.62,483300.0,0.0,1.0,7.31,7.63,7.29,7.62,483300.0
2013-07-01,7.31,7.42,7.25,7.33,205300.0,0.0,1.0,7.31,7.42,7.25,7.33,205300.0
2013-06-28,6.98,7.37,6.97,7.26,616100.0,0.0,1.0,6.98,7.37,6.97,7.26,616100.0
2013-06-27,6.81,7.08,6.8,6.98,210000.0,0.0,1.0,6.81,7.08,6.8,6.98,210000.0
2013-06-26,6.69,6.8,6.6,6.78,120600.0,0.0,1.0,6.69,6.8,6.6,6.78,120600.0
2013-06-25,6.67,6.67,6.52,6.65,232100.0,0.0,1.0,6.67,6.67,6.52,6.65,232100.0
2013-06-24,6.64,6.68,6.49,6.61,219000.0,0.0,1.0,6.64,6.68,6.49,6.61,219000.0
2013-06-21,6.38,6.67,6.31,6.66,390800.0,0.0,1.0,6.38,6.67,6.31,6.66,390800.0
2013-06-20,6.2,6.42,6.16,6.39,232300.0,0.0,1.0,6.2,6.42,6.16,6.39,232300.0
2013-06-19,6.27,6.38,6.27,6.29,152600.0,0.0,1.0,6.27,6.38,6.27,6.29,152600.0
2013-06-18,6.3,6.33,6.24,6.29,113300.0,0.0,1.0,6.3,6.33,6.24,6.29,113300.0
2013-06-17,6.25,6.3,6.18,6.28,77300.0,0.0,1.0,6.25,6.3,6.18,6.28,77300.0
2013-06-14,6.32,6.35,6.12,6.17,97300.0,0.0,1.0,6.32,6.35,6.12,6.17,97300.0
2013-06-13,6.23,6.36,6.23,6.32,123100.0,0.0,1.0,6.23,6.36,6.23,6.32,123100.0
2013-06-12,6.29,6.32,6.2,6.28,165800.0,0.0,1.0,6.29,6.32,6.2,6.28,165800.0
2013-06-11,6.17,6.32,6.11,6.25,168800.0,0.0,1.0,6.17,6.32,6.11,6.25,168800.0
2013-06-10,6.26,6.35,6.22,6.3,285600.0,0.0,1.0,6.26,6.35,6.22,6.3,285600.0
2013-06-07,6.24,6.27,6.19,6.25,265200.0,0.0,1.0,6.24,6.27,6.19,6.25,265200.0
2013-06-06,6.17,6.25,6.12,6.18,221300.0,0.0,1.0,6.17,6.25,6.12,6.18,221300.0
2013-06-05,6.16,6.25,6.13,6.15,272400.0,0.0,1.0,6.16,6.25,6.13,6.15,272400.0
2013-06-04,6.27,6.3,6.15,6.15,299800.0,0.0,1.0,6.27,6.3,6.15,6.15,299800.0
2013-06-03,6.17,6.27,6.03,6.24,282500.0,0.0,1.0,6.17,6.27,6.03,6.24,282500.0
2013-05-31,6.17,6.27,6.09,6.14,128000.0,0.0,1.0,6.17,6.27,6.09,6.14,128000.0
2013-05-30,6.1,6.26,6.1,6.23,157100.0,0.0,1.0,6.1,6.26,6.1,6.23,157100.0
2013-05-29,6.13,6.18,6.05,6.08,88000.0,0.0,1.0,6.13,6.18,6.05,6.08,88000.0
2013-05-28,6.26,6.26,6.11,6.16,169600.0,0.0,1.0,6.26,6.26,6.11,6.16,169600.0
2013-05-24,6.05,6.2,5.99,6.17,155300.0,0.0,1.0,6.05,6.2,5.99,6.17,155300.0
2013-05-23,6.14,6.16,6.03,6.07,124100.0,0.0,1.0,6.14,6.16,6.03,6.07,124100.0
2013-05-22,6.21,6.26,6.15,6.2,347000.0,0.0,1.0,6.21,6.26,6.15,6.2,347000.0
2013-05-21,6.23,6.25,6.17,6.22,70000.0,0.0,1.0,6.23,6.25,6.17,6.22,70000.0
2013-05-20,6.2,6.26,6.15,6.25,143100.0,0.0,1.0,6.2,6.26,6.15,6.25,143100.0
2013-05-17,6.22,6.25,6.17,6.24,110200.0,0.0,1.0,6.22,6.25,6.17,6.24,110200.0
2013-05-16,6.08,6.23,6.03,6.17,246100.0,0.0,1.0,6.08,6.23,6.03,6.17,246100.0
2013-05-15,6.11,6.22,6.08,6.08,147900.0,0.0,1.0,6.11,6.22,6.08,6.08,147900.0
2013-05-14,6.14,6.22,6.09,6.15,134400.0,0.0,1.0,6.14,6.22,6.09,6.15,134400.0
2013-05-13,6.17,6.21,6.0,6.12,182300.0,0.0,1.0,6.17,6.21,6.0,6.12,182300.0
2013-05-10,6.22,6.26,6.12,6.2,208500.0,0.0,1.0,6.22,6.26,6.12,6.2,208500.0
2013-05-09,6.48,6.48,6.02,6.19,443000.0,0.0,1.0,6.48,6.48,6.02,6.19,443000.0
2013-05-08,6.06,6.2,5.99,5.99,140200.0,0.0,1.0,6.06,6.2,5.99,5.99,140200.0
2013-05-07,6.03,6.09,5.94,6.06,193000.0,0.0,1.0,6.03,6.09,5.94,6.06,193000.0
2013-05-06,5.95,6.12,5.94,5.99,88100.0,0.0,1.0,5.95,6.12,5.94,5.99,88100.0
2013-05-03,5.86,6.05,5.8,5.97,170800.0,0.0,1.0,5.86,6.05,5.8,5.97,170800.0
2013-05-02,5.8,5.82,5.7,5.77,105100.0,0.0,1.0,5.8,5.82,5.7,5.77,105100.0
2013-05-01,5.68,5.85,5.52,5.75,368200.0,0.0,1.0,5.68,5.85,5.52,5.75,368200.0
2013-04-30,5.76,5.81,5.67,5.72,211700.0,0.0,1.0,5.76,5.81,5.67,5.72,211700.0
2013-04-29,5.91,5.94,5.73,5.78,113500.0,0.0,1.0,5.91,5.94,5.73,5.78,113500.0
2013-04-26,5.84,5.99,5.84,5.86,342900.0,0.0,1.0,5.84,5.99,5.84,5.86,342900.0
2013-04-25,5.85,5.95,5.81,5.88,72500.0,0.0,1.0,5.85,5.95,5.81,5.88,72500.0
2013-04-24,5.87,5.9,5.79,5.81,148300.0,0.0,1.0,5.87,5.9,5.79,5.81,148300.0
2013-04-23,5.79,5.99,5.71,5.86,124700.0,0.0,1.0,5.79,5.99,5.71,5.86,124700.0
2013-04-22,5.75,5.78,5.61,5.72,115500.0,0.0,1.0,5.75,5.78,5.61,5.72,115500.0
2013-04-19,5.79,5.79,5.61,5.76,175300.0,0.0,1.0,5.79,5.79,5.61,5.76,175300.0
2013-04-18,5.75,5.85,5.74,5.78,216200.0,0.0,1.0,5.75,5.85,5.74,5.78,216200.0
2013-04-17,5.88,5.91,5.73,5.75,211700.0,0.0,1.0,5.88,5.91,5.73,5.75,211700.0
2013-04-16,5.82,5.97,5.76,5.95,231000.0,0.0,1.0,5.82,5.97,5.76,5.95,231000.0
2013-04-15,6.0,6.02,5.69,5.76,306100.0,0.0,1.0,6.0,6.02,5.69,5.76,306100.0
2013-04-12,6.06,6.09,5.95,6.06,87200.0,0.0,1.0,6.06,6.09,5.95,6.06,87200.0
2013-04-11,6.16,6.22,6.05,6.1,120500.0,0.0,1.0,6.16,6.22,6.05,6.1,120500.0
2013-04-10,5.99,6.21,5.94,6.19,346800.0,0.0,1.0,5.99,6.21,5.94,6.19,346800.0
2013-04-09,5.97,6.05,5.89,5.96,136700.0,0.0,1.0,5.97,6.05,5.89,5.96,136700.0
2013-04-08,5.82,5.98,5.78,5.97,239500.0,0.0,1.0,5.82,5.98,5.78,5.97,239500.0
2013-04-05,5.75,5.86,5.73,5.78,258800.0,0.0,1.0,5.75,5.86,5.73,5.78,258800.0
2013-04-04,5.84,5.88,5.75,5.84,174600.0,0.0,1.0,5.84,5.88,5.75,5.84,174600.0
2013-04-03,6.14,6.14,5.81,5.82,236600.0,0.0,1.0,6.14,6.14,5.81,5.82,236600.0
2013-04-02,6.26,6.29,6.11,6.11,209500.0,0.0,1.0,6.26,6.29,6.11,6.11,209500.0
2013-04-01,6.33,6.34,6.19,6.2,683900.0,0.0,1.0,6.33,6.34,6.19,6.2,683900.0
2013-03-28,6.38,6.42,6.32,6.36,273100.0,0.0,1.0,6.38,6.42,6.32,6.36,273100.0
2013-03-27,6.26,6.44,6.23,6.36,221600.0,0.0,1.0,6.26,6.44,6.23,6.36,221600.0
2013-03-26,6.33,6.35,6.24,6.33,140800.0,0.0,1.0,6.33,6.35,6.24,6.33,140800.0
2013-03-25,6.4,6.4,6.19,6.31,258200.0,0.0,1.0,6.4,6.4,6.19,6.31,258200.0
2013-03-22,6.43,6.43,6.31,6.4,147600.0,0.0,1.0,6.43,6.43,6.31,6.4,147600.0
2013-03-21,6.25,6.39,6.25,6.34,134200.0,0.0,1.0,6.25,6.39,6.25,6.34,134200.0
2013-03-20,6.3,6.32,6.25,6.32,257200.0,0.0,1.0,6.3,6.32,6.25,6.32,257200.0
2013-03-19,6.27,6.32,6.25,6.25,467600.0,0.0,1.0,6.27,6.32,6.25,6.25,467600.0
2013-03-18,6.24,6.3,6.2,6.27,350000.0,0.0,1.0,6.24,6.3,6.2,6.27,350000.0
2013-03-15,6.23,6.43,6.2,6.33,345000.0,0.0,1.0,6.23,6.43,6.2,6.33,345000.0
2013-03-14,6.26,6.34,6.15,6.27,390400.0,0.0,1.0,6.26,6.34,6.15,6.27,390400.0
2013-03-13,6.18,6.25,6.11,6.23,601100.0,0.0,1.0,6.18,6.25,6.11,6.23,601100.0
2013-03-12,6.07,6.27,6.03,6.2,314100.0,0.0,1.0,6.07,6.27,6.03,6.2,314100.0
2013-03-11,6.01,6.14,5.96,6.09,304900.0,0.0,1.0,6.01,6.14,5.96,6.09,304900.0
2013-03-08,6.01,6.09,5.95,6.05,305000.0,0.0,1.0,6.01,6.09,5.95,6.05,305000.0
2013-03-07,5.8,5.97,5.8,5.95,318700.0,0.0,1.0,5.8,5.97,5.8,5.95,318700.0
2013-03-06,5.74,5.83,5.66,5.81,240800.0,0.0,1.0,5.74,5.83,5.66,5.81,240800.0
2013-03-05,5.78,5.86,5.68,5.75,168100.0,0.0,1.0,5.78,5.86,5.68,5.75,168100.0
2013-03-04,5.84,5.87,5.68,5.73,296800.0,0.0,1.0,5.84,5.87,5.68,5.73,296800.0
2013-03-01,5.84,5.94,5.78,5.87,257200.0,0.0,1.0,5.84,5.94,5.78,5.87,257200.0
2013-02-28,5.8,5.97,5.76,5.88,367800.0,0.0,1.0,5.8,5.97,5.76,5.88,367800.0
2013-02-27,5.82,5.91,5.75,5.8,269700.0,0.0,1.0,5.82,5.91,5.75,5.8,269700.0
2013-02-26,5.92,6.03,5.78,5.82,266400.0,0.0,1.0,5.92,6.03,5.78,5.82,266400.0
2013-02-25,6.3,6.3,5.87,5.91,542700.0,0.0,1.0,6.3,6.3,5.87,5.91,542700.0
2013-02-22,6.29,6.67,5.92,6.28,983100.0,0.0,1.0,6.29,6.67,5.92,6.28,983100.0
2013-02-21,6.6,6.6,6.15,6.26,362400.0,0.0,1.0,6.6,6.6,6.15,6.26,362400.0
2013-02-20,6.6,6.74,6.51,6.58,1162000.0,0.0,1.0,6.6,6.74,6.51,6.58,1162000.0
2013-02-19,6.71,6.73,6.52,6.62,395400.0,0.0,1.0,6.71,6.73,6.52,6.62,395400.0
2013-02-15,6.65,6.87,6.58,6.71,697700.0,0.0,1.0,6.65,6.87,6.58,6.71,697700.0
2013-02-14,6.41,6.72,6.26,6.62,437600.0,0.0,1.0,6.41,6.72,6.26,6.62,437600.0
2013-02-13,6.68,6.73,6.28,6.44,486100.0,0.0,1.0,6.68,6.73,6.28,6.44,486100.0
2013-02-12,6.55,6.7,6.49,6.65,133800.0,0.0,1.0,6.55,6.7,6.49,6.65,133800.0
2013-02-11,6.64,6.66,6.41,6.5,91200.0,0.0,1.0,6.64,6.66,6.41,6.5,91200.0
2013-02-08,6.61,6.72,6.54,6.62,326500.0,0.0,1.0,6.61,6.72,6.54,6.62,326500.0
2013-02-07,6.53,6.65,6.34,6.58,191900.0,0.0,1.0,6.53,6.65,6.34,6.58,191900.0
2013-02-06,6.45,6.55,6.3,6.55,177000.0,0.0,1.0,6.45,6.55,6.3,6.55,177000.0
2013-02-05,6.36,6.54,6.24,6.51,158400.0,0.0,1.0,6.36,6.54,6.24,6.51,158400.0
2013-02-04,6.4,6.49,6.32,6.34,142600.0,0.0,1.0,6.4,6.49,6.32,6.34,142600.0
2013-02-01,6.53,6.54,6.4,6.47,285600.0,0.0,1.0,6.53,6.54,6.4,6.47,285600.0
2013-01-31,6.32,6.53,6.32,6.47,178100.0,0.0,1.0,6.32,6.53,6.32,6.47,178100.0
2013-01-30,6.5,6.54,6.29,6.35,193800.0,0.0,1.0,6.5,6.54,6.29,6.35,193800.0
2013-01-29,6.37,6.55,6.31,6.47,202400.0,0.0,1.0,6.37,6.55,6.31,6.47,202400.0
2013-01-28,6.4,6.45,6.32,6.39,112900.0,0.0,1.0,6.4,6.45,6.32,6.39,112900.0
2013-01-25,6.23,6.4,6.17,6.37,203300.0,0.0,1.0,6.23,6.4,6.17,6.37,203300.0
2013-01-24,6.18,6.28,6.08,6.19,95700.0,0.0,1.0,6.18,6.28,6.08,6.19,95700.0
2013-01-23,6.18,6.23,6.1,6.17,99000.0,0.0,1.0,6.18,6.23,6.1,6.17,99000.0
2013-01-22,6.12,6.2,6.05,6.17,135000.0,0.0,1.0,6.12,6.2,6.05,6.17,135000.0
2013-01-18,6.2,6.27,6.11,6.13,104100.0,0.0,1.0,6.2,6.27,6.11,6.13,104100.0
2013-01-17,6.23,6.29,6.15,6.19,115400.0,0.0,1.0,6.23,6.29,6.15,6.19,115400.0
2013-01-16,6.22,6.32,6.13,6.22,99500.0,0.0,1.0,6.22,6.32,6.13,6.22,99500.0
2013-01-15,6.07,6.26,6.07,6.22,312400.0,0.0,1.0,6.07,6.26,6.07,6.22,312400.0
2013-01-14,6.15,6.17,6.08,6.1,453800.0,0.0,1.0,6.15,6.17,6.08,6.1,453800.0
2013-01-11,6.21,6.24,6.11,6.14,206700.0,0.0,1.0,6.21,6.24,6.11,6.14,206700.0
2013-01-10,6.37,6.37,6.11,6.19,150800.0,0.0,1.0,6.37,6.37,6.11,6.19,150800.0
2013-01-09,6.51,6.51,6.26,6.36,181900.0,0.0,1.0,6.51,6.51,6.26,6.36,181900.0
2013-01-08,6.5,6.54,6.43,6.51,89100.0,0.0,1.0,6.5,6.54,6.43,6.51,89100.0
2013-01-07,6.61,6.7,6.48,6.49,156800.0,0.0,1.0,6.61,6.7,6.48,6.49,156800.0
2013-01-04,6.77,6.84,6.65,6.68,279500.0,0.0,1.0,6.77,6.84,6.65,6.68,279500.0
2013-01-03,6.38,6.78,6.26,6.72,307100.0,0.0,1.0,6.38,6.78,6.26,6.72,307100.0
2013-01-02,6.35,6.44,6.22,6.38,520200.0,0.0,1.0,6.35,6.44,6.22,6.38,520200.0
2012-12-31,6.0,6.2,5.93,6.17,231500.0,0.0,1.0,6.0,6.2,5.93,6.17,231500.0
2012-12-28,6.1,6.12,5.94,6.0,155900.0,0.0,1.0,6.1,6.12,5.94,6.0,155900.0
2012-12-27,6.2,6.24,6.12,6.15,172400.0,0.0,1.0,6.2,6.24,6.12,6.15,172400.0
2012-12-26,6.13,6.22,6.06,6.21,318800.0,0.0,1.0,6.13,6.22,6.06,6.21,318800.0
2012-12-24,6.29,6.34,6.09,6.1,154600.0,0.0,1.0,6.29,6.34,6.09,6.1,154600.0
2012-12-21,6.22,6.37,6.16,6.29,281000.0,0.0,1.0,6.22,6.37,6.16,6.29,281000.0
2012-12-20,6.53,6.57,6.29,6.33,235500.0,0.0,1.0,6.53,6.57,6.29,6.33,235500.0
2012-12-19,6.7,6.73,6.47,6.51,254000.0,0.0,1.0,6.7,6.73,6.47,6.51,254000.0
2012-12-18,6.57,6.84,6.51,6.7,342700.0,0.0,1.0,6.57,6.84,6.51,6.7,342700.0
2012-12-17,6.43,6.59,6.42,6.59,119000.0,0.0,1.0,6.43,6.59,6.42,6.59,119000.0
2012-12-14,6.36,6.53,6.3,6.42,125900.0,0.0,1.0,6.36,6.53,6.3,6.42,125900.0
2012-12-13,6.51,6.51,6.39,6.4,168000.0,0.0,1.0,6.51,6.51,6.39,6.4,168000.0
2012-12-12,6.55,6.58,6.44,6.52,150800.0,0.0,1.0,6.55,6.58,6.44,6.52,150800.0
2012-12-11,6.33,6.54,6.25,6.54,200900.0,0.0,1.0,6.33,6.54,6.25,6.54,200900.0
2012-12-10,6.21,6.3,6.14,6.3,93000.0,0.0,1.0,6.21,6.3,6.14,6.3,93000.0
2012-12-07,6.36,6.36,6.17,6.21,115000.0,0.0,1.0,6.36,6.36,6.17,6.21,115000.0
2012-12-06,6.47,6.47,6.27,6.32,152800.0,0.0,1.0,6.47,6.47,6.27,6.32,152800.0
2012-12-05,6.56,6.6,6.44,6.49,103700.0,0.0,1.0,6.56,6.6,6.44,6.49,103700.0
2012-12-04,6.67,6.7,6.44,6.53,201100.0,0.0,1.0,6.67,6.7,6.44,6.53,201100.0
2012-12-03,6.64,6.74,6.13,6.64,297100.0,0.0,1.0,6.64,6.74,6.13,6.64,297100.0
2012-11-30,6.28,6.64,6.28,6.59,330100.0,0.0,1.0,6.28,6.64,6.28,6.59,330100.0
2012-11-29,6.07,6.29,6.06,6.27,704100.0,0.0,1.0,6.07,6.29,6.06,6.27,704100.0
2012-11-28,5.96,6.08,5.96,6.05,305700.0,0.0,1.0,5.96,6.08,5.96,6.05,305700.0
2012-11-27,5.98,6.16,5.98,5.99,193500.0,0.0,1.0,5.98,6.16,5.98,5.99,193500.0
2012-11-26,5.98,6.08,5.93,6.0,312600.0,0.0,1.0,5.98,6.08,5.93,6.0,312600.0
2012-11-23,6.02,6.1,5.93,6.0,43500.0,0.0,1.0,6.02,6.1,5.93,6.0,43500.0
2012-11-21,5.64,6.0,5.64,6.0,270500.0,0.0,1.0,5.64,6.0,5.64,6.0,270500.0
2012-11-20,5.78,5.81,5.48,5.63,282100.0,0.0,1.0,5.78,5.81,5.48,5.63,282100.0
2012-11-19,5.85,5.92,5.73,5.81,223200.0,0.0,1.0,5.85,5.92,5.73,5.81,223200.0
2012-11-16,5.85,5.89,5.7,5.75,217000.0,0.0,1.0,5.85,5.89,5.7,5.75,217000.0
2012-11-15,5.96,6.1,5.82,5.88,273700.0,0.0,1.0,5.96,6.1,5.82,5.88,273700.0
2012-11-14,6.09,6.12,5.91,5.98,292400.0,0.0,1.0,6.09,6.12,5.91,5.98,292400.0
2012-11-13,6.01,6.1,5.88,6.06,301300.0,0.0,1.0,6.01,6.1,5.88,6.06,301300.0
2012-11-12,5.99,6.13,5.91,6.05,523700.0,0.0,1.0,5.99,6.13,5.91,6.05,523700.0
2012-11-09,5.93,6.07,5.92,5.99,392500.0,0.0,1.0,5.93,6.07,5.92,5.99,392500.0
2012-11-08,6.01,6.27,5.74,5.98,636000.0,0.0,1.0,6.01,6.27,5.74,5.98,636000.0
2012-11-07,5.56,5.59,5.37,5.44,329600.0,0.0,1.0,5.56,5.59,5.37,5.44,329600.0
2012-11-06,5.55,5.65,5.49,5.63,188400.0,0.0,1.0,5.55,5.65,5.49,5.63,188400.0
2012-11-05,5.54,5.59,5.5,5.53,176400.0,0.0,1.0,5.54,5.59,5.5,5.53,176400.0
2012-11-02,5.85,5.85,5.52,5.55,268900.0,0.0,1.0,5.85,5.85,5.52,5.55,268900.0
2012-11-01,5.62,5.85,5.6,5.8,194200.0,0.0,1.0,5.62,5.85,5.6,5.8,194200.0
2012-10-31,5.65,5.67,5.54,5.59,135800.0,0.0,1.0,5.65,5.67,5.54,5.59,135800.0
2012-10-26,5.77,5.79,5.63,5.67,247500.0,0.0,1.0,5.77,5.79,5.63,5.67,247500.0
2012-10-25,5.79,5.92,5.7,5.75,147400.0,0.0,1.0,5.79,5.92,5.7,5.75,147400.0
2012-10-24,6.06,6.14,5.67,5.73,352400.0,0.0,1.0,6.06,6.14,5.67,5.73,352400.0
2012-10-23,6.06,6.12,5.95,6.02,175900.0,0.0,1.0,6.06,6.12,5.95,6.02,175900.0
2012-10-22,6.26,6.31,6.02,6.09,209500.0,0.0,1.0,6.26,6.31,6.02,6.09,209500.0
2012-10-19,6.27,6.31,6.0,6.25,340400.0,0.0,1.0,6.27,6.31,6.0,6.25,340400.0
2012-10-18,6.45,6.48,6.25,6.33,219300.0,0.0,1.0,6.45,6.48,6.25,6.33,219300.0
2012-10-17,6.5,6.5,6.35,6.45,173200.0,0.0,1.0,6.5,6.5,6.35,6.45,173200.0
2012-10-16,6.48,6.5,6.43,6.49,152700.0,0.0,1.0,6.48,6.5,6.43,6.49,152700.0
2012-10-15,6.47,6.51,6.37,6.45,79400.0,0.0,1.0,6.47,6.51,6.37,6.45,79400.0
2012-10-12,6.55,6.62,6.45,6.47,106100.0,0.0,1.0,6.55,6.62,6.45,6.47,106100.0
2012-10-11,6.62,6.7,6.48,6.56,193200.0,0.0,1.0,6.62,6.7,6.48,6.56,193200.0
2012-10-10,6.59,6.6,6.5,6.56,190100.0,0.0,1.0,6.59,6.6,6.5,6.56,190100.0
2012-10-09,6.72,6.72,6.5,6.6,168800.0,0.0,1.0,6.72,6.72,6.5,6.6,168800.0
2012-10-08,6.57,6.74,6.53,6.74,187600.0,0.0,1.0,6.57,6.74,6.53,6.74,187600.0
2012-10-05,6.72,6.85,6.55,6.62,223600.0,0.0,1.0,6.72,6.85,6.55,6.62,223600.0
2012-10-04,6.75,6.75,6.55,6.71,537900.0,0.0,1.0,6.75,6.75,6.55,6.71,537900.0
2012-10-03,6.78,6.88,6.68,6.7,143800.0,0.0,1.0,6.78,6.88,6.68,6.7,143800.0
2012-10-02,6.68,6.79,6.61,6.79,160300.0,0.0,1.0,6.68,6.79,6.61,6.79,160300.0
2012-10-01,6.6,6.69,6.53,6.63,257900.0,0.0,1.0,6.6,6.69,6.53,6.63,257900.0
2012-09-28,6.59,6.68,6.53,6.54,247400.0,0.0,1.0,6.59,6.68,6.53,6.54,247400.0
2012-09-27,6.6,6.68,6.55,6.63,153300.0,0.0,1.0,6.6,6.68,6.55,6.63,153300.0
2012-09-26,6.46,6.53,6.29,6.53,246200.0,0.0,1.0,6.46,6.53,6.29,6.53,246200.0
2012-09-25,6.72,6.86,6.42,6.42,384700.0,0.0,1.0,6.72,6.86,6.42,6.42,384700.0
2012-09-24,6.78,6.78,6.53,6.66,317800.0,0.0,1.0,6.78,6.78,6.53,6.66,317800.0
2012-09-21,6.78,6.93,6.75,6.82,663400.0,0.0,1.0,6.78,6.93,6.75,6.82,663400.0
2012-09-20,6.48,6.67,6.4,6.65,258900.0,0.0,1.0,6.48,6.67,6.4,6.65,258900.0
2012-09-19,6.55,6.65,6.48,6.5,281100.0,0.0,1.0,6.55,6.65,6.48,6.5,281100.0
2012-09-18,6.61,6.75,6.44,6.51,341300.0,0.0,1.0,6.61,6.75,6.44,6.51,341300.0
2012-09-17,6.55,6.66,6.5,6.65,280800.0,0.0,1.0,6.55,6.66,6.5,6.65,280800.0
2012-09-14,6.39,6.58,6.35,6.57,508900.0,0.0,1.0,6.39,6.58,6.35,6.57,508900.0
2012-09-13,6.03,6.43,6.0,6.32,383800.0,0.0,1.0,6.03,6.43,6.0,6.32,383800.0
2012-09-12,5.94,6.05,5.91,6.04,289300.0,0.0,1.0,5.94,6.05,5.91,6.04,289300.0
2012-09-11,5.95,6.21,5.9,5.93,573800.0,0.0,1.0,5.95,6.21,5.9,5.93,573800.0
2012-09-10,5.8,6.11,5.77,5.94,1343200.0,0.0,1.0,5.8,6.11,5.77,5.94,1343200.0
2012-09-07,5.62,5.85,5.52,5.82,281800.0,0.0,1.0,5.62,5.85,5.52,5.82,281800.0
2012-09-06,5.42,5.65,5.32,5.58,296500.0,0.0,1.0,5.42,5.65,5.32,5.58,296500.0
2012-09-05,5.4,5.4,5.28,5.37,158200.0,0.0,1.0,5.4,5.4,5.28,5.37,158200.0
2012-09-04,5.41,5.45,5.29,5.37,195100.0,0.0,1.0,5.41,5.45,5.29,5.37,195100.0
2012-08-31,5.5,5.5,5.35,5.42,96300.0,0.0,1.0,5.5,5.5,5.35,5.42,96300.0
2012-08-30,5.43,5.49,5.34,5.43,127600.0,0.0,1.0,5.43,5.49,5.34,5.43,127600.0
2012-08-29,5.49,5.52,5.38,5.49,125500.0,0.0,1.0,5.49,5.52,5.38,5.49,125500.0
2012-08-28,5.49,5.54,5.42,5.48,106700.0,0.0,1.0,5.49,5.54,5.42,5.48,106700.0
2012-08-27,5.47,5.54,5.37,5.5,309700.0,0.0,1.0,5.47,5.54,5.37,5.5,309700.0
2012-08-24,5.42,5.5,5.36,5.45,199500.0,0.0,1.0,5.42,5.5,5.36,5.45,199500.0
2012-08-23,5.54,5.55,5.35,5.46,194900.0,0.0,1.0,5.54,5.55,5.35,5.46,194900.0
2012-08-22,5.7,5.72,5.48,5.57,334400.0,0.0,1.0,5.7,5.72,5.48,5.57,334400.0
2012-08-21,5.67,5.89,5.64,5.73,441100.0,0.0,1.0,5.67,5.89,5.64,5.73,441100.0
2012-08-20,5.55,5.82,5.54,5.66,605600.0,0.0,1.0,5.55,5.82,5.54,5.66,605600.0
2012-08-17,5.36,5.56,5.35,5.55,522000.0,0.0,1.0,5.36,5.56,5.35,5.55,522000.0
2012-08-16,5.19,5.4,5.17,5.38,282600.0,0.0,1.0,5.19,5.4,5.17,5.38,282600.0
2012-08-15,5.12,5.4,5.12,5.19,234400.0,0.0,1.0,5.12,5.4,5.12,5.19,234400.0
2012-08-14,5.27,5.67,5.06,5.16,736900.0,0.0,1.0,5.27,5.67,5.06,5.16,736900.0
2012-08-13,5.31,5.38,5.06,5.21,434700.0,0.0,1.0,5.31,5.38,5.06,5.21,434700.0
2012-08-10,5.1,5.54,5.1,5.34,612700.0,0.0,1.0,5.1,5.54,5.1,5.34,612700.0
2012-08-09,5.05,5.67,4.8,5.15,1807300.0,0.0,1.0,5.05,5.67,4.8,5.15,1807300.0
2012-08-08,4.33,4.44,4.23,4.27,263500.0,0.0,1.0,4.33,4.44,4.23,4.27,263500.0
2012-08-07,4.43,4.48,4.34,4.38,124600.0,0.0,1.0,4.43,4.48,4.34,4.38,124600.0
2012-08-06,4.36,4.44,4.3,4.38,87400.0,0.0,1.0,4.36,4.44,4.3,4.38,87400.0
2012-08-03,4.19,4.47,4.12,4.36,225900.0,0.0,1.0,4.19,4.47,4.12,4.36,225900.0
2012-08-02,4.31,4.39,4.1,4.15,196100.0,0.0,1.0,4.31,4.39,4.1,4.15,196100.0
2012-08-01,4.4,4.4,4.32,4.34,255600.0,0.0,1.0,4.4,4.4,4.32,4.34,255600.0
2012-07-31,4.29,4.4,4.29,4.36,275900.0,0.0,1.0,4.29,4.4,4.29,4.36,275900.0
2012-07-30,4.29,4.35,4.26,4.3,244200.0,0.0,1.0,4.29,4.35,4.26,4.3,244200.0
2012-07-27,4.16,4.34,4.09,4.27,122500.0,0.0,1.0,4.16,4.34,4.09,4.27,122500.0
2012-07-26,4.2,4.28,4.1,4.13,78400.0,0.0,1.0,4.2,4.28,4.1,4.13,78400.0
2012-07-25,4.2,4.2,4.1,4.11,83800.0,0.0,1.0,4.2,4.2,4.1,4.11,83800.0
2012-07-24,4.13,4.13,3.99,4.11,282800.0,0.0,1.0,4.13,4.13,3.99,4.11,282800.0
2012-07-23,4.01,4.14,3.99,4.1,341000.0,0.0,1.0,4.01,4.14,3.99,4.1,341000.0
2012-07-20,4.21,4.23,4.04,4.1,319300.0,0.0,1.0,4.21,4.23,4.04,4.1,319300.0
2012-07-19,4.18,4.3,4.15,4.26,184600.0,0.0,1.0,4.18,4.3,4.15,4.26,184600.0
2012-07-18,4.11,4.18,4.06,4.18,208300.0,0.0,1.0,4.11,4.18,4.06,4.18,208300.0
2012-07-17,4.06,4.13,3.98,4.12,313000.0,0.0,1.0,4.06,4.13,3.98,4.12,313000.0
2012-07-16,4.08,4.09,3.95,4.02,115000.0,0.0,1.0,4.08,4.09,3.95,4.02,115000.0
2012-07-13,4.14,4.24,4.08,4.08,170300.0,0.0,1.0,4.14,4.24,4.08,4.08,170300.0
2012-07-12,4.18,4.2,4.09,4.13,140500.0,0.0,1.0,4.18,4.2,4.09,4.13,140500.0
2012-07-11,4.31,4.37,4.15,4.24,165200.0,0.0,1.0,4.31,4.37,4.15,4.24,165200.0
2012-07-10,4.41,4.41,4.24,4.32,808500.0,0.0,1.0,4.41,4.41,4.24,4.32,808500.0
2012-07-09,4.34,4.37,4.29,4.36,96000.0,0.0,1.0,4.34,4.37,4.29,4.36,96000.0
2012-07-06,4.4,4.5,4.33,4.37,255600.0,0.0,1.0,4.4,4.5,4.33,4.37,255600.0
2012-07-05,4.64,4.7,4.4,4.46,221400.0,0.0,1.0,4.64,4.7,4.4,4.46,221400.0
2012-07-03,4.53,4.7,4.51,4.66,99900.0,0.0,1.0,4.53,4.7,4.51,4.66,99900.0
2012-07-02,4.38,4.53,4.32,4.53,131000.0,0.0,1.0,4.38,4.53,4.32,4.53,131000.0
2012-06-29,4.2,4.38,4.11,4.38,330900.0,0.0,1.0,4.2,4.38,4.11,4.38,330900.0
2012-06-28,3.78,4.12,3.75,4.09,422900.0,0.0,1.0,3.78,4.12,3.75,4.09,422900.0
2012-06-27,3.89,4.02,3.81,3.84,229600.0,0.0,1.0,3.89,4.02,3.81,3.84,229600.0
2012-06-26,4.0,4.0,3.82,3.87,163700.0,0.0,1.0,4.0,4.0,3.82,3.87,163700.0
2012-06-25,4.02,4.1,3.95,3.99,125000.0,0.0,1.0,4.02,4.1,3.95,3.99,125000.0
2012-06-22,4.2,4.24,4.01,4.09,1720400.0,0.0,1.0,4.2,4.24,4.01,4.09,1720400.0
2012-06-21,4.38,4.4,4.15,4.16,155500.0,0.0,1.0,4.38,4.4,4.15,4.16,155500.0
2012-06-20,4.27,4.47,4.27,4.38,101700.0,0.0,1.0,4.27,4.47,4.27,4.38,101700.0
2012-06-19,4.28,4.42,4.19,4.26,223700.0,0.0,1.0,4.28,4.42,4.19,4.26,223700.0
2012-06-18,4.54,4.54,4.2,4.26,261800.0,0.0,1.0,4.54,4.54,4.2,4.26,261800.0
2012-06-15,4.7,4.7,4.47,4.59,174600.0,0.0,1.0,4.7,4.7,4.47,4.59,174600.0
2012-06-14,4.42,4.7,4.34,4.7,117400.0,0.0,1.0,4.42,4.7,4.34,4.7,117400.0
2012-06-13,4.46,4.58,4.38,4.4,137000.0,0.0,1.0,4.46,4.58,4.38,4.4,137000.0
2012-06-12,4.44,4.49,4.3,4.45,132600.0,0.0,1.0,4.44,4.49,4.3,4.45,132600.0
2012-06-11,4.73,4.73,4.44,4.44,120200.0,0.0,1.0,4.73,4.73,4.44,4.44,120200.0
2012-06-08,4.55,4.74,4.52,4.65,272800.0,0.0,1.0,4.55,4.74,4.52,4.65,272800.0
2012-06-07,4.58,4.58,4.42,4.58,182100.0,0.0,1.0,4.58,4.58,4.42,4.58,182100.0
2012-06-06,4.31,4.57,4.29,4.49,179300.0,0.0,1.0,4.31,4.57,4.29,4.49,179300.0
2012-06-05,4.16,4.37,4.16,4.27,139200.0,0.0,1.0,4.16,4.37,4.16,4.27,139200.0
2012-06-04,4.03,4.23,4.0,4.2,186500.0,0.0,1.0,4.03,4.23,4.0,4.2,186500.0
2012-06-01,3.88,4.18,3.86,4.0,260900.0,0.0,1.0,3.88,4.18,3.86,4.0,260900.0
2012-05-31,4.04,4.11,3.88,4.0,344400.0,0.0,1.0,4.04,4.11,3.88,4.0,344400.0
2012-05-30,4.15,4.17,4.02,4.04,103800.0,0.0,1.0,4.15,4.17,4.02,4.04,103800.0
2012-05-29,4.19,4.23,4.14,4.21,125200.0,0.0,1.0,4.19,4.23,4.14,4.21,125200.0
2012-05-25,4.2,4.2,4.02,4.15,395900.0,0.0,1.0,4.2,4.2,4.02,4.15,395900.0
2012-05-24,4.39,4.43,4.17,4.19,127100.0,0.0,1.0,4.39,4.43,4.17,4.19,127100.0
2012-05-23,4.22,4.39,4.15,4.37,163000.0,0.0,1.0,4.22,4.39,4.15,4.37,163000.0
2012-05-22,4.49,4.49,4.2,4.28,306300.0,0.0,1.0,4.49,4.49,4.2,4.28,306300.0
2012-05-21,4.34,4.54,4.27,4.48,187500.0,0.0,1.0,4.34,4.54,4.27,4.48,187500.0
2012-05-18,4.42,4.47,4.29,4.31,481200.0,0.0,1.0,4.42,4.47,4.29,4.31,481200.0
2012-05-17,4.52,4.62,4.42,4.43,233900.0,0.0,1.0,4.52,4.62,4.42,4.43,233900.0
2012-05-16,4.61,4.86,4.51,4.51,203400.0,0.0,1.0,4.61,4.86,4.51,4.51,203400.0
2012-05-15,4.71,4.76,4.59,4.61,177000.0,0.0,1.0,4.71,4.76,4.59,4.61,177000.0
2012-05-14,4.75,4.87,4.68,4.73,314900.0,0.0,1.0,4.75,4.87,4.68,4.73,314900.0
2012-05-11,4.83,4.92,4.6,4.77,488900.0,0.0,1.0,4.83,4.92,4.6,4.77,488900.0
2012-05-10,5.19,5.23,4.65,4.86,1270100.0,0.0,1.0,5.19,5.23,4.65,4.86,1270100.0
2012-05-09,5.09,5.24,5.0,5.22,306500.0,0.0,1.0,5.09,5.24,5.0,5.22,306500.0
2012-05-08,5.15,5.22,4.99,5.13,292600.0,0.0,1.0,5.15,5.22,4.99,5.13,292600.0
2012-05-07,5.1,5.26,5.07,5.19,443000.0,0.0,1.0,5.1,5.26,5.07,5.19,443000.0
2012-05-04,5.07,5.2,5.02,5.1,426000.0,0.0,1.0,5.07,5.2,5.02,5.1,426000.0
2012-05-03,4.78,5.15,4.76,5.11,387000.0,0.0,1.0,4.78,5.15,4.76,5.11,387000.0
2012-05-02,4.74,4.89,4.69,4.78,721000.0,0.0,1.0,4.74,4.89,4.69,4.78,721000.0
2012-05-01,4.66,4.91,4.58,4.78,903700.0,0.0,1.0,4.66,4.91,4.58,4.78,903700.0
2012-04-30,4.97,5.0,4.66,4.66,415300.0,0.0,1.0,4.97,5.0,4.66,4.66,415300.0
2012-04-27,4.81,5.0,4.75,4.97,329400.0,0.0,1.0,4.81,5.0,4.75,4.97,329400.0
2012-04-26,4.75,4.84,4.68,4.81,325500.0,0.0,1.0,4.75,4.84,4.68,4.81,325500.0
2012-04-25,4.78,4.87,4.68,4.78,252300.0,0.0,1.0,4.78,4.87,4.68,4.78,252300.0
2012-04-24,4.68,4.76,4.64,4.69,130700.0,0.0,1.0,4.68,4.76,4.64,4.69,130700.0
2012-04-23,4.66,4.75,4.59,4.68,217100.0,0.0,1.0,4.66,4.75,4.59,4.68,217100.0
2012-04-20,4.83,4.88,4.76,4.78,159100.0,0.0,1.0,4.83,4.88,4.76,4.78,159100.0
2012-04-19,4.82,4.88,4.62,4.76,359100.0,0.0,1.0,4.82,4.88,4.62,4.76,359100.0
2012-04-18,4.95,4.99,4.76,4.78,284300.0,0.0,1.0,4.95,4.99,4.76,4.78,284300.0
2012-04-17,5.01,5.14,4.95,4.99,200600.0,0.0,1.0,5.01,5.14,4.95,4.99,200600.0
2012-04-16,5.02,5.03,4.86,4.96,273000.0,0.0,1.0,5.02,5.03,4.86,4.96,273000.0
2012-04-13,4.96,5.0,4.9,4.97,126800.0,0.0,1.0,4.96,5.0,4.9,4.97,126800.0
2012-04-12,5.02,5.1,4.99,5.01,433200.0,0.0,1.0,5.02,5.1,4.99,5.01,433200.0
2012-04-11,4.99,5.1,4.95,5.03,260800.0,0.0,1.0,4.99,5.1,4.95,5.03,260800.0
2012-04-10,5.0,5.12,4.91,4.92,291900.0,0.0,1.0,5.0,5.12,4.91,4.92,291900.0
2012-04-09,5.0,5.06,5.0,5.0,181200.0,0.0,1.0,5.0,5.06,5.0,5.0,181200.0
2012-04-05,5.17,5.26,5.08,5.09,375400.0,0.0,1.0,5.17,5.26,5.08,5.09,375400.0
2012-04-04,5.17,5.26,5.1,5.19,411000.0,0.0,1.0,5.17,5.26,5.1,5.19,411000.0
2012-04-03,5.29,5.31,5.2,5.25,244600.0,0.0,1.0,5.29,5.31,5.2,5.25,244600.0
2012-04-02,5.27,5.37,5.2,5.32,244400.0,0.0,1.0,5.27,5.37,5.2,5.32,244400.0
2012-03-30,5.44,5.47,5.25,5.29,216000.0,0.0,1.0,5.44,5.47,5.25,5.29,216000.0
2012-03-29,5.38,5.45,5.24,5.38,285300.0,0.0,1.0,5.38,5.45,5.24,5.38,285300.0
2012-03-28,5.41,5.51,5.28,5.43,253400.0,0.0,1.0,5.41,5.51,5.28,5.43,253400.0
2012-03-27,5.32,5.49,5.26,5.47,145300.0,0.0,1.0,5.32,5.49,5.26,5.47,145300.0
2012-03-26,5.43,5.52,5.31,5.33,203800.0,0.0,1.0,5.43,5.52,5.31,5.33,203800.0
2012-03-23,5.34,5.4,5.28,5.39,145800.0,0.0,1.0,5.34,5.4,5.28,5.39,145800.0
2012-03-22,5.43,5.43,5.29,5.36,295200.0,0.0,1.0,5.43,5.43,5.29,5.36,295200.0
2012-03-21,5.57,5.6,5.45,5.51,232500.0,0.0,1.0,5.57,5.6,5.45,5.51,232500.0
2012-03-20,5.72,5.77,5.49,5.57,338000.0,0.0,1.0,5.72,5.77,5.49,5.57,338000.0
2012-03-19,5.51,5.77,5.41,5.72,497300.0,0.0,1.0,5.51,5.77,5.41,5.72,497300.0
2012-03-16,5.32,5.56,5.26,5.53,622200.0,0.0,1.0,5.32,5.56,5.26,5.53,622200.0
2012-03-15,5.24,5.31,5.2,5.29,232100.0,0.0,1.0,5.24,5.31,5.2,5.29,232100.0
2012-03-14,5.43,5.48,5.22,5.24,265600.0,0.0,1.0,5.43,5.48,5.22,5.24,265600.0
2012-03-13,5.36,5.46,5.19,5.43,307800.0,0.0,1.0,5.36,5.46,5.19,5.43,307800.0
2012-03-12,5.2,5.33,5.18,5.31,297100.0,0.0,1.0,5.2,5.33,5.18,5.31,297100.0
2012-03-09,5.08,5.28,5.02,5.16,1867300.0,0.0,1.0,5.08,5.28,5.02,5.16,1867300.0
2012-03-08,5.25,5.28,5.02,5.06,427300.0,0.0,1.0,5.25,5.28,5.02,5.06,427300.0
2012-03-07,5.35,5.37,5.18,5.19,139800.0,0.0,1.0,5.35,5.37,5.18,5.19,139800.0
2012-03-06,5.45,5.52,5.27,5.3,472500.0,0.0,1.0,5.45,5.52,5.27,5.3,472500.0
2012-03-05,5.67,5.74,5.47,5.52,347700.0,0.0,1.0,5.67,5.74,5.47,5.52,347700.0
2012-03-02,5.82,5.85,5.59,5.68,401100.0,0.0,1.0,5.82,5.85,5.59,5.68,401100.0
2012-03-01,5.91,6.11,5.83,5.85,517200.0,0.0,1.0,5.91,6.11,5.83,5.85,517200.0
2012-02-29,6.23,6.23,5.87,5.88,806900.0,0.0,1.0,6.23,6.23,5.87,5.88,806900.0
2012-02-28,6.2,6.54,6.09,6.22,1218300.0,0.0,1.0,6.2,6.54,6.09,6.22,1218300.0
2012-02-27,6.19,6.71,6.19,6.68,307800.0,0.0,1.0,6.19,6.71,6.19,6.68,307800.0
2012-02-24,6.32,6.48,6.32,6.4,205400.0,0.0,1.0,6.32,6.48,6.32,6.4,205400.0
2012-02-23,6.15,6.4,6.1,6.32,361900.0,0.0,1.0,6.15,6.4,6.1,6.32,361900.0
2012-02-22,6.35,6.43,6.11,6.14,282500.0,0.0,1.0,6.35,6.43,6.11,6.14,282500.0
2012-02-21,6.39,6.51,6.32,6.37,162600.0,0.0,1.0,6.39,6.51,6.32,6.37,162600.0
2012-02-17,6.53,6.54,6.37,6.46,161400.0,0.0,1.0,6.53,6.54,6.37,6.46,161400.0
2012-02-16,6.36,6.6,6.3,6.49,283500.0,0.0,1.0,6.36,6.6,6.3,6.49,283500.0
2012-02-15,6.55,6.62,6.23,6.37,276400.0,0.0,1.0,6.55,6.62,6.23,6.37,276400.0
2012-02-14,6.57,6.61,6.42,6.5,244400.0,0.0,1.0,6.57,6.61,6.42,6.5,244400.0
2012-02-13,6.64,6.64,6.52,6.6,249800.0,0.0,1.0,6.64,6.64,6.52,6.6,249800.0
2012-02-10,6.76,6.79,6.45,6.52,288000.0,0.0,1.0,6.76,6.79,6.45,6.52,288000.0
2012-02-09,6.76,6.97,6.75,6.88,464400.0,0.0,1.0,6.76,6.97,6.75,6.88,464400.0
2012-02-08,6.91,6.99,6.63,6.69,205000.0,0.0,1.0,6.91,6.99,6.63,6.69,205000.0
2012-02-07,7.02,7.06,6.87,6.87,229900.0,0.0,1.0,7.02,7.06,6.87,6.87,229900.0
2012-02-06,6.89,7.13,6.85,7.03,228000.0,0.0,1.0,6.89,7.13,6.85,7.03,228000.0
2012-02-03,7.24,7.28,6.88,6.93,299600.0,0.0,1.0,7.24,7.28,6.88,6.93,299600.0
2012-02-02,7.31,7.4,6.98,7.06,209300.0,0.0,1.0,7.31,7.4,6.98,7.06,209300.0
2012-02-01,6.97,7.32,6.85,7.25,357500.0,0.0,1.0,6.97,7.32,6.85,7.25,357500.0
2012-01-31,6.84,6.95,6.61,6.85,200500.0,0.0,1.0,6.84,6.95,6.61,6.85,200500.0
2012-01-30,6.87,6.92,6.56,6.73,327800.0,0.0,1.0,6.87,6.92,6.56,6.73,327800.0
2012-01-27,6.6,7.0,6.55,6.99,449100.0,0.0,1.0,6.6,7.0,6.55,6.99,449100.0
2012-01-26,6.48,6.63,6.41,6.58,523400.0,0.0,1.0,6.48,6.63,6.41,6.58,523400.0
2012-01-25,6.45,6.5,6.36,6.45,267600.0,0.0,1.0,6.45,6.5,6.36,6.45,267600.0
2012-01-24,6.39,6.5,6.27,6.46,210200.0,0.0,1.0,6.39,6.5,6.27,6.46,210200.0
2012-01-23,6.46,6.6,6.3,6.45,291400.0,0.0,1.0,6.46,6.6,6.3,6.45,291400.0
2012-01-20,6.35,6.55,6.33,6.43,335200.0,0.0,1.0,6.35,6.55,6.33,6.43,335200.0
2012-01-19,6.47,6.58,6.34,6.39,331300.0,0.0,1.0,6.47,6.58,6.34,6.39,331300.0
2012-01-18,6.18,6.47,6.16,6.4,307800.0,0.0,1.0,6.18,6.47,6.16,6.4,307800.0
2012-01-17,6.31,6.38,6.16,6.17,300500.0,0.0,1.0,6.31,6.38,6.16,6.17,300500.0
2012-01-13,6.33,6.38,6.1,6.25,185900.0,0.0,1.0,6.33,6.38,6.1,6.25,185900.0
2012-01-12,6.41,6.48,6.26,6.47,207700.0,0.0,1.0,6.41,6.48,6.26,6.47,207700.0
2012-01-11,6.3,6.45,6.26,6.4,129800.0,0.0,1.0,6.3,6.45,6.26,6.4,129800.0
2012-01-10,6.32,6.38,6.24,6.33,329500.0,0.0,1.0,6.32,6.38,6.24,6.33,329500.0
2012-01-09,6.3,6.32,6.08,6.17,293900.0,0.0,1.0,6.3,6.32,6.08,6.17,293900.0
2012-01-06,6.34,6.44,6.26,6.28,318500.0,0.0,1.0,6.34,6.44,6.26,6.28,318500.0
2012-01-05,6.34,6.4,6.24,6.34,256400.0,0.0,1.0,6.34,6.4,6.24,6.34,256400.0
2012-01-04,6.12,6.44,5.96,6.39,654000.0,0.0,1.0,6.12,6.44,5.96,6.39,654000.0
2012-01-03,6.41,6.41,6.06,6.22,663100.0,0.0,1.0,6.41,6.41,6.06,6.22,663100.0
2011-12-30,6.21,6.31,6.12,6.24,367900.0,0.0,1.0,6.21,6.31,6.12,6.24,367900.0
2011-12-29,6.39,6.39,6.14,6.25,229400.0,0.0,1.0,6.39,6.39,6.14,6.25,229400.0
2011-12-28,6.25,6.35,6.16,6.26,424000.0,0.0,1.0,6.25,6.35,6.16,6.26,424000.0
2011-12-27,6.24,6.34,6.16,6.26,378800.0,0.0,1.0,6.24,6.34,6.16,6.26,378800.0
2011-12-23,6.38,6.38,6.11,6.31,307600.0,0.0,1.0,6.38,6.38,6.11,6.31,307600.0
2011-12-22,6.2,6.42,6.07,6.37,488300.0,0.0,1.0,6.2,6.42,6.07,6.37,488300.0
2011-12-21,6.15,6.19,5.89,6.14,553500.0,0.0,1.0,6.15,6.19,5.89,6.14,553500.0
2011-12-20,6.1,6.25,5.97,6.2,538800.0,0.0,1.0,6.1,6.25,5.97,6.2,538800.0
2011-12-19,6.05,6.48,5.9,5.93,442300.0,0.0,1.0,6.05,6.48,5.9,5.93,442300.0
2011-12-16,6.11,6.21,5.74,6.02,1174300.0,0.0,1.0,6.11,6.21,5.74,6.02,1174300.0
2011-12-15,5.78,6.09,5.78,6.05,396700.0,0.0,1.0,5.78,6.09,5.78,6.05,396700.0
2011-12-14,5.7,5.79,5.52,5.62,857700.0,0.0,1.0,5.7,5.79,5.52,5.62,857700.0
2011-12-13,6.37,6.42,5.78,5.79,548700.0,0.0,1.0,6.37,6.42,5.78,5.79,548700.0
2011-12-12,6.17,6.37,6.05,6.32,576800.0,0.0,1.0,6.17,6.37,6.05,6.32,576800.0
2011-12-09,5.88,6.5,5.88,6.4,1048700.0,0.0,1.0,5.88,6.5,5.88,6.4,1048700.0
2011-12-08,6.0,6.13,5.78,5.85,990300.0,0.0,1.0,6.0,6.13,5.78,5.85,990300.0
2011-12-07,5.8,6.13,5.72,6.1,773600.0,0.0,1.0,5.8,6.13,5.72,6.1,773600.0
2011-12-06,5.7,5.89,5.61,5.86,822600.0,0.0,1.0,5.7,5.89,5.61,5.86,822600.0
2011-12-05,5.35,6.15,5.33,5.69,1263900.0,0.0,1.0,5.35,6.15,5.33,5.69,1263900.0
2011-12-02,5.26,5.27,5.15,5.19,753500.0,0.0,1.0,5.26,5.27,5.15,5.19,753500.0
2011-12-01,5.18,5.26,5.16,5.19,768300.0,0.0,1.0,5.18,5.26,5.16,5.19,768300.0
2011-11-30,5.49,5.56,5.06,5.27,1202200.0,0.0,1.0,5.49,5.56,5.06,5.27,1202200.0
2011-11-29,5.35,5.41,5.16,5.2,247600.0,0.0,1.0,5.35,5.41,5.16,5.2,247600.0
2011-11-28,5.37,5.56,5.31,5.36,391700.0,0.0,1.0,5.37,5.56,5.31,5.36,391700.0
2011-11-25,5.14,5.41,5.12,5.19,159300.0,0.0,1.0,5.14,5.41,5.12,5.19,159300.0
2011-11-23,5.32,5.32,5.02,5.15,341400.0,0.0,1.0,5.32,5.32,5.02,5.15,341400.0
2011-11-22,5.39,5.62,5.26,5.36,562300.0,0.0,1.0,5.39,5.62,5.26,5.36,562300.0
2011-11-21,5.5,5.5,5.17,5.41,538700.0,0.0,1.0,5.5,5.5,5.17,5.41,538700.0
2011-11-18,5.71,5.78,5.59,5.66,368900.0,0.0,1.0,5.71,5.78,5.59,5.66,368900.0
2011-11-17,5.74,5.95,5.6,5.72,1191500.0,0.0,1.0,5.74,5.95,5.6,5.72,1191500.0
2011-11-16,5.51,5.99,5.41,5.75,1030200.0,0.0,1.0,5.51,5.99,5.41,5.75,1030200.0
2011-11-15,5.09,5.64,5.07,5.6,1448100.0,0.0,1.0,5.09,5.64,5.07,5.6,1448100.0
2011-11-14,5.01,5.29,5.0,5.1,955000.0,0.0,1.0,5.01,5.29,5.0,5.1,955000.0
2011-11-11,4.9,5.14,4.89,5.14,2183900.0,0.0,1.0,4.9,5.14,4.89,5.14,2183900.0
2011-11-10,5.77,5.77,4.74,4.8,4958600.0,0.0,1.0,5.77,5.77,4.74,4.8,4958600.0
2011-11-09,6.0,6.15,5.44,5.5,6362500.0,0.0,1.0,6.0,6.15,5.44,5.5,6362500.0
2011-11-08,8.85,9.06,8.58,8.79,531600.0,0.0,1.0,8.85,9.06,8.58,8.79,531600.0
2011-11-07,8.88,8.93,8.5,8.8,451600.0,0.0,1.0,8.88,8.93,8.5,8.8,451600.0
2011-11-04,8.58,8.99,8.47,8.87,628400.0,0.0,1.0,8.58,8.99,8.47,8.87,628400.0
2011-11-03,8.14,8.77,8.13,8.66,700500.0,0.0,1.0,8.14,8.77,8.13,8.66,700500.0
2011-11-02,8.18,8.2,7.84,8.03,466500.0,0.0,1.0,8.18,8.2,7.84,8.03,466500.0
2011-11-01,8.42,8.42,7.82,7.85,804400.0,0.0,1.0,8.42,8.42,7.82,7.85,804400.0
2011-10-31,8.81,9.02,8.69,8.69,417100.0,0.0,1.0,8.81,9.02,8.69,8.69,417100.0
2011-10-28,9.28,9.28,9.08,9.1,757900.0,0.0,1.0,9.28,9.28,9.08,9.1,757900.0
2011-10-27,8.83,9.44,8.83,9.29,1279800.0,0.0,1.0,8.83,9.44,8.83,9.29,1279800.0
2011-10-26,8.24,8.49,7.9,8.45,430600.0,0.0,1.0,8.24,8.49,7.9,8.45,430600.0
2011-10-25,8.13,8.28,7.89,8.05,625900.0,0.0,1.0,8.13,8.28,7.89,8.05,625900.0
2011-10-24,7.84,8.44,7.84,8.18,865800.0,0.0,1.0,7.84,8.44,7.84,8.18,865800.0
2011-10-21,7.67,7.93,7.53,7.79,953300.0,0.0,1.0,7.67,7.93,7.53,7.79,953300.0
2011-10-20,7.58,7.64,7.43,7.5,762600.0,0.0,1.0,7.58,7.64,7.43,7.5,762600.0
2011-10-19,7.8,7.91,7.48,7.53,582300.0,0.0,1.0,7.8,7.91,7.48,7.53,582300.0
2011-10-18,7.76,7.93,7.61,7.82,842800.0,0.0,1.0,7.76,7.93,7.61,7.82,842800.0
2011-10-17,7.93,8.08,7.71,7.73,545100.0,0.0,1.0,7.93,8.08,7.71,7.73,545100.0
2011-10-14,8.13,8.22,7.78,8.0,1128900.0,0.0,1.0,8.13,8.22,7.78,8.0,1128900.0
2011-10-13,7.57,8.05,7.54,7.96,2266600.0,0.0,1.0,7.57,8.05,7.54,7.96,2266600.0
2011-10-12,7.71,7.82,7.6,7.66,1316000.0,0.0,1.0,7.71,7.82,7.6,7.66,1316000.0
2011-10-11,7.73,7.79,7.37,7.6,1400000.0,0.0,1.0,7.73,7.79,7.37,7.6,1400000.0
2011-10-10,7.11,7.89,7.09,7.84,1430600.0,0.0,1.0,7.11,7.89,7.09,7.84,1430600.0
2011-10-07,7.2,7.39,6.64,6.96,905100.0,0.0,1.0,7.2,7.39,6.64,6.96,905100.0
2011-10-06,6.88,7.22,6.79,7.14,1148700.0,0.0,1.0,6.88,7.22,6.79,7.14,1148700.0
2011-10-05,7.13,7.2,6.74,6.99,772700.0,0.0,1.0,7.13,7.2,6.74,6.99,772700.0
2011-10-04,6.84,7.22,6.62,7.13,1000000.0,0.0,1.0,6.84,7.22,6.62,7.13,1000000.0
2011-10-03,7.45,7.61,6.91,6.93,761300.0,0.0,1.0,7.45,7.61,6.91,6.93,761300.0
2011-09-30,7.87,7.95,7.47,7.51,636800.0,0.0,1.0,7.87,7.95,7.47,7.51,636800.0
2011-09-29,8.19,8.27,7.78,8.0,381500.0,0.0,1.0,8.19,8.27,7.78,8.0,381500.0
2011-09-28,8.54,8.62,7.95,7.96,473500.0,0.0,1.0,8.54,8.62,7.95,7.96,473500.0
2011-09-27,8.49,8.95,8.33,8.51,765400.0,0.0,1.0,8.49,8.95,8.33,8.51,765400.0
2011-09-26,8.18,8.45,7.91,8.24,439400.0,0.0,1.0,8.18,8.45,7.91,8.24,439400.0
2011-09-23,7.67,8.03,7.42,8.03,596900.0,0.0,1.0,7.67,8.03,7.42,8.03,596900.0
2011-09-22,7.2,8.04,7.2,7.68,834900.0,0.0,1.0,7.2,8.04,7.2,7.68,834900.0
2011-09-21,8.34,8.44,7.76,7.77,613800.0,0.0,1.0,8.34,8.44,7.76,7.77,613800.0
2011-09-20,8.51,8.54,8.25,8.34,507800.0,0.0,1.0,8.51,8.54,8.25,8.34,507800.0
2011-09-19,8.39,8.64,8.15,8.45,381500.0,0.0,1.0,8.39,8.64,8.15,8.45,381500.0
2011-09-16,8.78,8.96,8.45,8.61,622600.0,0.0,1.0,8.78,8.96,8.45,8.61,622600.0
2011-09-15,8.75,8.83,8.52,8.69,466000.0,0.0,1.0,8.75,8.83,8.52,8.69,466000.0
2011-09-14,8.62,8.85,8.44,8.66,567200.0,0.0,1.0,8.62,8.85,8.44,8.66,567200.0
2011-09-13,8.63,8.69,8.27,8.55,482100.0,0.0,1.0,8.63,8.69,8.27,8.55,482100.0
2011-09-12,8.33,8.61,8.2,8.56,446900.0,0.0,1.0,8.33,8.61,8.2,8.56,446900.0
2011-09-09,8.7,8.84,8.31,8.5,382300.0,0.0,1.0,8.7,8.84,8.31,8.5,382300.0
2011-09-08,9.12,9.34,8.73,8.78,486800.0,0.0,1.0,9.12,9.34,8.73,8.78,486800.0
2011-09-07,8.91,9.28,8.86,9.27,842000.0,0.0,1.0,8.91,9.28,8.86,9.27,842000.0
2011-09-06,8.29,8.72,8.16,8.68,530100.0,0.0,1.0,8.29,8.72,8.16,8.68,530100.0
2011-09-02,8.81,9.02,8.56,8.68,626600.0,0.0,1.0,8.81,9.02,8.56,8.68,626600.0
2011-09-01,9.44,9.7,9.09,9.1,580800.0,0.0,1.0,9.44,9.7,9.09,9.1,580800.0
2011-08-31,9.38,9.72,9.3,9.37,1286500.0,0.0,1.0,9.38,9.72,9.3,9.37,1286500.0
2011-08-30,8.85,9.33,8.72,9.13,863100.0,0.0,1.0,8.85,9.33,8.72,9.13,863100.0
2011-08-29,8.23,9.21,8.15,9.0,971800.0,0.0,1.0,8.23,9.21,8.15,9.0,971800.0
2011-08-26,7.94,8.12,7.64,8.08,444500.0,0.0,1.0,7.94,8.12,7.64,8.08,444500.0
2011-08-25,7.96,8.22,7.96,8.01,755400.0,0.0,1.0,7.96,8.22,7.96,8.01,755400.0
2011-08-24,7.67,8.0,7.6,7.91,733100.0,0.0,1.0,7.67,8.0,7.6,7.91,733100.0
2011-08-23,7.22,7.74,7.12,7.71,749500.0,0.0,1.0,7.22,7.74,7.12,7.71,749500.0
2011-08-22,7.3,7.56,7.05,7.22,936800.0,0.0,1.0,7.3,7.56,7.05,7.22,936800.0
2011-08-19,6.64,7.19,6.63,7.1,690100.0,0.0,1.0,6.64,7.19,6.63,7.1,690100.0
2011-08-18,7.24,7.27,6.68,6.8,1162200.0,0.0,1.0,7.24,7.27,6.68,6.8,1162200.0
2011-08-17,7.62,7.72,7.39,7.52,517000.0,0.0,1.0,7.62,7.72,7.39,7.52,517000.0
2011-08-16,7.7,7.8,7.45,7.56,940300.0,0.0,1.0,7.7,7.8,7.45,7.56,940300.0
2011-08-15,7.69,7.93,7.55,7.82,1601700.0,0.0,1.0,7.69,7.93,7.55,7.82,1601700.0
2011-08-12,7.53,8.42,7.52,7.66,2633700.0,0.0,1.0,7.53,8.42,7.52,7.66,2633700.0
2011-08-11,6.36,8.87,6.35,7.94,5485800.0,0.0,1.0,6.36,8.87,6.35,7.94,5485800.0
2011-08-10,11.61,11.61,6.0,6.64,8569800.0,0.0,1.0,11.61,11.61,6.0,6.64,8569800.0
2011-08-09,11.08,12.22,10.79,12.16,1498400.0,0.0,1.0,11.08,12.22,10.79,12.16,1498400.0
2011-08-08,12.38,12.58,10.53,10.92,1545500.0,0.0,1.0,12.38,12.58,10.53,10.92,1545500.0
2011-08-05,13.1,13.33,12.09,12.69,1403000.0,0.0,1.0,13.1,13.33,12.09,12.69,1403000.0
2011-08-04,13.99,14.0,12.81,12.99,992600.0,0.0,1.0,13.99,14.0,12.81,12.99,992600.0
2011-08-03,14.3,14.44,13.8,14.2,704500.0,0.0,1.0,14.3,14.44,13.8,14.2,704500.0
2011-08-02,14.82,15.24,14.25,14.27,687100.0,0.0,1.0,14.82,15.24,14.25,14.27,687100.0
2011-08-01,15.43,15.56,14.64,14.92,803400.0,0.0,1.0,15.43,15.56,14.64,14.92,803400.0
2011-07-29,15.64,15.66,15.14,15.28,744000.0,0.0,1.0,15.64,15.66,15.14,15.28,744000.0
2011-07-28,16.45,16.48,15.69,15.84,778600.0,0.0,1.0,16.45,16.48,15.69,15.84,778600.0
2011-07-27,17.07,17.07,16.33,16.48,501100.0,0.0,1.0,17.07,17.07,16.33,16.48,501100.0
2011-07-26,16.85,17.24,16.75,17.12,303400.0,0.0,1.0,16.85,17.24,16.75,17.12,303400.0
2011-07-25,17.13,17.3,16.62,16.83,369200.0,0.0,1.0,17.13,17.3,16.62,16.83,369200.0
2011-07-22,17.31,17.39,17.0,17.25,368500.0,0.0,1.0,17.31,17.39,17.0,17.25,368500.0
2011-07-21,17.25,17.49,17.03,17.3,290700.0,0.0,1.0,17.25,17.49,17.03,17.3,290700.0
2011-07-20,17.38,17.47,16.93,17.16,299700.0,0.0,1.0,17.38,17.47,16.93,17.16,299700.0
2011-07-19,17.05,17.49,16.93,17.43,320500.0,0.0,1.0,17.05,17.49,16.93,17.43,320500.0
2011-07-18,17.32,17.35,16.71,16.94,610400.0,0.0,1.0,17.32,17.35,16.71,16.94,610400.0
2011-07-15,17.25,17.49,17.02,17.43,1013400.0,0.0,1.0,17.25,17.49,17.02,17.43,1013400.0
2011-07-14,16.98,17.24,16.7,17.21,801100.0,0.0,1.0,16.98,17.24,16.7,17.21,801100.0
2011-07-13,16.67,17.0,16.67,16.91,476200.0,0.0,1.0,16.67,17.0,16.67,16.91,476200.0
2011-07-12,16.84,16.87,16.52,16.62,1021400.0,0.0,1.0,16.84,16.87,16.52,16.62,1021400.0
2011-07-11,17.32,17.49,16.62,16.89,698200.0,0.0,1.0,17.32,17.49,16.62,16.89,698200.0
2011-07-08,17.43,17.58,17.13,17.54,312600.0,0.0,1.0,17.43,17.58,17.13,17.54,312600.0
2011-07-07,17.79,18.01,17.68,17.77,449900.0,0.0,1.0,17.79,18.01,17.68,17.77,449900.0
2011-07-06,17.8,18.08,17.41,17.65,418500.0,0.0,1.0,17.8,18.08,17.41,17.65,418500.0
2011-07-05,17.69,18.17,17.69,17.84,912700.0,0.0,1.0,17.69,18.17,17.69,17.84,912700.0
2011-07-01,17.32,17.77,17.04,17.69,755700.0,0.0,1.0,17.32,17.77,17.04,17.69,755700.0
2011-06-30,17.41,17.6,17.0,17.28,781200.0,0.0,1.0,17.41,17.6,17.0,17.28,781200.0
2011-06-29,17.51,17.63,17.18,17.45,472300.0,0.0,1.0,17.51,17.63,17.18,17.45,472300.0
2011-06-28,17.63,17.74,17.25,17.43,674900.0,0.0,1.0,17.63,17.74,17.25,17.43,674900.0
2011-06-27,17.87,18.01,17.57,17.74,568800.0,0.0,1.0,17.87,18.01,17.57,17.74,568800.0
2011-06-24,17.78,18.13,17.53,17.85,2998800.0,0.0,1.0,17.78,18.13,17.53,17.85,2998800.0
2011-06-23,17.48,17.74,17.26,17.6,616400.0,0.0,1.0,17.48,17.74,17.26,17.6,616400.0
2011-06-22,17.28,18.1,17.25,17.7,639600.0,0.0,1.0,17.28,18.1,17.25,17.7,639600.0
2011-06-21,16.96,17.8,16.92,17.34,1662700.0,0.0,1.0,16.96,17.8,16.92,17.34,1662700.0
2011-06-20,16.93,17.21,16.62,16.83,987700.0,0.0,1.0,16.93,17.21,16.62,16.83,987700.0
2011-06-17,17.76,17.76,16.79,17.06,1210400.0,0.0,1.0,17.76,17.76,16.79,17.06,1210400.0
2011-06-16,17.68,18.18,17.28,17.64,936200.0,0.0,1.0,17.68,18.18,17.28,17.64,936200.0
2011-06-15,17.53,17.81,17.08,17.63,1213200.0,0.0,1.0,17.53,17.81,17.08,17.63,1213200.0
2011-06-14,17.8,18.0,17.66,17.71,576000.0,0.0,1.0,17.8,18.0,17.66,17.71,576000.0
2011-06-13,17.85,18.27,17.63,17.71,1009700.0,0.0,1.0,17.85,18.27,17.63,17.71,1009700.0
2011-06-10,17.89,17.95,17.59,17.83,1017200.0,0.0,1.0,17.89,17.95,17.59,17.83,1017200.0
2011-06-09,18.14,18.29,17.83,17.95,1429800.0,0.0,1.0,18.14,18.29,17.83,17.95,1429800.0
2011-06-08,18.5,18.52,18.01,18.11,1115900.0,0.0,1.0,18.5,18.52,18.01,18.11,1115900.0
2011-06-07,20.18,20.24,18.33,18.55,2948100.0,0.0,1.0,20.18,20.24,18.33,18.55,2948100.0
2011-06-06,20.64,20.64,20.01,20.11,1129400.0,0.0,1.0,20.64,20.64,20.01,20.11,1129400.0
2011-06-03,20.13,20.74,20.13,20.56,1141300.0,0.0,1.0,20.13,20.74,20.13,20.56,1141300.0
2011-06-02,20.31,20.75,20.25,20.46,894600.0,0.0,1.0,20.31,20.75,20.25,20.46,894600.0
2011-06-01,20.64,20.75,20.4,20.47,845400.0,0.0,1.0,20.64,20.75,20.4,20.47,845400.0
2011-05-31,20.78,20.78,20.36,20.65,2128600.0,0.0,1.0,20.78,20.78,20.36,20.65,2128600.0
2011-05-27,20.3,20.75,20.09,20.51,830600.0,0.0,1.0,20.3,20.75,20.09,20.51,830600.0
2011-05-26,20.43,20.72,20.03,20.25,1203700.0,0.0,1.0,20.43,20.72,20.03,20.25,1203700.0
2011-05-25,20.18,20.82,20.0,20.6,1738800.0,0.0,1.0,20.18,20.82,20.0,20.6,1738800.0
2011-05-24,20.6,20.9,20.07,20.13,524200.0,0.0,1.0,20.6,20.9,20.07,20.13,524200.0
2011-05-23,20.07,20.9,19.58,20.63,706100.0,0.0,1.0,20.07,20.9,19.58,20.63,706100.0
2011-05-20,20.46,20.77,20.05,20.42,1244600.0,0.0,1.0,20.46,20.77,20.05,20.42,1244600.0
2011-05-19,20.7,20.71,20.05,20.59,1438500.0,0.0,1.0,20.7,20.71,20.05,20.59,1438500.0
2011-05-18,20.6,21.0,20.28,20.55,1065500.0,0.0,1.0,20.6,21.0,20.28,20.55,1065500.0
2011-05-17,20.63,21.15,20.15,20.47,1813900.0,0.0,1.0,20.63,21.15,20.15,20.47,1813900.0
2011-05-16,21.65,21.78,21.0,21.1,1703400.0,0.0,1.0,21.65,21.78,21.0,21.1,1703400.0
2011-05-13,20.96,23.67,20.6,21.74,5136500.0,0.0,1.0,20.96,23.67,20.6,21.74,5136500.0
2011-05-12,19.93,20.95,19.15,20.87,4841700.0,0.0,1.0,19.93,20.95,19.15,20.87,4841700.0
2011-05-11,24.0,24.01,19.69,20.22,11487300.0,0.0,1.0,24.0,24.01,19.69,20.22,11487300.0
2011-05-10,29.87,30.13,28.92,29.99,683000.0,0.0,1.0,29.87,30.13,28.92,29.99,683000.0
2011-05-09,29.03,30.01,28.84,29.71,634200.0,0.0,1.0,29.03,30.01,28.84,29.71,634200.0
2011-05-06,28.78,29.49,28.19,29.11,622600.0,0.0,1.0,28.78,29.49,28.19,29.11,622600.0
2011-05-05,27.37,28.49,26.96,27.98,703300.0,0.0,1.0,27.37,28.49,26.96,27.98,703300.0
2011-05-04,28.8,28.8,26.29,27.88,1900000.0,0.0,1.0,28.8,28.8,26.29,27.88,1900000.0
2011-05-03,30.42,31.23,28.5,29.01,1174300.0,0.0,1.0,30.42,31.23,28.5,29.01,1174300.0
2011-05-02,31.96,32.07,30.22,30.63,965500.0,0.0,1.0,31.96,32.07,30.22,30.63,965500.0
2011-04-29,31.07,32.25,30.95,31.76,870000.0,0.0,1.0,31.07,32.25,30.95,31.76,870000.0
2011-04-28,29.24,31.12,28.86,30.96,1188600.0,0.0,1.0,29.24,31.12,28.86,30.96,1188600.0
2011-04-27,29.44,29.56,28.29,29.24,882600.0,0.0,1.0,29.44,29.56,28.29,29.24,882600.0
2011-04-26,30.0,30.26,28.63,29.33,911800.0,0.0,1.0,30.0,30.26,28.63,29.33,911800.0
2011-04-25,30.49,30.76,28.25,29.8,1688500.0,0.0,1.0,30.49,30.76,28.25,29.8,1688500.0
2011-04-21,31.94,32.19,30.23,30.54,1431500.0,0.0,1.0,31.94,32.19,30.23,30.54,1431500.0
2011-04-20,29.17,31.93,28.74,30.91,3318000.0,0.0,1.0,29.17,31.93,28.74,30.91,3318000.0
2011-04-19,28.47,28.99,28.04,28.36,575900.0,0.0,1.0,28.47,28.99,28.04,28.36,575900.0
2011-04-18,27.6,28.76,27.6,28.14,796900.0,0.0,1.0,27.6,28.76,27.6,28.14,796900.0
2011-04-15,28.28,29.13,27.82,28.07,803800.0,0.0,1.0,28.28,29.13,27.82,28.07,803800.0
2011-04-14,27.96,28.6,27.3,28.3,708100.0,0.0,1.0,27.96,28.6,27.3,28.3,708100.0
2011-04-13,27.98,29.56,27.66,28.26,1310800.0,0.0,1.0,27.98,29.56,27.66,28.26,1310800.0
2011-04-12,28.0,28.09,27.4,27.72,1162800.0,0.0,1.0,28.0,28.09,27.4,27.72,1162800.0
2011-04-11,28.02,28.48,26.93,27.98,644900.0,0.0,1.0,28.02,28.48,26.93,27.98,644900.0
2011-04-08,28.69,29.03,27.6,28.02,1261100.0,0.0,1.0,28.69,29.03,27.6,28.02,1261100.0
2011-04-07,26.43,28.7,26.3,28.47,6873700.0,0.0,1.0,26.43,28.7,26.3,28.47,6873700.0
2011-04-06,25.79,26.1,25.35,25.58,1137800.0,0.0,1.0,25.79,26.1,25.35,25.58,1137800.0
2011-04-05,26.26,27.31,25.82,26.28,922800.0,0.0,1.0,26.26,27.31,25.82,26.28,922800.0
2011-04-04,27.52,27.8,26.93,27.05,230200.0,0.0,1.0,27.52,27.8,26.93,27.05,230200.0
2011-04-01,26.96,27.44,26.6,27.11,207900.0,0.0,1.0,26.96,27.44,26.6,27.11,207900.0
2011-03-31,26.35,27.03,26.08,26.74,249100.0,0.0,1.0,26.35,27.03,26.08,26.74,249100.0
2011-03-30,27.49,27.49,26.26,26.39,283700.0,0.0,1.0,27.49,27.49,26.26,26.39,283700.0
2011-03-29,27.01,27.36,26.72,27.22,233900.0,0.0,1.0,27.01,27.36,26.72,27.22,233900.0
2011-03-28,28.31,28.31,26.95,27.01,565200.0,0.0,1.0,28.31,28.31,26.95,27.01,565200.0
2011-03-25,28.51,28.82,28.28,28.7,438500.0,0.0,1.0,28.51,28.82,28.28,28.7,438500.0
2011-03-24,27.4,28.74,27.34,28.44,274800.0,0.0,1.0,27.4,28.74,27.34,28.44,274800.0
2011-03-23,27.01,27.3,26.78,27.15,325800.0,0.0,1.0,27.01,27.3,26.78,27.15,325800.0
2011-03-22,27.0,27.15,26.61,27.04,403700.0,0.0,1.0,27.0,27.15,26.61,27.04,403700.0
2011-03-21,26.49,27.26,26.49,27.07,250800.0,0.0,1.0,26.49,27.26,26.49,27.07,250800.0
2011-03-18,27.58,27.72,26.18,26.34,726000.0,0.0,1.0,27.58,27.72,26.18,26.34,726000.0
2011-03-17,27.9,29.16,26.95,27.24,700500.0,0.0,1.0,27.9,29.16,26.95,27.24,700500.0
2011-03-16,27.45,28.0,27.1,27.6,243600.0,0.0,1.0,27.45,28.0,27.1,27.6,243600.0
2011-03-15,27.01,27.8,26.88,27.59,314700.0,0.0,1.0,27.01,27.8,26.88,27.59,314700.0
2011-03-14,28.36,28.49,27.91,28.3,339200.0,0.0,1.0,28.36,28.49,27.91,28.3,339200.0
2011-03-11,27.49,28.63,27.33,28.49,256500.0,0.0,1.0,27.49,28.63,27.33,28.49,256500.0
2011-03-10,28.31,28.42,27.6,28.08,302900.0,0.0,1.0,28.31,28.42,27.6,28.08,302900.0
2011-03-09,28.43,29.54,28.08,29.1,516600.0,0.0,1.0,28.43,29.54,28.08,29.1,516600.0
2011-03-08,28.61,28.61,27.74,28.47,499400.0,0.0,1.0,28.61,28.61,27.74,28.47,499400.0
2011-03-07,29.81,29.84,27.1,28.69,1042800.0,0.0,1.0,29.81,29.84,27.1,28.69,1042800.0
2011-03-04,29.68,30.31,29.5,29.75,377200.0,0.0,1.0,29.68,30.31,29.5,29.75,377200.0
2011-03-03,28.28,29.6,28.13,29.55,678500.0,0.0,1.0,28.28,29.6,28.13,29.55,678500.0
2011-03-02,28.27,28.49,27.68,28.29,352200.0,0.0,1.0,28.27,28.49,27.68,28.29,352200.0
2011-03-01,28.35,28.49,28.0,28.36,432800.0,0.0,1.0,28.35,28.49,28.0,28.36,432800.0
2011-02-28,28.33,28.44,27.75,28.19,457200.0,0.0,1.0,28.33,28.44,27.75,28.19,457200.0
2011-02-25,28.56,29.18,27.95,28.04,510800.0,0.0,1.0,28.56,29.18,27.95,28.04,510800.0
2011-02-24,25.29,28.39,25.21,28.26,885700.0,0.0,1.0,25.29,28.39,25.21,28.26,885700.0
2011-02-23,26.45,26.45,25.0,25.54,705400.0,0.0,1.0,26.45,26.45,25.0,25.54,705400.0
2011-02-22,27.53,28.16,25.85,25.89,1263100.0,0.0,1.0,27.53,28.16,25.85,25.89,1263100.0
2011-02-18,27.66,28.83,26.69,27.93,2287700.0,0.0,1.0,27.66,28.83,26.69,27.93,2287700.0
2011-02-17,25.25,26.18,25.02,25.96,1968800.0,0.0,1.0,25.25,26.18,25.02,25.96,1968800.0
2011-02-16,24.38,24.82,24.18,24.54,272900.0,0.0,1.0,24.38,24.82,24.18,24.54,272900.0
2011-02-15,24.63,24.8,24.02,24.24,403400.0,0.0,1.0,24.63,24.8,24.02,24.24,403400.0
2011-02-14,23.95,24.71,23.66,24.63,441400.0,0.0,1.0,23.95,24.71,23.66,24.63,441400.0
2011-02-11,23.32,23.9,22.92,23.79,298100.0,0.0,1.0,23.32,23.9,22.92,23.79,298100.0
2011-02-10,23.15,23.58,22.78,23.35,196100.0,0.0,1.0,23.15,23.58,22.78,23.35,196100.0
2011-02-09,23.43,23.45,22.95,23.36,227500.0,0.0,1.0,23.43,23.45,22.95,23.36,227500.0
2011-02-08,22.5,23.49,22.38,23.45,430200.0,0.0,1.0,22.5,23.49,22.38,23.45,430200.0
2011-02-07,21.58,22.77,21.58,22.6,461700.0,0.0,1.0,21.58,22.77,21.58,22.6,461700.0
2011-02-04,21.11,21.67,20.66,21.59,198400.0,0.0,1.0,21.11,21.67,20.66,21.59,198400.0
2011-02-03,21.36,21.67,21.0,21.19,175600.0,0.0,1.0,21.36,21.67,21.0,21.19,175600.0
2011-02-02,21.53,22.17,21.37,21.4,258800.0,0.0,1.0,21.53,22.17,21.37,21.4,258800.0
2011-02-01,20.4,21.78,20.28,21.65,469100.0,0.0,1.0,20.4,21.78,20.28,21.65,469100.0
2011-01-31,20.26,20.31,19.84,20.24,295000.0,0.0,1.0,20.26,20.31,19.84,20.24,295000.0
2011-01-28,20.22,20.31,19.97,20.22,218000.0,0.0,1.0,20.22,20.31,19.97,20.22,218000.0
2011-01-27,19.94,20.35,19.94,20.29,253500.0,0.0,1.0,19.94,20.35,19.94,20.29,253500.0
2011-01-26,20.1,20.3,19.91,20.0,268200.0,0.0,1.0,20.1,20.3,19.91,20.0,268200.0
2011-01-25,20.21,20.34,19.75,20.02,217700.0,0.0,1.0,20.21,20.34,19.75,20.02,217700.0
2011-01-24,20.19,20.5,19.6,20.32,369700.0,0.0,1.0,20.19,20.5,19.6,20.32,369700.0
2011-01-21,20.54,20.62,19.98,20.26,396000.0,0.0,1.0,20.54,20.62,19.98,20.26,396000.0
2011-01-20,20.86,20.93,20.19,20.48,466000.0,0.0,1.0,20.86,20.93,20.19,20.48,466000.0
2011-01-19,21.3,21.52,21.02,21.1,457400.0,0.0,1.0,21.3,21.52,21.02,21.1,457400.0
2011-01-18,21.34,21.53,21.09,21.37,247500.0,0.0,1.0,21.34,21.53,21.09,21.37,247500.0
2011-01-14,21.41,21.58,21.2,21.32,339300.0,0.0,1.0,21.41,21.58,21.2,21.32,339300.0
2011-01-13,21.38,21.45,21.13,21.32,190500.0,0.0,1.0,21.38,21.45,21.13,21.32,190500.0
2011-01-12,20.78,21.49,20.57,21.39,577000.0,0.0,1.0,20.78,21.49,20.57,21.39,577000.0
2011-01-11,20.8,20.94,20.54,20.75,540300.0,0.0,1.0,20.8,20.94,20.54,20.75,540300.0
2011-01-10,20.18,20.68,19.8,20.5,269000.0,0.0,1.0,20.18,20.68,19.8,20.5,269000.0
2011-01-07,20.72,20.75,19.89,20.29,204400.0,0.0,1.0,20.72,20.75,19.89,20.29,204400.0
2011-01-06,20.49,21.09,20.28,20.75,561000.0,0.0,1.0,20.49,21.09,20.28,20.75,561000.0
2011-01-05,19.5,20.37,19.5,20.1,498900.0,0.0,1.0,19.5,20.37,19.5,20.1,498900.0
2011-01-04,19.62,19.98,19.04,19.49,408900.0,0.0,1.0,19.62,19.98,19.04,19.49,408900.0
2011-01-03,18.71,19.71,18.71,19.68,542800.0,0.0,1.0,18.71,19.71,18.71,19.68,542800.0
2010-12-31,18.54,19.16,18.5,18.71,269700.0,0.0,1.0,18.54,19.16,18.5,18.71,269700.0
2010-12-30,18.96,18.97,18.5,18.56,383700.0,0.0,1.0,18.96,18.97,18.5,18.56,383700.0
2010-12-29,19.05,19.16,18.81,18.94,158600.0,0.0,1.0,19.05,19.16,18.81,18.94,158600.0
2010-12-28,19.5,19.68,19.09,19.09,196900.0,0.0,1.0,19.5,19.68,19.09,19.09,196900.0
2010-12-27,19.71,19.93,19.43,19.47,242600.0,0.0,1.0,19.71,19.93,19.43,19.47,242600.0
2010-12-23,20.1,20.18,19.24,19.64,289100.0,0.0,1.0,20.1,20.18,19.24,19.64,289100.0
2010-12-22,20.3,20.7,19.83,20.03,367100.0,0.0,1.0,20.3,20.7,19.83,20.03,367100.0
2010-12-21,20.17,20.55,20.07,20.43,243000.0,0.0,1.0,20.17,20.55,20.07,20.43,243000.0
2010-12-20,19.88,20.49,19.85,20.25,264200.0,0.0,1.0,19.88,20.49,19.85,20.25,264200.0
2010-12-17,19.77,20.15,19.5,19.93,476900.0,0.0,1.0,19.77,20.15,19.5,19.93,476900.0
2010-12-16,19.32,20.08,19.32,19.78,512800.0,0.0,1.0,19.32,20.08,19.32,19.78,512800.0
2010-12-15,19.15,19.51,18.86,19.51,645200.0,0.0,1.0,19.15,19.51,18.86,19.51,645200.0
2010-12-14,19.14,19.5,18.42,19.16,1164900.0,0.0,1.0,19.14,19.5,18.42,19.16,1164900.0
2010-12-13,19.63,20.06,19.05,19.19,383600.0,0.0,1.0,19.63,20.06,19.05,19.19,383600.0
2010-12-10,19.63,19.8,19.23,19.6,359700.0,0.0,1.0,19.63,19.8,19.23,19.6,359700.0
2010-12-09,19.4,19.99,19.4,19.67,425800.0,0.0,1.0,19.4,19.99,19.4,19.67,425800.0
2010-12-08,19.5,19.67,18.48,19.4,1411000.0,0.0,1.0,19.5,19.67,18.48,19.4,1411000.0
2010-12-07,19.8,19.87,19.22,19.6,4078200.0,0.0,1.0,19.8,19.87,19.22,19.6,4078200.0
2010-12-06,20.84,20.84,20.17,20.43,469800.0,0.0,1.0,20.84,20.84,20.17,20.43,469800.0
2010-12-03,20.89,21.25,20.58,20.87,172300.0,0.0,1.0,20.89,21.25,20.58,20.87,172300.0
2010-12-02,21.35,21.73,20.39,20.98,285000.0,0.0,1.0,21.35,21.73,20.39,20.98,285000.0
2010-12-01,20.84,22.49,20.84,22.19,429700.0,0.0,1.0,20.84,22.49,20.84,22.19,429700.0
2010-11-30,19.58,20.69,19.21,20.56,211900.0,0.0,1.0,19.58,20.69,19.21,20.56,211900.0
2010-11-29,20.23,20.52,19.34,19.66,78600.0,0.0,1.0,20.23,20.52,19.34,19.66,78600.0
2010-11-26,19.85,20.8,19.85,20.21,56800.0,0.0,1.0,19.85,20.8,19.85,20.21,56800.0
2010-11-24,21.05,21.9,19.84,20.65,179700.0,0.0,1.0,21.05,21.9,19.84,20.65,179700.0
2010-11-23,22.19,22.19,20.61,20.91,170100.0,0.0,1.0,22.19,22.19,20.61,20.91,170100.0
2010-11-22,20.53,22.94,20.53,22.42,581300.0,0.0,1.0,20.53,22.94,20.53,22.42,581300.0
2010-11-19,20.04,20.97,19.75,20.59,148600.0,0.0,1.0,20.04,20.97,19.75,20.59,148600.0
2010-11-18,20.1,20.74,20.1,20.54,157100.0,0.0,1.0,20.1,20.74,20.1,20.54,157100.0
2010-11-17,20.37,20.45,19.86,19.94,195700.0,0.0,1.0,20.37,20.45,19.86,19.94,195700.0
2010-11-16,20.57,20.77,20.5,20.62,155500.0,0.0,1.0,20.57,20.77,20.5,20.62,155500.0
2010-11-15,20.63,20.72,20.5,20.71,104200.0,0.0,1.0,20.63,20.72,20.5,20.71,104200.0
2010-11-12,20.5,21.02,19.82,20.49,267500.0,0.0,1.0,20.5,21.02,19.82,20.49,267500.0
2010-11-11,19.34,20.65,18.96,20.49,287700.0,0.0,1.0,19.34,20.65,18.96,20.49,287700.0
2010-11-10,18.42,20.2,18.42,19.41,220600.0,0.0,1.0,18.42,20.2,18.42,19.41,220600.0
2010-11-09,19.31,19.75,18.51,18.55,295600.0,0.0,1.0,19.31,19.75,18.51,18.55,295600.0
2010-11-08,21.01,21.19,19.48,19.59,298600.0,0.0,1.0,21.01,21.19,19.48,19.59,298600.0
2010-11-05,20.63,21.23,20.22,21.03,125700.0,0.0,1.0,20.63,21.23,20.22,21.03,125700.0
2010-11-04,21.9,22.22,19.5,20.6,766700.0,0.0,1.0,21.9,22.22,19.5,20.6,766700.0
2010-11-03,21.24,21.68,21.0,21.54,101200.0,0.0,1.0,21.24,21.68,21.0,21.54,101200.0
2010-11-02,20.21,21.21,20.12,21.18,140300.0,0.0,1.0,20.21,21.21,20.12,21.18,140300.0
2010-11-01,21.9,22.0,20.0,20.03,248200.0,0.0,1.0,21.9,22.0,20.0,20.03,248200.0
2010-10-29,21.9,22.0,21.62,21.87,221100.0,0.0,1.0,21.9,22.0,21.62,21.87,221100.0
2010-10-28,21.52,22.25,21.35,21.89,135100.0,0.0,1.0,21.52,22.25,21.35,21.89,135100.0
2010-10-27,21.15,21.34,20.87,21.31,221100.0,0.0,1.0,21.15,21.34,20.87,21.31,221100.0
2010-10-26,21.83,22.43,21.25,21.29,345600.0,0.0,1.0,21.83,22.43,21.25,21.29,345600.0
2010-10-25,20.44,22.02,20.44,21.83,372200.0,0.0,1.0,20.44,22.02,20.44,21.83,372200.0
2010-10-22,20.53,20.53,20.15,20.27,200800.0,0.0,1.0,20.53,20.53,20.15,20.27,200800.0
2010-10-21,20.19,20.84,19.76,20.25,533300.0,0.0,1.0,20.19,20.84,19.76,20.25,533300.0
2010-10-20,18.5,19.14,18.33,18.99,241600.0,0.0,1.0,18.5,19.14,18.33,18.99,241600.0
2010-10-19,18.5,18.92,18.34,18.48,127000.0,0.0,1.0,18.5,18.92,18.34,18.48,127000.0
2010-10-18,19.01,19.01,18.46,18.6,239400.0,0.0,1.0,19.01,19.01,18.46,18.6,239400.0
2010-10-15,18.78,19.1,18.3,18.95,146800.0,0.0,1.0,18.78,19.1,18.3,18.95,146800.0
2010-10-14,18.0,18.51,17.81,18.5,342600.0,0.0,1.0,18.0,18.51,17.81,18.5,342600.0
2010-10-13,16.56,18.35,16.5,18.04,1485500.0,0.0,1.0,16.56,18.35,16.5,18.04,1485500.0
2010-10-12,15.91,16.71,15.82,16.5,359300.0,0.0,1.0,15.91,16.71,15.82,16.5,359300.0
2010-10-11,15.97,16.25,15.67,16.02,178200.0,0.0,1.0,15.97,16.25,15.67,16.02,178200.0
2010-10-08,14.85,16.01,14.71,15.99,127300.0,0.0,1.0,14.85,16.01,14.71,15.99,127300.0
2010-10-07,15.63,15.63,14.82,14.84,243600.0,0.0,1.0,15.63,15.63,14.82,14.84,243600.0
2010-10-06,16.95,16.95,14.53,15.32,465600.0,0.0,1.0,16.95,16.95,14.53,15.32,465600.0
2010-10-05,17.0,17.0,16.88,16.95,144700.0,0.0,1.0,17.0,17.0,16.88,16.95,144700.0
2010-10-04,17.22,17.22,16.86,16.97,170400.0,0.0,1.0,17.22,17.22,16.86,16.97,170400.0
2010-10-01,16.97,17.42,16.85,17.21,401800.0,0.0,1.0,16.97,17.42,16.85,17.21,401800.0
2010-09-30,16.75,17.03,16.55,16.91,1404300.0,0.0,1.0,16.75,17.03,16.55,16.91,1404300.0
2010-09-29,16.9,17.0,16.38,16.64,298500.0,0.0,1.0,16.9,17.0,16.38,16.64,298500.0
2010-09-28,15.44,16.94,15.4,16.89,899300.0,0.0,1.0,15.44,16.94,15.4,16.89,899300.0
2010-09-27,15.37,15.51,15.18,15.36,301300.0,0.0,1.0,15.37,15.51,15.18,15.36,301300.0
2010-09-24,15.6,15.71,14.63,15.2,313000.0,0.0,1.0,15.6,15.71,14.63,15.2,313000.0
2010-09-23,15.23,15.98,15.23,15.46,152400.0,0.0,1.0,15.23,15.98,15.23,15.46,152400.0
2010-09-22,15.13,15.72,15.06,15.45,192900.0,0.0,1.0,15.13,15.72,15.06,15.45,192900.0
2010-09-21,15.12,15.48,15.12,15.3,104200.0,0.0,1.0,15.12,15.48,15.12,15.3,104200.0
2010-09-20,15.13,15.52,14.76,15.25,226000.0,0.0,1.0,15.13,15.52,14.76,15.25,226000.0
2010-09-17,15.25,15.74,15.25,15.48,272800.0,0.0,1.0,15.25,15.74,15.25,15.48,272800.0
2010-09-16,14.47,15.23,14.25,15.0,318600.0,0.0,1.0,14.47,15.23,14.25,15.0,318600.0
2010-09-15,13.58,15.3,13.52,14.6,831400.0,0.0,1.0,13.58,15.3,13.52,14.6,831400.0
2010-09-14,13.2,13.43,13.17,13.25,304200.0,0.0,1.0,13.2,13.43,13.17,13.25,304200.0
2010-09-13,13.0,13.5,12.91,13.28,143400.0,0.0,1.0,13.0,13.5,12.91,13.28,143400.0
2010-09-10,12.89,12.99,12.82,12.89,53800.0,0.0,1.0,12.89,12.99,12.82,12.89,53800.0
2010-09-09,13.1,13.1,12.92,12.96,161800.0,0.0,1.0,13.1,13.1,12.92,12.96,161800.0
2010-09-08,12.8,13.08,12.79,12.98,151900.0,0.0,1.0,12.8,13.08,12.79,12.98,151900.0
2010-09-07,13.04,13.05,12.75,12.97,24800.0,0.0,1.0,13.04,13.05,12.75,12.97,24800.0
2010-09-03,13.13,13.13,12.81,13.05,101000.0,0.0,1.0,13.13,13.13,12.81,13.05,101000.0
2010-09-02,12.92,13.14,12.23,12.99,244900.0,0.0,1.0,12.92,13.14,12.23,12.99,244900.0
2010-09-01,13.05,13.2,12.84,13.0,212600.0,0.0,1.0,13.05,13.2,12.84,13.0,212600.0
2010-08-31,12.8,13.07,12.8,13.0,118500.0,0.0,1.0,12.8,13.07,12.8,13.0,118500.0
2010-08-30,12.58,13.0,12.14,12.9,44500.0,0.0,1.0,12.58,13.0,12.14,12.9,44500.0
2010-08-27,12.37,12.65,12.05,12.38,60900.0,0.0,1.0,12.37,12.65,12.05,12.38,60900.0
2010-08-26,12.27,12.63,12.17,12.3,72300.0,0.0,1.0,12.27,12.63,12.17,12.3,72300.0
2010-08-25,12.44,12.53,12.11,12.37,64800.0,0.0,1.0,12.44,12.53,12.11,12.37,64800.0
2010-08-24,12.65,12.65,12.1,12.44,83900.0,0.0,1.0,12.65,12.65,12.1,12.44,83900.0
2010-08-23,13.12,13.5,12.85,12.86,138500.0,0.0,1.0,13.12,13.5,12.85,12.86,138500.0
2010-08-20,12.7,13.46,12.26,13.22,380000.0,0.0,1.0,12.7,13.46,12.26,13.22,380000.0
2010-08-19,12.19,12.83,11.92,12.7,79300.0,0.0,1.0,12.19,12.83,11.92,12.7,79300.0
2010-08-18,12.14,12.23,11.81,12.13,75700.0,0.0,1.0,12.14,12.23,11.81,12.13,75700.0
2010-08-17,12.1,12.49,12.1,12.3,45200.0,0.0,1.0,12.1,12.49,12.1,12.3,45200.0
2010-08-16,12.32,12.32,11.44,11.85,308000.0,0.0,1.0,12.32,12.32,11.44,11.85,308000.0
2010-08-13,12.13,12.32,12.02,12.32,241500.0,0.0,1.0,12.13,12.32,12.02,12.32,241500.0
2010-08-12,12.45,12.79,12.15,12.35,562200.0,0.0,1.0,12.45,12.79,12.15,12.35,562200.0
2010-08-11,12.75,12.79,12.07,12.5,346400.0,0.0,1.0,12.75,12.79,12.07,12.5,346400.0
2010-08-10,12.75,12.9,12.52,12.85,414100.0,0.0,1.0,12.75,12.9,12.52,12.85,414100.0
2010-08-09,13.0,13.0,12.75,12.8,208000.0,0.0,1.0,13.0,13.0,12.75,12.8,208000.0
2010-08-06,13.0,13.05,12.55,13.0,6121900.0,0.0,1.0,13.0,13.05,12.55,13.0,6121900.0
