2014-10-27,9.07,9.12,8.82,8.9,1895978.0,0.0,1.0,9.07,9.12,8.82,8.9,1895978.0
2014-10-24,9.24,9.31,9.095,9.2,829395.0,0.0,1.0,9.24,9.31,9.095,9.2,829395.0
2014-10-23,9.28,9.55,9.2,9.29,1802198.0,0.0,1.0,9.28,9.55,9.2,9.29,1802198.0
2014-10-22,9.45,9.5899,9.1,9.13,1887880.0,0.0,1.0,9.45,9.5899,9.1,9.13,1887880.0
2014-10-21,9.19,9.38,9.18,9.38,1316077.0,0.0,1.0,9.19,9.38,9.18,9.38,1316077.0
2014-10-20,8.89,9.05,8.72,8.94,1406651.0,0.0,1.0,8.89,9.05,8.72,8.94,1406651.0
2014-10-17,9.17,9.29,8.79,8.88,2296804.0,0.0,1.0,9.17,9.29,8.79,8.88,2296804.0
2014-10-16,8.59,9.18,8.58,9.02,2498560.0,0.0,1.0,8.59,9.18,8.58,9.02,2498560.0
2014-10-15,8.49,8.86,8.32,8.86,3416767.0,0.0,1.0,8.49,8.86,8.32,8.86,3416767.0
2014-10-14,8.76,8.86,8.4,8.54,3270939.0,0.0,1.0,8.76,8.86,8.4,8.54,3270939.0
2014-10-13,9.12,9.23,8.71,8.72,3215542.0,0.0,1.0,9.12,9.23,8.71,8.72,3215542.0
2014-10-10,9.08,9.26,8.97,9.13,3836595.0,0.0,1.0,9.08,9.26,8.97,9.13,3836595.0
2014-10-09,9.22,9.29,8.98,9.21,3363768.0,0.0,1.0,9.22,9.29,8.98,9.21,3363768.0
2014-10-08,9.4,9.4101,8.97,9.38,3901559.0,0.0,1.0,9.4,9.4101,8.97,9.38,3901559.0
2014-10-07,9.4,9.54,9.38,9.41,3804783.0,0.0,1.0,9.4,9.54,9.38,9.41,3804783.0
2014-10-06,9.9,10.02,9.76,9.93,2351896.0,0.0,1.0,9.9,10.02,9.76,9.93,2351896.0
2014-10-03,10.02,10.01,9.81,9.85,1447076.0,0.0,1.0,10.02,10.01,9.81,9.85,1447076.0
2014-10-02,9.91,10.1,9.83,9.96,2581904.0,0.0,1.0,9.91,10.1,9.83,9.96,2581904.0
2014-10-01,9.93,10.06,9.82,10.02,2988481.0,0.0,1.0,9.93,10.06,9.82,10.02,2988481.0
2014-09-30,10.32,10.36,9.88,9.96,1819663.0,0.0,1.0,10.32,10.36,9.88,9.96,1819663.0
2014-09-29,10.09,10.44,10.02,10.35,2044189.0,0.0,1.0,10.09,10.44,10.02,10.35,2044189.0
2014-09-26,9.9,10.24,9.81,10.2,1766308.0,0.0,1.0,9.9,10.24,9.81,10.2,1766308.0
2014-09-25,9.92,9.97,9.72,9.86,1090925.0,0.0,1.0,9.92,9.97,9.72,9.86,1090925.0
2014-09-24,9.87,10.05,9.775,9.97,1738369.0,0.0,1.0,9.87,10.05,9.775,9.97,1738369.0
2014-09-23,9.84,10.05,9.82,9.86,1246745.0,0.0,1.0,9.84,10.05,9.82,9.86,1246745.0
2014-09-22,10.17,10.23,9.85,9.89,1427553.0,0.0,1.0,10.17,10.23,9.85,9.89,1427553.0
2014-09-19,10.23,10.28,10.08,10.25,2156159.0,0.0,1.0,10.23,10.28,10.08,10.25,2156159.0
2014-09-18,10.23,10.3,10.15,10.21,893787.0,0.0,1.0,10.23,10.3,10.15,10.21,893787.0
2014-09-17,10.33,10.44,10.2,10.22,1407108.0,0.0,1.0,10.33,10.44,10.2,10.22,1407108.0
2014-09-16,10.33,10.465,10.16,10.45,2493115.0,0.0,1.0,10.33,10.465,10.16,10.45,2493115.0
2014-09-15,9.99,10.16,9.91,10.12,1104758.0,0.0,1.0,9.99,10.16,9.91,10.12,1104758.0
2014-09-12,10.02,10.12,9.92,9.97,1288528.0,0.0,1.0,10.02,10.12,9.92,9.97,1288528.0
2014-09-11,9.78,10.09,9.723,10.09,1621523.0,0.0,1.0,9.78,10.09,9.723,10.09,1621523.0
2014-09-10,9.84,9.87,9.63,9.81,1071025.0,0.0,1.0,9.84,9.87,9.63,9.81,1071025.0
2014-09-09,9.85,9.9,9.7,9.81,864984.0,0.0,1.0,9.85,9.9,9.7,9.81,864984.0
2014-09-08,9.78,9.865,9.74,9.81,1606587.0,0.0,1.0,9.78,9.865,9.74,9.81,1606587.0
2014-09-05,9.83,9.87,9.73,9.81,1161851.0,0.0,1.0,9.83,9.87,9.73,9.81,1161851.0
2014-09-04,9.79,9.93,9.79,9.82,1939400.0,0.0,1.0,9.79,9.93,9.79,9.82,1939400.0
2014-09-03,9.83,9.85,9.73,9.84,1141223.0,0.0,1.0,9.83,9.85,9.73,9.84,1141223.0
2014-09-02,10.0,10.0,9.74,9.79,1740946.0,0.0,1.0,10.0,10.0,9.74,9.79,1740946.0
2014-08-29,10.0,10.1,9.96,10.02,1093317.0,0.0,1.0,10.0,10.1,9.96,10.02,1093317.0
2014-08-28,10.06,10.1,9.95,9.97,1432824.0,0.0,1.0,10.06,10.1,9.95,9.97,1432824.0
2014-08-27,10.17,10.17,10.01,10.03,1472625.0,0.0,1.0,10.17,10.17,10.01,10.03,1472625.0
2014-08-26,10.17,10.18,10.07,10.12,1238626.0,0.0,1.0,10.17,10.18,10.07,10.12,1238626.0
2014-08-25,9.89,10.105,9.88,10.1,932286.0,0.0,1.0,9.89,10.105,9.88,10.1,932286.0
2014-08-22,10.23,10.23,9.85,9.87,1124676.0,0.0,1.0,10.23,10.23,9.85,9.87,1124676.0
2014-08-21,9.995,10.1,9.86,10.08,1104932.0,0.0,1.0,9.995,10.1,9.86,10.08,1104932.0
2014-08-20,9.98,10.03,9.88,10.0,731148.0,0.0,1.0,9.98,10.03,9.88,10.0,731148.0
2014-08-19,10.02,10.05,9.93,9.97,695719.0,0.0,1.0,10.02,10.05,9.93,9.97,695719.0
2014-08-18,9.81,10.05,9.71,10.02,2600113.0,0.0,1.0,9.81,10.05,9.71,10.02,2600113.0
2014-08-15,9.59,9.79,9.535,9.77,1374188.0,0.0,1.0,9.59,9.79,9.535,9.77,1374188.0
2014-08-14,9.55,9.53,9.435,9.49,1034196.0,0.0,1.0,9.55,9.53,9.435,9.49,1034196.0
2014-08-13,9.65,9.62,9.42,9.48,996862.0,0.0,1.0,9.65,9.62,9.42,9.48,996862.0
2014-08-12,9.66,9.77,9.53,9.58,852448.0,0.0,1.0,9.66,9.77,9.53,9.58,852448.0
2014-08-11,9.69,9.815,9.66,9.72,1083663.0,0.0,1.0,9.69,9.815,9.66,9.72,1083663.0
2014-08-08,9.48,9.65,9.41,9.65,1236469.0,0.0,1.0,9.48,9.65,9.41,9.65,1236469.0
2014-08-07,9.54,9.54,9.29,9.41,1132822.0,0.0,1.0,9.54,9.54,9.29,9.41,1132822.0
2014-08-06,9.37,9.54,9.28,9.48,1543856.0,0.0,1.0,9.37,9.54,9.28,9.48,1543856.0
2014-08-05,9.69,9.82,9.35,9.45,1823103.0,0.0,1.0,9.69,9.82,9.35,9.45,1823103.0
2014-08-04,9.52,9.7,9.3,9.68,1770450.0,0.0,1.0,9.52,9.7,9.3,9.68,1770450.0
2014-08-01,9.52,9.59,9.24,9.35,3042830.0,0.0,1.0,9.52,9.59,9.24,9.35,3042830.0
2014-07-31,9.68,9.81,9.6021,9.63,2011100.0,0.0,1.0,9.68,9.81,9.6021,9.63,2011100.0
2014-07-30,9.94,9.96,9.68,9.84,1239274.0,0.0,1.0,9.94,9.96,9.68,9.84,1239274.0
2014-07-29,9.9,9.97,9.83,9.88,537747.0,0.0,1.0,9.9,9.97,9.83,9.88,537747.0
2014-07-28,10.005,10.126,9.89,9.92,774370.0,0.0,1.0,10.005,10.126,9.89,9.92,774370.0
2014-07-25,10.17,10.22,10.01,10.05,647820.0,0.0,1.0,10.17,10.22,10.01,10.05,647820.0
2014-07-24,10.31,10.39,10.22,10.26,739131.0,0.0,1.0,10.31,10.39,10.22,10.26,739131.0
2014-07-23,10.16,10.31,10.14,10.3,624989.0,0.0,1.0,10.16,10.31,10.14,10.3,624989.0
2014-07-22,10.25,10.27,10.11,10.2,1104191.0,0.0,1.0,10.25,10.27,10.11,10.2,1104191.0
2014-07-21,10.06,10.27,10.03,10.22,1237875.0,0.0,1.0,10.06,10.27,10.03,10.22,1237875.0
2014-07-18,9.94,10.11,9.88,10.08,1330390.0,0.0,1.0,9.94,10.11,9.88,10.08,1330390.0
2014-07-17,10.1,10.17,9.92,9.92,760945.0,0.0,1.0,10.1,10.17,9.92,9.92,760945.0
2014-07-16,10.1,10.11,9.94,10.07,618760.0,0.0,1.0,10.1,10.11,9.94,10.07,618760.0
2014-07-15,10.13,10.23,9.87,9.96,986060.0,0.0,1.0,10.13,10.23,9.87,9.96,986060.0
2014-07-14,10.11,10.19,10.0,10.18,4364959.0,0.0,1.0,10.11,10.19,10.0,10.18,4364959.0
2014-07-11,9.97,10.07,9.88,10.05,1432735.0,0.0,1.0,9.97,10.07,9.88,10.05,1432735.0
2014-07-10,10.29,10.43,9.82,9.94,6644529.0,0.0,1.0,10.29,10.43,9.82,9.94,6644529.0
2014-07-09,10.75,10.81,10.59,10.62,1067275.0,0.0,1.0,10.75,10.81,10.59,10.62,1067275.0
2014-07-08,10.77,10.81,10.55,10.72,1264047.0,0.0,1.0,10.77,10.81,10.55,10.72,1264047.0
2014-07-07,11.01,11.08,10.74,10.74,542742.0,0.0,1.0,11.01,11.08,10.74,10.74,542742.0
2014-07-03,11.02,11.08,11.0,11.04,311784.0,0.0,1.0,11.02,11.08,11.0,11.04,311784.0
2014-07-02,11.09,11.14,10.945,11.04,724317.0,0.0,1.0,11.09,11.14,10.945,11.04,724317.0
2014-07-01,11.13,11.23,11.06,11.1,844071.0,0.0,1.0,11.13,11.23,11.06,11.1,844071.0
2014-06-30,11.16,11.25,11.05,11.23,668202.0,0.0,1.0,11.16,11.25,11.05,11.23,668202.0
2014-06-27,11.11,11.255,11.06,11.21,1163120.0,0.0,1.0,11.11,11.255,11.06,11.21,1163120.0
2014-06-26,11.03,11.11,10.95,11.11,600118.0,0.0,1.0,11.03,11.11,10.95,11.11,600118.0
2014-06-25,11.0,11.2,10.89,11.08,952204.0,0.0,1.0,11.0,11.2,10.89,11.08,952204.0
2014-06-24,11.14,11.14,10.92,11.03,1433071.0,0.0,1.0,11.14,11.14,10.92,11.03,1433071.0
2014-06-23,11.22,11.2525,11.08,11.11,634526.0,0.0,1.0,11.22,11.2525,11.08,11.11,634526.0
2014-06-20,11.23,11.27,11.15,11.2,992870.0,0.0,1.0,11.23,11.27,11.15,11.2,992870.0
2014-06-19,11.08,11.21,11.03,11.2,799058.0,0.0,1.0,11.08,11.21,11.03,11.2,799058.0
2014-06-18,11.03,11.115,10.95,11.1,881486.0,0.0,1.0,11.03,11.115,10.95,11.1,881486.0
2014-06-17,10.87,11.03,10.83,11.02,1142097.0,0.0,1.0,10.87,11.03,10.83,11.02,1142097.0
2014-06-16,10.88,10.945,10.75,10.93,794521.0,0.0,1.0,10.88,10.945,10.75,10.93,794521.0
2014-06-13,10.6,10.88,10.55,10.87,840034.0,0.0,1.0,10.6,10.88,10.55,10.87,840034.0
2014-06-12,10.49,10.62,10.27,10.53,1589187.0,0.0,1.0,10.49,10.62,10.27,10.53,1589187.0
2014-06-11,10.34,10.47,10.31,10.41,498975.0,0.0,1.0,10.34,10.47,10.31,10.41,498975.0
2014-06-10,10.17,10.45,10.15,10.45,797868.0,0.0,1.0,10.17,10.45,10.15,10.45,797868.0
2014-06-09,10.11,10.28,10.05,10.15,882264.0,0.0,1.0,10.11,10.28,10.05,10.15,882264.0
2014-06-06,10.13,10.23,10.04,10.05,652147.0,0.0,1.0,10.13,10.23,10.04,10.05,652147.0
2014-06-05,10.13,10.195,10.09,10.13,743040.0,0.0,1.0,10.13,10.195,10.09,10.13,743040.0
2014-06-04,10.23,10.24,10.14,10.15,352881.0,0.0,1.0,10.23,10.24,10.14,10.15,352881.0
2014-06-03,10.06,10.29,10.0,10.26,1033606.0,0.0,1.0,10.06,10.29,10.0,10.26,1033606.0
2014-06-02,10.44,10.46,10.24,10.3,409196.0,0.0,1.0,10.44,10.46,10.24,10.3,409196.0
2014-05-30,10.54,10.59,10.44,10.48,1104707.0,0.0,1.0,10.54,10.59,10.44,10.48,1104707.0
2014-05-29,10.6,10.66,10.53,10.58,882926.0,0.0,1.0,10.6,10.66,10.53,10.58,882926.0
2014-05-28,10.48,10.57,10.37,10.55,1047409.0,0.0,1.0,10.48,10.57,10.37,10.55,1047409.0
2014-05-27,10.39,10.46,10.22,10.45,777757.0,0.0,1.0,10.39,10.46,10.22,10.45,777757.0
2014-05-23,10.44,10.46,10.27,10.37,1321127.0,0.0,1.0,10.44,10.46,10.27,10.37,1321127.0
2014-05-22,10.53,10.6,10.39,10.4,720236.0,0.0,1.0,10.53,10.6,10.39,10.4,720236.0
2014-05-21,10.48,10.55,10.43,10.54,782658.0,0.0,1.0,10.48,10.55,10.43,10.54,782658.0
2014-05-20,10.52,10.52,10.385,10.47,971951.0,0.0,1.0,10.52,10.52,10.385,10.47,971951.0
2014-05-16,10.36,10.48,10.32,10.48,427908.0,0.0,1.0,10.36,10.48,10.32,10.48,427908.0
2014-05-15,10.36,10.43,10.18,10.43,806028.0,0.0,1.0,10.36,10.43,10.18,10.43,806028.0
2014-05-14,10.39,10.425,10.31,10.42,627928.0,0.0,1.0,10.39,10.425,10.31,10.42,627928.0
2014-05-13,10.41,10.47,10.35,10.4,473675.0,0.0,1.0,10.41,10.47,10.35,10.4,473675.0
2014-05-12,10.47,10.48,10.36,10.4,975677.0,0.0,1.0,10.47,10.48,10.36,10.4,975677.0
2014-05-08,10.67,10.71,10.49,10.5,844665.0,0.0,1.0,10.67,10.71,10.49,10.5,844665.0
2014-05-07,10.51,10.72,10.48,10.65,1252870.0,0.0,1.0,10.51,10.72,10.48,10.65,1252870.0
2014-05-06,10.28,10.59,10.209,10.49,1547422.0,0.0,1.0,10.28,10.59,10.209,10.49,1547422.0
2014-05-05,10.5,10.6,10.01,10.27,6308879.0,0.0,1.0,10.5,10.6,10.01,10.27,6308879.0
2014-05-02,10.86,11.03,10.84,10.99,507293.0,0.0,1.0,10.86,11.03,10.84,10.99,507293.0
2014-05-01,10.9,10.94,10.77,10.88,412887.0,0.0,1.0,10.9,10.94,10.77,10.88,412887.0
2014-04-30,10.86,10.98,10.77,10.92,519842.0,0.0,1.0,10.86,10.98,10.77,10.92,519842.0
2014-04-29,10.96,11.11,10.95,10.97,477251.0,0.0,1.0,10.96,11.11,10.95,10.97,477251.0
2014-04-28,11.0,11.03,10.835,10.94,643356.0,0.0,1.0,11.0,11.03,10.835,10.94,643356.0
2014-04-25,10.98,11.0,10.88,10.92,1092235.0,0.0,1.0,10.98,11.0,10.88,10.92,1092235.0
2014-04-24,10.995,11.05,10.94,11.0,1219079.0,0.0,1.0,10.995,11.05,10.94,11.0,1219079.0
2014-04-23,11.0,11.04,10.92,11.0,1106803.0,0.0,1.0,11.0,11.04,10.92,11.0,1106803.0
2014-04-22,10.99,11.05,10.88,10.97,414866.0,0.0,1.0,10.99,11.05,10.88,10.97,414866.0
2014-04-21,10.97,11.05,10.86,11.0,594305.0,0.0,1.0,10.97,11.05,10.86,11.0,594305.0
2014-04-17,11.0,11.07,10.9,11.0,700359.0,0.0,1.0,11.0,11.07,10.9,11.0,700359.0
2014-04-16,10.92,11.01,10.84,10.99,566161.0,0.0,1.0,10.92,11.01,10.84,10.99,566161.0
2014-04-15,10.44,10.86,10.43,10.83,1240468.0,0.0,1.0,10.44,10.86,10.43,10.83,1240468.0
2014-04-14,10.54,10.61,10.44,10.51,837000.0,0.0,1.0,10.54,10.61,10.44,10.51,837000.0
2014-04-11,10.43,10.59,10.4,10.49,709500.0,0.0,1.0,10.43,10.59,10.4,10.49,709500.0
2014-04-10,10.46,10.6,10.41,10.45,810000.0,0.0,1.0,10.46,10.6,10.41,10.45,810000.0
2014-04-09,10.56,10.65,10.3,10.5,1096600.0,0.0,1.0,10.56,10.65,10.3,10.5,1096600.0
2014-04-08,10.5,10.73,10.5,10.55,761400.0,0.0,1.0,10.5,10.73,10.5,10.55,761400.0
2014-04-07,10.75,10.75,10.45,10.49,1047100.0,0.0,1.0,10.75,10.75,10.45,10.49,1047100.0
2014-04-04,11.02,11.02,10.75,10.75,573900.0,0.0,1.0,11.02,11.02,10.75,10.75,573900.0
2014-04-03,11.02,11.03,10.9,10.93,478300.0,0.0,1.0,11.02,11.03,10.9,10.93,478300.0
2014-04-02,11.09,11.09,10.84,10.99,609800.0,0.0,1.0,11.09,11.09,10.84,10.99,609800.0
2014-04-01,11.05,11.09,10.88,11.08,1187000.0,0.0,1.0,11.05,11.09,10.88,11.08,1187000.0
2014-03-31,11.01,11.09,10.87,11.0,820100.0,0.0,1.0,11.01,11.09,10.87,11.0,820100.0
2014-03-28,11.06,11.23,10.98,10.98,741300.0,0.0,1.0,11.06,11.23,10.98,10.98,741300.0
2014-03-27,10.88,11.25,10.85,11.06,668500.0,0.0,1.0,10.88,11.25,10.85,11.06,668500.0
2014-03-26,10.97,11.1,10.8,10.84,420200.0,0.0,1.0,10.97,11.1,10.8,10.84,420200.0
2014-03-25,10.94,11.06,10.88,10.92,607200.0,0.0,1.0,10.94,11.06,10.88,10.92,607200.0
2014-03-24,10.98,11.0,10.75,10.88,390700.0,0.0,1.0,10.98,11.0,10.75,10.88,390700.0
2014-03-21,10.89,11.0,10.79,10.96,1262400.0,0.0,1.0,10.89,11.0,10.79,10.96,1262400.0
2014-03-20,10.69,10.86,10.37,10.82,647800.0,0.0,1.0,10.69,10.86,10.37,10.82,647800.0
2014-03-19,10.8,10.96,10.58,10.7,658800.0,0.0,1.0,10.8,10.96,10.58,10.7,658800.0
2014-03-18,10.76,10.95,10.56,10.77,737800.0,0.0,1.0,10.76,10.95,10.56,10.77,737800.0
2014-03-17,10.64,10.76,10.55,10.74,432400.0,0.0,1.0,10.64,10.76,10.55,10.74,432400.0
2014-03-14,10.55,10.62,10.42,10.6,577800.0,0.0,1.0,10.55,10.62,10.42,10.6,577800.0
2014-03-13,10.69,10.71,10.46,10.58,451500.0,0.0,1.0,10.69,10.71,10.46,10.58,451500.0
2014-03-12,10.65,10.75,10.46,10.69,998500.0,0.0,1.0,10.65,10.75,10.46,10.69,998500.0
2014-03-11,10.86,11.19,10.72,10.75,800300.0,0.0,1.0,10.86,11.19,10.72,10.75,800300.0
2014-03-10,10.89,10.92,10.7,10.88,391900.0,0.0,1.0,10.89,10.92,10.7,10.88,391900.0
2014-03-07,10.85,10.99,10.79,10.9,273200.0,0.0,1.0,10.85,10.99,10.79,10.9,273200.0
2014-03-06,10.84,11.1,10.77,10.83,562500.0,0.0,1.0,10.84,11.1,10.77,10.83,562500.0
2014-03-05,10.99,11.03,10.84,10.91,413000.0,0.0,1.0,10.99,11.03,10.84,10.91,413000.0
2014-03-04,11.03,11.03,10.89,10.98,529700.0,0.0,1.0,11.03,11.03,10.89,10.98,529700.0
2014-03-03,10.87,11.0,10.77,10.96,771700.0,0.0,1.0,10.87,11.0,10.77,10.96,771700.0
2014-02-28,11.0,11.05,10.94,10.98,668500.0,0.0,1.0,11.0,11.05,10.94,10.98,668500.0
2014-02-27,10.95,11.06,10.93,11.0,787400.0,0.0,1.0,10.95,11.06,10.93,11.0,787400.0
2014-02-26,10.96,11.01,10.67,10.98,788500.0,0.0,1.0,10.96,11.01,10.67,10.98,788500.0
2014-02-25,10.88,11.02,10.69,10.93,773400.0,0.0,1.0,10.88,11.02,10.69,10.93,773400.0
2014-02-24,10.85,11.34,10.62,10.81,1515100.0,0.0,1.0,10.85,11.34,10.62,10.81,1515100.0
2014-02-21,10.71,10.73,10.53,10.62,663000.0,0.0,1.0,10.71,10.73,10.53,10.62,663000.0
2014-02-20,10.56,10.75,10.45,10.73,620600.0,0.0,1.0,10.56,10.75,10.45,10.73,620600.0
2014-02-19,10.62,10.7,10.52,10.63,589200.0,0.0,1.0,10.62,10.7,10.52,10.63,589200.0
2014-02-18,10.75,10.82,10.48,10.66,1009800.0,0.0,1.0,10.75,10.82,10.48,10.66,1009800.0
2014-02-14,10.65,10.76,10.53,10.72,336900.0,0.0,1.0,10.65,10.76,10.53,10.72,336900.0
2014-02-13,10.57,10.72,10.37,10.62,479300.0,0.0,1.0,10.57,10.72,10.37,10.62,479300.0
2014-02-12,10.69,10.78,10.56,10.61,452300.0,0.0,1.0,10.69,10.78,10.56,10.61,452300.0
2014-02-11,10.36,10.69,10.28,10.64,535900.0,0.0,1.0,10.36,10.69,10.28,10.64,535900.0
2014-02-10,10.46,10.5,10.24,10.35,381800.0,0.0,1.0,10.46,10.5,10.24,10.35,381800.0
2014-02-07,10.37,10.49,10.17,10.48,306200.0,0.0,1.0,10.37,10.49,10.17,10.48,306200.0
2014-02-06,10.21,10.45,10.2,10.33,436000.0,0.0,1.0,10.21,10.45,10.2,10.33,436000.0
2014-02-05,10.26,10.26,9.89,10.21,764600.0,0.0,1.0,10.26,10.26,9.89,10.21,764600.0
2014-02-04,10.16,10.42,10.0,10.29,645100.0,0.0,1.0,10.16,10.42,10.0,10.29,645100.0
2014-02-03,10.24,10.27,9.88,10.09,765800.0,0.0,1.0,10.24,10.27,9.88,10.09,765800.0
2014-01-31,10.38,10.48,10.21,10.34,459600.0,0.0,1.0,10.38,10.48,10.21,10.34,459600.0
2014-01-30,10.59,10.67,10.32,10.5,600900.0,0.0,1.0,10.59,10.67,10.32,10.5,600900.0
2014-01-29,10.59,10.59,10.15,10.31,1269100.0,0.0,1.0,10.59,10.59,10.15,10.31,1269100.0
2014-01-28,10.44,10.8,10.37,10.61,758700.0,0.0,1.0,10.44,10.8,10.37,10.61,758700.0
2014-01-27,10.49,10.59,10.27,10.45,884200.0,0.0,1.0,10.49,10.59,10.27,10.45,884200.0
2014-01-24,10.47,10.58,10.33,10.54,1153000.0,0.0,1.0,10.47,10.58,10.33,10.54,1153000.0
2014-01-23,10.51,10.74,10.31,10.54,933100.0,0.0,1.0,10.51,10.74,10.31,10.54,933100.0
2014-01-22,10.4,10.58,10.31,10.56,515400.0,0.0,1.0,10.4,10.58,10.31,10.56,515400.0
2014-01-21,10.23,10.4,10.22,10.35,537400.0,0.0,1.0,10.23,10.4,10.22,10.35,537400.0
2014-01-17,10.22,10.33,10.12,10.24,651400.0,0.0,1.0,10.22,10.33,10.12,10.24,651400.0
2014-01-16,10.15,10.34,9.88,10.33,997100.0,0.0,1.0,10.15,10.34,9.88,10.33,997100.0
2014-01-15,10.9,10.97,10.11,10.22,3021600.0,0.0,1.0,10.9,10.97,10.11,10.22,3021600.0
2014-01-14,10.88,11.15,10.79,11.11,546500.0,0.0,1.0,10.88,11.15,10.79,11.11,546500.0
2014-01-13,11.51,11.51,10.63,10.81,577400.0,0.0,1.0,11.51,11.51,10.63,10.81,577400.0
2014-01-10,11.25,11.28,11.04,11.19,308000.0,0.0,1.0,11.25,11.28,11.04,11.19,308000.0
2014-01-09,11.52,11.6,10.87,11.21,668600.0,0.0,1.0,11.52,11.6,10.87,11.21,668600.0
2014-01-08,11.25,11.26,11.01,11.15,376100.0,0.0,1.0,11.25,11.26,11.01,11.15,376100.0
2014-01-07,11.04,11.28,11.0,11.23,588400.0,0.0,1.0,11.04,11.28,11.0,11.23,588400.0
2014-01-06,11.1,11.2,10.89,10.99,630500.0,0.0,1.0,11.1,11.2,10.89,10.99,630500.0
2014-01-03,11.27,11.3,10.93,11.06,484700.0,0.0,1.0,11.27,11.3,10.93,11.06,484700.0
2014-01-02,11.22,11.33,10.93,11.21,663500.0,0.0,1.0,11.22,11.33,10.93,11.21,663500.0
2013-12-31,11.18,11.37,11.14,11.18,341100.0,0.0,1.0,11.18,11.37,11.14,11.18,341100.0
2013-12-30,11.28,11.38,11.16,11.16,518200.0,0.0,1.0,11.28,11.38,11.16,11.16,518200.0
2013-12-27,11.02,11.3,10.92,11.26,353800.0,0.0,1.0,11.02,11.3,10.92,11.26,353800.0
2013-12-26,11.18,11.2,11.0,11.01,322700.0,0.0,1.0,11.18,11.2,11.0,11.01,322700.0
2013-12-24,11.06,11.15,10.99,11.15,178500.0,0.0,1.0,11.06,11.15,10.99,11.15,178500.0
2013-12-23,11.0,11.1,10.89,11.03,469800.0,0.0,1.0,11.0,11.1,10.89,11.03,469800.0
2013-12-20,10.68,11.02,10.65,10.92,3510800.0,0.0,1.0,10.68,11.02,10.65,10.92,3510800.0
2013-12-19,10.57,10.69,10.42,10.66,395400.0,0.0,1.0,10.57,10.69,10.42,10.66,395400.0
2013-12-18,10.63,10.77,10.28,10.58,2008800.0,0.0,1.0,10.63,10.77,10.28,10.58,2008800.0
2013-12-17,10.95,11.0,10.72,10.73,465500.0,0.0,1.0,10.95,11.0,10.72,10.73,465500.0
2013-12-16,11.03,11.03,10.84,10.97,494800.0,0.0,1.0,11.03,11.03,10.84,10.97,494800.0
2013-12-13,11.03,11.31,10.9,11.01,666200.0,0.0,1.0,11.03,11.31,10.9,11.01,666200.0
2013-12-12,10.8,11.08,10.69,11.06,478200.0,0.0,1.0,10.8,11.08,10.69,11.06,478200.0
2013-12-11,11.05,11.09,10.83,10.85,393000.0,0.0,1.0,11.05,11.09,10.83,10.85,393000.0
2013-12-10,11.14,11.29,10.98,11.02,226600.0,0.0,1.0,11.14,11.29,10.98,11.02,226600.0
2013-12-09,11.28,11.31,10.88,11.15,645800.0,0.0,1.0,11.28,11.31,10.88,11.15,645800.0
2013-12-06,11.19,11.32,11.12,11.31,1081000.0,0.0,1.0,11.19,11.32,11.12,11.31,1081000.0
2013-12-05,11.18,11.25,11.07,11.13,311200.0,0.0,1.0,11.18,11.25,11.07,11.13,311200.0
2013-12-04,11.31,11.31,11.05,11.13,497900.0,0.0,1.0,11.31,11.31,11.05,11.13,497900.0
2013-12-03,11.26,11.42,11.15,11.29,1644200.0,0.0,1.0,11.26,11.42,11.15,11.29,1644200.0
2013-12-02,10.41,11.29,10.34,11.25,1611800.0,0.0,1.0,10.41,11.29,10.34,11.25,1611800.0
2013-11-29,10.5,10.55,10.39,10.41,160000.0,0.0,1.0,10.5,10.55,10.39,10.41,160000.0
2013-11-27,10.77,10.79,10.48,10.51,215800.0,0.0,1.0,10.77,10.79,10.48,10.51,215800.0
2013-11-26,10.59,10.76,10.57,10.76,516800.0,0.0,1.0,10.59,10.76,10.57,10.76,516800.0
2013-11-25,10.66,10.69,10.41,10.57,362200.0,0.0,1.0,10.66,10.69,10.41,10.57,362200.0
2013-11-22,10.43,10.66,10.37,10.64,888500.0,0.0,1.0,10.43,10.66,10.37,10.64,888500.0
2013-11-21,10.6,10.73,10.39,10.45,462500.0,0.0,1.0,10.6,10.73,10.39,10.45,462500.0
2013-11-20,10.59,10.79,10.48,10.55,245700.0,0.0,1.0,10.59,10.79,10.48,10.55,245700.0
2013-11-19,10.5,10.63,10.49,10.56,324900.0,0.0,1.0,10.5,10.63,10.49,10.56,324900.0
2013-11-18,11.29,11.29,10.5,10.53,881500.0,0.0,1.0,11.29,11.29,10.5,10.53,881500.0
2013-11-15,10.67,10.81,10.54,10.68,783100.0,0.0,1.0,10.67,10.81,10.54,10.68,783100.0
2013-11-14,10.14,10.63,10.03,10.58,597700.0,0.0,1.0,10.14,10.63,10.03,10.58,597700.0
2013-11-13,10.16,10.26,10.04,10.16,431100.0,0.0,1.0,10.16,10.26,10.04,10.16,431100.0
2013-11-12,10.2,10.26,10.11,10.2,360400.0,0.0,1.0,10.2,10.26,10.11,10.2,360400.0
2013-11-11,10.41,10.49,10.22,10.25,188800.0,0.0,1.0,10.41,10.49,10.22,10.25,188800.0
2013-11-08,10.29,10.45,10.13,10.44,581700.0,0.0,1.0,10.29,10.45,10.13,10.44,581700.0
2013-11-07,10.5,10.5,10.14,10.28,685200.0,0.0,1.0,10.5,10.5,10.14,10.28,685200.0
2013-11-06,10.39,10.54,10.27,10.45,392800.0,0.0,1.0,10.39,10.54,10.27,10.45,392800.0
2013-11-05,10.41,10.68,10.29,10.31,472600.0,0.0,1.0,10.41,10.68,10.29,10.31,472600.0
2013-11-04,10.72,10.73,10.49,10.55,432600.0,0.0,1.0,10.72,10.73,10.49,10.55,432600.0
2013-11-01,10.71,10.76,10.42,10.71,442800.0,0.0,1.0,10.71,10.76,10.42,10.71,442800.0
2013-10-31,10.79,10.79,10.56,10.66,242100.0,0.0,1.0,10.79,10.79,10.56,10.66,242100.0
2013-10-30,10.84,10.87,10.63,10.76,212600.0,0.0,1.0,10.84,10.87,10.63,10.76,212600.0
2013-10-29,10.84,10.97,10.8,10.81,253700.0,0.0,1.0,10.84,10.97,10.8,10.81,253700.0
2013-10-28,10.78,10.89,10.75,10.82,177000.0,0.0,1.0,10.78,10.89,10.75,10.82,177000.0
2013-10-25,10.75,10.86,10.64,10.82,218600.0,0.0,1.0,10.75,10.86,10.64,10.82,218600.0
2013-10-24,10.51,10.72,10.38,10.72,251400.0,0.0,1.0,10.51,10.72,10.38,10.72,251400.0
2013-10-23,10.4,10.56,10.27,10.47,297900.0,0.0,1.0,10.4,10.56,10.27,10.47,297900.0
2013-10-22,10.76,10.78,10.33,10.47,632200.0,0.0,1.0,10.76,10.78,10.33,10.47,632200.0
2013-10-21,10.52,10.71,10.5,10.71,456000.0,0.0,1.0,10.52,10.71,10.5,10.71,456000.0
2013-10-18,10.78,10.8,10.52,10.54,446300.0,0.0,1.0,10.78,10.8,10.52,10.54,446300.0
2013-10-17,10.56,10.7,10.49,10.7,434800.0,0.0,1.0,10.56,10.7,10.49,10.7,434800.0
2013-10-16,10.79,10.88,10.54,10.6,365800.0,0.0,1.0,10.79,10.88,10.54,10.6,365800.0
2013-10-15,10.93,10.93,10.66,10.73,632200.0,0.0,1.0,10.93,10.93,10.66,10.73,632200.0
2013-10-14,10.55,10.76,10.47,10.74,416300.0,0.0,1.0,10.55,10.76,10.47,10.74,416300.0
2013-10-11,10.2,10.59,10.2,10.59,1066900.0,0.0,1.0,10.2,10.59,10.2,10.59,1066900.0
2013-10-10,10.2,10.3,10.15,10.28,237300.0,0.0,1.0,10.2,10.3,10.15,10.28,237300.0
2013-10-09,10.31,10.31,10.03,10.13,205200.0,0.0,1.0,10.31,10.31,10.03,10.13,205200.0
2013-10-08,10.52,10.56,10.29,10.32,294900.0,0.0,1.0,10.52,10.56,10.29,10.32,294900.0
2013-10-07,10.4,10.51,10.36,10.48,133100.0,0.0,1.0,10.4,10.51,10.36,10.48,133100.0
2013-10-04,10.43,10.56,10.43,10.49,508700.0,0.0,1.0,10.43,10.56,10.43,10.49,508700.0
2013-10-03,10.54,10.57,10.38,10.44,284600.0,0.0,1.0,10.54,10.57,10.38,10.44,284600.0
2013-10-02,10.41,10.57,10.32,10.52,888400.0,0.0,1.0,10.41,10.57,10.32,10.52,888400.0
2013-10-01,10.24,10.43,10.24,10.42,496500.0,0.0,1.0,10.24,10.43,10.24,10.42,496500.0
2013-09-30,10.35,10.4,10.23,10.28,572200.0,0.0,1.0,10.35,10.4,10.23,10.28,572200.0
2013-09-27,10.61,10.67,10.39,10.44,339300.0,0.0,1.0,10.61,10.67,10.39,10.44,339300.0
2013-09-26,10.69,10.75,10.62,10.66,314300.0,0.0,1.0,10.69,10.75,10.62,10.66,314300.0
2013-09-25,10.59,10.68,10.55,10.66,377400.0,0.0,1.0,10.59,10.68,10.55,10.66,377400.0
2013-09-24,10.55,10.61,10.4,10.58,556900.0,0.0,1.0,10.55,10.61,10.4,10.58,556900.0
2013-09-23,10.72,10.79,10.54,10.56,645700.0,0.0,1.0,10.72,10.79,10.54,10.56,645700.0
2013-09-20,10.7,10.78,10.58,10.75,2669900.0,0.0,1.0,10.7,10.78,10.58,10.75,2669900.0
2013-09-19,10.91,11.0,10.6,10.73,1129800.0,0.0,1.0,10.91,11.0,10.6,10.73,1129800.0
2013-09-18,10.6,10.91,10.57,10.87,736200.0,0.0,1.0,10.6,10.91,10.57,10.87,736200.0
2013-09-17,10.67,10.72,10.59,10.62,572000.0,0.0,1.0,10.67,10.72,10.59,10.62,572000.0
2013-09-16,10.69,10.79,10.61,10.63,864500.0,0.0,1.0,10.69,10.79,10.61,10.63,864500.0
2013-09-13,10.78,10.94,10.45,10.48,903500.0,0.0,1.0,10.78,10.94,10.45,10.48,903500.0
2013-09-12,10.54,11.01,10.52,10.89,980000.0,0.0,1.0,10.54,11.01,10.52,10.89,980000.0
2013-09-11,10.44,10.75,10.34,10.53,1152700.0,0.0,1.0,10.44,10.75,10.34,10.53,1152700.0
2013-09-10,10.41,10.47,10.34,10.42,435000.0,0.0,1.0,10.41,10.47,10.34,10.42,435000.0
2013-09-09,10.41,10.47,10.34,10.41,410600.0,0.0,1.0,10.41,10.47,10.34,10.41,410600.0
2013-09-06,10.44,10.52,10.36,10.37,323700.0,0.0,1.0,10.44,10.52,10.36,10.37,323700.0
2013-09-05,10.42,10.5,10.32,10.39,482600.0,0.0,1.0,10.42,10.5,10.32,10.39,482600.0
2013-09-04,10.18,10.46,10.17,10.4,793800.0,0.0,1.0,10.18,10.46,10.17,10.4,793800.0
2013-09-03,10.35,10.38,10.08,10.13,453100.0,0.0,1.0,10.35,10.38,10.08,10.13,453100.0
2013-08-30,10.24,10.27,10.13,10.17,259100.0,0.0,1.0,10.24,10.27,10.13,10.17,259100.0
2013-08-29,10.21,10.26,10.11,10.22,262600.0,0.0,1.0,10.21,10.26,10.11,10.22,262600.0
2013-08-28,9.98,10.22,9.97,10.21,384700.0,0.0,1.0,9.98,10.22,9.97,10.21,384700.0
2013-08-27,9.98,10.01,9.87,9.95,234700.0,0.0,1.0,9.98,10.01,9.87,9.95,234700.0
2013-08-26,10.04,10.09,9.96,10.0,600000.0,0.0,1.0,10.04,10.09,9.96,10.0,600000.0
2013-08-23,10.01,10.07,9.92,9.99,324100.0,0.0,1.0,10.01,10.07,9.92,9.99,324100.0
2013-08-22,9.9,10.08,9.81,9.98,640100.0,0.0,1.0,9.9,10.08,9.81,9.98,640100.0
2013-08-21,10.04,10.08,9.73,9.81,450500.0,0.0,1.0,10.04,10.08,9.73,9.81,450500.0
2013-08-20,9.93,10.24,9.87,10.08,599000.0,0.0,1.0,9.93,10.24,9.87,10.08,599000.0
2013-08-19,10.04,10.09,9.88,9.93,232200.0,0.0,1.0,10.04,10.09,9.88,9.93,232200.0
2013-08-16,10.16,10.17,9.97,10.05,254400.0,0.0,1.0,10.16,10.17,9.97,10.05,254400.0
2013-08-15,10.06,10.19,9.91,10.19,351800.0,0.0,1.0,10.06,10.19,9.91,10.19,351800.0
2013-08-14,10.49,10.6,10.13,10.16,750800.0,0.0,1.0,10.49,10.6,10.13,10.16,750800.0
2013-08-13,9.73,10.59,9.72,10.51,1234800.0,0.0,1.0,9.73,10.59,9.72,10.51,1234800.0
2013-08-12,10.05,10.17,9.71,9.75,1408700.0,0.0,1.0,10.05,10.17,9.71,9.75,1408700.0
2013-08-09,10.19,10.25,10.05,10.09,700100.0,0.0,1.0,10.19,10.25,10.05,10.09,700100.0
2013-08-08,10.16,10.27,10.13,10.18,818600.0,0.0,1.0,10.16,10.27,10.13,10.18,818600.0
2013-08-07,10.21,10.3,10.1,10.13,423400.0,0.0,1.0,10.21,10.3,10.1,10.13,423400.0
2013-08-06,10.24,10.27,10.08,10.2,786700.0,0.0,1.0,10.24,10.27,10.08,10.2,786700.0
2013-08-05,10.62,10.72,10.34,10.52,1045400.0,0.0,1.0,10.62,10.72,10.34,10.52,1045400.0
2013-08-02,10.76,10.79,10.53,10.66,737800.0,0.0,1.0,10.76,10.79,10.53,10.66,737800.0
2013-08-01,10.6,10.87,10.58,10.81,400200.0,0.0,1.0,10.6,10.87,10.58,10.81,400200.0
2013-07-31,10.9,10.9,10.51,10.56,838500.0,0.0,1.0,10.9,10.9,10.51,10.56,838500.0
2013-07-30,10.98,10.98,10.69,10.87,1040900.0,0.0,1.0,10.98,10.98,10.69,10.87,1040900.0
2013-07-29,10.9,11.06,10.87,10.95,89200.0,0.0,1.0,10.9,11.06,10.87,10.95,89200.0
2013-07-26,10.92,10.96,10.71,10.94,444900.0,0.0,1.0,10.92,10.96,10.71,10.94,444900.0
2013-07-25,10.86,11.0,10.75,10.98,255600.0,0.0,1.0,10.86,11.0,10.75,10.98,255600.0
2013-07-24,11.14,11.14,10.8,10.86,229900.0,0.0,1.0,11.14,11.14,10.8,10.86,229900.0
2013-07-23,10.99,11.15,10.92,11.1,283400.0,0.0,1.0,10.99,11.15,10.92,11.1,283400.0
2013-07-22,10.78,10.97,10.74,10.95,257200.0,0.0,1.0,10.78,10.97,10.74,10.95,257200.0
2013-07-19,10.9,10.97,10.73,10.81,4103200.0,0.0,1.0,10.9,10.97,10.73,10.81,4103200.0
2013-07-18,10.89,11.0,10.85,10.91,310700.0,0.0,1.0,10.89,11.0,10.85,10.91,310700.0
2013-07-17,11.0,11.1,10.79,10.91,302700.0,0.0,1.0,11.0,11.1,10.79,10.91,302700.0
2013-07-16,10.82,11.02,10.77,11.02,413600.0,0.0,1.0,10.82,11.02,10.77,11.02,413600.0
2013-07-15,10.78,11.0,10.66,10.84,302700.0,0.0,1.0,10.78,11.0,10.66,10.84,302700.0
2013-07-12,10.76,10.81,10.67,10.8,957100.0,0.0,1.0,10.76,10.81,10.67,10.8,957100.0
2013-07-11,10.47,10.81,10.42,10.77,379600.0,0.0,1.0,10.47,10.81,10.42,10.77,379600.0
2013-07-10,10.4,10.54,10.31,10.41,657800.0,0.0,1.0,10.4,10.54,10.31,10.41,657800.0
2013-07-09,10.41,10.44,10.35,10.4,503400.0,0.0,1.0,10.41,10.44,10.35,10.4,503400.0
2013-07-08,10.4,10.44,10.26,10.41,775000.0,0.0,1.0,10.4,10.44,10.26,10.41,775000.0
2013-07-05,10.4,10.46,10.25,10.4,608000.0,0.0,1.0,10.4,10.46,10.25,10.4,608000.0
2013-07-03,10.4,10.41,10.22,10.37,160500.0,0.0,1.0,10.4,10.41,10.22,10.37,160500.0
2013-07-02,10.4,10.51,10.34,10.39,422100.0,0.0,1.0,10.4,10.51,10.34,10.39,422100.0
2013-07-01,10.17,10.44,10.17,10.4,888200.0,0.0,1.0,10.17,10.44,10.17,10.4,888200.0
2013-06-28,10.37,10.41,10.16,10.16,1698500.0,0.0,1.0,10.37,10.41,10.16,10.16,1698500.0
2013-06-27,10.4,10.45,10.3,10.35,301200.0,0.0,1.0,10.4,10.45,10.3,10.35,301200.0
2013-06-26,10.34,10.43,10.28,10.38,491900.0,0.0,1.0,10.34,10.43,10.28,10.38,491900.0
2013-06-25,10.43,10.48,10.28,10.31,383500.0,0.0,1.0,10.43,10.48,10.28,10.31,383500.0
2013-06-24,10.33,10.4,10.09,10.36,675500.0,0.0,1.0,10.33,10.4,10.09,10.36,675500.0
2013-06-21,10.53,10.59,10.34,10.43,553000.0,0.0,1.0,10.53,10.59,10.34,10.43,553000.0
2013-06-20,10.55,10.55,10.31,10.5,525500.0,0.0,1.0,10.55,10.55,10.31,10.5,525500.0
2013-06-19,10.77,10.85,10.55,10.62,513100.0,0.0,1.0,10.77,10.85,10.55,10.62,513100.0
2013-06-18,10.75,10.91,10.68,10.74,527700.0,0.0,1.0,10.75,10.91,10.68,10.74,527700.0
2013-06-17,10.81,10.92,10.69,10.77,639900.0,0.0,1.0,10.81,10.92,10.69,10.77,639900.0
2013-06-14,10.57,10.78,10.39,10.78,802700.0,0.0,1.0,10.57,10.78,10.39,10.78,802700.0
2013-06-13,10.4,10.54,10.35,10.5,540100.0,0.0,1.0,10.4,10.54,10.35,10.5,540100.0
2013-06-12,10.42,10.43,10.25,10.43,428600.0,0.0,1.0,10.42,10.43,10.25,10.43,428600.0
2013-06-11,10.33,10.46,10.2,10.38,1171900.0,0.0,1.0,10.33,10.46,10.2,10.38,1171900.0
2013-06-10,10.61,10.74,10.47,10.61,360300.0,0.0,1.0,10.61,10.74,10.47,10.61,360300.0
2013-06-07,10.7,10.78,10.51,10.62,459200.0,0.0,1.0,10.7,10.78,10.51,10.62,459200.0
2013-06-06,10.56,10.63,10.4,10.55,357700.0,0.0,1.0,10.56,10.63,10.4,10.55,357700.0
2013-06-05,10.5,10.64,10.46,10.59,677400.0,0.0,1.0,10.5,10.64,10.46,10.59,677400.0
2013-06-04,10.44,10.55,10.39,10.55,422800.0,0.0,1.0,10.44,10.55,10.39,10.55,422800.0
2013-06-03,10.37,10.47,10.26,10.43,486800.0,0.0,1.0,10.37,10.47,10.26,10.43,486800.0
2013-05-31,10.54,10.54,10.27,10.32,682500.0,0.0,1.0,10.54,10.54,10.27,10.32,682500.0
2013-05-30,10.42,10.68,10.25,10.61,770100.0,0.0,1.0,10.42,10.68,10.25,10.61,770100.0
2013-05-29,10.5,10.5,10.32,10.43,321900.0,0.0,1.0,10.5,10.5,10.32,10.43,321900.0
2013-05-28,10.63,10.66,10.45,10.53,403900.0,0.0,1.0,10.63,10.66,10.45,10.53,403900.0
2013-05-24,10.54,10.6,10.33,10.54,766300.0,0.0,1.0,10.54,10.6,10.33,10.54,766300.0
2013-05-23,10.56,10.6,10.37,10.57,1138400.0,0.0,1.0,10.56,10.6,10.37,10.57,1138400.0
2013-05-22,11.08,11.14,10.48,10.75,1993400.0,0.0,1.0,11.08,11.14,10.48,10.75,1993400.0
2013-05-21,11.22,11.64,11.0,11.15,2042900.0,0.0,1.0,11.22,11.64,11.0,11.15,2042900.0
2013-05-20,11.8,12.17,11.7,11.92,2261800.0,0.0,1.0,11.8,12.17,11.7,11.92,2261800.0
2013-05-17,11.6,11.89,11.55,11.79,643700.0,0.0,1.0,11.6,11.89,11.55,11.79,643700.0
2013-05-16,11.57,11.78,11.51,11.52,817100.0,0.0,1.0,11.57,11.78,11.51,11.52,817100.0
2013-05-15,11.47,11.65,11.45,11.55,1074100.0,0.0,1.0,11.47,11.65,11.45,11.55,1074100.0
2013-05-14,11.45,11.6,11.35,11.46,1488200.0,0.0,1.0,11.45,11.6,11.35,11.46,1488200.0
2013-05-13,11.2,11.44,11.15,11.38,914800.0,0.0,1.0,11.2,11.44,11.15,11.38,914800.0
2013-05-10,11.32,11.42,11.06,11.25,1361400.0,0.0,1.0,11.32,11.42,11.06,11.25,1361400.0
2013-05-09,11.01,11.47,10.68,11.35,705800.0,0.0,1.0,11.01,11.47,10.68,11.35,705800.0
2013-05-08,11.11,11.18,10.9,10.99,551800.0,0.0,1.0,11.11,11.18,10.9,10.99,551800.0
2013-05-07,11.04,11.47,10.97,11.13,1146400.0,0.0,1.0,11.04,11.47,10.97,11.13,1146400.0
2013-05-06,10.96,11.16,10.89,10.96,456600.0,0.0,1.0,10.96,11.16,10.89,10.96,456600.0
2013-05-03,11.02,11.09,10.87,10.92,345400.0,0.0,1.0,11.02,11.09,10.87,10.92,345400.0
2013-05-02,10.91,10.95,10.58,10.88,577500.0,0.0,1.0,10.91,10.95,10.58,10.88,577500.0
2013-05-01,10.89,11.0,10.63,10.9,856300.0,0.0,1.0,10.89,11.0,10.63,10.9,856300.0
2013-04-30,11.0,11.0,10.88,10.99,388800.0,0.0,1.0,11.0,11.0,10.88,10.99,388800.0
2013-04-29,10.98,11.01,10.85,11.0,470400.0,0.0,1.0,10.98,11.01,10.85,11.0,470400.0
2013-04-26,10.94,11.03,10.77,10.91,189700.0,0.0,1.0,10.94,11.03,10.77,10.91,189700.0
2013-04-25,10.81,11.04,10.75,10.92,382800.0,0.0,1.0,10.81,11.04,10.75,10.92,382800.0
2013-04-24,10.63,10.86,10.6,10.78,393700.0,0.0,1.0,10.63,10.86,10.6,10.78,393700.0
2013-04-23,10.52,10.69,10.41,10.6,221800.0,0.0,1.0,10.52,10.69,10.41,10.6,221800.0
2013-04-22,10.56,10.61,10.4,10.52,327100.0,0.0,1.0,10.56,10.61,10.4,10.52,327100.0
2013-04-19,10.48,10.56,10.22,10.56,577500.0,0.0,1.0,10.48,10.56,10.22,10.56,577500.0
2013-04-18,10.52,10.6,10.3,10.5,506100.0,0.0,1.0,10.52,10.6,10.3,10.5,506100.0
2013-04-17,10.66,10.66,10.29,10.52,313100.0,0.0,1.0,10.66,10.66,10.29,10.52,313100.0
2013-04-16,10.57,10.73,10.57,10.71,354300.0,0.0,1.0,10.57,10.73,10.57,10.71,354300.0
2013-04-15,11.09,11.11,10.5,10.51,955400.0,0.0,1.0,11.09,11.11,10.5,10.51,955400.0
2013-04-12,11.23,11.25,11.09,11.15,736400.0,0.0,1.0,11.23,11.25,11.09,11.15,736400.0
2013-04-11,11.4,11.4,11.12,11.25,356900.0,0.0,1.0,11.4,11.4,11.12,11.25,356900.0
2013-04-10,11.34,11.42,11.28,11.36,469300.0,0.0,1.0,11.34,11.42,11.28,11.36,469300.0
2013-04-09,10.93,11.36,10.87,11.35,681000.0,0.0,1.0,10.93,11.36,10.87,11.35,681000.0
2013-04-08,11.01,11.12,10.88,10.94,337900.0,0.0,1.0,11.01,11.12,10.88,10.94,337900.0
2013-04-05,10.77,11.01,10.76,11.0,331900.0,0.0,1.0,10.77,11.01,10.76,11.0,331900.0
2013-04-04,10.87,10.92,10.77,10.86,433600.0,0.0,1.0,10.87,10.92,10.77,10.86,433600.0
2013-04-03,11.14,11.16,10.85,10.86,915200.0,0.0,1.0,11.14,11.16,10.85,10.86,915200.0
2013-04-02,11.31,11.35,11.15,11.18,1045600.0,0.0,1.0,11.31,11.35,11.15,11.18,1045600.0
2013-04-01,11.3,11.3,11.1,11.26,575900.0,0.0,1.0,11.3,11.3,11.1,11.26,575900.0
2013-03-28,11.27,11.34,11.2,11.3,615900.0,0.0,1.0,11.27,11.34,11.2,11.3,615900.0
2013-03-27,11.2,11.34,11.1,11.31,726900.0,0.0,1.0,11.2,11.34,11.1,11.31,726900.0
2013-03-26,11.2,11.29,11.09,11.29,483700.0,0.0,1.0,11.2,11.29,11.09,11.29,483700.0
2013-03-25,11.25,11.3,11.1,11.17,910300.0,0.0,1.0,11.25,11.3,11.1,11.17,910300.0
2013-03-22,11.25,11.3,11.11,11.16,458700.0,0.0,1.0,11.25,11.3,11.11,11.16,458700.0
2013-03-21,11.17,11.31,11.11,11.27,2560100.0,0.0,1.0,11.17,11.31,11.11,11.27,2560100.0
2013-03-20,11.01,11.26,10.82,11.18,1030200.0,0.0,1.0,11.01,11.26,10.82,11.18,1030200.0
2013-03-19,11.07,11.09,10.76,10.99,1782300.0,0.0,1.0,11.07,11.09,10.76,10.99,1782300.0
2013-03-18,11.0,11.2,10.94,11.09,1092000.0,0.0,1.0,11.0,11.2,10.94,11.09,1092000.0
2013-03-15,11.26,11.34,11.08,11.08,906700.0,0.0,1.0,11.26,11.34,11.08,11.08,906700.0
2013-03-14,11.21,11.27,11.11,11.23,915700.0,0.0,1.0,11.21,11.27,11.11,11.23,915700.0
2013-03-13,11.21,11.35,11.09,11.17,1437500.0,0.0,1.0,11.21,11.35,11.09,11.17,1437500.0
2013-03-12,10.94,11.22,10.85,11.22,1548100.0,0.0,1.0,10.94,11.22,10.85,11.22,1548100.0
2013-03-11,10.93,10.95,10.8,10.91,813900.0,0.0,1.0,10.93,10.95,10.8,10.91,813900.0
2013-03-08,10.69,10.93,10.6,10.92,820400.0,0.0,1.0,10.69,10.93,10.6,10.92,820400.0
2013-03-07,10.73,10.8,10.65,10.69,660600.0,0.0,1.0,10.73,10.8,10.65,10.69,660600.0
2013-03-06,10.82,10.9,10.65,10.74,832000.0,0.0,1.0,10.82,10.9,10.65,10.74,832000.0
2013-03-05,10.66,10.81,10.59,10.7,1299600.0,0.0,1.0,10.66,10.81,10.59,10.7,1299600.0
2013-03-04,10.86,10.86,10.47,10.66,987200.0,0.0,1.0,10.86,10.86,10.47,10.66,987200.0
2013-03-01,10.84,10.98,10.69,10.85,949900.0,0.0,1.0,10.84,10.98,10.69,10.85,949900.0
2013-02-28,10.85,11.01,10.79,10.93,1573300.0,0.0,1.0,10.85,11.01,10.79,10.93,1573300.0
2013-02-27,10.67,10.96,10.64,10.82,1549300.0,0.0,1.0,10.67,10.96,10.64,10.82,1549300.0
2013-02-26,10.32,10.73,10.31,10.69,1852900.0,0.0,1.0,10.32,10.73,10.31,10.69,1852900.0
2013-02-25,10.42,10.51,10.16,10.25,1005800.0,0.0,1.0,10.42,10.51,10.16,10.25,1005800.0
2013-02-22,10.41,10.45,10.18,10.27,1350900.0,0.0,1.0,10.41,10.45,10.18,10.27,1350900.0
2013-02-21,10.57,10.57,10.15,10.3,1594900.0,0.0,1.0,10.57,10.57,10.15,10.3,1594900.0
2013-02-20,10.75,10.83,10.57,10.6,1168400.0,0.0,1.0,10.75,10.83,10.57,10.6,1168400.0
2013-02-19,10.62,10.84,10.62,10.72,1218600.0,0.0,1.0,10.62,10.84,10.62,10.72,1218600.0
2013-02-15,10.75,10.91,10.5,10.61,14074100.0,0.0,1.0,10.75,10.91,10.5,10.61,14074100.0
2013-02-14,11.35,11.63,11.21,11.3,1584500.0,0.0,1.0,11.35,11.63,11.21,11.3,1584500.0
2013-02-13,11.48,11.59,11.04,11.37,1082600.0,0.0,1.0,11.48,11.59,11.04,11.37,1082600.0
2013-02-12,12.02,12.34,11.76,11.8,1371800.0,0.0,1.0,12.02,12.34,11.76,11.8,1371800.0
2013-02-11,12.8,12.85,12.75,12.75,260900.0,0.0,1.0,12.8,12.85,12.75,12.75,260900.0
2013-02-08,12.73,12.87,12.66,12.81,243300.0,0.0,1.0,12.73,12.87,12.66,12.81,243300.0
2013-02-07,12.61,12.72,12.52,12.68,305200.0,0.0,1.0,12.61,12.72,12.52,12.68,305200.0
2013-02-06,12.25,12.59,12.24,12.59,170600.0,0.0,1.0,12.25,12.59,12.24,12.59,170600.0
2013-02-05,12.32,12.46,12.21,12.32,201300.0,0.0,1.0,12.32,12.46,12.21,12.32,201300.0
2013-02-04,12.45,12.45,12.2,12.29,259000.0,0.0,1.0,12.45,12.45,12.2,12.29,259000.0
2013-02-01,12.43,12.53,12.31,12.51,137100.0,0.0,1.0,12.43,12.53,12.31,12.51,137100.0
2013-01-31,12.42,12.47,12.33,12.38,198000.0,0.0,1.0,12.42,12.47,12.33,12.38,198000.0
2013-01-30,12.38,12.48,12.29,12.47,167500.0,0.0,1.0,12.38,12.48,12.29,12.47,167500.0
2013-01-29,12.36,12.52,12.29,12.44,310200.0,0.0,1.0,12.36,12.52,12.29,12.44,310200.0
2013-01-28,12.43,12.46,12.24,12.4,395500.0,0.0,1.0,12.43,12.46,12.24,12.4,395500.0
2013-01-25,12.3,12.44,12.24,12.39,338400.0,0.0,1.0,12.3,12.44,12.24,12.39,338400.0
2013-01-24,12.42,12.52,12.24,12.24,368600.0,0.0,1.0,12.42,12.52,12.24,12.24,368600.0
2013-01-23,12.29,12.43,12.24,12.37,157900.0,0.0,1.0,12.29,12.43,12.24,12.37,157900.0
2013-01-22,12.22,12.34,12.12,12.27,430400.0,0.0,1.0,12.22,12.34,12.12,12.27,430400.0
2013-01-18,12.44,12.5,12.17,12.19,380500.0,0.0,1.0,12.44,12.5,12.17,12.19,380500.0
2013-01-17,12.5,12.5,12.27,12.36,265500.0,0.0,1.0,12.5,12.5,12.27,12.36,265500.0
2013-01-16,12.57,12.62,12.28,12.43,307300.0,0.0,1.0,12.57,12.62,12.28,12.43,307300.0
2013-01-15,12.61,12.73,12.45,12.55,179400.0,0.0,1.0,12.61,12.73,12.45,12.55,179400.0
2013-01-14,12.78,12.86,12.53,12.6,242700.0,0.0,1.0,12.78,12.86,12.53,12.6,242700.0
2013-01-11,12.65,12.74,12.38,12.71,200200.0,0.0,1.0,12.65,12.74,12.38,12.71,200200.0
2013-01-10,12.75,12.75,12.63,12.72,105600.0,0.0,1.0,12.75,12.75,12.63,12.72,105600.0
2013-01-09,12.87,12.91,12.54,12.65,173200.0,0.0,1.0,12.87,12.91,12.54,12.65,173200.0
2013-01-08,13.03,13.05,12.71,12.81,416100.0,0.0,1.0,13.03,13.05,12.71,12.81,416100.0
2013-01-07,12.98,13.04,12.84,13.0,161800.0,0.0,1.0,12.98,13.04,12.84,13.0,161800.0
2013-01-04,12.83,13.04,12.82,13.0,766200.0,0.0,1.0,12.83,13.04,12.82,13.0,766200.0
2013-01-03,12.63,12.99,12.5,12.77,673400.0,0.0,1.0,12.63,12.99,12.5,12.77,673400.0
2013-01-02,12.5,12.73,12.4,12.64,306200.0,0.0,1.0,12.5,12.73,12.4,12.64,306200.0
2012-12-31,12.15,12.45,11.98,12.35,1102800.0,0.0,1.0,12.15,12.45,11.98,12.35,1102800.0
2012-12-28,12.32,12.4,12.16,12.2,448700.0,0.0,1.0,12.32,12.4,12.16,12.2,448700.0
2012-12-27,12.46,12.58,12.4,12.54,157900.0,0.0,1.0,12.46,12.58,12.4,12.54,157900.0
2012-12-26,12.48,12.6,12.42,12.48,80100.0,0.0,1.0,12.48,12.6,12.42,12.48,80100.0
2012-12-24,12.5,12.5,12.31,12.47,40000.0,0.0,1.0,12.5,12.5,12.31,12.47,40000.0
2012-12-21,12.51,12.65,12.41,12.56,264200.0,0.0,1.0,12.51,12.65,12.41,12.56,264200.0
2012-12-20,12.51,12.58,12.44,12.54,337700.0,0.0,1.0,12.51,12.58,12.44,12.54,337700.0
2012-12-19,12.18,12.5,12.14,12.45,441200.0,0.0,1.0,12.18,12.5,12.14,12.45,441200.0
2012-12-18,11.98,12.25,11.98,12.17,204900.0,0.0,1.0,11.98,12.25,11.98,12.17,204900.0
2012-12-17,12.08,12.25,11.88,11.99,225300.0,0.0,1.0,12.08,12.25,11.88,11.99,225300.0
2012-12-14,11.91,12.15,11.91,12.05,163700.0,0.0,1.0,11.91,12.15,11.91,12.05,163700.0
2012-12-13,12.14,12.28,11.81,11.94,239100.0,0.0,1.0,12.14,12.28,11.81,11.94,239100.0
2012-12-12,12.07,12.26,11.99,12.24,383100.0,0.0,1.0,12.07,12.26,11.99,12.24,383100.0
2012-12-11,12.52,12.52,12.07,12.11,577100.0,0.0,1.0,12.52,12.52,12.07,12.11,577100.0
2012-12-10,12.16,12.25,12.1,12.19,521200.0,0.0,1.0,12.16,12.25,12.1,12.19,521200.0
2012-12-07,12.28,12.38,11.94,12.16,237700.0,0.0,1.0,12.28,12.38,11.94,12.16,237700.0
2012-12-06,11.97,12.23,11.9,12.16,351000.0,0.0,1.0,11.97,12.23,11.9,12.16,351000.0
2012-12-05,11.78,12.1,11.71,11.87,659200.0,0.0,1.0,11.78,12.1,11.71,11.87,659200.0
2012-12-04,11.92,11.99,11.61,11.76,351100.0,0.0,1.0,11.92,11.99,11.61,11.76,351100.0
2012-12-03,11.9,11.95,11.77,11.92,313200.0,0.0,1.0,11.9,11.95,11.77,11.92,313200.0
2012-11-30,11.75,11.89,11.7,11.86,128400.0,0.0,1.0,11.75,11.89,11.7,11.86,128400.0
2012-11-29,11.45,11.8,11.42,11.71,140200.0,0.0,1.0,11.45,11.8,11.42,11.71,140200.0
2012-11-28,11.37,11.46,11.29,11.35,179100.0,0.0,1.0,11.37,11.46,11.29,11.35,179100.0
2012-11-27,11.82,11.82,11.33,11.4,357200.0,0.0,1.0,11.82,11.82,11.33,11.4,357200.0
2012-11-26,11.7,11.88,11.62,11.66,140400.0,0.0,1.0,11.7,11.88,11.62,11.66,140400.0
2012-11-23,11.84,11.84,11.66,11.76,77300.0,0.0,1.0,11.84,11.84,11.66,11.76,77300.0
2012-11-21,11.72,11.82,11.61,11.74,104300.0,0.0,1.0,11.72,11.82,11.61,11.74,104300.0
2012-11-20,11.84,11.84,11.56,11.69,215500.0,0.0,1.0,11.84,11.84,11.56,11.69,215500.0
2012-11-19,11.55,11.88,11.53,11.83,167000.0,0.0,1.0,11.55,11.88,11.53,11.83,167000.0
2012-11-16,11.23,11.42,10.98,11.37,249600.0,0.0,1.0,11.23,11.42,10.98,11.37,249600.0
2012-11-15,11.32,11.39,10.99,11.11,168800.0,0.0,1.0,11.32,11.39,10.99,11.11,168800.0
2012-11-14,11.3,11.59,11.18,11.21,216200.0,0.0,1.0,11.3,11.59,11.18,11.21,216200.0
2012-11-13,11.11,11.42,11.01,11.3,81000.0,0.0,1.0,11.11,11.42,11.01,11.3,81000.0
2012-11-12,11.4,11.41,11.13,11.31,195200.0,0.0,1.0,11.4,11.41,11.13,11.31,195200.0
2012-11-09,11.15,11.35,10.99,11.32,198800.0,0.0,1.0,11.15,11.35,10.99,11.32,198800.0
2012-11-08,11.45,11.48,11.23,11.23,211600.0,0.0,1.0,11.45,11.48,11.23,11.23,211600.0
2012-11-07,9.64,11.4,9.55,11.27,228200.0,0.0,1.0,9.64,11.4,9.55,11.27,228200.0
2012-11-06,11.58,11.66,11.33,11.5,192600.0,0.0,1.0,11.58,11.66,11.33,11.5,192600.0
2012-11-05,12.5,12.5,11.5,11.58,326400.0,0.0,1.0,12.5,12.5,11.5,11.58,326400.0
2012-11-02,11.64,11.64,11.4,11.57,142100.0,0.0,1.0,11.64,11.64,11.4,11.57,142100.0
2012-11-01,11.39,11.51,11.3,11.51,153000.0,0.0,1.0,11.39,11.51,11.3,11.51,153000.0
2012-10-31,11.41,11.41,11.28,11.38,72400.0,0.0,1.0,11.41,11.41,11.28,11.38,72400.0
2012-10-26,11.34,11.4,11.29,11.36,96800.0,0.0,1.0,11.34,11.4,11.29,11.36,96800.0
2012-10-25,11.46,11.49,11.3,11.34,93900.0,0.0,1.0,11.46,11.49,11.3,11.34,93900.0
2012-10-24,11.54,11.54,11.3,11.37,152700.0,0.0,1.0,11.54,11.54,11.3,11.37,152700.0
2012-10-23,11.39,11.49,11.3,11.46,253300.0,0.0,1.0,11.39,11.49,11.3,11.46,253300.0
2012-10-22,11.79,11.79,11.48,11.6,101900.0,0.0,1.0,11.79,11.79,11.48,11.6,101900.0
2012-10-19,11.79,11.9,11.6,11.73,167600.0,0.0,1.0,11.79,11.9,11.6,11.73,167600.0
2012-10-18,11.94,11.94,11.52,11.84,339800.0,0.0,1.0,11.94,11.94,11.52,11.84,339800.0
2012-10-17,11.73,11.85,11.45,11.65,289100.0,0.0,1.0,11.73,11.85,11.45,11.65,289100.0
2012-10-16,11.66,12.05,11.66,11.78,495200.0,0.0,1.0,11.66,12.05,11.66,11.78,495200.0
2012-10-15,11.31,11.55,11.29,11.53,212800.0,0.0,1.0,11.31,11.55,11.29,11.53,212800.0
2012-10-12,11.3,11.44,11.18,11.26,228900.0,0.0,1.0,11.3,11.44,11.18,11.26,228900.0
2012-10-11,11.28,11.35,11.22,11.25,121800.0,0.0,1.0,11.28,11.35,11.22,11.25,121800.0
2012-10-10,11.22,11.35,11.09,11.19,245000.0,0.0,1.0,11.22,11.35,11.09,11.19,245000.0
2012-10-09,11.26,11.4,11.18,11.22,250300.0,0.0,1.0,11.26,11.4,11.18,11.22,250300.0
2012-10-08,11.37,11.47,11.26,11.32,107600.0,0.0,1.0,11.37,11.47,11.26,11.32,107600.0
2012-10-05,11.4,11.57,11.36,11.45,182800.0,0.0,1.0,11.4,11.57,11.36,11.45,182800.0
2012-10-04,11.48,11.5,11.29,11.41,223500.0,0.0,1.0,11.48,11.5,11.29,11.41,223500.0
2012-10-03,11.59,11.6,11.26,11.4,303100.0,0.0,1.0,11.59,11.6,11.26,11.4,303100.0
2012-10-02,11.57,11.68,11.42,11.62,126800.0,0.0,1.0,11.57,11.68,11.42,11.62,126800.0
2012-10-01,11.47,11.75,11.47,11.5,216700.0,0.0,1.0,11.47,11.75,11.47,11.5,216700.0
2012-09-28,11.4,11.46,11.33,11.39,259800.0,0.0,1.0,11.4,11.46,11.33,11.39,259800.0
2012-09-27,11.54,11.58,11.34,11.42,339000.0,0.0,1.0,11.54,11.58,11.34,11.42,339000.0
2012-09-26,11.36,11.62,11.29,11.47,572100.0,0.0,1.0,11.36,11.62,11.29,11.47,572100.0
2012-09-25,11.4,11.57,11.29,11.38,397000.0,0.0,1.0,11.4,11.57,11.29,11.38,397000.0
2012-09-24,11.39,11.56,11.29,11.37,491900.0,0.0,1.0,11.39,11.56,11.29,11.37,491900.0
2012-09-21,11.42,11.5,11.12,11.45,296100.0,0.0,1.0,11.42,11.5,11.12,11.45,296100.0
2012-09-20,11.26,11.43,11.19,11.3,228000.0,0.0,1.0,11.26,11.43,11.19,11.3,228000.0
2012-09-19,11.14,11.51,11.07,11.41,329200.0,0.0,1.0,11.14,11.51,11.07,11.41,329200.0
2012-09-18,11.19,11.29,11.05,11.15,215200.0,0.0,1.0,11.19,11.29,11.05,11.15,215200.0
2012-09-17,11.51,11.62,11.09,11.25,267700.0,0.0,1.0,11.51,11.62,11.09,11.25,267700.0
2012-09-14,11.38,11.75,11.32,11.51,289900.0,0.0,1.0,11.38,11.75,11.32,11.51,289900.0
2012-09-13,11.21,11.46,10.9,11.29,514500.0,0.0,1.0,11.21,11.46,10.9,11.29,514500.0
2012-09-12,11.06,11.31,10.99,11.25,158100.0,0.0,1.0,11.06,11.31,10.99,11.25,158100.0
2012-09-11,10.92,11.06,10.84,10.95,178900.0,0.0,1.0,10.92,11.06,10.84,10.95,178900.0
2012-09-10,10.79,10.95,10.64,10.84,318600.0,0.0,1.0,10.79,10.95,10.64,10.84,318600.0
2012-09-07,10.21,10.85,10.15,10.84,246500.0,0.0,1.0,10.21,10.85,10.15,10.84,246500.0
2012-09-06,9.67,10.19,9.6,10.14,351000.0,0.0,1.0,9.67,10.19,9.6,10.14,351000.0
2012-09-05,9.54,9.69,9.51,9.58,497500.0,0.0,1.0,9.54,9.69,9.51,9.58,497500.0
2012-09-04,9.7,9.7,9.4,9.55,180800.0,0.0,1.0,9.7,9.7,9.4,9.55,180800.0
2012-08-31,9.69,9.75,9.52,9.68,399300.0,0.0,1.0,9.69,9.75,9.52,9.68,399300.0
2012-08-30,9.56,9.63,9.44,9.61,387500.0,0.0,1.0,9.56,9.63,9.44,9.61,387500.0
2012-08-29,9.56,9.67,9.42,9.65,318900.0,0.0,1.0,9.56,9.67,9.42,9.65,318900.0
2012-08-28,9.86,9.96,9.47,9.59,610600.0,0.0,1.0,9.86,9.96,9.47,9.59,610600.0
2012-08-27,9.39,9.53,9.28,9.47,139400.0,0.0,1.0,9.39,9.53,9.28,9.47,139400.0
2012-08-24,9.43,9.48,9.33,9.34,142800.0,0.0,1.0,9.43,9.48,9.33,9.34,142800.0
2012-08-23,9.7,9.74,9.49,9.51,507500.0,0.0,1.0,9.7,9.74,9.49,9.51,507500.0
2012-08-22,9.75,9.82,9.6,9.72,236500.0,0.0,1.0,9.75,9.82,9.6,9.72,236500.0
2012-08-21,10.0,10.1,9.8,9.83,166400.0,0.0,1.0,10.0,10.1,9.8,9.83,166400.0
2012-08-20,10.07,10.07,9.77,10.0,344700.0,0.0,1.0,10.07,10.07,9.77,10.0,344700.0
2012-08-17,10.15,10.42,10.0,10.03,486400.0,0.0,1.0,10.15,10.42,10.0,10.03,486400.0
2012-08-16,9.98,10.22,9.85,10.13,649400.0,0.0,1.0,9.98,10.22,9.85,10.13,649400.0
2012-08-15,9.53,10.02,9.51,9.95,299400.0,0.0,1.0,9.53,10.02,9.51,9.95,299400.0
2012-08-14,9.5,9.58,9.33,9.58,320600.0,0.0,1.0,9.5,9.58,9.33,9.58,320600.0
2012-08-13,9.46,9.52,9.37,9.48,194200.0,0.0,1.0,9.46,9.52,9.37,9.48,194200.0
2012-08-10,9.36,9.62,9.29,9.49,541200.0,0.0,1.0,9.36,9.62,9.29,9.49,541200.0
2012-08-09,9.61,9.75,9.18,9.36,568600.0,0.0,1.0,9.61,9.75,9.18,9.36,568600.0
2012-08-08,9.61,9.71,9.4,9.67,388900.0,0.0,1.0,9.61,9.71,9.4,9.67,388900.0
2012-08-07,8.28,10.07,8.19,9.7,624300.0,0.0,1.0,8.28,10.07,8.19,9.7,624300.0
2012-08-06,9.42,10.11,9.28,10.0,363900.0,0.0,1.0,9.42,10.11,9.28,10.0,363900.0
2012-08-03,9.48,9.68,9.4,9.4,125100.0,0.0,1.0,9.48,9.68,9.4,9.4,125100.0
2012-08-02,9.49,9.54,9.11,9.29,380900.0,0.0,1.0,9.49,9.54,9.11,9.29,380900.0
2012-08-01,9.61,9.72,9.44,9.68,201300.0,0.0,1.0,9.61,9.72,9.44,9.68,201300.0
2012-07-31,9.72,9.89,9.54,9.54,138600.0,0.0,1.0,9.72,9.89,9.54,9.54,138600.0
2012-07-30,10.11,10.22,9.7,9.75,132900.0,0.0,1.0,10.11,10.22,9.7,9.75,132900.0
2012-07-27,9.79,10.17,9.4,10.08,221800.0,0.0,1.0,9.79,10.17,9.4,10.08,221800.0
2012-07-26,10.05,10.08,9.57,9.69,245600.0,0.0,1.0,10.05,10.08,9.57,9.69,245600.0
2012-07-25,10.02,10.09,9.72,9.74,174900.0,0.0,1.0,10.02,10.09,9.72,9.74,174900.0
2012-07-24,10.19,10.24,9.83,9.91,181100.0,0.0,1.0,10.19,10.24,9.83,9.91,181100.0
2012-07-23,10.19,10.25,10.0,10.2,470000.0,0.0,1.0,10.19,10.25,10.0,10.2,470000.0
2012-07-20,10.45,10.57,10.22,10.5,308200.0,0.0,1.0,10.45,10.57,10.22,10.5,308200.0
2012-07-19,10.5,10.61,10.42,10.5,239800.0,0.0,1.0,10.5,10.61,10.42,10.5,239800.0
2012-07-18,10.31,11.1,10.25,10.48,637200.0,0.0,1.0,10.31,11.1,10.25,10.48,637200.0
2012-07-17,10.3,10.38,9.92,10.17,154300.0,0.0,1.0,10.3,10.38,9.92,10.17,154300.0
2012-07-16,10.2,10.32,10.11,10.28,85600.0,0.0,1.0,10.2,10.32,10.11,10.28,85600.0
2012-07-13,10.22,10.43,10.12,10.29,328200.0,0.0,1.0,10.22,10.43,10.12,10.29,328200.0
2012-07-12,10.19,10.3,10.03,10.15,253300.0,0.0,1.0,10.19,10.3,10.03,10.15,253300.0
2012-07-11,10.01,10.39,10.0,10.36,350900.0,0.0,1.0,10.01,10.39,10.0,10.36,350900.0
2012-07-10,10.25,10.3,9.93,9.97,170700.0,0.0,1.0,10.25,10.3,9.93,9.97,170700.0
2012-07-09,10.19,10.35,9.92,10.23,196900.0,0.0,1.0,10.19,10.35,9.92,10.23,196900.0
2012-07-06,10.4,10.44,10.18,10.24,211600.0,0.0,1.0,10.4,10.44,10.18,10.24,211600.0
2012-07-05,10.93,10.96,10.52,10.57,492000.0,0.0,1.0,10.93,10.96,10.52,10.57,492000.0
2012-07-03,11.0,11.08,10.85,11.0,381800.0,0.0,1.0,11.0,11.08,10.85,11.0,381800.0
2012-07-02,11.06,11.08,10.75,10.93,475000.0,0.0,1.0,11.06,11.08,10.75,10.93,475000.0
2012-06-29,10.7,11.08,10.52,11.05,530600.0,0.0,1.0,10.7,11.08,10.52,11.05,530600.0
2012-06-28,10.31,10.55,10.25,10.42,942500.0,0.0,1.0,10.31,10.55,10.25,10.42,942500.0
2012-06-27,10.33,10.67,10.21,10.42,614000.0,0.0,1.0,10.33,10.67,10.21,10.42,614000.0
2012-06-26,10.46,10.56,10.15,10.27,469000.0,0.0,1.0,10.46,10.56,10.15,10.27,469000.0
2012-06-25,10.58,10.8,10.37,10.42,673200.0,0.0,1.0,10.58,10.8,10.37,10.42,673200.0
2012-06-22,11.3,11.32,10.83,10.9,2397000.0,0.0,1.0,11.3,11.32,10.83,10.9,2397000.0
2012-06-21,11.66,11.83,10.98,11.19,688200.0,0.0,1.0,11.66,11.83,10.98,11.19,688200.0
2012-06-20,12.85,12.85,11.65,11.7,500600.0,0.0,1.0,12.85,12.85,11.65,11.7,500600.0
2012-06-19,11.54,12.04,11.54,11.98,617000.0,0.0,1.0,11.54,12.04,11.54,11.98,617000.0
2012-06-18,11.27,11.71,11.27,11.53,384200.0,0.0,1.0,11.27,11.71,11.27,11.53,384200.0
2012-06-15,11.43,11.53,11.24,11.44,242900.0,0.0,1.0,11.43,11.53,11.24,11.44,242900.0
2012-06-14,11.31,11.43,11.02,11.37,460900.0,0.0,1.0,11.31,11.43,11.02,11.37,460900.0
2012-06-13,11.12,11.4,11.0,11.33,647700.0,0.0,1.0,11.12,11.4,11.0,11.33,647700.0
2012-06-12,11.0,11.24,10.96,11.14,450000.0,0.0,1.0,11.0,11.24,10.96,11.14,450000.0
2012-06-11,11.25,11.39,10.96,10.98,429100.0,0.0,1.0,11.25,11.39,10.96,10.98,429100.0
2012-06-08,10.77,11.09,10.51,11.04,231700.0,0.0,1.0,10.77,11.09,10.51,11.04,231700.0
2012-06-07,11.12,11.31,10.84,10.89,356500.0,0.0,1.0,11.12,11.31,10.84,10.89,356500.0
2012-06-06,10.57,11.23,10.57,10.97,401700.0,0.0,1.0,10.57,11.23,10.57,10.97,401700.0
2012-06-05,10.31,10.56,10.31,10.43,257700.0,0.0,1.0,10.31,10.56,10.31,10.43,257700.0
2012-06-04,10.25,10.43,10.03,10.35,389400.0,0.0,1.0,10.25,10.43,10.03,10.35,389400.0
2012-06-01,10.28,10.49,10.16,10.2,402500.0,0.0,1.0,10.28,10.49,10.16,10.2,402500.0
2012-05-31,10.42,10.52,10.4,10.42,388200.0,0.0,1.0,10.42,10.52,10.4,10.42,388200.0
2012-05-30,10.86,10.86,10.37,10.44,299200.0,0.0,1.0,10.86,10.86,10.37,10.44,299200.0
2012-05-29,10.93,11.14,10.9,11.0,159900.0,0.0,1.0,10.93,11.14,10.9,11.0,159900.0
2012-05-25,10.77,10.93,10.62,10.83,258700.0,0.0,1.0,10.77,10.93,10.62,10.83,258700.0
2012-05-24,11.0,11.01,10.62,10.77,223400.0,0.0,1.0,11.0,11.01,10.62,10.77,223400.0
2012-05-23,10.44,11.06,10.4,10.98,467000.0,0.0,1.0,10.44,11.06,10.4,10.98,467000.0
2012-05-22,10.76,10.86,10.47,10.55,508700.0,0.0,1.0,10.76,10.86,10.47,10.55,508700.0
2012-05-21,10.3,10.85,10.3,10.74,367300.0,0.0,1.0,10.3,10.85,10.3,10.74,367300.0
2012-05-18,10.31,10.35,10.05,10.11,476300.0,0.0,1.0,10.31,10.35,10.05,10.11,476300.0
2012-05-17,10.51,10.72,10.25,10.27,668100.0,0.0,1.0,10.51,10.72,10.25,10.27,668100.0
2012-05-16,10.42,10.8,10.37,10.52,677100.0,0.0,1.0,10.42,10.8,10.37,10.52,677100.0
2012-05-15,10.52,10.68,10.36,10.42,775900.0,0.0,1.0,10.52,10.68,10.36,10.42,775900.0
2012-05-14,10.87,10.88,10.39,10.47,524200.0,0.0,1.0,10.87,10.88,10.39,10.47,524200.0
2012-05-11,11.12,11.3,10.96,11.0,593900.0,0.0,1.0,11.12,11.3,10.96,11.0,593900.0
2012-05-10,11.19,11.4,11.09,11.17,349800.0,0.0,1.0,11.19,11.4,11.09,11.17,349800.0
2012-05-09,11.1,11.12,10.6,11.11,702000.0,0.0,1.0,11.1,11.12,10.6,11.11,702000.0
2012-05-08,11.02,11.41,10.84,11.26,1077200.0,0.0,1.0,11.02,11.41,10.84,11.26,1077200.0
2012-05-07,11.02,11.5,10.95,11.25,967000.0,0.0,1.0,11.02,11.5,10.95,11.25,967000.0
2012-05-04,11.48,11.8,10.94,11.07,2357700.0,0.0,1.0,11.48,11.8,10.94,11.07,2357700.0
2012-05-03,12.23,12.26,12.01,12.1,590000.0,0.0,1.0,12.23,12.26,12.01,12.1,590000.0
2012-05-02,12.22,12.31,12.0,12.25,233000.0,0.0,1.0,12.22,12.31,12.0,12.25,233000.0
2012-05-01,12.23,12.49,12.19,12.31,396900.0,0.0,1.0,12.23,12.49,12.19,12.31,396900.0
2012-04-30,12.34,12.34,12.16,12.18,173000.0,0.0,1.0,12.34,12.34,12.16,12.18,173000.0
2012-04-27,12.27,12.41,12.19,12.33,444200.0,0.0,1.0,12.27,12.41,12.19,12.33,444200.0
2012-04-26,12.1,12.41,12.0,12.25,282000.0,0.0,1.0,12.1,12.41,12.0,12.25,282000.0
2012-04-25,11.88,12.17,11.83,12.09,315400.0,0.0,1.0,11.88,12.17,11.83,12.09,315400.0
2012-04-24,11.84,11.99,11.67,11.79,906700.0,0.0,1.0,11.84,11.99,11.67,11.79,906700.0
2012-04-23,11.83,11.85,11.51,11.84,1173900.0,0.0,1.0,11.83,11.85,11.51,11.84,1173900.0
2012-04-20,12.47,12.47,11.92,12.0,1138000.0,0.0,1.0,12.47,12.47,11.92,12.0,1138000.0
2012-04-19,12.28,12.36,12.03,12.35,168600.0,0.0,1.0,12.28,12.36,12.03,12.35,168600.0
2012-04-18,12.37,12.38,12.13,12.23,346100.0,0.0,1.0,12.37,12.38,12.13,12.23,346100.0
2012-04-17,12.3,12.55,12.2,12.42,192800.0,0.0,1.0,12.3,12.55,12.2,12.42,192800.0
2012-04-16,13.15,13.5,12.23,12.24,261300.0,0.0,1.0,13.15,13.5,12.23,12.24,261300.0
2012-04-13,12.72,12.74,12.27,12.36,90500.0,0.0,1.0,12.72,12.74,12.27,12.36,90500.0
2012-04-12,12.2,12.84,12.2,12.76,290700.0,0.0,1.0,12.2,12.84,12.2,12.76,290700.0
2012-04-11,12.22,12.4,12.1,12.19,224100.0,0.0,1.0,12.22,12.4,12.1,12.19,224100.0
2012-04-10,12.61,12.64,12.07,12.11,1493900.0,0.0,1.0,12.61,12.64,12.07,12.11,1493900.0
2012-04-09,12.7,12.7,12.5,12.63,145900.0,0.0,1.0,12.7,12.7,12.5,12.63,145900.0
2012-04-05,13.35,13.44,12.69,12.79,239500.0,0.0,1.0,13.35,13.44,12.69,12.79,239500.0
2012-04-04,13.47,13.47,13.18,13.36,721000.0,0.0,1.0,13.47,13.47,13.18,13.36,721000.0
2012-04-03,13.46,13.7,13.31,13.63,182700.0,0.0,1.0,13.46,13.7,13.31,13.63,182700.0
2012-04-02,13.27,13.51,13.02,13.46,357800.0,0.0,1.0,13.27,13.51,13.02,13.46,357800.0
2012-03-30,12.93,13.32,12.93,13.24,595000.0,0.0,1.0,12.93,13.32,12.93,13.24,595000.0
2012-03-29,12.71,13.03,12.7,12.89,901800.0,0.0,1.0,12.71,13.03,12.7,12.89,901800.0
2012-03-28,13.25,13.26,12.76,12.79,607700.0,0.0,1.0,13.25,13.26,12.76,12.79,607700.0
2012-03-27,13.65,13.7,13.14,13.29,360400.0,0.0,1.0,13.65,13.7,13.14,13.29,360400.0
2012-03-26,13.4,13.97,13.4,13.65,839700.0,0.0,1.0,13.4,13.97,13.4,13.65,839700.0
2012-03-23,12.93,13.44,12.93,13.28,301200.0,0.0,1.0,12.93,13.44,12.93,13.28,301200.0
2012-03-22,12.88,12.96,12.66,12.89,661800.0,0.0,1.0,12.88,12.96,12.66,12.89,661800.0
2012-03-21,13.15,13.34,13.0,13.03,1980900.0,0.0,1.0,13.15,13.34,13.0,13.03,1980900.0
2012-03-20,13.7,13.72,13.13,13.2,411300.0,0.0,1.0,13.7,13.72,13.13,13.2,411300.0
2012-03-19,14.0,14.1,13.73,13.81,198600.0,0.0,1.0,14.0,14.1,13.73,13.81,198600.0
2012-03-16,13.55,14.01,13.55,13.93,729500.0,0.0,1.0,13.55,14.01,13.55,13.93,729500.0
2012-03-15,13.04,13.16,12.94,13.15,299800.0,0.0,1.0,13.04,13.16,12.94,13.15,299800.0
2012-03-14,13.37,13.38,13.0,13.04,147100.0,0.0,1.0,13.37,13.38,13.0,13.04,147100.0
2012-03-13,13.18,13.49,13.17,13.38,594400.0,0.0,1.0,13.18,13.49,13.17,13.38,594400.0
2012-03-12,13.06,13.16,13.01,13.14,188100.0,0.0,1.0,13.06,13.16,13.01,13.14,188100.0
2012-03-09,13.09,13.32,13.03,13.11,116700.0,0.0,1.0,13.09,13.32,13.03,13.11,116700.0
2012-03-08,13.21,13.29,13.0,13.12,472800.0,0.0,1.0,13.21,13.29,13.0,13.12,472800.0
2012-03-07,13.51,13.58,13.06,13.16,490500.0,0.0,1.0,13.51,13.58,13.06,13.16,490500.0
2012-03-06,13.42,13.53,13.2,13.52,384600.0,0.0,1.0,13.42,13.53,13.2,13.52,384600.0
2012-03-05,13.91,13.99,13.58,13.6,148200.0,0.0,1.0,13.91,13.99,13.58,13.6,148200.0
2012-03-02,14.06,14.13,13.82,13.98,212400.0,0.0,1.0,14.06,14.13,13.82,13.98,212400.0
2012-03-01,14.22,14.38,13.7,14.05,577200.0,0.0,1.0,14.22,14.38,13.7,14.05,577200.0
2012-02-29,13.75,14.02,13.7,14.01,736600.0,0.0,1.0,13.75,14.02,13.7,14.01,736600.0
2012-02-28,13.78,14.15,13.64,13.69,281500.0,0.0,1.0,13.78,14.15,13.64,13.69,281500.0
2012-02-27,13.86,14.51,13.75,13.8,388800.0,0.0,1.0,13.86,14.51,13.75,13.8,388800.0
2012-02-24,14.0,14.24,13.78,13.84,350000.0,0.0,1.0,14.0,14.24,13.78,13.84,350000.0
2012-02-23,14.11,14.3,13.76,13.9,467200.0,0.0,1.0,14.11,14.3,13.76,13.9,467200.0
2012-02-22,14.14,14.27,13.96,14.2,238200.0,0.0,1.0,14.14,14.27,13.96,14.2,238200.0
2012-02-21,14.38,14.69,14.15,14.23,257600.0,0.0,1.0,14.38,14.69,14.15,14.23,257600.0
2012-02-17,14.44,14.69,14.39,14.48,342900.0,0.0,1.0,14.44,14.69,14.39,14.48,342900.0
2012-02-16,14.15,14.42,14.0,14.4,136200.0,0.0,1.0,14.15,14.42,14.0,14.4,136200.0
2012-02-15,14.45,14.46,14.15,14.19,185900.0,0.0,1.0,14.45,14.46,14.15,14.19,185900.0
2012-02-14,14.75,14.79,14.23,14.35,419800.0,0.0,1.0,14.75,14.79,14.23,14.35,419800.0
2012-02-13,14.64,14.82,14.55,14.73,476600.0,0.0,1.0,14.64,14.82,14.55,14.73,476600.0
2012-02-10,14.18,15.13,14.17,14.51,1581100.0,0.0,1.0,14.18,15.13,14.17,14.51,1581100.0
2012-02-09,13.68,14.14,13.67,14.03,794000.0,0.0,1.0,13.68,14.14,13.67,14.03,794000.0
2012-02-08,13.5,14.19,13.49,13.68,254600.0,0.0,1.0,13.5,14.19,13.49,13.68,254600.0
2012-02-07,13.52,13.52,13.27,13.42,71700.0,0.0,1.0,13.52,13.52,13.27,13.42,71700.0
2012-02-06,13.59,13.67,13.19,13.5,121600.0,0.0,1.0,13.59,13.67,13.19,13.5,121600.0
2012-02-03,12.8,14.06,12.72,13.64,1623500.0,0.0,1.0,12.8,14.06,12.72,13.64,1623500.0
2012-02-02,12.98,13.07,12.61,12.7,118900.0,0.0,1.0,12.98,13.07,12.61,12.7,118900.0
2012-02-01,12.65,13.06,12.56,12.96,133400.0,0.0,1.0,12.65,13.06,12.56,12.96,133400.0
2012-01-31,12.76,12.86,12.32,12.56,206900.0,0.0,1.0,12.76,12.86,12.32,12.56,206900.0
2012-01-30,12.5,12.72,12.36,12.64,185600.0,0.0,1.0,12.5,12.72,12.36,12.64,185600.0
2012-01-27,12.64,12.78,12.43,12.66,75900.0,0.0,1.0,12.64,12.78,12.43,12.66,75900.0
2012-01-26,12.67,12.78,12.35,12.68,207400.0,0.0,1.0,12.67,12.78,12.35,12.68,207400.0
2012-01-25,12.69,12.92,12.6,12.62,288000.0,0.0,1.0,12.69,12.92,12.6,12.62,288000.0
2012-01-24,12.71,12.88,12.3,12.7,146800.0,0.0,1.0,12.71,12.88,12.3,12.7,146800.0
2012-01-23,12.9,13.28,12.8,12.84,300800.0,0.0,1.0,12.9,13.28,12.8,12.84,300800.0
2012-01-20,13.55,13.55,12.9,12.99,376000.0,0.0,1.0,13.55,13.55,12.9,12.99,376000.0
2012-01-19,13.9,14.05,13.36,13.61,524500.0,0.0,1.0,13.9,14.05,13.36,13.61,524500.0
2012-01-18,13.54,13.75,13.29,13.42,817500.0,0.0,1.0,13.54,13.75,13.29,13.42,817500.0
2012-01-17,13.94,14.41,13.89,13.91,208800.0,0.0,1.0,13.94,14.41,13.89,13.91,208800.0
2012-01-13,13.82,14.0,13.5,13.77,291200.0,0.0,1.0,13.82,14.0,13.5,13.77,291200.0
2012-01-12,14.04,14.5,13.88,13.93,600000.0,0.0,1.0,14.04,14.5,13.88,13.93,600000.0
2012-01-11,14.22,14.22,13.81,14.01,352600.0,0.0,1.0,14.22,14.22,13.81,14.01,352600.0
2012-01-10,13.82,14.6,13.76,14.21,478300.0,0.0,1.0,13.82,14.6,13.76,14.21,478300.0
2012-01-09,13.7,13.93,13.52,13.73,182000.0,0.0,1.0,13.7,13.93,13.52,13.73,182000.0
2012-01-06,14.03,14.05,13.42,13.65,287100.0,0.0,1.0,14.03,14.05,13.42,13.65,287100.0
2012-01-05,13.16,14.06,13.12,14.0,297700.0,0.0,1.0,13.16,14.06,13.12,14.0,297700.0
2012-01-04,12.64,13.39,12.64,13.21,455900.0,0.0,1.0,12.64,13.39,12.64,13.21,455900.0
2012-01-03,12.5,12.8,12.37,12.71,209900.0,0.0,1.0,12.5,12.8,12.37,12.71,209900.0
2011-12-30,12.24,12.38,12.16,12.26,296800.0,0.0,1.0,12.24,12.38,12.16,12.26,296800.0
2011-12-29,12.23,12.3,12.2,12.27,45000.0,0.0,1.0,12.23,12.3,12.2,12.27,45000.0
2011-12-28,12.22,12.36,12.15,12.22,76600.0,0.0,1.0,12.22,12.36,12.15,12.22,76600.0
2011-12-27,12.44,12.47,12.15,12.24,103900.0,0.0,1.0,12.44,12.47,12.15,12.24,103900.0
2011-12-23,12.62,12.67,12.2,12.47,138800.0,0.0,1.0,12.62,12.67,12.2,12.47,138800.0
2011-12-22,12.33,12.69,12.1,12.62,166600.0,0.0,1.0,12.33,12.69,12.1,12.62,166600.0
2011-12-21,12.22,12.47,12.07,12.29,289000.0,0.0,1.0,12.22,12.47,12.07,12.29,289000.0
2011-12-20,12.14,12.3,12.03,12.19,164700.0,0.0,1.0,12.14,12.3,12.03,12.19,164700.0
2011-12-19,12.31,12.34,11.82,11.91,289300.0,0.0,1.0,12.31,12.34,11.82,11.91,289300.0
2011-12-16,12.29,12.56,11.69,12.28,346900.0,0.0,1.0,12.29,12.56,11.69,12.28,346900.0
2011-12-15,11.73,11.73,11.2,11.58,459100.0,0.0,1.0,11.73,11.73,11.2,11.58,459100.0
2011-12-14,11.38,11.42,11.01,11.34,365500.0,0.0,1.0,11.38,11.42,11.01,11.34,365500.0
2011-12-13,11.74,11.74,11.49,11.5,194400.0,0.0,1.0,11.74,11.74,11.49,11.5,194400.0
2011-12-12,11.86,11.95,11.59,11.64,202000.0,0.0,1.0,11.86,11.95,11.59,11.64,202000.0
2011-12-09,12.08,12.2,11.86,11.91,239800.0,0.0,1.0,12.08,12.2,11.86,11.91,239800.0
2011-12-08,12.34,12.42,11.92,12.02,296000.0,0.0,1.0,12.34,12.42,11.92,12.02,296000.0
2011-12-07,12.8,12.83,12.39,12.42,86300.0,0.0,1.0,12.8,12.83,12.39,12.42,86300.0
2011-12-06,12.83,13.07,12.39,12.81,408500.0,0.0,1.0,12.83,13.07,12.39,12.81,408500.0
2011-12-05,13.12,13.12,12.47,12.8,214700.0,0.0,1.0,13.12,13.12,12.47,12.8,214700.0
2011-12-02,13.7,13.72,13.02,13.08,125000.0,0.0,1.0,13.7,13.72,13.02,13.08,125000.0
2011-12-01,13.42,13.61,13.35,13.51,88200.0,0.0,1.0,13.42,13.61,13.35,13.51,88200.0
2011-11-30,13.51,13.68,13.39,13.47,197400.0,0.0,1.0,13.51,13.68,13.39,13.47,197400.0
2011-11-29,13.25,13.25,12.59,13.07,334900.0,0.0,1.0,13.25,13.25,12.59,13.07,334900.0
2011-11-28,12.78,13.39,12.78,13.19,196800.0,0.0,1.0,12.78,13.39,12.78,13.19,196800.0
2011-11-25,12.31,12.54,12.29,12.48,78400.0,0.0,1.0,12.31,12.54,12.29,12.48,78400.0
2011-11-23,12.8,12.8,12.32,12.37,350300.0,0.0,1.0,12.8,12.8,12.32,12.37,350300.0
2011-11-22,12.85,13.2,12.75,12.97,292100.0,0.0,1.0,12.85,13.2,12.75,12.97,292100.0
2011-11-21,12.27,12.85,11.91,12.8,494300.0,0.0,1.0,12.27,12.85,11.91,12.8,494300.0
2011-11-18,13.1,13.1,12.41,12.48,478900.0,0.0,1.0,13.1,13.1,12.41,12.48,478900.0
2011-11-17,13.28,13.33,12.47,12.52,217800.0,0.0,1.0,13.28,13.33,12.47,12.52,217800.0
2011-11-16,13.36,13.63,13.17,13.3,241500.0,0.0,1.0,13.36,13.63,13.17,13.3,241500.0
2011-11-15,13.26,13.53,13.26,13.44,73000.0,0.0,1.0,13.26,13.53,13.26,13.44,73000.0
2011-11-14,13.54,13.58,13.25,13.36,106000.0,0.0,1.0,13.54,13.58,13.25,13.36,106000.0
2011-11-11,13.85,14.11,13.58,13.65,454800.0,0.0,1.0,13.85,14.11,13.58,13.65,454800.0
2011-11-10,13.96,13.97,13.35,13.65,607400.0,0.0,1.0,13.96,13.97,13.35,13.65,607400.0
2011-11-09,13.25,13.83,13.03,13.64,384400.0,0.0,1.0,13.25,13.83,13.03,13.64,384400.0
2011-11-08,13.76,13.78,13.26,13.5,310500.0,0.0,1.0,13.76,13.78,13.26,13.5,310500.0
2011-11-07,14.02,14.17,13.53,13.69,412500.0,0.0,1.0,14.02,14.17,13.53,13.69,412500.0
2011-11-04,14.55,14.55,13.92,14.0,450000.0,0.0,1.0,14.55,14.55,13.92,14.0,450000.0
2011-11-03,15.13,15.17,14.48,14.65,485200.0,0.0,1.0,15.13,15.17,14.48,14.65,485200.0
2011-11-02,15.43,15.73,14.67,14.9,475000.0,0.0,1.0,15.43,15.73,14.67,14.9,475000.0
2011-11-01,14.67,15.16,14.51,14.97,641000.0,0.0,1.0,14.67,15.16,14.51,14.97,641000.0
2011-10-31,15.88,15.97,15.38,15.5,334200.0,0.0,1.0,15.88,15.97,15.38,15.5,334200.0
2011-10-28,16.12,16.31,15.71,16.13,249600.0,0.0,1.0,16.12,16.31,15.71,16.13,249600.0
2011-10-27,16.41,16.55,16.11,16.19,343300.0,0.0,1.0,16.41,16.55,16.11,16.19,343300.0
2011-10-26,15.94,16.24,15.75,15.91,304000.0,0.0,1.0,15.94,16.24,15.75,15.91,304000.0
2011-10-25,15.74,15.96,15.52,15.64,220900.0,0.0,1.0,15.74,15.96,15.52,15.64,220900.0
2011-10-24,15.52,16.0,15.44,15.86,239800.0,0.0,1.0,15.52,16.0,15.44,15.86,239800.0
2011-10-21,15.51,15.56,15.14,15.31,270200.0,0.0,1.0,15.51,15.56,15.14,15.31,270200.0
2011-10-20,15.05,15.58,14.9,15.34,416900.0,0.0,1.0,15.05,15.58,14.9,15.34,416900.0
2011-10-19,14.51,15.52,14.42,15.2,696200.0,0.0,1.0,14.51,15.52,14.42,15.2,696200.0
2011-10-18,13.66,14.8,13.51,14.47,543300.0,0.0,1.0,13.66,14.8,13.51,14.47,543300.0
2011-10-17,12.71,13.71,12.71,13.6,357500.0,0.0,1.0,12.71,13.71,12.71,13.6,357500.0
2011-10-14,12.24,12.89,12.23,12.65,89900.0,0.0,1.0,12.24,12.89,12.23,12.65,89900.0
2011-10-13,11.91,12.19,11.74,12.07,134700.0,0.0,1.0,11.91,12.19,11.74,12.07,134700.0
2011-10-12,11.61,12.08,11.56,12.0,215900.0,0.0,1.0,11.61,12.08,11.56,12.0,215900.0
2011-10-11,11.66,11.83,11.24,11.47,249100.0,0.0,1.0,11.66,11.83,11.24,11.47,249100.0
2011-10-10,11.1,11.96,11.0,11.72,315400.0,0.0,1.0,11.1,11.96,11.0,11.72,315400.0
2011-10-07,10.9,11.11,10.52,10.8,473800.0,0.0,1.0,10.9,11.11,10.52,10.8,473800.0
2011-10-06,10.51,11.12,10.38,10.86,211000.0,0.0,1.0,10.51,11.12,10.38,10.86,211000.0
2011-10-05,10.54,10.81,10.32,10.6,296600.0,0.0,1.0,10.54,10.81,10.32,10.6,296600.0
2011-10-04,10.43,10.63,10.1,10.53,225600.0,0.0,1.0,10.43,10.63,10.1,10.53,225600.0
2011-10-03,11.58,11.75,10.35,10.6,302800.0,0.0,1.0,11.58,11.75,10.35,10.6,302800.0
2011-09-30,11.78,11.87,11.43,11.71,216300.0,0.0,1.0,11.78,11.87,11.43,11.71,216300.0
2011-09-29,12.46,12.49,11.79,12.02,411800.0,0.0,1.0,12.46,12.49,11.79,12.02,411800.0
2011-09-28,12.67,12.67,11.81,12.07,429700.0,0.0,1.0,12.67,12.67,11.81,12.07,429700.0
2011-09-27,12.0,12.83,11.94,12.65,182500.0,0.0,1.0,12.0,12.83,11.94,12.65,182500.0
2011-09-26,12.07,12.07,11.43,11.85,168300.0,0.0,1.0,12.07,12.07,11.43,11.85,168300.0
2011-09-23,11.58,12.58,11.58,12.03,153100.0,0.0,1.0,11.58,12.58,11.58,12.03,153100.0
2011-09-22,12.63,12.75,11.47,11.71,288900.0,0.0,1.0,12.63,12.75,11.47,11.71,288900.0
2011-09-21,13.17,13.17,12.73,12.79,107000.0,0.0,1.0,13.17,13.17,12.73,12.79,107000.0
2011-09-20,13.39,13.51,13.13,13.28,119900.0,0.0,1.0,13.39,13.51,13.13,13.28,119900.0
2011-09-19,13.04,13.49,12.75,13.3,170000.0,0.0,1.0,13.04,13.49,12.75,13.3,170000.0
2011-09-16,13.16,13.49,13.04,13.32,285500.0,0.0,1.0,13.16,13.49,13.04,13.32,285500.0
2011-09-15,12.91,13.15,12.74,13.09,111200.0,0.0,1.0,12.91,13.15,12.74,13.09,111200.0
2011-09-14,12.51,12.95,12.51,12.74,156700.0,0.0,1.0,12.51,12.95,12.51,12.74,156700.0
2011-09-13,12.24,12.51,12.03,12.4,140700.0,0.0,1.0,12.24,12.51,12.03,12.4,140700.0
2011-09-12,12.42,12.45,12.01,12.17,141600.0,0.0,1.0,12.42,12.45,12.01,12.17,141600.0
2011-09-09,12.96,13.05,12.39,12.62,164700.0,0.0,1.0,12.96,13.05,12.39,12.62,164700.0
2011-09-08,13.24,13.41,13.03,13.07,158600.0,0.0,1.0,13.24,13.41,13.03,13.07,158600.0
2011-09-07,12.88,13.62,12.7,13.32,281700.0,0.0,1.0,12.88,13.62,12.7,13.32,281700.0
2011-09-06,12.94,13.05,12.49,12.67,226200.0,0.0,1.0,12.94,13.05,12.49,12.67,226200.0
2011-09-02,13.12,13.52,13.02,13.24,160000.0,0.0,1.0,13.12,13.52,13.02,13.24,160000.0
2011-09-01,13.82,13.84,13.33,13.33,174500.0,0.0,1.0,13.82,13.84,13.33,13.33,174500.0
2011-08-31,14.0,14.0,13.58,13.88,425400.0,0.0,1.0,14.0,14.0,13.58,13.88,425400.0
2011-08-30,14.06,14.16,13.45,13.94,298300.0,0.0,1.0,14.06,14.16,13.45,13.94,298300.0
2011-08-29,13.3,14.22,13.3,13.95,192700.0,0.0,1.0,13.3,14.22,13.3,13.95,192700.0
2011-08-26,12.98,13.19,12.82,13.14,145300.0,0.0,1.0,12.98,13.19,12.82,13.14,145300.0
2011-08-25,13.5,13.67,13.02,13.06,192000.0,0.0,1.0,13.5,13.67,13.02,13.06,192000.0
2011-08-24,12.87,13.72,12.87,13.4,330500.0,0.0,1.0,12.87,13.72,12.87,13.4,330500.0
2011-08-23,12.06,12.69,12.0,12.67,360700.0,0.0,1.0,12.06,12.69,12.0,12.67,360700.0
2011-08-22,12.41,12.5,12.0,12.01,185600.0,0.0,1.0,12.41,12.5,12.0,12.01,185600.0
2011-08-19,12.3,12.6,12.01,12.13,496600.0,0.0,1.0,12.3,12.6,12.01,12.13,496600.0
2011-08-18,12.45,12.67,12.33,12.59,591900.0,0.0,1.0,12.45,12.67,12.33,12.59,591900.0
2011-08-17,12.77,13.13,12.42,12.66,661500.0,0.0,1.0,12.77,13.13,12.42,12.66,661500.0
2011-08-16,12.28,12.83,12.28,12.52,221300.0,0.0,1.0,12.28,12.83,12.28,12.52,221300.0
2011-08-15,11.72,12.53,11.72,12.38,551400.0,0.0,1.0,11.72,12.53,11.72,12.38,551400.0
2011-08-12,12.0,12.13,11.39,11.59,298800.0,0.0,1.0,12.0,12.13,11.39,11.59,298800.0
2011-08-11,12.02,12.25,11.62,11.99,747000.0,0.0,1.0,12.02,12.25,11.62,11.99,747000.0
2011-08-10,10.61,12.41,10.61,11.51,578100.0,0.0,1.0,10.61,12.41,10.61,11.51,578100.0
2011-08-09,12.53,12.66,11.89,12.06,691800.0,0.0,1.0,12.53,12.66,11.89,12.06,691800.0
2011-08-08,12.77,12.77,12.02,12.28,883100.0,0.0,1.0,12.77,12.77,12.02,12.28,883100.0
2011-08-05,13.69,13.83,12.51,13.08,1278400.0,0.0,1.0,13.69,13.83,12.51,13.08,1278400.0
2011-08-04,14.61,14.61,13.3,13.54,254300.0,0.0,1.0,14.61,14.61,13.3,13.54,254300.0
2011-08-03,14.89,14.92,14.35,14.85,154900.0,0.0,1.0,14.89,14.92,14.35,14.85,154900.0
2011-08-02,15.17,15.22,14.84,14.9,108300.0,0.0,1.0,15.17,15.22,14.84,14.9,108300.0
2011-08-01,15.43,15.46,15.13,15.23,249500.0,0.0,1.0,15.43,15.46,15.13,15.23,249500.0
2011-07-29,15.21,15.36,15.05,15.19,221700.0,0.0,1.0,15.21,15.36,15.05,15.19,221700.0
2011-07-28,14.95,15.58,14.87,15.39,650000.0,0.0,1.0,14.95,15.58,14.87,15.39,650000.0
2011-07-27,15.11,15.11,14.85,14.95,358800.0,0.0,1.0,15.11,15.11,14.85,14.95,358800.0
2011-07-26,15.28,15.28,15.14,15.18,110900.0,0.0,1.0,15.28,15.28,15.14,15.18,110900.0
2011-07-25,15.52,15.52,15.11,15.28,344200.0,0.0,1.0,15.52,15.52,15.11,15.28,344200.0
2011-07-22,16.03,16.03,15.65,15.69,421100.0,0.0,1.0,16.03,16.03,15.65,15.69,421100.0
2011-07-21,16.19,16.19,15.92,16.05,210800.0,0.0,1.0,16.19,16.19,15.92,16.05,210800.0
2011-07-20,16.11,16.24,15.95,16.15,139400.0,0.0,1.0,16.11,16.24,15.95,16.15,139400.0
2011-07-19,16.05,16.16,15.88,16.07,331400.0,0.0,1.0,16.05,16.16,15.88,16.07,331400.0
2011-07-18,16.59,16.59,15.8,15.95,445600.0,0.0,1.0,16.59,16.59,15.8,15.95,445600.0
2011-07-15,17.17,17.17,16.51,16.72,1200800.0,0.0,1.0,17.17,17.17,16.51,16.72,1200800.0
2011-07-14,16.97,16.99,16.63,16.8,330400.0,0.0,1.0,16.97,16.99,16.63,16.8,330400.0
2011-07-13,16.64,16.93,16.61,16.82,278400.0,0.0,1.0,16.64,16.93,16.61,16.82,278400.0
2011-07-12,16.66,16.86,16.53,16.62,430100.0,0.0,1.0,16.66,16.86,16.53,16.62,430100.0
2011-07-11,16.89,17.14,16.67,16.77,263800.0,0.0,1.0,16.89,17.14,16.67,16.77,263800.0
2011-07-08,17.11,17.31,16.96,17.04,255300.0,0.0,1.0,17.11,17.31,16.96,17.04,255300.0
2011-07-07,17.0,17.4,16.74,17.32,540200.0,0.0,1.0,17.0,17.4,16.74,17.32,540200.0
2011-07-06,17.03,17.38,16.56,16.83,749700.0,0.0,1.0,17.03,17.38,16.56,16.83,749700.0
2011-07-05,16.74,17.23,16.51,17.09,259600.0,0.0,1.0,16.74,17.23,16.51,17.09,259600.0
2011-07-01,16.97,17.21,16.63,16.73,229600.0,0.0,1.0,16.97,17.21,16.63,16.73,229600.0
2011-06-30,16.6,17.09,16.49,16.98,333700.0,0.0,1.0,16.6,17.09,16.49,16.98,333700.0
2011-06-29,17.14,17.56,16.5,16.63,1235900.0,0.0,1.0,17.14,17.56,16.5,16.63,1235900.0
2011-06-28,17.11,17.35,16.97,17.04,269400.0,0.0,1.0,17.11,17.35,16.97,17.04,269400.0
2011-06-27,17.41,17.63,16.6,17.04,286600.0,0.0,1.0,17.41,17.63,16.6,17.04,286600.0
2011-06-24,17.8,17.8,17.05,17.34,2644400.0,0.0,1.0,17.8,17.8,17.05,17.34,2644400.0
2011-06-23,17.66,18.25,17.22,17.84,460600.0,0.0,1.0,17.66,18.25,17.22,17.84,460600.0
2011-06-22,17.9,18.55,17.7,17.85,261100.0,0.0,1.0,17.9,18.55,17.7,17.85,261100.0
2011-06-21,18.24,18.4,17.62,17.94,573600.0,0.0,1.0,18.24,18.4,17.62,17.94,573600.0
2011-06-20,18.38,18.82,17.95,18.15,586600.0,0.0,1.0,18.38,18.82,17.95,18.15,586600.0
2011-06-17,18.41,18.7,18.04,18.33,448500.0,0.0,1.0,18.41,18.7,18.04,18.33,448500.0
2011-06-16,18.28,18.33,18.09,18.3,438400.0,0.0,1.0,18.28,18.33,18.09,18.3,438400.0
2011-06-15,18.28,18.72,18.18,18.22,237700.0,0.0,1.0,18.28,18.72,18.18,18.22,237700.0
2011-06-14,18.52,18.67,18.15,18.35,679300.0,0.0,1.0,18.52,18.67,18.15,18.35,679300.0
2011-06-13,18.56,18.79,18.33,18.5,314500.0,0.0,1.0,18.56,18.79,18.33,18.5,314500.0
2011-06-10,18.36,18.73,18.15,18.3,465900.0,0.0,1.0,18.36,18.73,18.15,18.3,465900.0
2011-06-09,18.17,18.74,18.08,18.58,796100.0,0.0,1.0,18.17,18.74,18.08,18.58,796100.0
2011-06-08,18.08,18.44,18.06,18.17,222400.0,0.0,1.0,18.08,18.44,18.06,18.17,222400.0
2011-06-07,18.02,18.2,18.0,18.02,894900.0,0.0,1.0,18.02,18.2,18.0,18.02,894900.0
2011-06-06,18.73,19.25,18.12,18.41,421700.0,0.0,1.0,18.73,19.25,18.12,18.41,421700.0
2011-06-03,18.72,19.09,18.56,19.0,212800.0,0.0,1.0,18.72,19.09,18.56,19.0,212800.0
2011-06-02,18.9,19.03,18.78,18.79,519900.0,0.0,1.0,18.9,19.03,18.78,18.79,519900.0
2011-06-01,19.1,19.25,18.75,18.98,508100.0,0.0,1.0,19.1,19.25,18.75,18.98,508100.0
2011-05-31,19.44,19.44,19.08,19.15,367400.0,0.0,1.0,19.44,19.44,19.08,19.15,367400.0
2011-05-27,18.45,19.45,18.3,19.24,315400.0,0.0,1.0,18.45,19.45,18.3,19.24,315400.0
2011-05-26,18.66,18.66,18.3,18.52,213600.0,0.0,1.0,18.66,18.66,18.3,18.52,213600.0
2011-05-25,18.33,18.77,18.29,18.73,267700.0,0.0,1.0,18.33,18.77,18.29,18.73,267700.0
2011-05-24,18.5,18.9,18.44,18.49,159400.0,0.0,1.0,18.5,18.9,18.44,18.49,159400.0
2011-05-23,18.86,18.9,18.06,18.41,221700.0,0.0,1.0,18.86,18.9,18.06,18.41,221700.0
2011-05-20,18.8,19.0,18.5,18.93,265400.0,0.0,1.0,18.8,19.0,18.5,18.93,265400.0
2011-05-19,18.27,19.04,18.23,18.96,266300.0,0.0,1.0,18.27,19.04,18.23,18.96,266300.0
2011-05-18,17.93,18.5,17.93,18.23,1137000.0,0.0,1.0,17.93,18.5,17.93,18.23,1137000.0
2011-05-17,18.1,18.19,17.84,17.92,3205100.0,0.0,1.0,18.1,18.19,17.84,17.92,3205100.0
2011-05-16,18.14,18.64,18.01,18.16,582100.0,0.0,1.0,18.14,18.64,18.01,18.16,582100.0
2011-05-13,18.09,18.3,17.9,18.13,1699500.0,0.0,1.0,18.09,18.3,17.9,18.13,1699500.0
2011-05-12,18.24,18.24,17.67,18.0,6300000.0,0.0,1.0,18.24,18.24,17.67,18.0,6300000.0
2011-05-11,19.5,19.7,18.2,18.24,17542200.0,0.0,1.0,19.5,19.7,18.2,18.24,17542200.0
