2014-10-24,15.84,15.89,15.48,15.87,457835.0,0.0,1.0,15.84,15.89,15.48,15.87,457835.0
2014-10-23,15.44,16.09,15.44,15.91,926884.0,0.0,1.0,15.44,16.09,15.44,15.91,926884.0
2014-10-22,15.65,15.71,15.32,15.4,520141.0,0.0,1.0,15.65,15.71,15.32,15.4,520141.0
2014-10-21,15.55,15.75,15.4101,15.65,911134.0,0.0,1.0,15.55,15.75,15.4101,15.65,911134.0
2014-10-20,15.0,15.62,14.79,15.44,1141624.0,0.0,1.0,15.0,15.62,14.79,15.44,1141624.0
2014-10-17,15.47,15.51,14.9,14.95,808238.0,0.0,1.0,15.47,15.51,14.9,14.95,808238.0
2014-10-16,14.97,15.52,14.95,15.33,980395.0,0.0,1.0,14.97,15.52,14.95,15.33,980395.0
2014-10-15,14.32,15.31,14.15,15.23,1190682.0,0.0,1.0,14.32,15.31,14.15,15.23,1190682.0
2014-10-14,14.42,14.79,14.23,14.46,667942.0,0.0,1.0,14.42,14.79,14.23,14.46,667942.0
2014-10-13,14.63,14.77,14.04,14.16,978317.0,0.0,1.0,14.63,14.77,14.04,14.16,978317.0
2014-10-10,15.15,15.29,14.55,14.58,1131154.0,0.0,1.0,15.15,15.29,14.55,14.58,1131154.0
2014-10-09,15.42,15.57,15.1201,15.32,918534.0,0.0,1.0,15.42,15.57,15.1201,15.32,918534.0
2014-10-08,14.99,15.53,14.72,15.45,1276518.0,0.0,1.0,14.99,15.53,14.72,15.45,1276518.0
2014-10-07,15.36,15.82,15.25,15.35,1440456.0,0.0,1.0,15.36,15.82,15.25,15.35,1440456.0
2014-10-06,15.0,15.56,14.95,15.45,1535092.0,0.0,1.0,15.0,15.56,14.95,15.45,1535092.0
2014-10-03,14.42,14.97,14.36,14.93,750868.0,0.0,1.0,14.42,14.97,14.36,14.93,750868.0
2014-10-01,14.18,14.31,13.78,13.84,705583.0,0.0,1.0,14.18,14.31,13.78,13.84,705583.0
2014-09-30,14.71,14.7099,14.13,14.29,723993.0,0.0,1.0,14.71,14.7099,14.13,14.29,723993.0
2014-09-29,14.39,14.72,14.34,14.54,351323.0,0.0,1.0,14.39,14.72,14.34,14.54,351323.0
2014-09-26,14.43,14.77,14.2852,14.63,513983.0,0.0,1.0,14.43,14.77,14.2852,14.63,513983.0
2014-09-25,14.67,14.78,14.12,14.33,554531.0,0.0,1.0,14.67,14.78,14.12,14.33,554531.0
2014-09-24,14.12,14.74,14.06,14.67,697026.0,0.0,1.0,14.12,14.74,14.06,14.67,697026.0
2014-09-23,14.28,14.52,14.06,14.06,875488.0,0.0,1.0,14.28,14.52,14.06,14.06,875488.0
2014-09-22,14.81,14.97,14.21,14.21,658135.0,0.0,1.0,14.81,14.97,14.21,14.21,658135.0
2014-09-19,15.22,15.26,14.95,15.04,893800.0,0.0,1.0,15.22,15.26,14.95,15.04,893800.0
2014-09-18,15.19,15.29,15.04,15.23,782228.0,0.0,1.0,15.19,15.29,15.04,15.23,782228.0
2014-09-17,14.2,15.17,14.6,15.08,1156292.0,0.0,1.0,14.2,15.17,14.6,15.08,1156292.0
2014-09-16,14.2,15.05,14.18,15.03,1738114.0,0.0,1.0,14.2,15.05,14.18,15.03,1738114.0
2014-09-15,14.7,14.73,14.14,14.24,908764.0,0.0,1.0,14.7,14.73,14.14,14.24,908764.0
2014-09-12,15.07,15.0852,14.58,14.78,671542.0,0.0,1.0,15.07,15.0852,14.58,14.78,671542.0
2014-09-11,15.1,15.17,14.95,15.03,652528.0,0.0,1.0,15.1,15.17,14.95,15.03,652528.0
2014-09-10,14.99,15.17,14.96,15.12,756206.0,0.0,1.0,14.99,15.17,14.96,15.12,756206.0
2014-09-09,15.31,15.4,14.925,14.98,618468.0,0.0,1.0,15.31,15.4,14.925,14.98,618468.0
2014-09-08,15.49,15.7099,15.23,15.35,824666.0,0.0,1.0,15.49,15.7099,15.23,15.35,824666.0
2014-09-05,15.45,15.69,15.24,15.57,914014.0,0.0,1.0,15.45,15.69,15.24,15.57,914014.0
2014-09-04,15.43,15.93,15.29,15.45,1325615.0,0.0,1.0,15.43,15.93,15.29,15.45,1325615.0
2014-09-03,15.31,15.46,14.98,15.4,1471524.0,0.0,1.0,15.31,15.46,14.98,15.4,1471524.0
2014-09-02,14.88,15.355,14.7,15.19,1560940.0,0.0,1.0,14.88,15.355,14.7,15.19,1560940.0
2014-08-29,14.62,14.94,14.61,14.82,425574.0,0.0,1.0,14.62,14.94,14.61,14.82,425574.0
2014-08-28,14.54,14.72,14.36,14.68,464158.0,0.0,1.0,14.54,14.72,14.36,14.68,464158.0
2014-08-27,14.83,14.85,14.46,14.61,482023.0,0.0,1.0,14.83,14.85,14.46,14.61,482023.0
2014-08-26,14.45,14.88,14.31,14.76,931590.0,0.0,1.0,14.45,14.88,14.31,14.76,931590.0
2014-08-25,14.76,14.82,14.335,14.44,620350.0,0.0,1.0,14.76,14.82,14.335,14.44,620350.0
2014-08-22,14.4,14.82,14.23,14.74,757967.0,0.0,1.0,14.4,14.82,14.23,14.74,757967.0
2014-08-21,14.25,14.48,14.18,14.37,571637.0,0.0,1.0,14.25,14.48,14.18,14.37,571637.0
2014-08-20,14.22,14.4,14.18,14.32,464920.0,0.0,1.0,14.22,14.4,14.18,14.32,464920.0
2014-08-19,14.25,14.43,14.18,14.35,610934.0,0.0,1.0,14.25,14.43,14.18,14.35,610934.0
2014-08-18,14.23,14.4301,14.09,14.35,853052.0,0.0,1.0,14.23,14.4301,14.09,14.35,853052.0
2014-08-15,13.99,14.19,13.94,14.13,1475056.0,0.0,1.0,13.99,14.19,13.94,14.13,1475056.0
2014-08-14,13.67,13.93,13.64,13.91,477649.0,0.0,1.0,13.67,13.93,13.64,13.91,477649.0
2014-08-13,13.32,13.76,13.3,13.73,867909.0,0.0,1.0,13.32,13.76,13.3,13.73,867909.0
2014-08-12,13.19,13.34,13.17,13.31,808271.0,0.0,1.0,13.19,13.34,13.17,13.31,808271.0
2014-08-11,13.28,13.39,12.96,13.35,1060771.0,0.0,1.0,13.28,13.39,12.96,13.35,1060771.0
2014-08-08,13.63,13.74,13.07,13.25,1114549.0,0.0,1.0,13.63,13.74,13.07,13.25,1114549.0
2014-08-07,13.77,14.24,13.52,13.75,1401166.0,0.0,1.0,13.77,14.24,13.52,13.75,1401166.0
2014-08-06,13.57,13.68,13.32,13.56,1217908.0,0.0,1.0,13.57,13.68,13.32,13.56,1217908.0
2014-08-05,13.54,13.86,13.51,13.69,1408575.0,0.0,1.0,13.54,13.86,13.51,13.69,1408575.0
2014-08-04,13.53,13.83,13.44,13.75,1125070.0,0.0,1.0,13.53,13.83,13.44,13.75,1125070.0
2014-08-01,13.81,14.05,13.095,13.43,1586926.0,0.0,1.0,13.81,14.05,13.095,13.43,1586926.0
2014-07-31,14.33,14.95,13.7022,13.88,2083290.0,0.0,1.0,14.33,14.95,13.7022,13.88,2083290.0
2014-07-30,13.6,14.232,13.52,14.01,1978473.0,0.0,1.0,13.6,14.232,13.52,14.01,1978473.0
2014-07-29,13.22,13.83,13.16,13.61,1252320.0,0.0,1.0,13.22,13.83,13.16,13.61,1252320.0
2014-07-28,13.1,13.28,13.01,13.19,726134.0,0.0,1.0,13.1,13.28,13.01,13.19,726134.0
2014-07-25,13.14,13.2,12.91,13.19,623086.0,0.0,1.0,13.14,13.2,12.91,13.19,623086.0
2014-07-24,13.21,13.27,12.89,13.19,807285.0,0.0,1.0,13.21,13.27,12.89,13.19,807285.0
2014-07-23,12.78,13.33,12.68,13.19,826012.0,0.0,1.0,12.78,13.33,12.68,13.19,826012.0
2014-07-22,12.66,12.85,12.61,12.75,571870.0,0.0,1.0,12.66,12.85,12.61,12.75,571870.0
2014-07-21,12.61,12.66,12.36,12.61,827827.0,0.0,1.0,12.61,12.66,12.36,12.61,827827.0
2014-07-18,12.54,12.76,12.31,12.61,661019.0,0.0,1.0,12.54,12.76,12.31,12.61,661019.0
2014-07-17,12.67,12.83,12.3,12.37,507608.0,0.0,1.0,12.67,12.83,12.3,12.37,507608.0
2014-07-16,12.91,12.98,12.455,12.73,781120.0,0.0,1.0,12.91,12.98,12.455,12.73,781120.0
2014-07-15,13.03,13.1,12.49,12.72,1062281.0,0.0,1.0,13.03,13.1,12.49,12.72,1062281.0
2014-07-14,13.45,13.47,13.01,13.02,930990.0,0.0,1.0,13.45,13.47,13.01,13.02,930990.0
2014-07-11,13.13,13.42,13.11,13.26,468783.0,0.0,1.0,13.13,13.42,13.11,13.26,468783.0
2014-07-10,13.39,13.39,13.06,13.2,1060097.0,0.0,1.0,13.39,13.39,13.06,13.2,1060097.0
2014-07-09,13.35,13.64,13.3,13.54,683052.0,0.0,1.0,13.35,13.64,13.3,13.54,683052.0
2014-07-08,13.92,13.97,13.29,13.35,1822914.0,0.0,1.0,13.92,13.97,13.29,13.35,1822914.0
2014-07-07,13.92,13.99,13.73,13.9,817770.0,0.0,1.0,13.92,13.99,13.73,13.9,817770.0
2014-07-03,14.03,14.12,13.78,13.94,703469.0,0.0,1.0,14.03,14.12,13.78,13.94,703469.0
2014-07-02,14.16,14.352,14.06,14.09,929368.0,0.0,1.0,14.16,14.352,14.06,14.09,929368.0
2014-07-01,14.01,14.23,13.93,14.17,1104146.0,0.0,1.0,14.01,14.23,13.93,14.17,1104146.0
2014-06-30,13.72,14.08,13.64,13.96,1233482.0,0.0,1.0,13.72,14.08,13.64,13.96,1233482.0
2014-06-27,14.285,14.45,13.76,13.85,2370554.0,0.0,1.0,14.285,14.45,13.76,13.85,2370554.0
2014-06-26,13.79,14.48,13.72,14.46,1928629.0,0.0,1.0,13.79,14.48,13.72,14.46,1928629.0
2014-06-25,13.58,13.92,13.54,13.91,1668908.0,0.0,1.0,13.58,13.92,13.54,13.91,1668908.0
2014-06-24,13.11,13.75,13.04,13.69,2442172.0,0.0,1.0,13.11,13.75,13.04,13.69,2442172.0
2014-06-23,12.78,13.17,12.73,13.11,1436738.0,0.0,1.0,12.78,13.17,12.73,13.11,1436738.0
2014-06-20,12.95,13.06,12.45,12.8,1688247.0,0.0,1.0,12.95,13.06,12.45,12.8,1688247.0
2014-06-19,12.98,13.18,12.67,12.89,1115495.0,0.0,1.0,12.98,13.18,12.67,12.89,1115495.0
2014-06-18,12.68,13.16,12.635,12.93,1485080.0,0.0,1.0,12.68,13.16,12.635,12.93,1485080.0
2014-06-17,12.4,12.82,12.224,12.67,1456807.0,0.0,1.0,12.4,12.82,12.224,12.67,1456807.0
2014-06-16,11.81,12.47,11.7,12.41,1209239.0,0.0,1.0,11.81,12.47,11.7,12.41,1209239.0
2014-06-13,11.78,11.97,11.57,11.76,690207.0,0.0,1.0,11.78,11.97,11.57,11.76,690207.0
2014-06-12,11.86,11.96,11.64,11.88,697407.0,0.0,1.0,11.86,11.96,11.64,11.88,697407.0
2014-06-11,11.7,12.07,11.69,11.99,656669.0,0.0,1.0,11.7,12.07,11.69,11.99,656669.0
2014-06-10,11.91,11.99,11.63,11.74,948228.0,0.0,1.0,11.91,11.99,11.63,11.74,948228.0
2014-06-09,11.81,12.0,11.69,11.99,1249171.0,0.0,1.0,11.81,12.0,11.69,11.99,1249171.0
2014-06-06,11.55,11.89,11.36,11.86,1254593.0,0.0,1.0,11.55,11.89,11.36,11.86,1254593.0
2014-06-05,11.11,11.69,11.01,11.55,1368364.0,0.0,1.0,11.11,11.69,11.01,11.55,1368364.0
2014-06-04,11.035,11.1834,10.92,11.01,1534399.0,0.0,1.0,11.035,11.1834,10.92,11.01,1534399.0
2014-06-03,11.08,11.17,10.92,11.1,1154705.0,0.0,1.0,11.08,11.17,10.92,11.1,1154705.0
2014-06-02,11.22,11.3,10.95,11.13,1486203.0,0.0,1.0,11.22,11.3,10.95,11.13,1486203.0
2014-05-30,11.53,11.53,11.08,11.22,1329784.0,0.0,1.0,11.53,11.53,11.08,11.22,1329784.0
2014-05-29,11.45,11.57,11.22,11.45,1395067.0,0.0,1.0,11.45,11.57,11.22,11.45,1395067.0
2014-05-28,11.16,11.43,11.05,11.4,1622670.0,0.0,1.0,11.16,11.43,11.05,11.4,1622670.0
2014-05-27,11.43,11.55,11.04,11.12,1412586.0,0.0,1.0,11.43,11.55,11.04,11.12,1412586.0
2014-05-23,11.31,11.42,10.995,11.34,2566761.0,0.0,1.0,11.31,11.42,10.995,11.34,2566761.0
2014-05-22,11.0,11.42,10.9,11.29,3554578.0,0.0,1.0,11.0,11.42,10.9,11.29,3554578.0
2014-05-21,10.94,11.13,10.87,11.0,2393760.0,0.0,1.0,10.94,11.13,10.87,11.0,2393760.0
2014-05-20,10.6,11.06,10.48,10.9,6256063.0,0.0,1.0,10.6,11.06,10.48,10.9,6256063.0
2014-05-16,12.71,13.03,12.49,12.98,905835.0,0.0,1.0,12.71,13.03,12.49,12.98,905835.0
2014-05-15,12.77,12.85,12.27,12.6,1308644.0,0.0,1.0,12.77,12.85,12.27,12.6,1308644.0
2014-05-14,12.85,13.04,12.75,12.9,1094975.0,0.0,1.0,12.85,13.04,12.75,12.9,1094975.0
2014-05-13,13.39,13.41,12.98,13.05,995063.0,0.0,1.0,13.39,13.41,12.98,13.05,995063.0
2014-05-12,12.92,13.29,12.77,13.21,1226457.0,0.0,1.0,12.92,13.29,12.77,13.21,1226457.0
2014-05-08,12.72,13.17,12.61,12.64,1268284.0,0.0,1.0,12.72,13.17,12.61,12.64,1268284.0
2014-05-07,13.44,13.49,12.49,12.76,2400538.0,0.0,1.0,13.44,13.49,12.49,12.76,2400538.0
2014-05-06,13.71,13.85,13.22,13.36,1740216.0,0.0,1.0,13.71,13.85,13.22,13.36,1740216.0
2014-05-05,14.23,14.35,13.61,13.68,2514972.0,0.0,1.0,14.23,14.35,13.61,13.68,2514972.0
2014-05-02,14.52,15.0,14.21,14.37,2864549.0,0.0,1.0,14.52,15.0,14.21,14.37,2864549.0
2014-05-01,15.72,15.898,14.06,14.51,6585266.0,0.0,1.0,15.72,15.898,14.06,14.51,6585266.0
2014-04-30,15.09,16.198,14.74,15.7,2385268.0,0.0,1.0,15.09,16.198,14.74,15.7,2385268.0
2014-04-29,15.19,15.6,14.72,15.32,2729220.0,0.0,1.0,15.19,15.6,14.72,15.32,2729220.0
2014-04-28,15.95,15.95,14.69,15.11,2529381.0,0.0,1.0,15.95,15.95,14.69,15.11,2529381.0
2014-04-25,16.47,16.5,15.8,15.88,726269.0,0.0,1.0,16.47,16.5,15.8,15.88,726269.0
2014-04-24,16.81,17.035,16.17,16.52,1301976.0,0.0,1.0,16.81,17.035,16.17,16.52,1301976.0
2014-04-23,16.5,16.96,16.45,16.85,1419553.0,0.0,1.0,16.5,16.96,16.45,16.85,1419553.0
2014-04-22,15.97,16.63,15.88,16.5,747006.0,0.0,1.0,15.97,16.63,15.88,16.5,747006.0
2014-04-21,16.01,16.05,15.6,15.92,320568.0,0.0,1.0,16.01,16.05,15.6,15.92,320568.0
2014-04-17,15.69,16.22,15.65,15.99,806542.0,0.0,1.0,15.69,16.22,15.65,15.99,806542.0
2014-04-16,15.69,15.96,15.31,15.83,673001.0,0.0,1.0,15.69,15.96,15.31,15.83,673001.0
2014-04-15,15.535,15.74,14.98,15.55,1495020.0,0.0,1.0,15.535,15.74,14.98,15.55,1495020.0
2014-04-14,15.38,15.66,15.28,15.51,1250600.0,0.0,1.0,15.38,15.66,15.28,15.51,1250600.0
2014-04-11,15.51,15.75,14.97,15.06,1267900.0,0.0,1.0,15.51,15.75,14.97,15.06,1267900.0
2014-04-10,16.6,16.61,15.47,15.58,1280900.0,0.0,1.0,16.6,16.61,15.47,15.58,1280900.0
2014-04-09,16.36,16.66,16.2,16.62,798000.0,0.0,1.0,16.36,16.66,16.2,16.62,798000.0
2014-04-08,16.1,16.57,15.75,16.36,1336300.0,0.0,1.0,16.1,16.57,15.75,16.36,1336300.0
2014-04-07,16.43,16.48,15.35,15.82,2072400.0,0.0,1.0,16.43,16.48,15.35,15.82,2072400.0
2014-04-04,17.55,17.6,16.47,16.59,1679900.0,0.0,1.0,17.55,17.6,16.47,16.59,1679900.0
2014-04-03,17.46,17.73,17.25,17.35,1013100.0,0.0,1.0,17.46,17.73,17.25,17.35,1013100.0
2014-04-02,17.64,17.7,17.25,17.45,876400.0,0.0,1.0,17.64,17.7,17.25,17.45,876400.0
2014-04-01,17.19,17.69,17.16,17.59,1629400.0,0.0,1.0,17.19,17.69,17.16,17.59,1629400.0
2014-03-31,17.49,17.67,17.06,17.11,2412500.0,0.0,1.0,17.49,17.67,17.06,17.11,2412500.0
2014-03-28,17.61,17.99,17.28,17.36,1102700.0,0.0,1.0,17.61,17.99,17.28,17.36,1102700.0
2014-03-27,18.24,18.32,17.41,17.55,1991400.0,0.0,1.0,18.24,18.32,17.41,17.55,1991400.0
2014-03-26,18.34,18.49,17.86,18.21,1742100.0,0.0,1.0,18.34,18.49,17.86,18.21,1742100.0
2014-03-25,18.88,19.1,18.17,18.24,1214300.0,0.0,1.0,18.88,19.1,18.17,18.24,1214300.0
2014-03-24,19.55,19.57,18.41,18.73,1353900.0,0.0,1.0,19.55,19.57,18.41,18.73,1353900.0
2014-03-21,20.09,20.11,19.56,19.56,1463400.0,0.0,1.0,20.09,20.11,19.56,19.56,1463400.0
2014-03-20,20.36,20.56,20.03,20.1,751200.0,0.0,1.0,20.36,20.56,20.03,20.1,751200.0
2014-03-19,20.82,20.92,20.25,20.38,992900.0,0.0,1.0,20.82,20.92,20.25,20.38,992900.0
2014-03-18,20.1,21.26,20.04,20.88,2365400.0,0.0,1.0,20.1,21.26,20.04,20.88,2365400.0
2014-03-17,19.64,20.1,19.45,20.06,1423600.0,0.0,1.0,19.64,20.1,19.45,20.06,1423600.0
2014-03-14,20.05,20.18,19.67,19.81,831300.0,0.0,1.0,20.05,20.18,19.67,19.81,831300.0
2014-03-13,19.57,20.58,19.57,20.1,2592300.0,0.0,1.0,19.57,20.58,19.57,20.1,2592300.0
2014-03-12,19.33,19.47,19.03,19.17,1201900.0,0.0,1.0,19.33,19.47,19.03,19.17,1201900.0
2014-03-11,20.12,20.18,19.41,19.5,939600.0,0.0,1.0,20.12,20.18,19.41,19.5,939600.0
2014-03-10,20.15,20.46,19.91,20.06,1249200.0,0.0,1.0,20.15,20.46,19.91,20.06,1249200.0
2014-03-07,20.18,20.41,19.82,20.2,1527500.0,0.0,1.0,20.18,20.41,19.82,20.2,1527500.0
2014-03-06,19.83,20.3,19.66,20.12,1569100.0,0.0,1.0,19.83,20.3,19.66,20.12,1569100.0
2014-03-05,19.94,20.02,19.68,19.77,995400.0,0.0,1.0,19.94,20.02,19.68,19.77,995400.0
2014-03-04,19.53,20.01,19.34,19.94,1509000.0,0.0,1.0,19.53,20.01,19.34,19.94,1509000.0
2014-03-03,19.75,19.77,18.4,19.3,2494500.0,0.0,1.0,19.75,19.77,18.4,19.3,2494500.0
2014-02-28,20.41,20.45,19.5,19.91,1702900.0,0.0,1.0,20.41,20.45,19.5,19.91,1702900.0
2014-02-27,20.11,20.45,20.07,20.37,916400.0,0.0,1.0,20.11,20.45,20.07,20.37,916400.0
2014-02-26,20.0,20.41,19.77,20.13,1261500.0,0.0,1.0,20.0,20.41,19.77,20.13,1261500.0
2014-02-25,20.29,20.32,19.69,20.0,1945000.0,0.0,1.0,20.29,20.32,19.69,20.0,1945000.0
2014-02-24,20.19,21.15,19.35,20.32,4674300.0,0.0,1.0,20.19,21.15,19.35,20.32,4674300.0
2014-02-21,22.42,22.54,21.74,21.79,1702900.0,0.0,1.0,22.42,22.54,21.74,21.79,1702900.0
2014-02-20,22.5,22.57,20.34,22.29,3893900.0,0.0,1.0,22.5,22.57,20.34,22.29,3893900.0
2014-02-19,22.35,22.75,21.95,22.13,2420900.0,0.0,1.0,22.35,22.75,21.95,22.13,2420900.0
2014-02-18,21.96,22.25,21.81,21.93,1982500.0,0.0,1.0,21.96,22.25,21.81,21.93,1982500.0
2014-02-14,22.78,22.85,21.87,21.9,1556500.0,0.0,1.0,22.78,22.85,21.87,21.9,1556500.0
2014-02-13,21.79,22.72,21.61,22.62,808600.0,0.0,1.0,21.79,22.72,21.61,22.62,808600.0
2014-02-12,21.6,22.05,21.52,21.97,1232300.0,0.0,1.0,21.6,22.05,21.52,21.97,1232300.0
2014-02-11,21.85,21.96,21.21,21.71,2140000.0,0.0,1.0,21.85,21.96,21.21,21.71,2140000.0
2014-02-10,22.15,22.22,21.72,21.82,1707600.0,0.0,1.0,22.15,22.22,21.72,21.82,1707600.0
2014-02-07,21.31,22.29,21.31,21.83,1560700.0,0.0,1.0,21.31,22.29,21.31,21.83,1560700.0
2014-02-06,20.85,21.42,20.84,21.31,1405100.0,0.0,1.0,20.85,21.42,20.84,21.31,1405100.0
2014-02-05,20.55,20.76,19.78,20.66,1518500.0,0.0,1.0,20.55,20.76,19.78,20.66,1518500.0
2014-02-04,20.99,21.21,20.57,20.59,2357600.0,0.0,1.0,20.99,21.21,20.57,20.59,2357600.0
2014-02-03,20.38,20.94,19.88,20.32,1549700.0,0.0,1.0,20.38,20.94,19.88,20.32,1549700.0
2014-01-31,19.7,20.83,19.27,20.41,1718000.0,0.0,1.0,19.7,20.83,19.27,20.41,1718000.0
2014-01-30,19.34,20.25,19.23,20.08,1807600.0,0.0,1.0,19.34,20.25,19.23,20.08,1807600.0
2014-01-29,18.71,19.14,18.22,19.03,913100.0,0.0,1.0,18.71,19.14,18.22,19.03,913100.0
2014-01-28,18.33,18.92,18.05,18.91,1059700.0,0.0,1.0,18.33,18.92,18.05,18.91,1059700.0
2014-01-27,19.2,19.26,17.59,18.31,1434200.0,0.0,1.0,19.2,19.26,17.59,18.31,1434200.0
2014-01-24,19.66,19.75,18.66,18.96,2246100.0,0.0,1.0,19.66,19.75,18.66,18.96,2246100.0
2014-01-23,19.72,20.16,18.91,19.87,4330400.0,0.0,1.0,19.72,20.16,18.91,19.87,4330400.0
2014-01-22,19.04,19.18,18.78,18.8,1532700.0,0.0,1.0,19.04,19.18,18.78,18.8,1532700.0
2014-01-21,18.99,19.0,18.55,18.9,931700.0,0.0,1.0,18.99,19.0,18.55,18.9,931700.0
2014-01-17,18.99,18.99,18.6,18.72,1105400.0,0.0,1.0,18.99,18.99,18.6,18.72,1105400.0
2014-01-16,18.4,18.91,17.94,18.89,2115900.0,0.0,1.0,18.4,18.91,17.94,18.89,2115900.0
2014-01-15,18.5,18.98,18.18,18.66,3181000.0,0.0,1.0,18.5,18.98,18.18,18.66,3181000.0
2014-01-14,17.82,18.83,17.66,18.5,2692700.0,0.0,1.0,17.82,18.83,17.66,18.5,2692700.0
2014-01-13,17.82,18.59,17.19,17.49,3214900.0,0.0,1.0,17.82,18.59,17.19,17.49,3214900.0
2014-01-10,16.61,17.58,16.4,17.5,1426000.0,0.0,1.0,16.61,17.58,16.4,17.5,1426000.0
2014-01-09,17.08,17.14,16.58,16.64,616300.0,0.0,1.0,17.08,17.14,16.58,16.64,616300.0
2014-01-08,16.84,17.12,16.52,16.99,1008600.0,0.0,1.0,16.84,17.12,16.52,16.99,1008600.0
2014-01-07,16.4,17.17,16.27,16.8,1891200.0,0.0,1.0,16.4,17.17,16.27,16.8,1891200.0
2014-01-06,15.96,16.47,15.67,16.35,995700.0,0.0,1.0,15.96,16.47,15.67,16.35,995700.0
2014-01-03,15.74,15.96,15.66,15.91,381100.0,0.0,1.0,15.74,15.96,15.66,15.91,381100.0
2014-01-02,16.31,16.31,15.5,15.77,794500.0,0.0,1.0,16.31,16.31,15.5,15.77,794500.0
2013-12-31,16.2,16.57,15.9,16.41,734300.0,0.0,1.0,16.2,16.57,15.9,16.41,734300.0
2013-12-30,16.08,16.45,15.74,16.23,553400.0,0.0,1.0,16.08,16.45,15.74,16.23,553400.0
2013-12-27,16.17,16.27,15.64,15.99,413000.0,0.0,1.0,16.17,16.27,15.64,15.99,413000.0
2013-12-26,16.46,16.46,16.06,16.1,388500.0,0.0,1.0,16.46,16.46,16.06,16.1,388500.0
2013-12-24,15.73,16.43,15.73,16.36,329500.0,0.0,1.0,15.73,16.43,15.73,16.36,329500.0
2013-12-23,16.63,16.68,15.55,15.71,756100.0,0.0,1.0,16.63,16.68,15.55,15.71,756100.0
2013-12-20,15.75,16.38,15.37,16.35,1312000.0,0.0,1.0,15.75,16.38,15.37,16.35,1312000.0
2013-12-19,15.5,15.76,15.41,15.75,736300.0,0.0,1.0,15.5,15.76,15.41,15.75,736300.0
2013-12-18,15.15,15.61,15.14,15.44,748300.0,0.0,1.0,15.15,15.61,15.14,15.44,748300.0
2013-12-17,15.73,15.8,15.07,15.14,861700.0,0.0,1.0,15.73,15.8,15.07,15.14,861700.0
2013-12-16,16.13,16.13,15.68,15.76,813100.0,0.0,1.0,16.13,16.13,15.68,15.76,813100.0
2013-12-13,16.15,16.15,15.86,16.0,664400.0,0.0,1.0,16.15,16.15,15.86,16.0,664400.0
2013-12-12,16.15,16.17,15.95,16.03,766000.0,0.0,1.0,16.15,16.17,15.95,16.03,766000.0
2013-12-11,16.66,16.71,15.98,16.02,512000.0,0.0,1.0,16.66,16.71,15.98,16.02,512000.0
2013-12-10,17.13,17.16,16.54,16.69,697900.0,0.0,1.0,17.13,17.16,16.54,16.69,697900.0
2013-12-09,16.75,17.13,16.38,17.09,554800.0,0.0,1.0,16.75,17.13,16.38,17.09,554800.0
2013-12-06,16.78,16.89,16.64,16.75,768800.0,0.0,1.0,16.78,16.89,16.64,16.75,768800.0
2013-12-05,16.58,16.75,16.36,16.65,560100.0,0.0,1.0,16.58,16.75,16.36,16.65,560100.0
2013-12-04,16.64,16.74,16.31,16.62,505100.0,0.0,1.0,16.64,16.74,16.31,16.62,505100.0
2013-12-03,16.5,16.8,16.44,16.68,553700.0,0.0,1.0,16.5,16.8,16.44,16.68,553700.0
2013-12-02,17.18,17.19,16.22,16.47,1007900.0,0.0,1.0,17.18,17.19,16.22,16.47,1007900.0
2013-11-29,17.24,17.45,17.0,17.22,167900.0,0.0,1.0,17.24,17.45,17.0,17.22,167900.0
2013-11-27,17.55,17.6,16.71,17.17,857600.0,0.0,1.0,17.55,17.6,16.71,17.17,857600.0
2013-11-26,17.33,17.79,17.11,17.61,481900.0,0.0,1.0,17.33,17.79,17.11,17.61,481900.0
2013-11-25,17.65,17.65,17.17,17.27,427400.0,0.0,1.0,17.65,17.65,17.17,17.27,427400.0
2013-11-22,17.56,17.58,17.19,17.38,618600.0,0.0,1.0,17.56,17.58,17.19,17.38,618600.0
2013-11-21,17.3,17.69,17.19,17.57,687800.0,0.0,1.0,17.3,17.69,17.19,17.57,687800.0
2013-11-20,16.95,17.19,16.83,16.99,541500.0,0.0,1.0,16.95,17.19,16.83,16.99,541500.0
2013-11-19,17.15,17.23,16.91,16.97,345900.0,0.0,1.0,17.15,17.23,16.91,16.97,345900.0
2013-11-18,17.45,17.5,16.93,17.13,775100.0,0.0,1.0,17.45,17.5,16.93,17.13,775100.0
2013-11-15,17.61,17.64,17.26,17.39,708100.0,0.0,1.0,17.61,17.64,17.26,17.39,708100.0
2013-11-14,17.4,17.7,17.12,17.65,1052700.0,0.0,1.0,17.4,17.7,17.12,17.65,1052700.0
2013-11-13,16.47,17.72,16.29,17.58,1946400.0,0.0,1.0,16.47,17.72,16.29,17.58,1946400.0
2013-11-12,15.84,16.66,15.71,16.53,1050400.0,0.0,1.0,15.84,16.66,15.71,16.53,1050400.0
2013-11-11,15.95,16.0,15.28,15.84,929600.0,0.0,1.0,15.95,16.0,15.28,15.84,929600.0
2013-11-08,15.55,16.07,15.51,15.99,914600.0,0.0,1.0,15.55,16.07,15.51,15.99,914600.0
2013-11-07,16.0,16.06,15.56,15.58,1077200.0,0.0,1.0,16.0,16.06,15.56,15.58,1077200.0
2013-11-06,16.26,16.28,15.92,16.0,492100.0,0.0,1.0,16.26,16.28,15.92,16.0,492100.0
2013-11-05,16.45,16.45,16.03,16.14,1258500.0,0.0,1.0,16.45,16.45,16.03,16.14,1258500.0
2013-11-04,16.23,16.24,15.71,15.86,887800.0,0.0,1.0,16.23,16.24,15.71,15.86,887800.0
2013-11-01,16.1,16.37,15.91,16.2,1126600.0,0.0,1.0,16.1,16.37,15.91,16.2,1126600.0
2013-10-31,15.79,16.27,15.58,16.09,1899600.0,0.0,1.0,15.79,16.27,15.58,16.09,1899600.0
2013-10-30,15.03,16.91,14.9,15.82,4219500.0,0.0,1.0,15.03,16.91,14.9,15.82,4219500.0
2013-10-29,14.2,14.34,13.48,13.68,1844200.0,0.0,1.0,14.2,14.34,13.48,13.68,1844200.0
2013-10-28,14.17,14.22,14.04,14.15,586100.0,0.0,1.0,14.17,14.22,14.04,14.15,586100.0
2013-10-25,14.16,14.25,14.1,14.14,366600.0,0.0,1.0,14.16,14.25,14.1,14.14,366600.0
2013-10-24,14.31,14.44,14.03,14.1,866400.0,0.0,1.0,14.31,14.44,14.03,14.1,866400.0
2013-10-23,14.53,14.53,14.26,14.31,764200.0,0.0,1.0,14.53,14.53,14.26,14.31,764200.0
2013-10-22,14.6,14.87,14.52,14.63,736200.0,0.0,1.0,14.6,14.87,14.52,14.63,736200.0
2013-10-21,14.62,14.68,14.38,14.57,627000.0,0.0,1.0,14.62,14.68,14.38,14.57,627000.0
2013-10-18,14.48,14.65,14.22,14.5,345000.0,0.0,1.0,14.48,14.65,14.22,14.5,345000.0
2013-10-17,13.94,14.51,13.9,14.37,544000.0,0.0,1.0,13.94,14.51,13.9,14.37,544000.0
2013-10-16,14.32,14.38,13.9,13.98,460900.0,0.0,1.0,14.32,14.38,13.9,13.98,460900.0
2013-10-15,14.55,14.55,14.2,14.28,220800.0,0.0,1.0,14.55,14.55,14.2,14.28,220800.0
2013-10-14,14.39,14.68,14.22,14.55,337100.0,0.0,1.0,14.39,14.68,14.22,14.55,337100.0
2013-10-11,13.95,14.54,13.85,14.44,490500.0,0.0,1.0,13.95,14.54,13.85,14.44,490500.0
2013-10-10,13.7,14.13,13.55,13.92,626600.0,0.0,1.0,13.7,14.13,13.55,13.92,626600.0
2013-10-09,13.71,13.78,13.33,13.54,506600.0,0.0,1.0,13.71,13.78,13.33,13.54,506600.0
2013-10-08,14.14,14.24,13.16,13.71,1865600.0,0.0,1.0,14.14,14.24,13.16,13.71,1865600.0
2013-10-07,14.62,14.69,14.12,14.16,631200.0,0.0,1.0,14.62,14.69,14.12,14.16,631200.0
2013-10-04,14.75,14.84,14.57,14.69,865600.0,0.0,1.0,14.75,14.84,14.57,14.69,865600.0
2013-10-03,14.92,14.99,14.44,14.76,1044000.0,0.0,1.0,14.92,14.99,14.44,14.76,1044000.0
2013-10-02,14.89,14.99,14.87,14.94,863900.0,0.0,1.0,14.89,14.99,14.87,14.94,863900.0
2013-10-01,14.79,14.98,14.76,14.96,1572600.0,0.0,1.0,14.79,14.98,14.76,14.96,1572600.0
2013-09-30,14.77,14.85,14.56,14.83,582500.0,0.0,1.0,14.77,14.85,14.56,14.83,582500.0
2013-09-27,14.84,14.96,14.76,14.92,322200.0,0.0,1.0,14.84,14.96,14.76,14.92,322200.0
2013-09-26,14.92,14.98,14.75,14.94,683500.0,0.0,1.0,14.92,14.98,14.75,14.94,683500.0
2013-09-25,14.85,14.92,14.65,14.9,748300.0,0.0,1.0,14.85,14.92,14.65,14.9,748300.0
2013-09-24,14.77,14.92,14.61,14.87,649300.0,0.0,1.0,14.77,14.92,14.61,14.87,649300.0
2013-09-23,14.57,14.92,14.16,14.8,1280800.0,0.0,1.0,14.57,14.92,14.16,14.8,1280800.0
2013-09-20,14.42,15.21,14.29,14.75,4051100.0,0.0,1.0,14.42,15.21,14.29,14.75,4051100.0
2013-09-19,14.1,14.35,13.95,14.35,689900.0,0.0,1.0,14.1,14.35,13.95,14.35,689900.0
2013-09-18,13.95,14.17,13.8,14.03,961500.0,0.0,1.0,13.95,14.17,13.8,14.03,961500.0
2013-09-17,13.62,14.36,13.57,13.95,1153200.0,0.0,1.0,13.62,14.36,13.57,13.95,1153200.0
2013-09-16,14.1,14.19,13.55,13.63,748800.0,0.0,1.0,14.1,14.19,13.55,13.63,748800.0
2013-09-13,13.91,14.08,13.76,14.0,485600.0,0.0,1.0,13.91,14.08,13.76,14.0,485600.0
2013-09-12,13.88,14.0,13.7,13.84,665100.0,0.0,1.0,13.88,14.0,13.7,13.84,665100.0
2013-09-11,13.81,14.09,13.75,13.91,748400.0,0.0,1.0,13.81,14.09,13.75,13.91,748400.0
2013-09-10,13.73,13.88,13.67,13.86,611100.0,0.0,1.0,13.73,13.88,13.67,13.86,611100.0
2013-09-09,13.5,13.75,13.48,13.7,679000.0,0.0,1.0,13.5,13.75,13.48,13.7,679000.0
2013-09-06,13.64,13.74,13.25,13.5,885900.0,0.0,1.0,13.64,13.74,13.25,13.5,885900.0
2013-09-05,13.2,13.61,13.2,13.49,1119700.0,0.0,1.0,13.2,13.61,13.2,13.49,1119700.0
2013-09-04,12.94,13.55,12.91,13.18,1931400.0,0.0,1.0,12.94,13.55,12.91,13.18,1931400.0
2013-09-03,12.74,13.14,12.64,12.94,1280200.0,0.0,1.0,12.74,13.14,12.64,12.94,1280200.0
2013-08-30,12.58,12.65,12.39,12.61,905500.0,0.0,1.0,12.58,12.65,12.39,12.61,905500.0
2013-08-29,12.68,12.8,12.6,12.68,249400.0,0.0,1.0,12.68,12.8,12.6,12.68,249400.0
2013-08-28,12.36,12.91,12.35,12.71,940400.0,0.0,1.0,12.36,12.91,12.35,12.71,940400.0
2013-08-27,12.75,12.95,12.33,12.39,501100.0,0.0,1.0,12.75,12.95,12.33,12.39,501100.0
2013-08-26,12.59,13.19,12.5,12.88,1001600.0,0.0,1.0,12.59,13.19,12.5,12.88,1001600.0
2013-08-23,12.5,12.65,12.36,12.55,833100.0,0.0,1.0,12.5,12.65,12.36,12.55,833100.0
2013-08-22,12.26,12.5,12.12,12.49,495100.0,0.0,1.0,12.26,12.5,12.12,12.49,495100.0
2013-08-21,12.04,12.22,11.81,12.2,534400.0,0.0,1.0,12.04,12.22,11.81,12.2,534400.0
2013-08-20,12.05,12.29,11.97,12.1,639000.0,0.0,1.0,12.05,12.29,11.97,12.1,639000.0
2013-08-19,12.18,12.29,12.09,12.1,429000.0,0.0,1.0,12.18,12.29,12.09,12.1,429000.0
2013-08-16,12.19,12.31,12.05,12.26,565700.0,0.0,1.0,12.19,12.31,12.05,12.26,565700.0
2013-08-15,12.18,12.31,11.9,12.25,908600.0,0.0,1.0,12.18,12.31,11.9,12.25,908600.0
2013-08-14,12.47,12.5,12.17,12.34,391800.0,0.0,1.0,12.47,12.5,12.17,12.34,391800.0
2013-08-13,12.25,12.48,12.15,12.44,1544100.0,0.0,1.0,12.25,12.48,12.15,12.44,1544100.0
2013-08-12,12.25,12.31,12.0,12.25,527600.0,0.0,1.0,12.25,12.31,12.0,12.25,527600.0
2013-08-09,12.23,12.31,12.07,12.24,1081100.0,0.0,1.0,12.23,12.31,12.07,12.24,1081100.0
2013-08-08,12.17,12.37,12.16,12.23,1252700.0,0.0,1.0,12.17,12.37,12.16,12.23,1252700.0
2013-08-07,12.13,12.25,11.92,12.16,542900.0,0.0,1.0,12.13,12.25,11.92,12.16,542900.0
2013-08-06,12.04,12.21,11.97,12.2,720200.0,0.0,1.0,12.04,12.21,11.97,12.2,720200.0
2013-08-05,12.24,12.25,11.72,12.0,1183800.0,0.0,1.0,12.24,12.25,11.72,12.0,1183800.0
2013-08-02,12.4,12.4,12.06,12.16,1302100.0,0.0,1.0,12.4,12.4,12.06,12.16,1302100.0
2013-08-01,12.08,12.9,11.88,12.2,5559400.0,0.0,1.0,12.08,12.9,11.88,12.2,5559400.0
2013-07-31,11.2,11.5,11.11,11.37,899600.0,0.0,1.0,11.2,11.5,11.11,11.37,899600.0
2013-07-30,11.08,11.28,11.03,11.18,805000.0,0.0,1.0,11.08,11.28,11.03,11.18,805000.0
2013-07-29,11.12,11.3,11.01,11.02,487100.0,0.0,1.0,11.12,11.3,11.01,11.02,487100.0
2013-07-26,11.22,11.3,11.0,11.11,235500.0,0.0,1.0,11.22,11.3,11.0,11.11,235500.0
2013-07-25,11.09,11.33,11.02,11.3,438000.0,0.0,1.0,11.09,11.33,11.02,11.3,438000.0
2013-07-24,10.85,11.22,10.59,11.08,933000.0,0.0,1.0,10.85,11.22,10.59,11.08,933000.0
2013-07-23,10.86,10.97,10.7,10.79,496900.0,0.0,1.0,10.86,10.97,10.7,10.79,496900.0
2013-07-22,11.35,11.35,10.7,10.81,535800.0,0.0,1.0,11.35,11.35,10.7,10.81,535800.0
2013-07-19,11.18,11.39,11.17,11.35,359500.0,0.0,1.0,11.18,11.39,11.17,11.35,359500.0
2013-07-18,11.35,11.49,11.12,11.17,270300.0,0.0,1.0,11.35,11.49,11.12,11.17,270300.0
2013-07-17,11.52,11.56,11.3,11.37,369300.0,0.0,1.0,11.52,11.56,11.3,11.37,369300.0
2013-07-16,11.45,11.55,11.34,11.52,812300.0,0.0,1.0,11.45,11.55,11.34,11.52,812300.0
2013-07-15,11.34,11.4,11.02,11.31,612900.0,0.0,1.0,11.34,11.4,11.02,11.31,612900.0
2013-07-12,11.16,11.42,11.09,11.3,286600.0,0.0,1.0,11.16,11.42,11.09,11.3,286600.0
2013-07-11,11.5,11.54,11.13,11.14,393300.0,0.0,1.0,11.5,11.54,11.13,11.14,393300.0
2013-07-10,11.22,11.49,11.19,11.46,932300.0,0.0,1.0,11.22,11.49,11.19,11.46,932300.0
2013-07-09,11.3,11.36,11.14,11.15,484900.0,0.0,1.0,11.3,11.36,11.14,11.15,484900.0
2013-07-08,11.28,11.36,11.02,11.26,335500.0,0.0,1.0,11.28,11.36,11.02,11.26,335500.0
2013-07-05,11.3,11.39,11.16,11.29,351400.0,0.0,1.0,11.3,11.39,11.16,11.29,351400.0
2013-07-03,10.57,11.27,10.49,11.27,706300.0,0.0,1.0,10.57,11.27,10.49,11.27,706300.0
2013-07-02,11.46,11.46,10.81,10.98,1090400.0,0.0,1.0,11.46,11.46,10.81,10.98,1090400.0
2013-07-01,11.77,11.85,11.35,11.5,481000.0,0.0,1.0,11.77,11.85,11.35,11.5,481000.0
2013-06-28,11.74,11.77,11.19,11.71,4577400.0,0.0,1.0,11.74,11.77,11.19,11.71,4577400.0
2013-06-27,11.82,11.88,11.73,11.8,810400.0,0.0,1.0,11.82,11.88,11.73,11.8,810400.0
2013-06-26,11.7,11.81,11.52,11.81,974500.0,0.0,1.0,11.7,11.81,11.52,11.81,974500.0
2013-06-25,11.32,11.65,11.25,11.6,991300.0,0.0,1.0,11.32,11.65,11.25,11.6,991300.0
2013-06-24,11.41,11.48,11.17,11.3,808700.0,0.0,1.0,11.41,11.48,11.17,11.3,808700.0
2013-06-21,11.54,11.54,11.28,11.45,2265800.0,0.0,1.0,11.54,11.54,11.28,11.45,2265800.0
2013-06-20,11.4,11.58,11.01,11.49,908500.0,0.0,1.0,11.4,11.58,11.01,11.49,908500.0
2013-06-19,11.25,11.54,11.11,11.48,1055000.0,0.0,1.0,11.25,11.54,11.11,11.48,1055000.0
2013-06-18,11.01,11.32,10.96,11.31,1003100.0,0.0,1.0,11.01,11.32,10.96,11.31,1003100.0
2013-06-17,10.94,11.08,10.86,11.03,2124700.0,0.0,1.0,10.94,11.08,10.86,11.03,2124700.0
2013-06-14,10.91,10.96,10.8,10.9,634600.0,0.0,1.0,10.91,10.96,10.8,10.9,634600.0
2013-06-13,10.79,10.92,10.51,10.9,577300.0,0.0,1.0,10.79,10.92,10.51,10.9,577300.0
2013-06-12,10.85,10.85,10.68,10.84,389700.0,0.0,1.0,10.85,10.85,10.68,10.84,389700.0
2013-06-11,10.7,10.88,10.49,10.83,764100.0,0.0,1.0,10.7,10.88,10.49,10.83,764100.0
2013-06-10,10.45,10.9,10.42,10.79,1735200.0,0.0,1.0,10.45,10.9,10.42,10.79,1735200.0
2013-06-07,10.3,10.5,10.19,10.47,539800.0,0.0,1.0,10.3,10.5,10.19,10.47,539800.0
2013-06-06,10.23,10.35,10.12,10.3,469000.0,0.0,1.0,10.23,10.35,10.12,10.3,469000.0
2013-06-05,10.43,10.48,10.15,10.25,534800.0,0.0,1.0,10.43,10.48,10.15,10.25,534800.0
2013-06-04,10.45,10.5,10.32,10.48,576000.0,0.0,1.0,10.45,10.5,10.32,10.48,576000.0
2013-06-03,10.3,10.48,10.3,10.4,430800.0,0.0,1.0,10.3,10.48,10.3,10.4,430800.0
2013-05-31,10.39,10.5,10.3,10.32,1017600.0,0.0,1.0,10.39,10.5,10.3,10.32,1017600.0
2013-05-30,10.45,10.58,10.33,10.5,712200.0,0.0,1.0,10.45,10.58,10.33,10.5,712200.0
2013-05-29,10.6,10.6,10.39,10.49,736400.0,0.0,1.0,10.6,10.6,10.39,10.49,736400.0
2013-05-28,10.56,10.65,10.54,10.61,654300.0,0.0,1.0,10.56,10.65,10.54,10.61,654300.0
2013-05-24,10.44,10.65,10.43,10.64,695200.0,0.0,1.0,10.44,10.65,10.43,10.64,695200.0
2013-05-23,10.48,10.5,9.5,10.5,889500.0,0.0,1.0,10.48,10.5,9.5,10.5,889500.0
2013-05-22,10.57,10.69,10.48,10.62,723900.0,0.0,1.0,10.57,10.69,10.48,10.62,723900.0
2013-05-21,10.1,10.6,10.0,10.51,2223000.0,0.0,1.0,10.1,10.6,10.0,10.51,2223000.0
2013-05-20,10.05,10.18,9.84,10.1,1514800.0,0.0,1.0,10.05,10.18,9.84,10.1,1514800.0
2013-05-17,10.0,10.11,9.93,10.06,708900.0,0.0,1.0,10.0,10.11,9.93,10.06,708900.0
2013-05-16,9.89,10.19,9.82,10.06,790900.0,0.0,1.0,9.89,10.19,9.82,10.06,790900.0
2013-05-15,9.8,9.9,9.63,9.89,433600.0,0.0,1.0,9.8,9.9,9.63,9.89,433600.0
2013-05-14,9.65,9.86,9.59,9.85,368800.0,0.0,1.0,9.65,9.86,9.59,9.85,368800.0
2013-05-13,9.97,9.99,9.57,9.67,283000.0,0.0,1.0,9.97,9.99,9.57,9.67,283000.0
2013-05-10,9.79,10.18,9.66,10.0,1243200.0,0.0,1.0,9.79,10.18,9.66,10.0,1243200.0
2013-05-09,9.78,9.88,9.59,9.76,460300.0,0.0,1.0,9.78,9.88,9.59,9.76,460300.0
2013-05-08,9.83,9.9,9.33,9.73,679400.0,0.0,1.0,9.83,9.9,9.33,9.73,679400.0
2013-05-07,9.98,10.0,9.7,9.87,466000.0,0.0,1.0,9.98,10.0,9.7,9.87,466000.0
2013-05-06,9.4,10.06,9.27,10.02,2422000.0,0.0,1.0,9.4,10.06,9.27,10.02,2422000.0
2013-05-03,9.18,9.37,9.04,9.37,623200.0,0.0,1.0,9.18,9.37,9.04,9.37,623200.0
2013-05-02,9.2,9.6,8.85,9.14,2081500.0,0.0,1.0,9.2,9.6,8.85,9.14,2081500.0
2013-05-01,8.9,9.0,8.8,8.98,522400.0,0.0,1.0,8.9,9.0,8.8,8.98,522400.0
2013-04-30,8.93,9.01,8.82,9.0,592000.0,0.0,1.0,8.93,9.01,8.82,9.0,592000.0
2013-04-29,8.99,9.0,8.9,8.98,463900.0,0.0,1.0,8.99,9.0,8.9,8.98,463900.0
2013-04-26,8.94,9.07,8.88,8.95,395800.0,0.0,1.0,8.94,9.07,8.88,8.95,395800.0
2013-04-25,8.98,9.0,8.91,8.99,153000.0,0.0,1.0,8.98,9.0,8.91,8.99,153000.0
2013-04-24,8.96,9.01,8.91,9.0,209900.0,0.0,1.0,8.96,9.01,8.91,9.0,209900.0
2013-04-23,8.96,9.1,8.96,8.99,338700.0,0.0,1.0,8.96,9.1,8.96,8.99,338700.0
2013-04-22,8.94,8.98,8.86,8.97,166200.0,0.0,1.0,8.94,8.98,8.86,8.97,166200.0
2013-04-19,8.89,8.99,8.74,8.93,419100.0,0.0,1.0,8.89,8.99,8.74,8.93,419100.0
2013-04-18,8.89,8.92,8.7,8.89,280700.0,0.0,1.0,8.89,8.92,8.7,8.89,280700.0
2013-04-17,9.04,9.1,8.64,8.89,469800.0,0.0,1.0,9.04,9.1,8.64,8.89,469800.0
2013-04-16,9.1,9.18,9.04,9.17,446900.0,0.0,1.0,9.1,9.18,9.04,9.17,446900.0
2013-04-15,9.3,9.3,9.04,9.08,576700.0,0.0,1.0,9.3,9.3,9.04,9.08,576700.0
2013-04-12,9.31,9.35,9.16,9.31,351400.0,0.0,1.0,9.31,9.35,9.16,9.31,351400.0
2013-04-11,9.24,9.32,9.17,9.3,369400.0,0.0,1.0,9.24,9.32,9.17,9.3,369400.0
2013-04-10,9.0,9.26,9.0,9.17,740700.0,0.0,1.0,9.0,9.26,9.0,9.17,740700.0
2013-04-09,9.06,9.15,8.93,9.0,524600.0,0.0,1.0,9.06,9.15,8.93,9.0,524600.0
2013-04-08,8.61,9.26,8.49,8.99,725500.0,0.0,1.0,8.61,9.26,8.49,8.99,725500.0
2013-04-05,8.7,8.7,8.31,8.63,529900.0,0.0,1.0,8.7,8.7,8.31,8.63,529900.0
2013-04-04,8.98,9.05,8.78,8.89,530800.0,0.0,1.0,8.98,9.05,8.78,8.89,530800.0
2013-04-03,9.4,9.45,8.89,8.96,926600.0,0.0,1.0,9.4,9.45,8.89,8.96,926600.0
2013-04-02,9.33,9.58,9.17,9.42,1301800.0,0.0,1.0,9.33,9.58,9.17,9.42,1301800.0
2013-04-01,9.63,9.65,9.13,9.24,1141800.0,0.0,1.0,9.63,9.65,9.13,9.24,1141800.0
2013-03-28,9.71,9.75,9.46,9.63,651600.0,0.0,1.0,9.71,9.75,9.46,9.63,651600.0
2013-03-27,9.61,9.78,9.52,9.72,509400.0,0.0,1.0,9.61,9.78,9.52,9.72,509400.0
2013-03-26,10.42,10.44,9.51,9.76,563300.0,0.0,1.0,10.42,10.44,9.51,9.76,563300.0
2013-03-25,10.67,10.67,10.33,10.36,281300.0,0.0,1.0,10.67,10.67,10.33,10.36,281300.0
2013-03-22,10.88,10.88,10.65,10.71,180000.0,0.0,1.0,10.88,10.88,10.65,10.71,180000.0
2013-03-21,10.95,11.0,10.8,10.84,95800.0,0.0,1.0,10.95,11.0,10.8,10.84,95800.0
2013-03-20,11.02,11.12,10.87,10.93,124500.0,0.0,1.0,11.02,11.12,10.87,10.93,124500.0
2013-03-19,10.83,11.0,10.77,10.99,165800.0,0.0,1.0,10.83,11.0,10.77,10.99,165800.0
2013-03-18,11.05,11.05,10.75,10.82,144600.0,0.0,1.0,11.05,11.05,10.75,10.82,144600.0
2013-03-15,10.98,11.02,10.86,11.0,398900.0,0.0,1.0,10.98,11.02,10.86,11.0,398900.0
2013-03-14,11.41,11.5,10.95,11.0,462400.0,0.0,1.0,11.41,11.5,10.95,11.0,462400.0
2013-03-13,11.6,11.83,11.14,11.41,336700.0,0.0,1.0,11.6,11.83,11.14,11.41,336700.0
2013-03-12,11.9,11.9,11.45,11.58,221300.0,0.0,1.0,11.9,11.9,11.45,11.58,221300.0
2013-03-11,11.8,11.94,11.75,11.91,109200.0,0.0,1.0,11.8,11.94,11.75,11.91,109200.0
2013-03-08,11.82,12.01,11.55,11.81,162700.0,0.0,1.0,11.82,12.01,11.55,11.81,162700.0
2013-03-07,12.09,12.09,11.46,11.69,291100.0,0.0,1.0,12.09,12.09,11.46,11.69,291100.0
2013-03-06,12.02,12.23,12.02,12.06,202800.0,0.0,1.0,12.02,12.23,12.02,12.06,202800.0
2013-03-05,12.09,12.49,11.97,12.0,423100.0,0.0,1.0,12.09,12.49,11.97,12.0,423100.0
2013-03-04,11.47,12.09,11.47,11.97,401100.0,0.0,1.0,11.47,12.09,11.47,11.97,401100.0
2013-03-01,11.65,11.69,11.37,11.51,173600.0,0.0,1.0,11.65,11.69,11.37,11.51,173600.0
2013-02-28,11.04,11.74,10.92,11.65,413200.0,0.0,1.0,11.04,11.74,10.92,11.65,413200.0
2013-02-27,11.15,11.18,10.83,11.01,187900.0,0.0,1.0,11.15,11.18,10.83,11.01,187900.0
2013-02-26,10.99,11.2,10.9,11.12,115000.0,0.0,1.0,10.99,11.2,10.9,11.12,115000.0
2013-02-25,11.11,11.22,10.89,10.96,205600.0,0.0,1.0,11.11,11.22,10.89,10.96,205600.0
2013-02-22,11.31,11.39,10.9,11.05,484300.0,0.0,1.0,11.31,11.39,10.9,11.05,484300.0
2013-02-21,11.0,11.31,10.5,11.19,935000.0,0.0,1.0,11.0,11.31,10.5,11.19,935000.0
2013-02-20,10.32,10.5,10.12,10.3,313600.0,0.0,1.0,10.32,10.5,10.12,10.3,313600.0
2013-02-19,10.13,10.3,10.01,10.25,196100.0,0.0,1.0,10.13,10.3,10.01,10.25,196100.0
2013-02-15,10.11,10.15,9.97,9.99,109100.0,0.0,1.0,10.11,10.15,9.97,9.99,109100.0
2013-02-14,9.92,10.15,9.92,10.0,155700.0,0.0,1.0,9.92,10.15,9.92,10.0,155700.0
2013-02-13,9.7,9.85,9.6,9.84,218100.0,0.0,1.0,9.7,9.85,9.6,9.84,218100.0
2013-02-12,9.33,9.58,9.24,9.57,144800.0,0.0,1.0,9.33,9.58,9.24,9.57,144800.0
2013-02-11,9.6,9.65,9.13,9.3,75500.0,0.0,1.0,9.6,9.65,9.13,9.3,75500.0
2013-02-08,9.38,9.61,9.34,9.6,242400.0,0.0,1.0,9.38,9.61,9.34,9.6,242400.0
2013-02-07,9.3,9.45,9.11,9.37,249100.0,0.0,1.0,9.3,9.45,9.11,9.37,249100.0
2013-02-06,9.38,9.52,9.31,9.31,117800.0,0.0,1.0,9.38,9.52,9.31,9.31,117800.0
2013-02-05,9.9,9.9,9.23,9.41,188300.0,0.0,1.0,9.9,9.9,9.23,9.41,188300.0
2013-02-04,9.75,9.92,9.49,9.83,204500.0,0.0,1.0,9.75,9.92,9.49,9.83,204500.0
2013-02-01,9.39,9.83,9.32,9.72,153900.0,0.0,1.0,9.39,9.83,9.32,9.72,153900.0
2013-01-31,9.38,9.47,9.26,9.38,198000.0,0.0,1.0,9.38,9.47,9.26,9.38,198000.0
2013-01-30,9.3,9.45,9.26,9.37,270700.0,0.0,1.0,9.3,9.45,9.26,9.37,270700.0
2013-01-29,9.51,9.58,9.25,9.4,220400.0,0.0,1.0,9.51,9.58,9.25,9.4,220400.0
2013-01-28,9.33,9.6,9.27,9.49,438100.0,0.0,1.0,9.33,9.6,9.27,9.49,438100.0
2013-01-25,9.18,9.43,9.1,9.34,139100.0,0.0,1.0,9.18,9.43,9.1,9.34,139100.0
2013-01-24,9.2,9.2,9.12,9.17,70500.0,0.0,1.0,9.2,9.2,9.12,9.17,70500.0
2013-01-23,9.27,9.3,9.11,9.21,61000.0,0.0,1.0,9.27,9.3,9.11,9.21,61000.0
2013-01-22,9.25,9.3,9.1,9.27,164300.0,0.0,1.0,9.25,9.3,9.1,9.27,164300.0
2013-01-18,8.66,9.23,8.63,9.23,408100.0,0.0,1.0,8.66,9.23,8.63,9.23,408100.0
2013-01-17,8.53,8.68,8.42,8.67,141800.0,0.0,1.0,8.53,8.68,8.42,8.67,141800.0
2013-01-16,8.27,8.59,8.24,8.51,221600.0,0.0,1.0,8.27,8.59,8.24,8.51,221600.0
2013-01-15,8.36,8.36,8.08,8.32,86300.0,0.0,1.0,8.36,8.36,8.08,8.32,86300.0
2013-01-14,8.3,8.33,8.2,8.3,78700.0,0.0,1.0,8.3,8.33,8.2,8.3,78700.0
2013-01-11,8.34,8.37,8.06,8.29,122400.0,0.0,1.0,8.34,8.37,8.06,8.29,122400.0
2013-01-10,8.4,8.42,8.19,8.32,67200.0,0.0,1.0,8.4,8.42,8.19,8.32,67200.0
2013-01-09,8.15,8.4,8.07,8.37,170200.0,0.0,1.0,8.15,8.4,8.07,8.37,170200.0
2013-01-08,8.03,8.24,7.94,8.15,147500.0,0.0,1.0,8.03,8.24,7.94,8.15,147500.0
2013-01-07,8.22,8.28,7.96,8.05,229400.0,0.0,1.0,8.22,8.28,7.96,8.05,229400.0
2013-01-04,8.16,8.33,8.01,8.22,96900.0,0.0,1.0,8.16,8.33,8.01,8.22,96900.0
2013-01-03,8.24,8.25,8.11,8.16,77400.0,0.0,1.0,8.24,8.25,8.11,8.16,77400.0
2013-01-02,8.24,8.37,7.96,8.25,225600.0,0.0,1.0,8.24,8.37,7.96,8.25,225600.0
2012-12-31,8.01,8.2,7.81,8.13,493100.0,0.0,1.0,8.01,8.2,7.81,8.13,493100.0
2012-12-28,7.85,8.08,7.62,8.01,169500.0,0.0,1.0,7.85,8.08,7.62,8.01,169500.0
2012-12-27,7.49,7.88,7.37,7.87,130700.0,0.0,1.0,7.49,7.88,7.37,7.87,130700.0
2012-12-26,7.3,7.52,7.23,7.5,141900.0,0.0,1.0,7.3,7.52,7.23,7.5,141900.0
2012-12-24,7.3,7.4,7.14,7.3,353600.0,0.0,1.0,7.3,7.4,7.14,7.3,353600.0
2012-12-21,7.2,7.47,6.8,7.32,1989900.0,0.0,1.0,7.2,7.47,6.8,7.32,1989900.0
2012-12-20,7.36,7.43,7.17,7.21,273400.0,0.0,1.0,7.36,7.43,7.17,7.21,273400.0
2012-12-19,7.39,7.47,7.26,7.31,275000.0,0.0,1.0,7.39,7.47,7.26,7.31,275000.0
2012-12-18,7.72,7.72,7.33,7.34,88200.0,0.0,1.0,7.72,7.72,7.33,7.34,88200.0
2012-12-17,7.73,7.73,7.31,7.57,70800.0,0.0,1.0,7.73,7.73,7.31,7.57,70800.0
2012-12-14,7.46,7.83,7.39,7.66,98900.0,0.0,1.0,7.46,7.83,7.39,7.66,98900.0
2012-12-13,7.53,7.6,7.3,7.44,182300.0,0.0,1.0,7.53,7.6,7.3,7.44,182300.0
2012-12-12,7.67,7.76,7.4,7.47,73300.0,0.0,1.0,7.67,7.76,7.4,7.47,73300.0
2012-12-11,7.8,7.83,7.35,7.61,53700.0,0.0,1.0,7.8,7.83,7.35,7.61,53700.0
2012-12-10,7.55,7.86,7.5,7.84,52900.0,0.0,1.0,7.55,7.86,7.5,7.84,52900.0
2012-12-07,7.3,7.75,7.27,7.65,158700.0,0.0,1.0,7.3,7.75,7.27,7.65,158700.0
2012-12-06,7.51,7.53,7.06,7.27,152000.0,0.0,1.0,7.51,7.53,7.06,7.27,152000.0
2012-12-05,7.89,8.06,7.36,7.39,189400.0,0.0,1.0,7.89,8.06,7.36,7.39,189400.0
2012-12-04,8.1,8.11,7.94,7.98,61400.0,0.0,1.0,8.1,8.11,7.94,7.98,61400.0
2012-12-03,8.32,8.32,8.0,8.18,81600.0,0.0,1.0,8.32,8.32,8.0,8.18,81600.0
2012-11-30,7.9,8.39,7.71,8.39,78600.0,0.0,1.0,7.9,8.39,7.71,8.39,78600.0
2012-11-29,8.01,8.01,7.47,7.92,171800.0,0.0,1.0,8.01,8.01,7.47,7.92,171800.0
2012-11-28,8.33,8.33,7.71,7.91,169400.0,0.0,1.0,8.33,8.33,7.71,7.91,169400.0
2012-11-27,8.55,8.72,8.1,8.15,130600.0,0.0,1.0,8.55,8.72,8.1,8.15,130600.0
2012-11-26,8.39,8.5,8.31,8.43,36700.0,0.0,1.0,8.39,8.5,8.31,8.43,36700.0
2012-11-23,8.16,8.36,8.16,8.34,13000.0,0.0,1.0,8.16,8.36,8.16,8.34,13000.0
2012-11-21,8.52,8.52,8.16,8.28,79800.0,0.0,1.0,8.52,8.52,8.16,8.28,79800.0
2012-11-20,8.6,8.6,8.44,8.47,55300.0,0.0,1.0,8.6,8.6,8.44,8.47,55300.0
2012-11-19,8.6,8.6,8.31,8.54,226700.0,0.0,1.0,8.6,8.6,8.31,8.54,226700.0
2012-11-16,8.5,8.6,8.4,8.6,188000.0,0.0,1.0,8.5,8.6,8.4,8.6,188000.0
2012-11-15,8.28,8.49,8.05,8.46,287700.0,0.0,1.0,8.28,8.49,8.05,8.46,287700.0
2012-11-14,8.32,8.32,8.17,8.26,218900.0,0.0,1.0,8.32,8.32,8.17,8.26,218900.0
2012-11-13,8.15,8.3,8.15,8.29,464300.0,0.0,1.0,8.15,8.3,8.15,8.29,464300.0
2012-11-12,8.01,8.15,7.92,8.13,269800.0,0.0,1.0,8.01,8.15,7.92,8.13,269800.0
2012-11-09,7.82,8.15,7.82,8.08,330600.0,0.0,1.0,7.82,8.15,7.82,8.08,330600.0
2012-11-08,7.98,7.98,7.64,7.84,663200.0,0.0,1.0,7.98,7.98,7.64,7.84,663200.0
2012-11-07,7.8,7.8,7.43,7.59,279500.0,0.0,1.0,7.8,7.8,7.43,7.59,279500.0
2012-11-06,7.84,7.86,7.71,7.8,210500.0,0.0,1.0,7.84,7.86,7.71,7.8,210500.0
2012-11-05,7.5,7.75,7.5,7.75,283400.0,0.0,1.0,7.5,7.75,7.5,7.75,283400.0
2012-11-02,7.49,7.64,7.3,7.61,215600.0,0.0,1.0,7.49,7.64,7.3,7.61,215600.0
2012-11-01,7.4,7.48,7.26,7.48,298100.0,0.0,1.0,7.4,7.48,7.26,7.48,298100.0
2012-10-31,7.17,7.4,7.15,7.25,465800.0,0.0,1.0,7.17,7.4,7.15,7.25,465800.0
2012-10-26,6.88,7.17,6.88,7.0,204900.0,0.0,1.0,6.88,7.17,6.88,7.0,204900.0
2012-10-25,7.0,7.05,6.93,7.0,194900.0,0.0,1.0,7.0,7.05,6.93,7.0,194900.0
2012-10-24,6.91,7.01,6.9,6.93,148700.0,0.0,1.0,6.91,7.01,6.9,6.93,148700.0
2012-10-23,6.91,7.07,6.88,6.9,218500.0,0.0,1.0,6.91,7.07,6.88,6.9,218500.0
2012-10-22,7.1,7.21,7.0,7.01,343200.0,0.0,1.0,7.1,7.21,7.0,7.01,343200.0
2012-10-19,7.35,7.35,6.96,7.02,372300.0,0.0,1.0,7.35,7.35,6.96,7.02,372300.0
2012-10-18,7.0,7.32,7.0,7.25,180700.0,0.0,1.0,7.0,7.32,7.0,7.25,180700.0
2012-10-17,7.05,7.08,7.0,7.02,246400.0,0.0,1.0,7.05,7.08,7.0,7.02,246400.0
2012-10-16,7.23,7.26,6.93,7.03,399700.0,0.0,1.0,7.23,7.26,6.93,7.03,399700.0
2012-10-15,7.39,7.45,7.15,7.23,153200.0,0.0,1.0,7.39,7.45,7.15,7.23,153200.0
2012-10-12,7.5,7.64,7.4,7.47,169800.0,0.0,1.0,7.5,7.64,7.4,7.47,169800.0
2012-10-11,7.57,7.9,7.47,7.57,250700.0,0.0,1.0,7.57,7.9,7.47,7.57,250700.0
2012-10-10,7.56,7.79,7.47,7.72,414500.0,0.0,1.0,7.56,7.79,7.47,7.72,414500.0
2012-10-09,7.26,7.65,7.12,7.57,425600.0,0.0,1.0,7.26,7.65,7.12,7.57,425600.0
2012-10-08,7.39,7.55,7.29,7.29,550700.0,0.0,1.0,7.39,7.55,7.29,7.29,550700.0
2012-10-05,8.18,8.18,7.3,7.32,2492600.0,0.0,1.0,8.18,8.18,7.3,7.32,2492600.0
2012-10-04,8.37,8.4,7.9,8.19,2243800.0,0.0,1.0,8.37,8.4,7.9,8.19,2243800.0
2012-10-03,8.38,9.04,8.36,8.36,15024200.0,0.0,1.0,8.38,9.04,8.36,8.36,15024200.0
