2014-10-27,2.85,2.85,2.6,2.71,500642.0,0.0,1.0,2.85,2.85,2.6,2.71,500642.0
2014-10-24,3.15,3.24,2.9,2.93,701612.0,0.0,1.0,3.15,3.24,2.9,2.93,701612.0
2014-10-23,3.11,3.35,3.06,3.21,600638.0,0.0,1.0,3.11,3.35,3.06,3.21,600638.0
2014-10-22,3.24,3.28,3.06,3.11,1161315.0,0.0,1.0,3.24,3.28,3.06,3.11,1161315.0
2014-10-21,2.77,3.18,2.77,3.17,1155033.0,0.0,1.0,2.77,3.18,2.77,3.17,1155033.0
2014-10-20,2.9,3.06,2.68,2.71,592522.0,0.0,1.0,2.9,3.06,2.68,2.71,592522.0
2014-10-17,3.07,3.24,2.65,2.86,1250455.0,0.0,1.0,3.07,3.24,2.65,2.86,1250455.0
2014-10-16,2.419,3.05,2.3,2.83,2214860.0,0.0,1.0,2.419,3.05,2.3,2.83,2214860.0
2014-10-15,2.32,2.49,2.15,2.39,1724884.0,0.0,1.0,2.32,2.49,2.15,2.39,1724884.0
2014-10-14,3.16,3.32,2.2,2.35,3219496.0,0.0,1.0,3.16,3.32,2.2,2.35,3219496.0
2014-10-13,3.47,3.51,3.2,3.22,566639.0,0.0,1.0,3.47,3.51,3.2,3.22,566639.0
2014-10-10,3.62,3.659,3.34,3.46,812049.0,0.0,1.0,3.62,3.659,3.34,3.46,812049.0
2014-10-09,3.87,3.87,3.525,3.55,728462.0,0.0,1.0,3.87,3.87,3.525,3.55,728462.0
2014-10-08,4.17,4.19,3.69,3.92,1393388.0,0.0,1.0,4.17,4.19,3.69,3.92,1393388.0
2014-10-07,4.52,4.7,4.24,4.25,836376.0,0.0,1.0,4.52,4.7,4.24,4.25,836376.0
2014-10-06,4.71,4.88,4.51,4.6,400590.0,0.0,1.0,4.71,4.88,4.51,4.6,400590.0
2014-10-03,4.94,5.2,4.5,4.71,651725.0,0.0,1.0,4.94,5.2,4.5,4.71,651725.0
2014-10-02,4.81,4.985,4.39,4.95,613909.0,0.0,1.0,4.81,4.985,4.39,4.95,613909.0
2014-10-01,5.2,5.26,4.75,4.85,741643.0,0.0,1.0,5.2,5.26,4.75,4.85,741643.0
2014-09-30,5.6,5.63,5.05,5.05,694799.0,0.0,1.0,5.6,5.63,5.05,5.05,694799.0
2014-09-29,5.87,5.93,5.5,5.6,715546.0,0.0,1.0,5.87,5.93,5.5,5.6,715546.0
2014-09-26,5.98,6.09,5.9,5.98,349004.0,0.0,1.0,5.98,6.09,5.9,5.98,349004.0
2014-09-25,6.16,6.24,5.93,5.95,488618.0,0.0,1.0,6.16,6.24,5.93,5.95,488618.0
2014-09-24,6.15,6.34,6.0,6.28,382105.0,0.0,1.0,6.15,6.34,6.0,6.28,382105.0
2014-09-23,6.28,6.31,6.05,6.09,190523.0,0.0,1.0,6.28,6.31,6.05,6.09,190523.0
2014-09-22,6.2,6.29,6.08,6.18,480630.0,0.0,1.0,6.2,6.29,6.08,6.18,480630.0
2014-09-19,6.43,6.53,6.14,6.32,541394.0,0.0,1.0,6.43,6.53,6.14,6.32,541394.0
2014-09-18,6.54,6.63,6.33,6.48,439795.0,0.0,1.0,6.54,6.63,6.33,6.48,439795.0
2014-09-17,6.42,6.64,6.36,6.62,339712.0,0.0,1.0,6.42,6.64,6.36,6.62,339712.0
2014-09-16,6.21,6.45,6.175,6.43,375286.0,0.0,1.0,6.21,6.45,6.175,6.43,375286.0
2014-09-15,6.08,6.21,6.0,6.17,316266.0,0.0,1.0,6.08,6.21,6.0,6.17,316266.0
2014-09-12,6.18,6.5,6.02,6.06,566355.0,0.0,1.0,6.18,6.5,6.02,6.06,566355.0
2014-09-11,6.16,6.205,6.04,6.14,497554.0,0.0,1.0,6.16,6.205,6.04,6.14,497554.0
2014-09-10,6.13,6.31,6.02,6.3,221329.0,0.0,1.0,6.13,6.31,6.02,6.3,221329.0
2014-09-09,6.24,6.33,6.05,6.14,444632.0,0.0,1.0,6.24,6.33,6.05,6.14,444632.0
2014-09-08,6.34,6.41,6.23,6.26,400732.0,0.0,1.0,6.34,6.41,6.23,6.26,400732.0
2014-09-05,6.41,6.53,6.31,6.45,240930.0,0.0,1.0,6.41,6.53,6.31,6.45,240930.0
2014-09-04,6.665,6.69,6.34,6.41,353193.0,0.0,1.0,6.665,6.69,6.34,6.41,353193.0
2014-09-03,6.81,6.83,6.6101,6.64,272935.0,0.0,1.0,6.81,6.83,6.6101,6.64,272935.0
2014-09-02,7.03,7.08,6.64,6.78,470505.0,0.0,1.0,7.03,7.08,6.64,6.78,470505.0
2014-08-29,7.09,7.13,6.97,7.06,227283.0,0.0,1.0,7.09,7.13,6.97,7.06,227283.0
2014-08-28,6.76,7.1,6.71,6.98,633980.0,0.0,1.0,6.76,7.1,6.71,6.98,633980.0
2014-08-27,6.76,7.05,6.72,6.77,349286.0,0.0,1.0,6.76,7.05,6.72,6.77,349286.0
2014-08-26,6.7,6.9,6.67,6.84,229126.0,0.0,1.0,6.7,6.9,6.67,6.84,229126.0
2014-08-25,6.86,6.9,6.67,6.68,322017.0,0.0,1.0,6.86,6.9,6.67,6.68,322017.0
2014-08-22,6.79,6.94,6.67,6.75,477914.0,0.0,1.0,6.79,6.94,6.67,6.75,477914.0
2014-08-21,6.805,6.94,6.725,6.88,239569.0,0.0,1.0,6.805,6.94,6.725,6.88,239569.0
2014-08-20,6.8,6.94,6.7,6.83,315754.0,0.0,1.0,6.8,6.94,6.7,6.83,315754.0
2014-08-19,6.88,6.94,6.76,6.86,354975.0,0.0,1.0,6.88,6.94,6.76,6.86,354975.0
2014-08-18,6.6,6.92,6.51,6.91,490116.0,0.0,1.0,6.6,6.92,6.51,6.91,490116.0
2014-08-15,6.42,6.6,6.37,6.53,357448.0,0.0,1.0,6.42,6.6,6.37,6.53,357448.0
2014-08-14,6.5,6.52,6.3,6.37,324786.0,0.0,1.0,6.5,6.52,6.3,6.37,324786.0
2014-08-13,6.48,6.74,6.41,6.48,455880.0,0.0,1.0,6.48,6.74,6.41,6.48,455880.0
2014-08-12,6.6,6.7,6.23,6.4,564687.0,0.0,1.0,6.6,6.7,6.23,6.4,564687.0
2014-08-11,6.93,7.0,6.665,6.74,360099.0,0.0,1.0,6.93,7.0,6.665,6.74,360099.0
2014-08-08,6.38,6.92,6.34,6.9,541668.0,0.0,1.0,6.38,6.92,6.34,6.9,541668.0
2014-08-07,6.06,6.46,6.01,6.46,557032.0,0.0,1.0,6.06,6.46,6.01,6.46,557032.0
2014-08-06,5.95,6.34,5.84,5.99,634339.0,0.0,1.0,5.95,6.34,5.84,5.99,634339.0
2014-08-05,5.915,6.01,5.685,5.73,311021.0,0.0,1.0,5.915,6.01,5.685,5.73,311021.0
2014-08-04,5.78,6.04,5.6275,6.02,259280.0,0.0,1.0,5.78,6.04,5.6275,6.02,259280.0
2014-08-01,6.31,6.37,5.77,5.78,451754.0,0.0,1.0,6.31,6.37,5.77,5.78,451754.0
2014-07-31,6.46,6.48,6.08,6.38,411587.0,0.0,1.0,6.46,6.48,6.08,6.38,411587.0
2014-07-30,6.4,6.51,6.26,6.49,348174.0,0.0,1.0,6.4,6.51,6.26,6.49,348174.0
2014-07-29,6.05,6.36,6.02,6.32,383435.0,0.0,1.0,6.05,6.36,6.02,6.32,383435.0
2014-07-28,6.32,6.35,6.04,6.09,237393.0,0.0,1.0,6.32,6.35,6.04,6.09,237393.0
2014-07-25,6.47,6.5,6.3,6.31,269900.0,0.0,1.0,6.47,6.5,6.3,6.31,269900.0
2014-07-24,6.48,6.73,6.4,6.57,276574.0,0.0,1.0,6.48,6.73,6.4,6.57,276574.0
2014-07-23,6.4,6.57,6.39,6.48,282886.0,0.0,1.0,6.4,6.57,6.39,6.48,282886.0
2014-07-22,6.33,6.6,6.29,6.52,277272.0,0.0,1.0,6.33,6.6,6.29,6.52,277272.0
2014-07-21,6.06,6.32,6.05,6.31,189046.0,0.0,1.0,6.06,6.32,6.05,6.31,189046.0
2014-07-18,6.06,6.15,5.92,6.1,389842.0,0.0,1.0,6.06,6.15,5.92,6.1,389842.0
2014-07-17,6.21,6.44,6.04,6.07,231993.0,0.0,1.0,6.21,6.44,6.04,6.07,231993.0
2014-07-16,6.05,6.37,5.995,6.25,810915.0,0.0,1.0,6.05,6.37,5.995,6.25,810915.0
2014-07-15,6.41,6.445,6.04,6.08,355789.0,0.0,1.0,6.41,6.445,6.04,6.08,355789.0
2014-07-14,6.37,6.5,6.24,6.4,556716.0,0.0,1.0,6.37,6.5,6.24,6.4,556716.0
2014-07-11,6.28,6.37,6.18,6.28,294535.0,0.0,1.0,6.28,6.37,6.18,6.28,294535.0
2014-07-10,6.17,6.4,6.08,6.36,411446.0,0.0,1.0,6.17,6.4,6.08,6.36,411446.0
2014-07-09,6.43,6.55,6.27,6.3,366419.0,0.0,1.0,6.43,6.55,6.27,6.3,366419.0
2014-07-08,6.65,6.66,6.27,6.47,436777.0,0.0,1.0,6.65,6.66,6.27,6.47,436777.0
2014-07-07,6.75,6.89,6.55,6.69,474472.0,0.0,1.0,6.75,6.89,6.55,6.69,474472.0
2014-07-03,6.81,6.9,6.68,6.88,191622.0,0.0,1.0,6.81,6.9,6.68,6.88,191622.0
2014-07-02,6.76,6.91,6.67,6.75,508287.0,0.0,1.0,6.76,6.91,6.67,6.75,508287.0
2014-07-01,6.98,7.0,6.6,6.73,1160482.0,0.0,1.0,6.98,7.0,6.6,6.73,1160482.0
2014-06-30,7.41,7.49,7.195,7.23,597019.0,0.0,1.0,7.41,7.49,7.195,7.23,597019.0
2014-06-27,7.21,7.42,7.14,7.4,984990.0,0.0,1.0,7.21,7.42,7.14,7.4,984990.0
2014-06-26,7.16,7.2,7.0,7.2,361786.0,0.0,1.0,7.16,7.2,7.0,7.2,361786.0
2014-06-25,6.89,7.27,6.85,7.12,563469.0,0.0,1.0,6.89,7.27,6.85,7.12,563469.0
2014-06-24,7.47,7.48,6.88,6.94,569805.0,0.0,1.0,7.47,7.48,6.88,6.94,569805.0
2014-06-23,7.12,7.5,7.03,7.34,1028106.0,0.0,1.0,7.12,7.5,7.03,7.34,1028106.0
2014-06-20,6.93,7.08,6.86,7.06,537401.0,0.0,1.0,6.93,7.08,6.86,7.06,537401.0
2014-06-19,6.8,7.14,6.65,6.93,807790.0,0.0,1.0,6.8,7.14,6.65,6.93,807790.0
2014-06-18,6.73,6.75,6.6,6.74,313111.0,0.0,1.0,6.73,6.75,6.6,6.74,313111.0
2014-06-17,6.86,6.92,6.46,6.73,609940.0,0.0,1.0,6.86,6.92,6.46,6.73,609940.0
2014-06-16,6.75,6.95,6.69,6.94,486842.0,0.0,1.0,6.75,6.95,6.69,6.94,486842.0
2014-06-13,6.71,6.77,6.62,6.77,239103.0,0.0,1.0,6.71,6.77,6.62,6.77,239103.0
2014-06-12,6.58,6.81,6.51,6.7,384748.0,0.0,1.0,6.58,6.81,6.51,6.7,384748.0
2014-06-11,6.55,6.63,6.5,6.55,371762.0,0.0,1.0,6.55,6.63,6.5,6.55,371762.0
2014-06-10,6.31,6.66,6.25,6.64,481970.0,0.0,1.0,6.31,6.66,6.25,6.64,481970.0
2014-06-09,6.18,6.465,6.17,6.39,543979.0,0.0,1.0,6.18,6.465,6.17,6.39,543979.0
2014-06-06,5.98,6.385,5.73,6.2,781535.0,0.0,1.0,5.98,6.385,5.73,6.2,781535.0
2014-06-05,5.81,6.08,5.8,6.08,718108.0,0.0,1.0,5.81,6.08,5.8,6.08,718108.0
2014-06-04,5.58,5.811,5.52,5.77,582481.0,0.0,1.0,5.58,5.811,5.52,5.77,582481.0
2014-06-03,5.43,5.65,5.36,5.64,232590.0,0.0,1.0,5.43,5.65,5.36,5.64,232590.0
2014-06-02,5.59,5.63,5.45,5.49,404425.0,0.0,1.0,5.59,5.63,5.45,5.49,404425.0
2014-05-30,5.78,5.85,5.45,5.56,397933.0,0.0,1.0,5.78,5.85,5.45,5.56,397933.0
2014-05-29,5.79,5.97,5.73,5.89,406223.0,0.0,1.0,5.79,5.97,5.73,5.89,406223.0
2014-05-28,5.7,5.9,5.66,5.79,337313.0,0.0,1.0,5.7,5.9,5.66,5.79,337313.0
2014-05-27,5.6,5.695,5.41,5.69,435266.0,0.0,1.0,5.6,5.695,5.41,5.69,435266.0
2014-05-23,5.74,5.83,5.55,5.55,397557.0,0.0,1.0,5.74,5.83,5.55,5.55,397557.0
2014-05-22,5.79,5.94,5.72,5.72,368266.0,0.0,1.0,5.79,5.94,5.72,5.72,368266.0
2014-05-21,5.91,5.975,5.73,5.78,449623.0,0.0,1.0,5.91,5.975,5.73,5.78,449823.0
2014-05-20,5.86,5.96,5.63,5.72,655244.0,0.0,1.0,5.86,5.96,5.63,5.72,655244.0
2014-05-19,5.85,6.04,5.81,5.86,891621.0,0.0,1.0,5.85,6.04,5.81,5.86,891621.0
2014-05-16,5.33,6.18,5.25,6.05,4508857.0,0.0,1.0,5.33,6.18,5.25,6.05,4508857.0
2014-05-15,5.41,5.46,5.25,5.37,231887.0,0.0,1.0,5.41,5.46,5.25,5.37,231887.0
2014-05-14,5.58,5.64,5.47,5.51,346084.0,0.0,1.0,5.58,5.64,5.47,5.51,346084.0
2014-05-13,5.63,5.75,5.47,5.6,651596.0,0.0,1.0,5.63,5.75,5.47,5.6,651596.0
2014-05-12,5.46,5.74,5.4,5.53,547814.0,0.0,1.0,5.46,5.74,5.4,5.53,547814.0
2014-05-08,5.12,5.23,4.97,5.06,543628.0,0.0,1.0,5.12,5.23,4.97,5.06,543628.0
2014-05-07,5.62,5.77,4.89,5.1,1505704.0,0.0,1.0,5.62,5.77,4.89,5.1,1505704.0
2014-05-06,5.43,5.48,5.17,5.2,712686.0,0.0,1.0,5.43,5.48,5.17,5.2,712686.0
2014-05-05,5.37,5.55,5.33,5.44,463660.0,0.0,1.0,5.37,5.55,5.33,5.44,463660.0
2014-05-02,5.5,5.68,5.38,5.51,413069.0,0.0,1.0,5.5,5.68,5.38,5.51,413069.0
2014-05-01,5.97,5.97,5.36,5.53,511680.0,0.0,1.0,5.97,5.97,5.36,5.53,511680.0
2014-04-30,5.63,5.98,5.49,5.9,630191.0,0.0,1.0,5.63,5.98,5.49,5.9,630191.0
2014-04-29,5.47,5.725,5.45,5.69,489377.0,0.0,1.0,5.47,5.725,5.45,5.69,489377.0
2014-04-28,5.55,5.62,5.38,5.39,255017.0,0.0,1.0,5.55,5.62,5.38,5.39,255017.0
2014-04-25,5.64,5.72,5.47,5.55,329861.0,0.0,1.0,5.64,5.72,5.47,5.55,329861.0
2014-04-24,5.59,5.78,5.59,5.67,367087.0,0.0,1.0,5.59,5.78,5.59,5.67,367087.0
2014-04-23,5.77,5.95,5.57,5.59,509904.0,0.0,1.0,5.77,5.95,5.57,5.59,509904.0
2014-04-22,5.79,5.95,5.63,5.79,584945.0,0.0,1.0,5.79,5.95,5.63,5.79,584945.0
2014-04-21,5.89,6.07,5.715,5.8,683605.0,0.0,1.0,5.89,6.07,5.715,5.8,683605.0
2014-04-17,5.48,5.98,5.48,5.91,840661.0,0.0,1.0,5.48,5.98,5.48,5.91,840661.0
2014-04-16,5.47,5.58,5.321,5.5,476929.0,0.0,1.0,5.47,5.58,5.321,5.5,476929.0
2014-04-15,5.11,5.4,5.03,5.38,834071.0,0.0,1.0,5.11,5.4,5.03,5.38,834071.0
2014-04-14,4.64,5.05,4.56,5.05,479100.0,0.0,1.0,4.64,5.05,4.56,5.05,479100.0
2014-04-11,4.77,4.99,4.75,4.8,543400.0,0.0,1.0,4.77,4.99,4.75,4.8,543400.0
2014-04-10,5.0,5.15,4.99,5.05,418900.0,0.0,1.0,5.0,5.15,4.99,5.05,418900.0
2014-04-09,5.09,5.25,5.03,5.06,479300.0,0.0,1.0,5.09,5.25,5.03,5.06,479300.0
2014-04-08,5.11,5.34,4.99,5.05,438400.0,0.0,1.0,5.11,5.34,4.99,5.05,438400.0
2014-04-07,5.12,5.14,4.8,5.05,847800.0,0.0,1.0,5.12,5.14,4.8,5.05,847800.0
2014-04-04,5.28,5.4,5.15,5.15,341600.0,0.0,1.0,5.28,5.4,5.15,5.15,341600.0
2014-04-03,5.12,5.35,5.02,5.22,572700.0,0.0,1.0,5.12,5.35,5.02,5.22,572700.0
2014-04-02,5.02,5.18,5.0,5.12,442000.0,0.0,1.0,5.02,5.18,5.0,5.12,442000.0
2014-04-01,5.37,5.39,4.96,5.11,728100.0,0.0,1.0,5.37,5.39,4.96,5.11,728100.0
2014-03-31,5.35,5.53,5.3,5.36,779100.0,0.0,1.0,5.35,5.53,5.3,5.36,779100.0
2014-03-28,5.08,5.33,5.04,5.3,1191900.0,0.0,1.0,5.08,5.33,5.04,5.3,1191900.0
2014-03-27,5.02,5.13,4.96,5.05,820800.0,0.0,1.0,5.02,5.13,4.96,5.05,820800.0
2014-03-26,5.22,5.24,4.94,5.02,644800.0,0.0,1.0,5.22,5.24,4.94,5.02,644800.0
2014-03-25,5.07,5.22,4.99,5.14,542100.0,0.0,1.0,5.07,5.22,4.99,5.14,542100.0
2014-03-24,5.07,5.09,4.78,5.05,469700.0,0.0,1.0,5.07,5.09,4.78,5.05,469700.0
2014-03-21,5.0,5.1,4.94,5.08,751900.0,0.0,1.0,5.0,5.1,4.94,5.08,751900.0
2014-03-20,5.0,5.15,4.86,4.96,1031400.0,0.0,1.0,5.0,5.15,4.86,4.96,1031400.0
2014-03-19,5.19,5.27,5.05,5.05,301500.0,0.0,1.0,5.19,5.27,5.05,5.05,301500.0
2014-03-18,5.0,5.27,4.94,5.2,574600.0,0.0,1.0,5.0,5.27,4.94,5.2,574600.0
2014-03-17,4.98,5.05,4.93,5.01,310100.0,0.0,1.0,4.98,5.05,4.93,5.01,310100.0
2014-03-14,5.0,5.14,4.94,4.96,882300.0,0.0,1.0,5.0,5.14,4.94,4.96,882300.0
2014-03-13,4.6,5.09,4.6,5.04,1372600.0,0.0,1.0,4.6,5.09,4.6,5.04,1372600.0
2014-03-12,5.25,5.53,5.06,5.06,2702200.0,0.0,1.0,5.25,5.53,5.06,5.06,2702200.0
2014-03-11,5.11,5.28,5.03,5.2,1055700.0,0.0,1.0,5.11,5.28,5.03,5.2,1055700.0
2014-03-10,5.17,5.18,4.89,5.1,1408900.0,0.0,1.0,5.17,5.18,4.89,5.1,1408900.0
2014-03-07,5.22,5.22,5.0,5.13,795000.0,0.0,1.0,5.22,5.22,5.0,5.13,795000.0
2014-03-06,5.2,5.3,5.08,5.26,977500.0,0.0,1.0,5.2,5.3,5.08,5.26,977500.0
2014-03-05,4.74,5.29,4.59,5.2,3400700.0,0.0,1.0,4.74,5.29,4.59,5.2,3400700.0
2014-03-04,4.55,4.77,4.5,4.55,852700.0,0.0,1.0,4.55,4.77,4.5,4.55,852700.0
2014-03-03,4.42,4.52,4.4,4.49,374300.0,0.0,1.0,4.42,4.52,4.4,4.49,374300.0
2014-02-28,4.36,4.47,4.3,4.41,465000.0,0.0,1.0,4.36,4.47,4.3,4.41,465000.0
2014-02-27,4.32,4.44,4.26,4.35,522100.0,0.0,1.0,4.32,4.44,4.26,4.35,522100.0
2014-02-26,4.49,4.57,4.3,4.33,545600.0,0.0,1.0,4.49,4.57,4.3,4.33,545600.0
2014-02-25,4.66,4.66,4.5,4.5,452300.0,0.0,1.0,4.66,4.66,4.5,4.5,452300.0
2014-02-24,4.62,4.77,4.51,4.65,706200.0,0.0,1.0,4.62,4.77,4.51,4.65,706200.0
2014-02-21,4.63,4.69,4.58,4.6,563300.0,0.0,1.0,4.63,4.69,4.58,4.6,563300.0
2014-02-20,4.85,4.85,4.58,4.6,716600.0,0.0,1.0,4.85,4.85,4.58,4.6,716600.0
2014-02-19,4.85,4.93,4.76,4.8,383400.0,0.0,1.0,4.85,4.93,4.76,4.8,383400.0
2014-02-18,4.7,4.96,4.7,4.89,617700.0,0.0,1.0,4.7,4.96,4.7,4.89,617700.0
2014-02-14,4.72,4.88,4.61,4.63,580800.0,0.0,1.0,4.72,4.88,4.61,4.63,580800.0
2014-02-13,4.38,4.8,4.35,4.69,833300.0,0.0,1.0,4.38,4.8,4.35,4.69,833300.0
2014-02-12,4.43,4.47,4.36,4.43,461300.0,0.0,1.0,4.43,4.47,4.36,4.43,461300.0
2014-02-11,4.34,4.46,4.28,4.43,483200.0,0.0,1.0,4.34,4.46,4.28,4.43,483200.0
2014-02-10,4.26,4.35,4.17,4.33,396600.0,0.0,1.0,4.26,4.35,4.17,4.33,396600.0
2014-02-07,4.26,4.34,4.16,4.25,768400.0,0.0,1.0,4.26,4.34,4.16,4.25,768400.0
2014-02-06,4.34,4.4,4.2,4.26,583300.0,0.0,1.0,4.34,4.4,4.2,4.26,583300.0
2014-02-05,4.44,4.44,4.13,4.35,1086600.0,0.0,1.0,4.44,4.44,4.13,4.35,1086600.0
2014-02-04,4.49,4.54,4.33,4.42,1056700.0,0.0,1.0,4.49,4.54,4.33,4.42,1056700.0
2014-02-03,4.68,4.71,4.39,4.4,996700.0,0.0,1.0,4.68,4.71,4.39,4.4,996700.0
2014-01-31,5.04,5.06,4.51,4.67,3448700.0,0.0,1.0,5.04,5.06,4.51,4.67,3448700.0
2014-01-30,5.76,5.98,5.18,5.3,1732400.0,0.0,1.0,5.76,5.98,5.18,5.3,1732400.0
2014-01-29,5.92,5.96,5.77,5.93,377100.0,0.0,1.0,5.92,5.96,5.77,5.93,377100.0
2014-01-28,5.89,5.98,5.87,5.93,314400.0,0.0,1.0,5.89,5.98,5.87,5.93,314400.0
2014-01-27,5.99,6.04,5.6,5.89,659000.0,0.0,1.0,5.99,6.04,5.6,5.89,659000.0
2014-01-24,6.03,6.08,5.71,5.98,711000.0,0.0,1.0,6.03,6.08,5.71,5.98,711000.0
2014-01-23,6.29,6.29,5.97,6.12,456800.0,0.0,1.0,6.29,6.29,5.97,6.12,456800.0
2014-01-22,6.36,6.41,6.21,6.29,277200.0,0.0,1.0,6.36,6.41,6.21,6.29,277200.0
2014-01-21,6.06,6.36,6.01,6.35,409400.0,0.0,1.0,6.06,6.36,6.01,6.35,409400.0
2014-01-17,6.05,6.2,6.0,6.02,311000.0,0.0,1.0,6.05,6.2,6.0,6.02,311000.0
2014-01-16,6.08,6.19,5.95,6.03,384800.0,0.0,1.0,6.08,6.19,5.95,6.03,384800.0
2014-01-15,5.95,6.14,5.95,6.12,306500.0,0.0,1.0,5.95,6.14,5.95,6.12,306500.0
2014-01-14,5.9,6.18,5.9,5.96,466400.0,0.0,1.0,5.9,6.18,5.9,5.96,466400.0
2014-01-13,6.37,6.44,5.89,5.92,568600.0,0.0,1.0,6.37,6.44,5.89,5.92,568600.0
2014-01-10,6.46,6.52,6.28,6.34,430800.0,0.0,1.0,6.46,6.52,6.28,6.34,430800.0
2014-01-09,6.35,6.56,6.29,6.49,576100.0,0.0,1.0,6.35,6.56,6.29,6.49,576100.0
2014-01-08,6.44,6.56,6.36,6.37,388300.0,0.0,1.0,6.44,6.56,6.36,6.37,388300.0
2014-01-07,6.56,6.67,6.38,6.47,711800.0,0.0,1.0,6.56,6.67,6.38,6.47,711800.0
2014-01-06,6.71,6.75,6.57,6.57,460700.0,0.0,1.0,6.71,6.75,6.57,6.57,460700.0
2014-01-03,6.5,6.74,6.44,6.68,497300.0,0.0,1.0,6.5,6.74,6.44,6.68,497300.0
2014-01-02,6.55,6.57,6.34,6.52,479700.0,0.0,1.0,6.55,6.57,6.34,6.52,479700.0
2013-12-31,6.49,6.67,6.46,6.62,388200.0,0.0,1.0,6.49,6.67,6.46,6.62,388200.0
2013-12-30,6.65,6.68,6.44,6.5,598600.0,0.0,1.0,6.65,6.68,6.44,6.5,598600.0
2013-12-27,6.47,6.73,6.3,6.59,549900.0,0.0,1.0,6.47,6.73,6.3,6.59,549900.0
2013-12-26,6.54,6.72,6.27,6.43,836300.0,0.0,1.0,6.54,6.72,6.27,6.43,836300.0
2013-12-24,6.3,6.63,6.24,6.57,644500.0,0.0,1.0,6.3,6.63,6.24,6.57,644500.0
2013-12-23,6.02,6.4,5.95,6.35,1083200.0,0.0,1.0,6.02,6.4,5.95,6.35,1083200.0
2013-12-20,5.89,6.04,5.88,5.94,641700.0,0.0,1.0,5.89,6.04,5.88,5.94,641700.0
2013-12-19,5.87,6.04,5.73,5.86,411200.0,0.0,1.0,5.87,6.04,5.73,5.86,411200.0
2013-12-18,6.03,6.08,5.83,5.89,232900.0,0.0,1.0,6.03,6.08,5.83,5.89,232900.0
2013-12-17,5.89,6.08,5.76,6.01,1111900.0,0.0,1.0,5.89,6.08,5.76,6.01,1111900.0
2013-12-16,5.71,5.98,5.7,5.9,601500.0,0.0,1.0,5.71,5.98,5.7,5.9,601500.0
2013-12-13,5.54,5.75,5.45,5.7,415300.0,0.0,1.0,5.54,5.75,5.45,5.7,415300.0
2013-12-12,5.64,5.67,5.42,5.55,410200.0,0.0,1.0,5.64,5.67,5.42,5.55,410200.0
2013-12-11,5.8,5.8,5.53,5.64,663400.0,0.0,1.0,5.8,5.8,5.53,5.64,663400.0
2013-12-10,5.75,6.0,5.73,5.8,573900.0,0.0,1.0,5.75,6.0,5.73,5.8,573900.0
2013-12-09,5.86,5.95,5.71,5.74,539500.0,0.0,1.0,5.86,5.95,5.71,5.74,539500.0
2013-12-06,6.18,6.22,5.87,5.88,655500.0,0.0,1.0,6.18,6.22,5.87,5.88,655500.0
2013-12-05,5.96,6.14,5.96,6.1,585000.0,0.0,1.0,5.96,6.14,5.96,6.1,585000.0
2013-12-04,5.96,6.16,5.88,5.96,565300.0,0.0,1.0,5.96,6.16,5.88,5.96,565300.0
2013-12-03,5.87,6.02,5.74,5.99,689100.0,0.0,1.0,5.87,6.02,5.74,5.99,689100.0
2013-12-02,6.0,6.0,5.77,5.85,426700.0,0.0,1.0,6.0,6.0,5.77,5.85,426700.0
2013-11-29,5.85,6.09,5.68,6.01,450800.0,0.0,1.0,5.85,6.09,5.68,6.01,450800.0
2013-11-27,5.87,5.89,5.74,5.82,372900.0,0.0,1.0,5.87,5.89,5.74,5.82,372900.0
2013-11-26,5.87,5.95,5.7,5.89,505600.0,0.0,1.0,5.87,5.95,5.7,5.89,505600.0
2013-11-25,5.65,5.95,5.36,5.91,778000.0,0.0,1.0,5.65,5.95,5.36,5.91,778000.0
2013-11-22,5.87,5.92,5.61,5.69,733400.0,0.0,1.0,5.87,5.92,5.61,5.69,733400.0
2013-11-21,5.44,5.72,5.37,5.65,667500.0,0.0,1.0,5.44,5.72,5.37,5.65,667500.0
2013-11-20,5.6,5.67,5.28,5.32,1083300.0,0.0,1.0,5.6,5.67,5.28,5.32,1083300.0
2013-11-19,5.72,5.92,5.42,5.56,970500.0,0.0,1.0,5.72,5.92,5.42,5.56,970500.0
2013-11-18,6.08,6.08,5.72,5.73,1526800.0,0.0,1.0,6.08,6.08,5.72,5.73,1526800.0
2013-11-15,6.01,6.08,5.97,6.04,573400.0,0.0,1.0,6.01,6.08,5.97,6.04,573400.0
2013-11-14,6.0,6.08,5.82,6.03,889400.0,0.0,1.0,6.0,6.08,5.82,6.03,889400.0
2013-11-13,5.53,6.09,5.53,6.0,1745800.0,0.0,1.0,5.53,6.09,5.53,6.0,1745800.0
2013-11-12,5.78,5.79,5.57,5.73,879800.0,0.0,1.0,5.78,5.79,5.57,5.73,879800.0
2013-11-11,5.75,5.93,5.7,5.82,452300.0,0.0,1.0,5.75,5.93,5.7,5.82,452300.0
2013-11-08,5.51,5.81,5.51,5.73,429400.0,0.0,1.0,5.51,5.81,5.51,5.73,429400.0
2013-11-07,5.89,5.89,5.46,5.52,670300.0,0.0,1.0,5.89,5.89,5.46,5.52,670300.0
2013-11-06,6.03,6.05,5.85,5.86,1212500.0,0.0,1.0,6.03,6.05,5.85,5.86,1212500.0
2013-11-05,6.06,6.07,5.89,6.0,841000.0,0.0,1.0,6.06,6.07,5.89,6.0,841000.0
2013-11-04,5.73,6.09,5.73,6.06,884700.0,0.0,1.0,5.73,6.09,5.73,6.06,884700.0
2013-11-01,5.64,5.73,5.39,5.73,615300.0,0.0,1.0,5.64,5.73,5.39,5.73,615300.0
2013-10-31,5.64,5.72,5.43,5.64,636000.0,0.0,1.0,5.64,5.72,5.43,5.64,636000.0
2013-10-30,5.76,5.86,5.38,5.61,1091600.0,0.0,1.0,5.76,5.86,5.38,5.61,1091600.0
2013-10-29,5.66,5.81,5.66,5.73,401300.0,0.0,1.0,5.66,5.81,5.66,5.73,401300.0
2013-10-28,5.76,5.76,5.62,5.67,487800.0,0.0,1.0,5.76,5.76,5.62,5.67,487800.0
2013-10-25,5.84,5.99,5.64,5.78,686100.0,0.0,1.0,5.84,5.99,5.64,5.78,686100.0
2013-10-24,5.96,5.96,5.77,5.81,700300.0,0.0,1.0,5.96,5.96,5.77,5.81,700300.0
2013-10-23,5.95,6.01,5.61,5.91,918200.0,0.0,1.0,5.95,6.01,5.61,5.91,918200.0
2013-10-22,6.1,6.23,5.99,6.07,902600.0,0.0,1.0,6.1,6.23,5.99,6.07,902600.0
2013-10-21,6.47,6.62,6.04,6.09,987200.0,0.0,1.0,6.47,6.62,6.04,6.09,987200.0
2013-10-18,6.55,6.56,6.01,6.45,1524600.0,0.0,1.0,6.55,6.56,6.01,6.45,1524600.0
2013-10-17,6.2,6.56,6.07,6.44,1759400.0,0.0,1.0,6.2,6.56,6.07,6.44,1759400.0
2013-10-16,5.72,6.37,5.65,6.22,2396800.0,0.0,1.0,5.72,6.37,5.65,6.22,2396800.0
2013-10-15,5.18,5.71,5.17,5.63,1823100.0,0.0,1.0,5.18,5.71,5.17,5.63,1823100.0
2013-10-14,5.16,5.26,5.13,5.16,639200.0,0.0,1.0,5.16,5.26,5.13,5.16,639200.0
2013-10-11,5.1,5.29,5.06,5.2,794100.0,0.0,1.0,5.1,5.29,5.06,5.2,794100.0
2013-10-10,5.05,5.13,4.98,5.11,875600.0,0.0,1.0,5.05,5.13,4.98,5.11,875600.0
2013-10-09,5.1,5.14,4.98,5.0,840600.0,0.0,1.0,5.1,5.14,4.98,5.0,840600.0
2013-10-08,5.17,5.34,5.06,5.11,912500.0,0.0,1.0,5.17,5.34,5.06,5.11,912500.0
2013-10-07,5.26,5.32,5.09,5.15,1033600.0,0.0,1.0,5.26,5.32,5.09,5.15,1033600.0
2013-10-04,5.03,5.4,4.95,5.36,753100.0,0.0,1.0,5.03,5.4,4.95,5.36,753100.0
2013-10-03,5.18,5.19,4.93,5.0,773000.0,0.0,1.0,5.18,5.19,4.93,5.0,773000.0
2013-10-02,4.95,5.18,4.79,5.17,936900.0,0.0,1.0,4.95,5.18,4.79,5.17,936900.0
2013-10-01,5.14,5.14,4.99,5.0,1300700.0,0.0,1.0,5.14,5.14,4.99,5.0,1300700.0
2013-09-30,5.25,5.34,5.05,5.13,770900.0,0.0,1.0,5.25,5.34,5.05,5.13,770900.0
2013-09-27,5.46,5.46,5.23,5.32,540700.0,0.0,1.0,5.46,5.46,5.23,5.32,540700.0
2013-09-26,5.38,5.53,5.36,5.46,662000.0,0.0,1.0,5.38,5.53,5.36,5.46,662000.0
2013-09-25,5.47,5.56,5.38,5.38,737900.0,0.0,1.0,5.47,5.56,5.38,5.38,737900.0
2013-09-24,5.62,5.63,5.46,5.48,642700.0,0.0,1.0,5.62,5.63,5.46,5.48,642700.0
2013-09-23,5.65,5.87,5.54,5.61,636400.0,0.0,1.0,5.65,5.87,5.54,5.61,636400.0
2013-09-20,5.65,5.69,5.48,5.67,1329700.0,0.0,1.0,5.65,5.69,5.48,5.67,1329700.0
2013-09-19,5.42,5.78,5.27,5.63,1238300.0,0.0,1.0,5.42,5.78,5.27,5.63,1238300.0
2013-09-18,5.34,5.38,5.08,5.38,1032600.0,0.0,1.0,5.34,5.38,5.08,5.38,1032600.0
2013-09-17,5.25,5.37,5.1,5.28,884900.0,0.0,1.0,5.25,5.37,5.1,5.28,884900.0
2013-09-16,5.52,5.57,5.21,5.28,881500.0,0.0,1.0,5.52,5.57,5.21,5.28,881500.0
2013-09-13,5.85,5.87,5.43,5.48,1595900.0,0.0,1.0,5.85,5.87,5.43,5.48,1595900.0
2013-09-12,5.8,5.98,5.74,5.87,2490000.0,0.0,1.0,5.8,5.98,5.74,5.87,2490000.0
2013-09-11,5.15,5.73,5.13,5.72,2129300.0,0.0,1.0,5.15,5.73,5.13,5.72,2129300.0
2013-09-10,5.05,5.07,4.9,5.0,852200.0,0.0,1.0,5.05,5.07,4.9,5.0,852200.0
2013-09-09,4.87,5.03,4.84,5.03,1029700.0,0.0,1.0,4.87,5.03,4.84,5.03,1029700.0
2013-09-06,4.63,4.89,4.6,4.83,1192900.0,0.0,1.0,4.63,4.89,4.6,4.83,1192900.0
2013-09-05,4.57,4.74,4.55,4.6,471000.0,0.0,1.0,4.57,4.74,4.55,4.6,471000.0
2013-09-04,4.61,4.63,4.51,4.55,415400.0,0.0,1.0,4.61,4.63,4.51,4.55,415400.0
2013-09-03,4.53,4.63,4.53,4.61,476200.0,0.0,1.0,4.53,4.63,4.53,4.61,476200.0
2013-08-30,4.62,4.65,4.48,4.52,604300.0,0.0,1.0,4.62,4.65,4.48,4.52,604300.0
2013-08-29,4.81,4.82,4.52,4.6,794900.0,0.0,1.0,4.81,4.82,4.52,4.6,794900.0
2013-08-28,4.52,4.81,4.47,4.78,767100.0,0.0,1.0,4.52,4.81,4.47,4.78,767100.0
2013-08-27,4.55,4.62,4.47,4.49,864300.0,0.0,1.0,4.55,4.62,4.47,4.49,864300.0
2013-08-26,4.4,4.46,4.33,4.38,512700.0,0.0,1.0,4.4,4.46,4.33,4.38,512700.0
2013-08-23,4.44,4.48,4.32,4.38,480200.0,0.0,1.0,4.44,4.48,4.32,4.38,480200.0
2013-08-22,4.36,4.47,4.32,4.43,327900.0,0.0,1.0,4.36,4.47,4.32,4.43,327900.0
2013-08-21,4.39,4.41,4.26,4.32,488300.0,0.0,1.0,4.39,4.41,4.26,4.32,488300.0
2013-08-20,4.46,4.5,4.37,4.39,540300.0,0.0,1.0,4.46,4.5,4.37,4.39,540300.0
2013-08-19,4.59,4.63,4.37,4.43,920300.0,0.0,1.0,4.59,4.63,4.37,4.43,920300.0
2013-08-16,4.46,4.62,4.46,4.57,663200.0,0.0,1.0,4.46,4.62,4.46,4.57,663200.0
2013-08-15,4.5,4.54,4.41,4.48,1022400.0,0.0,1.0,4.5,4.54,4.41,4.48,1022400.0
2013-08-14,4.66,4.75,4.49,4.54,964300.0,0.0,1.0,4.66,4.75,4.49,4.54,964300.0
2013-08-13,4.52,4.99,4.44,4.6,1809700.0,0.0,1.0,4.52,4.99,4.44,4.6,1809700.0
2013-08-12,4.7,4.7,4.46,4.48,887000.0,0.0,1.0,4.7,4.7,4.46,4.48,887000.0
2013-08-09,4.86,4.86,4.67,4.7,550700.0,0.0,1.0,4.86,4.86,4.67,4.7,550700.0
2013-08-08,4.9,4.95,4.75,4.84,892800.0,0.0,1.0,4.9,4.95,4.75,4.84,892800.0
2013-08-07,4.86,5.09,4.85,4.92,734400.0,0.0,1.0,4.86,5.09,4.85,4.92,734400.0
2013-08-06,5.45,5.48,4.85,5.03,1993800.0,0.0,1.0,5.45,5.48,4.85,5.03,1993800.0
2013-08-05,5.7,5.76,5.5,5.57,501600.0,0.0,1.0,5.7,5.76,5.5,5.57,501600.0
2013-08-02,5.81,5.85,5.62,5.65,477600.0,0.0,1.0,5.81,5.85,5.62,5.65,477600.0
2013-08-01,6.09,6.17,5.76,5.81,432700.0,0.0,1.0,6.09,6.17,5.76,5.81,432700.0
2013-07-31,5.98,6.11,5.93,6.0,369600.0,0.0,1.0,5.98,6.11,5.93,6.0,369600.0
2013-07-30,6.0,6.0,5.85,5.94,354100.0,0.0,1.0,6.0,6.0,5.85,5.94,354100.0
2013-07-29,5.98,6.04,5.87,5.99,45800.0,0.0,1.0,5.98,6.04,5.87,5.99,45800.0
2013-07-26,6.0,6.05,5.87,6.0,251000.0,0.0,1.0,6.0,6.05,5.87,6.0,251000.0
2013-07-25,6.12,6.2,6.0,6.05,251900.0,0.0,1.0,6.12,6.2,6.0,6.05,251900.0
2013-07-24,6.28,6.28,5.98,6.15,354300.0,0.0,1.0,6.28,6.28,5.98,6.15,354300.0
2013-07-23,6.4,6.4,6.21,6.22,230600.0,0.0,1.0,6.4,6.4,6.21,6.22,230600.0
2013-07-22,6.23,6.42,6.23,6.37,314300.0,0.0,1.0,6.23,6.42,6.23,6.37,314300.0
2013-07-19,6.32,6.41,6.18,6.19,261500.0,0.0,1.0,6.32,6.41,6.18,6.19,261500.0
2013-07-18,6.42,6.45,6.33,6.36,364300.0,0.0,1.0,6.42,6.45,6.33,6.36,364300.0
2013-07-17,6.25,6.55,6.19,6.4,621400.0,0.0,1.0,6.25,6.55,6.19,6.4,621400.0
2013-07-16,6.0,6.18,6.0,6.17,575400.0,0.0,1.0,6.0,6.18,6.0,6.17,575400.0
2013-07-15,6.05,6.12,5.95,5.99,394900.0,0.0,1.0,6.05,6.12,5.95,5.99,394900.0
2013-07-12,6.0,6.1,5.88,5.97,282200.0,0.0,1.0,6.0,6.1,5.88,5.97,282200.0
2013-07-11,6.07,6.14,5.84,5.95,409000.0,0.0,1.0,6.07,6.14,5.84,5.95,409000.0
2013-07-10,5.78,6.05,5.71,6.0,607800.0,0.0,1.0,5.78,6.05,5.71,6.0,607800.0
2013-07-09,5.69,5.82,5.69,5.81,340000.0,0.0,1.0,5.69,5.82,5.69,5.81,340000.0
2013-07-08,5.72,5.81,5.61,5.65,356100.0,0.0,1.0,5.72,5.81,5.61,5.65,356100.0
2013-07-05,5.75,5.75,5.52,5.7,347300.0,0.0,1.0,5.75,5.75,5.52,5.7,347300.0
2013-07-03,5.5,5.66,5.43,5.66,311800.0,0.0,1.0,5.5,5.66,5.43,5.66,311800.0
2013-07-02,5.43,5.59,5.38,5.49,339800.0,0.0,1.0,5.43,5.59,5.38,5.49,339800.0
2013-07-01,5.39,5.59,5.38,5.41,378700.0,0.0,1.0,5.39,5.59,5.38,5.41,378700.0
2013-06-28,5.48,5.63,5.33,5.41,1476400.0,0.0,1.0,5.48,5.63,5.33,5.41,1476400.0
2013-06-27,5.79,5.81,5.45,5.49,523400.0,0.0,1.0,5.79,5.81,5.45,5.49,523400.0
2013-06-26,5.92,5.92,5.68,5.71,256500.0,0.0,1.0,5.92,5.92,5.68,5.71,256500.0
2013-06-25,6.06,6.06,5.64,5.84,467300.0,0.0,1.0,6.06,6.06,5.64,5.84,467300.0
2013-06-24,5.76,6.11,5.67,5.99,614200.0,0.0,1.0,5.76,6.11,5.67,5.99,614200.0
2013-06-21,6.06,6.15,5.78,5.81,810700.0,0.0,1.0,6.06,6.15,5.78,5.81,810700.0
2013-06-20,6.08,6.19,5.78,6.04,652600.0,0.0,1.0,6.08,6.19,5.78,6.04,652600.0
2013-06-19,6.48,6.6,6.2,6.23,499200.0,0.0,1.0,6.48,6.6,6.2,6.23,499200.0
2013-06-18,6.49,6.7,6.38,6.46,443000.0,0.0,1.0,6.49,6.7,6.38,6.46,443000.0
2013-06-17,6.27,6.49,6.21,6.41,402300.0,0.0,1.0,6.27,6.49,6.21,6.41,402300.0
2013-06-14,6.32,6.45,6.1,6.15,291000.0,0.0,1.0,6.32,6.45,6.1,6.15,291000.0
2013-06-13,6.05,6.36,6.01,6.32,216900.0,0.0,1.0,6.05,6.36,6.01,6.32,216900.0
2013-06-12,6.26,6.35,6.05,6.06,303500.0,0.0,1.0,6.26,6.35,6.05,6.06,303500.0
2013-06-11,6.17,6.3,6.08,6.18,323100.0,0.0,1.0,6.17,6.3,6.08,6.18,323100.0
2013-06-10,6.36,6.36,6.18,6.25,315100.0,0.0,1.0,6.36,6.36,6.18,6.25,315100.0
2013-06-07,6.68,6.68,6.26,6.37,414900.0,0.0,1.0,6.68,6.68,6.26,6.37,414900.0
2013-06-06,6.6,6.78,6.31,6.51,383100.0,0.0,1.0,6.6,6.78,6.31,6.51,383100.0
2013-06-05,6.72,6.8,6.6,6.6,354900.0,0.0,1.0,6.72,6.8,6.6,6.6,354900.0
2013-06-04,6.73,6.9,6.66,6.75,279200.0,0.0,1.0,6.73,6.9,6.66,6.75,279200.0
2013-06-03,6.73,6.96,6.64,6.78,417200.0,0.0,1.0,6.73,6.96,6.64,6.78,417200.0
2013-05-31,6.91,6.91,6.73,6.83,448700.0,0.0,1.0,6.91,6.91,6.73,6.83,448700.0
2013-05-30,6.91,7.0,6.79,6.92,491900.0,0.0,1.0,6.91,7.0,6.79,6.92,491900.0
2013-05-29,6.8,7.04,6.65,6.82,750400.0,0.0,1.0,6.8,7.04,6.65,6.82,750400.0
2013-05-28,6.25,6.83,6.25,6.74,951600.0,0.0,1.0,6.25,6.83,6.25,6.74,951600.0
2013-05-24,6.01,6.36,6.0,6.09,506400.0,0.0,1.0,6.01,6.36,6.0,6.09,506400.0
2013-05-23,5.81,6.15,5.77,6.03,419600.0,0.0,1.0,5.81,6.15,5.77,6.03,419600.0
2013-05-22,6.18,6.36,5.94,5.99,487100.0,0.0,1.0,6.18,6.36,5.94,5.99,487100.0
2013-05-21,5.95,6.24,5.95,6.15,430000.0,0.0,1.0,5.95,6.24,5.95,6.15,430000.0
2013-05-20,5.76,6.02,5.76,5.96,539800.0,0.0,1.0,5.76,6.02,5.76,5.96,539800.0
2013-05-17,5.72,5.96,5.69,5.78,712900.0,0.0,1.0,5.72,5.96,5.69,5.78,712900.0
2013-05-16,5.73,5.79,5.66,5.67,167500.0,0.0,1.0,5.73,5.79,5.66,5.67,167500.0
2013-05-15,5.74,5.8,5.66,5.68,274700.0,0.0,1.0,5.74,5.8,5.66,5.68,274700.0
2013-05-14,5.68,5.81,5.68,5.78,332400.0,0.0,1.0,5.68,5.81,5.68,5.78,332400.0
2013-05-13,5.7,5.86,5.66,5.7,244800.0,0.0,1.0,5.7,5.86,5.66,5.7,244800.0
2013-05-10,5.67,5.86,5.36,5.75,862000.0,0.0,1.0,5.67,5.86,5.36,5.75,862000.0
2013-05-09,5.76,5.82,5.61,5.7,414900.0,0.0,1.0,5.76,5.82,5.61,5.7,414900.0
2013-05-08,5.73,5.82,5.7,5.8,354900.0,0.0,1.0,5.73,5.82,5.7,5.8,354900.0
2013-05-07,5.86,6.15,5.65,5.75,1110700.0,0.0,1.0,5.86,6.15,5.65,5.75,1110700.0
2013-05-06,5.75,5.91,5.71,5.83,327200.0,0.0,1.0,5.75,5.91,5.71,5.83,327200.0
2013-05-03,5.77,6.03,5.72,5.74,472100.0,0.0,1.0,5.77,6.03,5.72,5.74,472100.0
2013-05-02,5.67,5.7,5.56,5.57,269200.0,0.0,1.0,5.67,5.7,5.56,5.57,269200.0
2013-05-01,5.67,5.71,5.51,5.6,443400.0,0.0,1.0,5.67,5.71,5.51,5.6,443400.0
2013-04-30,5.87,5.93,5.75,5.77,221600.0,0.0,1.0,5.87,5.93,5.75,5.77,221600.0
2013-04-29,5.96,5.97,5.83,5.88,231400.0,0.0,1.0,5.96,5.97,5.83,5.88,231400.0
2013-04-26,6.05,6.05,5.82,5.86,249100.0,0.0,1.0,6.05,6.05,5.82,5.86,249100.0
2013-04-25,5.93,6.15,5.83,6.11,585400.0,0.0,1.0,5.93,6.15,5.83,6.11,585400.0
2013-04-24,5.63,5.79,5.57,5.74,345800.0,0.0,1.0,5.63,5.79,5.57,5.74,345800.0
2013-04-23,5.58,5.66,5.48,5.63,340000.0,0.0,1.0,5.58,5.66,5.48,5.63,340000.0
2013-04-22,5.65,5.74,5.31,5.5,500600.0,0.0,1.0,5.65,5.74,5.31,5.5,500600.0
2013-04-19,5.77,5.94,5.65,5.67,428600.0,0.0,1.0,5.77,5.94,5.65,5.67,428600.0
2013-04-18,6.06,6.06,5.66,5.75,410700.0,0.0,1.0,6.06,6.06,5.66,5.75,410700.0
2013-04-17,6.41,6.44,5.82,6.01,329200.0,0.0,1.0,6.41,6.44,5.82,6.01,329200.0
2013-04-16,6.48,6.64,6.32,6.51,570000.0,0.0,1.0,6.48,6.64,6.32,6.51,570000.0
2013-04-15,6.65,6.71,6.21,6.29,546000.0,0.0,1.0,6.65,6.71,6.21,6.29,546000.0
2013-04-12,7.13,7.23,6.8,6.8,286700.0,0.0,1.0,7.13,7.23,6.8,6.8,286700.0
2013-04-11,7.26,7.33,7.17,7.23,168000.0,0.0,1.0,7.26,7.33,7.17,7.23,168000.0
2013-04-10,7.05,7.33,7.05,7.29,408500.0,0.0,1.0,7.05,7.33,7.05,7.29,408500.0
2013-04-09,7.02,7.29,6.94,7.04,452700.0,0.0,1.0,7.02,7.29,6.94,7.04,452700.0
2013-04-08,7.16,7.29,7.01,7.05,342500.0,0.0,1.0,7.16,7.29,7.01,7.05,342500.0
2013-04-05,6.91,7.44,6.5,7.11,939200.0,0.0,1.0,6.91,7.44,6.5,7.11,939200.0
2013-04-04,7.5,7.5,6.64,6.67,1070600.0,0.0,1.0,7.5,7.5,6.64,6.67,1070600.0
2013-04-03,7.98,8.01,7.33,7.38,391100.0,0.0,1.0,7.98,8.01,7.33,7.38,391100.0
2013-04-02,8.25,8.35,7.95,7.97,224600.0,0.0,1.0,8.25,8.35,7.95,7.97,224600.0
2013-04-01,8.5,8.58,7.99,8.11,319800.0,0.0,1.0,8.5,8.58,7.99,8.11,319800.0
2013-03-28,8.64,8.83,8.55,8.55,219500.0,0.0,1.0,8.64,8.83,8.55,8.55,219500.0
2013-03-27,8.71,8.71,8.5,8.6,246200.0,0.0,1.0,8.71,8.71,8.5,8.6,246200.0
2013-03-26,8.72,8.94,8.65,8.83,339700.0,0.0,1.0,8.72,8.94,8.65,8.83,339700.0
2013-03-25,8.76,8.91,8.63,8.68,187000.0,0.0,1.0,8.76,8.91,8.63,8.68,187000.0
2013-03-22,8.75,8.95,8.61,8.75,259800.0,0.0,1.0,8.75,8.95,8.61,8.75,259800.0
2013-03-21,8.52,8.84,8.49,8.79,743800.0,0.0,1.0,8.52,8.84,8.49,8.79,743800.0
2013-03-20,8.6,8.7,8.36,8.5,849600.0,0.0,1.0,8.6,8.7,8.36,8.5,849600.0
2013-03-19,8.57,8.6,8.19,8.32,221800.0,0.0,1.0,8.57,8.6,8.19,8.32,221800.0
2013-03-18,8.2,8.53,8.12,8.47,342400.0,0.0,1.0,8.2,8.53,8.12,8.47,342400.0
2013-03-15,8.13,8.29,7.93,8.22,656000.0,0.0,1.0,8.13,8.29,7.93,8.22,656000.0
2013-03-14,8.24,8.5,7.9,8.07,597500.0,0.0,1.0,8.24,8.5,7.9,8.07,597500.0
2013-03-13,7.74,8.24,7.71,8.2,313600.0,0.0,1.0,7.74,8.24,7.71,8.2,313600.0
2013-03-12,8.35,8.35,7.7,7.7,445900.0,0.0,1.0,8.35,8.35,7.7,7.7,445900.0
2013-03-11,8.39,8.5,8.27,8.32,255700.0,0.0,1.0,8.39,8.5,8.27,8.32,255700.0
2013-03-08,8.65,8.94,8.11,8.4,840800.0,0.0,1.0,8.65,8.94,8.11,8.4,840800.0
2013-03-07,7.86,8.53,7.75,8.49,405700.0,0.0,1.0,7.86,8.53,7.75,8.49,405700.0
2013-03-06,7.4,8.0,7.39,7.82,530300.0,0.0,1.0,7.4,8.0,7.39,7.82,530300.0
2013-03-05,7.15,7.38,7.13,7.31,118200.0,0.0,1.0,7.15,7.38,7.13,7.31,118200.0
2013-03-04,7.27,7.34,6.97,7.06,179500.0,0.0,1.0,7.27,7.34,6.97,7.06,179500.0
2013-03-01,7.35,7.46,7.23,7.34,97000.0,0.0,1.0,7.35,7.46,7.23,7.34,97000.0
2013-02-28,7.37,7.52,7.3,7.46,141200.0,0.0,1.0,7.37,7.52,7.3,7.46,141200.0
2013-02-27,7.18,7.41,7.18,7.35,109200.0,0.0,1.0,7.18,7.41,7.18,7.35,109200.0
2013-02-26,7.27,7.34,7.11,7.21,141700.0,0.0,1.0,7.27,7.34,7.11,7.21,141700.0
2013-02-25,7.72,7.78,7.22,7.22,143600.0,0.0,1.0,7.72,7.78,7.22,7.22,143600.0
2013-02-22,7.61,7.7,7.39,7.68,93600.0,0.0,1.0,7.61,7.7,7.39,7.68,93600.0
2013-02-21,7.48,7.59,7.34,7.55,143000.0,0.0,1.0,7.48,7.59,7.34,7.55,143000.0
2013-02-20,8.15,8.17,7.44,7.5,253900.0,0.0,1.0,8.15,8.17,7.44,7.5,253900.0
2013-02-19,7.75,8.2,7.69,8.14,212800.0,0.0,1.0,7.75,8.2,7.69,8.14,212800.0
2013-02-15,7.94,7.95,7.67,7.8,208300.0,0.0,1.0,7.94,7.95,7.67,7.8,208300.0
2013-02-14,7.87,8.03,7.8,7.87,82600.0,0.0,1.0,7.87,8.03,7.8,7.87,82600.0
2013-02-13,7.93,7.96,7.72,7.9,233500.0,0.0,1.0,7.93,7.96,7.72,7.9,233500.0
2013-02-12,8.12,8.19,7.86,7.93,187700.0,0.0,1.0,8.12,8.19,7.86,7.93,187700.0
2013-02-11,8.38,8.39,7.97,8.13,211700.0,0.0,1.0,8.38,8.39,7.97,8.13,211700.0
2013-02-08,7.94,8.5,7.93,8.32,609500.0,0.0,1.0,7.94,8.5,7.93,8.32,609500.0
2013-02-07,7.95,8.14,7.83,7.9,213000.0,0.0,1.0,7.95,8.14,7.83,7.9,213000.0
2013-02-06,8.04,8.16,7.81,7.98,453500.0,0.0,1.0,8.04,8.16,7.81,7.98,453500.0
2013-02-05,7.65,8.14,7.5,8.06,325600.0,0.0,1.0,7.65,8.14,7.5,8.06,325600.0
2013-02-04,7.24,7.5,7.15,7.49,205000.0,0.0,1.0,7.24,7.5,7.15,7.49,205000.0
2013-02-01,7.17,7.47,7.06,7.34,272200.0,0.0,1.0,7.17,7.47,7.06,7.34,272200.0
2013-01-31,7.05,7.15,6.95,7.1,185600.0,0.0,1.0,7.05,7.15,6.95,7.1,185600.0
2013-01-30,6.85,7.17,6.8,7.08,487200.0,0.0,1.0,6.85,7.17,6.8,7.08,487200.0
2013-01-29,6.91,7.08,6.82,6.83,457300.0,0.0,1.0,6.91,7.08,6.82,6.83,457300.0
2013-01-28,6.95,7.06,6.87,6.88,332700.0,0.0,1.0,6.95,7.06,6.87,6.88,332700.0
2013-01-25,6.95,7.14,6.87,6.9,462400.0,0.0,1.0,6.95,7.14,6.87,6.9,462400.0
2013-01-24,7.07,7.15,6.86,6.88,585400.0,0.0,1.0,7.07,7.15,6.86,6.88,585400.0
2013-01-23,7.14,7.18,7.01,7.02,210200.0,0.0,1.0,7.14,7.18,7.01,7.02,210200.0
2013-01-22,7.01,7.22,7.0,7.14,263600.0,0.0,1.0,7.01,7.22,7.0,7.14,263600.0
2013-01-18,7.06,7.11,6.94,6.98,150000.0,0.0,1.0,7.06,7.11,6.94,6.98,150000.0
2013-01-17,7.19,7.19,7.05,7.08,219500.0,0.0,1.0,7.19,7.19,7.05,7.08,219500.0
2013-01-16,7.21,7.24,7.1,7.16,150200.0,0.0,1.0,7.21,7.24,7.1,7.16,150200.0
2013-01-15,7.28,7.3,7.13,7.25,191500.0,0.0,1.0,7.28,7.3,7.13,7.25,191500.0
2013-01-14,7.2,7.41,7.13,7.35,386300.0,0.0,1.0,7.2,7.41,7.13,7.35,386300.0
2013-01-11,7.43,7.45,7.1,7.2,122600.0,0.0,1.0,7.43,7.45,7.1,7.2,122600.0
2013-01-10,7.44,7.59,7.28,7.4,224600.0,0.0,1.0,7.44,7.59,7.28,7.4,224600.0
2013-01-09,7.6,7.6,7.4,7.43,174600.0,0.0,1.0,7.6,7.6,7.4,7.43,174600.0
2013-01-08,7.37,7.63,7.36,7.58,342300.0,0.0,1.0,7.37,7.63,7.36,7.58,342300.0
2013-01-07,7.59,7.59,7.37,7.42,304600.0,0.0,1.0,7.59,7.59,7.37,7.42,304600.0
2013-01-04,7.26,7.7,7.24,7.59,485400.0,0.0,1.0,7.26,7.7,7.24,7.59,485400.0
2013-01-03,7.15,7.33,7.1,7.19,205500.0,0.0,1.0,7.15,7.33,7.1,7.19,205500.0
2013-01-02,7.02,7.24,7.02,7.18,445000.0,0.0,1.0,7.02,7.24,7.02,7.18,445000.0
2012-12-31,6.74,6.9,6.65,6.89,339100.0,0.0,1.0,6.74,6.9,6.65,6.89,339100.0
2012-12-28,6.93,7.0,6.77,6.79,148500.0,0.0,1.0,6.93,7.0,6.77,6.79,148500.0
2012-12-27,7.0,7.12,6.88,6.98,195400.0,0.0,1.0,7.0,7.12,6.88,6.98,195400.0
2012-12-26,7.29,7.3,6.86,6.96,291300.0,0.0,1.0,7.29,7.3,6.86,6.96,291300.0
2012-12-24,7.28,7.43,7.17,7.26,144200.0,0.0,1.0,7.28,7.43,7.17,7.26,144200.0
2012-12-21,7.24,7.3,7.12,7.23,470000.0,0.0,1.0,7.24,7.3,7.12,7.23,470000.0
2012-12-20,7.16,7.25,7.05,7.25,242800.0,0.0,1.0,7.16,7.25,7.05,7.25,242800.0
2012-12-19,7.25,7.31,7.11,7.19,291400.0,0.0,1.0,7.25,7.31,7.11,7.19,291400.0
2012-12-18,7.39,7.39,7.08,7.23,250700.0,0.0,1.0,7.39,7.39,7.08,7.23,250700.0
2012-12-17,7.35,7.4,7.05,7.37,311000.0,0.0,1.0,7.35,7.4,7.05,7.37,311000.0
2012-12-14,7.09,7.41,7.01,7.38,383200.0,0.0,1.0,7.09,7.41,7.01,7.38,383200.0
2012-12-13,7.37,7.43,7.07,7.15,206700.0,0.0,1.0,7.37,7.43,7.07,7.15,206700.0
2012-12-12,7.13,7.4,7.04,7.39,409500.0,0.0,1.0,7.13,7.4,7.04,7.39,409500.0
2012-12-11,7.25,7.38,7.0,7.13,439800.0,0.0,1.0,7.25,7.38,7.0,7.13,439800.0
2012-12-10,7.19,7.25,7.13,7.17,340500.0,0.0,1.0,7.19,7.25,7.13,7.17,340500.0
2012-12-07,7.25,7.25,7.07,7.21,467200.0,0.0,1.0,7.25,7.25,7.07,7.21,467200.0
2012-12-06,7.23,7.29,7.08,7.17,449200.0,0.0,1.0,7.23,7.29,7.08,7.17,449200.0
2012-12-05,7.25,7.32,7.05,7.26,871000.0,0.0,1.0,7.25,7.32,7.05,7.26,871000.0
2012-12-04,7.17,7.44,7.06,7.24,639200.0,0.0,1.0,7.17,7.44,7.06,7.24,639200.0
2012-12-03,6.99,7.04,6.89,6.97,432600.0,0.0,1.0,6.99,7.04,6.89,6.97,432600.0
2012-11-30,6.42,6.9,6.29,6.87,2900300.0,0.0,1.0,6.42,6.9,6.29,6.87,2900300.0
2012-11-29,6.28,6.53,6.28,6.42,297600.0,0.0,1.0,6.28,6.53,6.28,6.42,297600.0
2012-11-28,6.12,6.2,5.89,6.18,268700.0,0.0,1.0,6.12,6.2,5.89,6.18,268700.0
2012-11-27,6.27,6.46,6.12,6.16,391500.0,0.0,1.0,6.27,6.46,6.12,6.16,391500.0
2012-11-26,6.27,6.33,6.08,6.27,307800.0,0.0,1.0,6.27,6.33,6.08,6.27,307800.0
2012-11-23,6.2,6.28,6.14,6.26,164200.0,0.0,1.0,6.2,6.28,6.14,6.26,164200.0
2012-11-21,5.88,6.23,5.81,6.14,505700.0,0.0,1.0,5.88,6.23,5.81,6.14,505700.0
2012-11-20,5.54,5.89,5.25,5.86,500600.0,0.0,1.0,5.54,5.89,5.25,5.86,500600.0
2012-11-19,5.48,5.72,5.3,5.54,754600.0,0.0,1.0,5.48,5.72,5.3,5.54,754600.0
2012-11-16,5.12,5.38,5.07,5.31,295000.0,0.0,1.0,5.12,5.38,5.07,5.31,295000.0
2012-11-15,5.01,5.28,4.9,5.13,747000.0,0.0,1.0,5.01,5.28,4.9,5.13,747000.0
2012-11-14,5.5,5.5,4.71,5.0,778300.0,0.0,1.0,5.5,5.5,4.71,5.0,778300.0
2012-11-13,5.31,5.56,5.25,5.52,1122900.0,0.0,1.0,5.31,5.56,5.25,5.52,1122900.0
2012-11-12,5.29,5.35,5.25,5.3,331300.0,0.0,1.0,5.29,5.35,5.25,5.3,331300.0
2012-11-09,5.57,5.6,5.25,5.3,516900.0,0.0,1.0,5.57,5.6,5.25,5.3,516900.0
2012-11-08,5.66,5.98,5.47,5.66,652000.0,0.0,1.0,5.66,5.98,5.47,5.66,652000.0
2012-11-07,5.63,5.71,5.1,5.36,877200.0,0.0,1.0,5.63,5.71,5.1,5.36,877200.0
2012-11-06,5.74,5.8,5.63,5.67,640600.0,0.0,1.0,5.74,5.8,5.63,5.67,640600.0
2012-11-05,5.7,5.78,5.62,5.69,610100.0,0.0,1.0,5.7,5.78,5.62,5.69,610100.0
2012-11-02,6.23,6.25,5.66,5.68,660600.0,0.0,1.0,6.23,6.25,5.66,5.68,660600.0
2012-11-01,6.2,6.22,6.11,6.17,634000.0,0.0,1.0,6.2,6.22,6.11,6.17,634000.0
2012-10-31,6.18,6.21,6.04,6.17,168400.0,0.0,1.0,6.18,6.21,6.04,6.17,168400.0
2012-10-26,6.33,6.35,6.0,6.14,670600.0,0.0,1.0,6.33,6.35,6.0,6.14,670600.0
2012-10-25,6.5,6.5,6.28,6.34,198400.0,0.0,1.0,6.5,6.5,6.28,6.34,198400.0
2012-10-24,6.73,6.73,6.45,6.48,314000.0,0.0,1.0,6.73,6.73,6.45,6.48,314000.0
2012-10-23,6.8,6.82,6.65,6.7,165900.0,0.0,1.0,6.8,6.82,6.65,6.7,165900.0
2012-10-22,7.29,7.29,6.86,6.89,256800.0,0.0,1.0,7.29,7.29,6.86,6.89,256800.0
2012-10-19,7.47,7.6,7.29,7.31,150000.0,0.0,1.0,7.47,7.6,7.29,7.31,150000.0
2012-10-18,7.43,7.59,7.43,7.49,394300.0,0.0,1.0,7.43,7.59,7.43,7.49,394300.0
2012-10-17,7.54,7.7,7.43,7.43,336100.0,0.0,1.0,7.54,7.7,7.43,7.43,336100.0
2012-10-16,7.63,7.67,7.46,7.49,422300.0,0.0,1.0,7.63,7.67,7.46,7.49,422300.0
2012-10-15,7.6,7.68,7.54,7.59,488800.0,0.0,1.0,7.6,7.68,7.54,7.59,488800.0
2012-10-12,7.64,7.76,7.53,7.61,375600.0,0.0,1.0,7.64,7.76,7.53,7.61,375600.0
2012-10-11,7.95,7.99,7.47,7.64,664300.0,0.0,1.0,7.95,7.99,7.47,7.64,664300.0
2012-10-10,7.89,8.04,7.8,7.9,225200.0,0.0,1.0,7.89,8.04,7.8,7.9,225200.0
2012-10-09,8.12,8.17,7.81,7.91,372200.0,0.0,1.0,8.12,8.17,7.81,7.91,372200.0
2012-10-08,8.39,8.44,8.04,8.13,139400.0,0.0,1.0,8.39,8.44,8.04,8.13,139400.0
2012-10-05,8.54,8.64,8.41,8.45,191300.0,0.0,1.0,8.54,8.64,8.41,8.45,191300.0
2012-10-04,8.77,8.85,8.46,8.46,226200.0,0.0,1.0,8.77,8.85,8.46,8.46,226200.0
2012-10-03,8.71,9.15,8.71,8.73,560600.0,0.0,1.0,8.71,9.15,8.71,8.73,560600.0
2012-10-02,8.84,8.86,8.59,8.59,313600.0,0.0,1.0,8.84,8.86,8.59,8.59,313600.0
2012-10-01,8.71,8.84,8.67,8.78,194400.0,0.0,1.0,8.71,8.84,8.67,8.78,194400.0
2012-09-28,8.61,8.72,8.41,8.65,176100.0,0.0,1.0,8.61,8.72,8.41,8.65,176100.0
2012-09-27,8.15,8.66,8.11,8.65,406500.0,0.0,1.0,8.15,8.66,8.11,8.65,406500.0
2012-09-26,8.56,8.63,8.03,8.08,295900.0,0.0,1.0,8.56,8.63,8.03,8.08,295900.0
2012-09-25,8.6,8.75,8.5,8.58,229700.0,0.0,1.0,8.6,8.75,8.5,8.58,229700.0
2012-09-24,8.9,8.93,8.41,8.55,354100.0,0.0,1.0,8.9,8.93,8.41,8.55,354100.0
2012-09-21,8.78,9.01,8.72,8.87,288500.0,0.0,1.0,8.78,9.01,8.72,8.87,288500.0
2012-09-20,8.4,8.78,8.34,8.74,227600.0,0.0,1.0,8.4,8.78,8.34,8.74,227600.0
2012-09-19,8.38,8.62,8.35,8.49,268300.0,0.0,1.0,8.38,8.62,8.35,8.49,268300.0
2012-09-18,8.6,8.6,8.21,8.34,184500.0,0.0,1.0,8.6,8.6,8.21,8.34,184500.0
2012-09-17,9.13,9.13,8.55,8.73,368900.0,0.0,1.0,9.13,9.13,8.55,8.73,368900.0
2012-09-14,8.59,9.23,8.56,9.13,493200.0,0.0,1.0,8.59,9.23,8.56,9.13,493200.0
2012-09-13,8.48,8.76,8.37,8.5,275400.0,0.0,1.0,8.48,8.76,8.37,8.5,275400.0
2012-09-12,8.42,8.49,8.36,8.49,217400.0,0.0,1.0,8.42,8.49,8.36,8.49,217400.0
2012-09-11,8.01,8.37,8.0,8.37,233400.0,0.0,1.0,8.01,8.37,8.0,8.37,233400.0
2012-09-10,7.6,8.1,7.6,8.0,224300.0,0.0,1.0,7.6,8.1,7.6,8.0,224300.0
2012-09-07,7.76,7.84,7.55,7.56,302500.0,0.0,1.0,7.76,7.84,7.55,7.56,302500.0
2012-09-06,7.78,7.89,7.67,7.71,151000.0,0.0,1.0,7.78,7.89,7.67,7.71,151000.0
2012-09-05,7.9,7.94,7.68,7.7,226200.0,0.0,1.0,7.9,7.94,7.68,7.7,226200.0
2012-09-04,8.15,8.15,7.76,7.87,167200.0,0.0,1.0,8.15,8.15,7.76,7.87,167200.0
2012-08-31,8.22,8.24,8.03,8.15,117200.0,0.0,1.0,8.22,8.24,8.03,8.15,117200.0
2012-08-30,8.05,8.25,8.05,8.15,109900.0,0.0,1.0,8.05,8.25,8.05,8.15,109900.0
2012-08-29,8.13,8.19,7.96,8.01,124300.0,0.0,1.0,8.13,8.19,7.96,8.01,124300.0
2012-08-28,8.15,8.2,8.06,8.13,123600.0,0.0,1.0,8.15,8.2,8.06,8.13,123600.0
2012-08-27,8.31,8.37,8.08,8.16,135200.0,0.0,1.0,8.31,8.37,8.08,8.16,135200.0
2012-08-24,8.31,8.39,8.17,8.19,181900.0,0.0,1.0,8.31,8.39,8.17,8.19,181900.0
2012-08-23,8.14,8.32,8.02,8.21,356300.0,0.0,1.0,8.14,8.32,8.02,8.21,356300.0
2012-08-22,8.04,8.09,7.82,7.99,402800.0,0.0,1.0,8.04,8.09,7.82,7.99,402800.0
2012-08-21,8.25,8.32,7.94,8.01,524800.0,0.0,1.0,8.25,8.32,7.94,8.01,524800.0
2012-08-20,7.95,8.24,7.94,8.0,948200.0,0.0,1.0,7.95,8.24,7.94,8.0,948200.0
2012-08-17,7.57,8.07,7.57,7.9,659700.0,0.0,1.0,7.57,8.07,7.57,7.9,659700.0
2012-08-16,7.51,7.67,7.41,7.55,640900.0,0.0,1.0,7.51,7.67,7.41,7.55,640900.0
2012-08-15,7.34,7.54,7.3,7.5,149300.0,0.0,1.0,7.34,7.54,7.3,7.5,149300.0
2012-08-14,7.88,7.91,7.3,7.34,185200.0,0.0,1.0,7.88,7.91,7.3,7.34,185200.0
2012-08-13,8.02,8.56,7.78,7.82,249300.0,0.0,1.0,8.02,8.56,7.78,7.82,249300.0
2012-08-10,7.95,8.0,7.81,8.0,88300.0,0.0,1.0,7.95,8.0,7.81,8.0,88300.0
2012-08-09,8.0,8.03,7.94,7.99,79800.0,0.0,1.0,8.0,8.03,7.94,7.99,79800.0
2012-08-08,7.94,8.07,7.94,8.0,468700.0,0.0,1.0,7.94,8.07,7.94,8.0,468700.0
2012-08-07,8.13,8.16,7.94,7.98,161400.0,0.0,1.0,8.13,8.16,7.94,7.98,161400.0
2012-08-06,7.88,8.13,7.88,8.05,134800.0,0.0,1.0,7.88,8.13,7.88,8.05,134800.0
2012-08-03,8.01,8.22,7.71,7.86,1726000.0,0.0,1.0,8.01,8.22,7.71,7.86,1726000.0
2012-08-02,8.04,8.13,7.63,7.81,625700.0,0.0,1.0,8.04,8.13,7.63,7.81,625700.0
2012-08-01,8.53,8.59,8.05,8.13,240300.0,0.0,1.0,8.53,8.59,8.05,8.13,240300.0
2012-07-31,8.65,8.69,8.5,8.52,73800.0,0.0,1.0,8.65,8.69,8.5,8.52,73800.0
2012-07-30,8.94,8.97,8.64,8.69,51100.0,0.0,1.0,8.94,8.97,8.64,8.69,51100.0
2012-07-27,8.95,9.06,8.6,8.93,330800.0,0.0,1.0,8.95,9.06,8.6,8.93,330800.0
2012-07-26,9.35,9.38,8.76,8.92,99000.0,0.0,1.0,9.35,9.38,8.76,8.92,99000.0
2012-07-25,9.5,9.55,9.17,9.17,85000.0,0.0,1.0,9.5,9.55,9.17,9.17,85000.0
2012-07-24,9.93,10.36,9.3,9.41,143500.0,0.0,1.0,9.93,10.36,9.3,9.41,143500.0
2012-07-23,9.88,10.03,9.82,9.87,89700.0,0.0,1.0,9.88,10.03,9.82,9.87,89700.0
2012-07-20,10.26,10.42,10.05,10.07,131500.0,0.0,1.0,10.26,10.42,10.05,10.07,131500.0
2012-07-19,10.74,10.85,10.34,10.35,54200.0,0.0,1.0,10.74,10.85,10.34,10.35,54200.0
2012-07-18,10.5,10.9,10.5,10.73,81200.0,0.0,1.0,10.5,10.9,10.5,10.73,81200.0
2012-07-17,10.63,10.81,10.32,10.59,141400.0,0.0,1.0,10.63,10.81,10.32,10.59,141400.0
2012-07-16,10.8,10.8,10.14,10.56,152400.0,0.0,1.0,10.8,10.8,10.14,10.56,152400.0
2012-07-13,10.26,10.85,10.25,10.84,123300.0,0.0,1.0,10.26,10.85,10.25,10.84,123300.0
2012-07-12,10.16,10.27,9.92,10.23,128700.0,0.0,1.0,10.16,10.27,9.92,10.23,128700.0
2012-07-11,10.52,10.53,10.1,10.27,165400.0,0.0,1.0,10.52,10.53,10.1,10.27,165400.0
2012-07-10,11.03,11.11,10.52,10.54,75900.0,0.0,1.0,11.03,11.11,10.52,10.54,75900.0
2012-07-09,10.3,11.02,10.21,10.97,110200.0,0.0,1.0,10.3,11.02,10.21,10.97,110200.0
2012-07-06,10.32,10.41,10.04,10.35,250000.0,0.0,1.0,10.32,10.41,10.04,10.35,250000.0
2012-07-05,10.3,10.52,10.25,10.46,220500.0,0.0,1.0,10.3,10.52,10.25,10.46,220500.0
2012-07-03,9.98,10.35,9.97,10.35,183200.0,0.0,1.0,9.98,10.35,9.97,10.35,183200.0
2012-07-02,9.72,9.95,9.58,9.95,88100.0,0.0,1.0,9.72,9.95,9.58,9.95,88100.0
2012-06-29,9.77,9.83,9.66,9.71,297900.0,0.0,1.0,9.77,9.83,9.66,9.71,297900.0
2012-06-28,9.62,9.62,9.27,9.51,361700.0,0.0,1.0,9.62,9.62,9.27,9.51,361700.0
2012-06-27,9.75,9.95,9.56,9.75,839100.0,0.0,1.0,9.75,9.95,9.56,9.75,839100.0
2012-06-26,10.24,10.26,9.45,9.73,450400.0,0.0,1.0,10.24,10.26,9.45,9.73,450400.0
2012-06-25,10.53,10.53,10.03,10.17,185100.0,0.0,1.0,10.53,10.53,10.03,10.17,185100.0
2012-06-22,11.12,11.26,10.49,10.7,3000300.0,0.0,1.0,11.12,11.26,10.49,10.7,3000300.0
2012-06-21,11.22,11.25,10.75,10.98,475100.0,0.0,1.0,11.22,11.25,10.75,10.98,475100.0
2012-06-20,11.66,11.66,10.9,11.2,221600.0,0.0,1.0,11.66,11.66,10.9,11.2,221600.0
2012-06-19,11.75,11.84,11.39,11.65,170300.0,0.0,1.0,11.75,11.84,11.39,11.65,170300.0
2012-06-18,11.89,11.89,11.43,11.65,232800.0,0.0,1.0,11.89,11.89,11.43,11.65,232800.0
2012-06-15,10.99,12.13,10.99,11.98,527900.0,0.0,1.0,10.99,12.13,10.99,11.98,527900.0
2012-06-14,10.88,11.57,10.72,10.94,734400.0,0.0,1.0,10.88,11.57,10.72,10.94,734400.0
2012-06-13,11.7,11.93,10.22,10.79,1716700.0,0.0,1.0,11.7,11.93,10.22,10.79,1716700.0
2012-06-12,12.63,12.88,12.25,12.44,126500.0,0.0,1.0,12.63,12.88,12.25,12.44,126500.0
2012-06-11,13.86,14.11,12.53,12.64,272100.0,0.0,1.0,13.86,14.11,12.53,12.64,272100.0
2012-06-08,13.46,13.81,12.94,13.5,215400.0,0.0,1.0,13.46,13.81,12.94,13.5,215400.0
2012-06-07,12.75,13.97,12.65,13.53,303600.0,0.0,1.0,12.75,13.97,12.65,13.53,303600.0
2012-06-06,12.47,12.71,12.23,12.61,304700.0,0.0,1.0,12.47,12.71,12.23,12.61,304700.0
2012-06-05,11.88,12.4,11.79,12.35,396700.0,0.0,1.0,11.88,12.4,11.79,12.35,396700.0
2012-06-04,13.04,13.04,11.91,11.95,1052600.0,0.0,1.0,13.04,13.04,11.91,11.95,1052600.0
2012-06-01,13.89,13.89,13.04,13.04,294600.0,0.0,1.0,13.89,13.89,13.04,13.04,294600.0
2012-05-31,14.4,15.1,14.0,14.34,938600.0,0.0,1.0,14.4,15.1,14.0,14.34,938600.0
2012-05-30,15.3,15.38,14.85,15.23,128100.0,0.0,1.0,15.3,15.38,14.85,15.23,128100.0
2012-05-29,14.81,15.91,14.81,15.49,222800.0,0.0,1.0,14.81,15.91,14.81,15.49,222800.0
2012-05-25,14.62,14.62,14.35,14.62,158000.0,0.0,1.0,14.62,14.62,14.35,14.62,158000.0
2012-05-24,14.74,14.74,14.26,14.62,117800.0,0.0,1.0,14.74,14.74,14.26,14.62,117800.0
2012-05-23,14.52,14.79,14.21,14.77,162000.0,0.0,1.0,14.52,14.79,14.21,14.77,162000.0
2012-05-22,15.01,15.01,14.65,14.74,219500.0,0.0,1.0,15.01,15.01,14.65,14.74,219500.0
2012-05-21,14.43,15.02,13.7,15.0,423600.0,0.0,1.0,14.43,15.02,13.7,15.0,423600.0
2012-05-18,14.56,14.56,14.1,14.25,471300.0,0.0,1.0,14.56,14.56,14.1,14.25,471300.0
2012-05-17,14.67,14.75,14.41,14.47,186100.0,0.0,1.0,14.67,14.75,14.41,14.47,186100.0
2012-05-16,14.83,15.15,14.36,14.68,147000.0,0.0,1.0,14.83,15.15,14.36,14.68,147000.0
2012-05-15,15.0,15.97,14.5,14.72,161000.0,0.0,1.0,15.0,15.97,14.5,14.72,161000.0
2012-05-14,15.64,15.66,14.92,14.92,180000.0,0.0,1.0,15.64,15.66,14.92,14.92,180000.0
2012-05-11,14.56,16.13,14.56,15.78,258000.0,0.0,1.0,14.56,16.13,14.56,15.78,258000.0
2012-05-10,14.32,14.86,14.32,14.67,200400.0,0.0,1.0,14.32,14.86,14.32,14.67,200400.0
2012-05-09,14.09,14.21,14.0,14.15,112300.0,0.0,1.0,14.09,14.21,14.0,14.15,112300.0
2012-05-08,14.72,15.0,14.0,14.2,194500.0,0.0,1.0,14.72,15.0,14.0,14.2,194500.0
2012-05-07,14.59,14.59,14.03,14.22,245000.0,0.0,1.0,14.59,14.59,14.03,14.22,245000.0
2012-05-04,14.26,15.06,14.08,14.46,432500.0,0.0,1.0,14.26,15.06,14.08,14.46,432500.0
2012-05-03,14.97,14.97,14.14,14.55,268000.0,0.0,1.0,14.97,14.97,14.14,14.55,268000.0
2012-05-02,16.07,16.11,15.1,15.13,201100.0,0.0,1.0,16.07,16.11,15.1,15.13,201100.0
2012-05-01,16.18,16.25,16.0,16.08,152000.0,0.0,1.0,16.18,16.25,16.0,16.08,152000.0
2012-04-30,16.17,16.95,16.0,16.32,362100.0,0.0,1.0,16.17,16.95,16.0,16.32,362100.0
2012-04-27,15.96,16.81,15.77,16.35,491800.0,0.0,1.0,15.96,16.81,15.77,16.35,491800.0
2012-04-26,15.6,15.9,15.4,15.82,341100.0,0.0,1.0,15.6,15.9,15.4,15.82,341100.0
2012-04-25,15.46,15.74,15.26,15.34,356300.0,0.0,1.0,15.46,15.74,15.26,15.34,356300.0
2012-04-24,15.6,15.8,15.2,15.42,305800.0,0.0,1.0,15.6,15.8,15.2,15.42,305800.0
2012-04-23,14.8,15.6,14.44,15.6,1005000.0,0.0,1.0,14.8,15.6,14.44,15.6,1005000.0
2012-04-20,13.25,15.21,13.25,15.0,7742100.0,0.0,1.0,13.25,15.21,13.25,15.0,7742100.0
