2014-10-27,21.01,21.03,20.665,20.75,977267.0,0.0,1.0,21.01,21.03,20.665,20.75,977267.0
2014-10-24,21.16,21.25,20.92,21.17,766520.0,0.0,1.0,21.16,21.25,20.92,21.17,766520.0
2014-10-23,21.23,21.37,20.96,21.27,1079779.0,0.0,1.0,21.23,21.37,20.96,21.27,1079779.0
2014-10-22,21.11,21.22,20.84,20.96,1518874.0,0.0,1.0,21.11,21.22,20.84,20.96,1518874.0
2014-10-21,20.32,21.02,20.27,21.01,1807882.0,0.0,1.0,20.32,21.02,20.27,21.01,1807882.0
2014-10-20,20.07,20.17,19.66,20.17,1745936.0,0.0,1.0,20.07,20.17,19.66,20.17,1745936.0
2014-10-17,19.775,20.48,19.6,20.01,3503798.0,0.0,1.0,19.775,20.48,19.6,20.01,3503798.0
2014-10-16,19.23,19.48,19.07,19.4,3136350.0,0.0,1.0,19.23,19.48,19.07,19.4,3136350.0
2014-10-15,19.59,19.79,18.69,19.57,2727664.0,0.0,1.0,19.59,19.79,18.69,19.57,2727664.0
2014-10-14,21.03,21.16,19.68,19.88,3198647.0,0.0,1.0,21.03,21.16,19.68,19.88,3198647.0
2014-10-13,21.57,21.8,20.93,20.98,2092122.0,0.0,1.0,21.57,21.8,20.93,20.98,2092122.0
2014-10-10,21.9,22.11,21.43,21.61,1097906.0,0.0,1.0,21.9,22.11,21.43,21.61,1097906.0
2014-10-09,22.65,22.78,21.965,22.11,1393142.0,0.0,1.0,22.65,22.78,21.965,22.11,1393142.0
2014-10-08,22.54,22.88,22.17,22.87,945458.0,0.0,1.0,22.54,22.88,22.17,22.87,945458.0
2014-10-07,22.76,23.13,22.69,22.73,1045316.0,0.0,1.0,22.76,23.13,22.69,22.73,1045316.0
2014-10-06,22.68,23.23,22.57,22.9,1140576.0,0.0,1.0,22.68,23.23,22.57,22.9,1140576.0
2014-10-03,22.95,22.985,22.48,22.54,1180350.0,0.0,1.0,22.95,22.985,22.48,22.54,1180350.0
2014-10-02,22.6,22.82,22.21,22.72,1305719.0,0.0,1.0,22.6,22.82,22.21,22.72,1305719.0
2014-10-01,23.28,23.35,22.54,22.57,1898933.0,0.0,1.0,23.28,23.35,22.54,22.57,1898933.0
2014-09-30,23.74,23.74,23.28,23.32,896165.0,0.0,1.0,23.74,23.74,23.28,23.32,896165.0
2014-09-29,23.41,23.75,23.38,23.67,1062436.0,0.0,1.0,23.41,23.75,23.38,23.67,1062436.0
2014-09-26,23.23,23.515,23.18,23.49,1392246.0,0.0,1.0,23.23,23.515,23.18,23.49,1392246.0
2014-09-25,23.84,23.91,23.14,23.33,1605442.0,0.0,1.0,23.84,23.91,23.14,23.33,1605442.0
2014-09-24,24.17,24.47,23.84,23.9,1374157.0,0.0,1.0,24.17,24.47,23.84,23.9,1374157.0
2014-09-23,24.29,24.55,24.22,24.36,660257.0,0.0,1.0,24.29,24.55,24.22,24.36,660257.0
2014-09-22,25.0,25.09,24.395,24.44,927589.0,0.0,1.0,25.0,25.09,24.395,24.44,927589.0
2014-09-19,25.34,25.44,25.05,25.11,996027.0,0.0,1.0,25.34,25.44,25.05,25.11,996027.0
2014-09-18,25.13,25.44,25.12,25.44,811627.0,0.0,1.0,25.13,25.44,25.12,25.44,811627.0
2014-09-17,24.85,25.11,24.84,25.09,884589.0,0.0,1.0,24.85,25.11,24.84,25.09,884589.0
2014-09-16,24.88,25.09,24.79,24.96,1043100.0,0.0,1.0,24.88,25.09,24.79,24.96,1043100.0
2014-09-15,24.87,24.97,24.78,24.91,618091.0,0.0,1.0,24.87,24.97,24.78,24.91,618091.0
2014-09-12,24.7,25.06,24.59,24.93,1559817.0,0.0,1.0,24.7,25.06,24.59,24.93,1559817.0
2014-09-11,24.3,24.93,24.22,24.76,1998451.0,0.0,1.0,24.3,24.93,24.22,24.76,1998451.0
2014-09-10,24.17,24.34,23.91,24.32,894093.0,0.0,1.0,24.17,24.34,23.91,24.32,894093.0
2014-09-09,24.39,24.44,23.96,24.07,1465915.0,0.0,1.0,24.39,24.44,23.96,24.07,1465915.0
2014-09-08,24.38,24.5,24.24,24.42,2270995.0,0.0,1.0,24.38,24.5,24.24,24.42,2270995.0
2014-09-05,24.54,24.6,24.44,24.52,1095969.0,0.0,1.0,24.54,24.6,24.44,24.52,1095969.0
2014-09-04,25.03,25.15,24.58,24.61,515615.0,0.0,1.0,25.03,25.15,24.58,24.61,515615.0
2014-09-03,24.85,25.03,24.84,24.97,757475.0,0.0,1.0,24.85,25.03,24.84,24.97,757475.0
2014-09-02,24.93,25.0,24.54,24.78,1485861.0,0.0,1.0,24.93,25.0,24.54,24.78,1485861.0
2014-08-29,24.57,24.85,24.46,24.82,773309.0,0.0,1.0,24.57,24.85,24.46,24.82,773309.0
2014-08-28,24.77,24.78,24.48,24.65,484427.0,0.0,1.0,24.77,24.78,24.48,24.65,484427.0
2014-08-27,24.94,25.0,24.76,24.79,481558.0,0.0,1.0,24.94,25.0,24.76,24.79,481558.0
2014-08-26,25.04,25.15,24.9,24.97,634663.0,0.0,1.0,25.04,25.15,24.9,24.97,634663.0
2014-08-25,24.91,24.99,24.81,24.95,539241.0,0.0,1.0,24.91,24.99,24.81,24.95,539241.0
2014-08-22,25.01,25.13,24.82,24.82,1451689.0,0.0,1.0,25.01,25.13,24.82,24.82,1451689.0
2014-08-21,25.02,25.19,24.83,25.0,1321226.0,0.0,1.0,25.02,25.19,24.83,25.0,1321226.0
2014-08-20,25.01,25.05,24.8,24.92,1288994.0,0.0,1.0,25.01,25.05,24.8,24.92,1288994.0
2014-08-19,24.8,24.89,24.11,24.87,886955.0,0.0,1.0,24.8,24.89,24.11,24.87,886955.0
2014-08-18,25.02,25.16,24.6,24.76,775390.0,0.0,1.0,25.02,25.16,24.6,24.76,775390.0
2014-08-15,24.95,25.0,24.59,24.89,642561.0,0.0,1.0,24.95,25.0,24.59,24.89,642561.0
2014-08-14,25.075,25.22,24.84,24.89,329718.0,0.0,1.0,25.075,25.22,24.84,24.89,329718.0
2014-08-13,25.02,25.09,24.7,25.02,731235.0,0.0,1.0,25.02,25.09,24.7,25.02,731235.0
2014-08-12,24.97,25.12,24.78,24.83,489813.0,0.0,1.0,24.97,25.12,24.78,24.83,489813.0
2014-08-11,25.27,25.294,24.87,24.95,560148.0,0.0,1.0,25.27,25.294,24.87,24.95,560148.0
2014-08-08,24.93,25.24,24.87,25.21,459905.0,0.0,1.0,24.93,25.24,24.87,25.21,459905.0
2014-08-07,25.02,25.13,24.85,25.01,1246962.0,0.0,1.0,25.02,25.13,24.85,25.01,1246962.0
2014-08-06,24.75,25.07,24.63,24.8,1417119.0,0.0,1.0,24.75,25.07,24.63,24.8,1417119.0
2014-08-05,25.11,25.21,24.55,24.73,991501.0,0.0,1.0,25.11,25.21,24.55,24.73,991501.0
2014-08-04,25.63,25.71,24.82,25.24,1572547.0,0.0,1.0,25.63,25.71,24.82,25.24,1572547.0
2014-08-01,25.14,26.17,24.9,25.68,1992227.0,0.0,1.0,25.14,26.17,24.9,25.68,1992227.0
2014-07-31,26.98,27.23,26.71,26.83,1348626.0,0.0,1.0,26.98,27.23,26.71,26.83,1348626.0
2014-07-30,27.6,27.62,27.16,27.31,1052391.0,0.0,1.0,27.6,27.62,27.16,27.31,1052391.0
2014-07-29,27.63,27.91,27.5,27.5,900287.0,0.0,1.0,27.63,27.91,27.5,27.5,900287.0
2014-07-28,27.99,28.0,27.66,27.8,985555.0,0.0,1.0,27.99,28.0,27.66,27.8,985555.0
2014-07-25,27.9,28.55,27.73,27.97,1135429.0,0.0,1.0,27.9,28.55,27.73,27.97,1135429.0
2014-07-24,27.69,28.13,27.65,27.99,1440720.0,0.0,1.0,27.69,28.13,27.65,27.99,1440720.0
2014-07-23,27.55,27.88,27.46,27.66,744171.0,0.0,1.0,27.55,27.88,27.46,27.66,744171.0
2014-07-22,27.49,27.84,27.34,27.59,492540.0,0.0,1.0,27.49,27.84,27.34,27.59,492540.0
2014-07-21,27.16,27.35,27.15,27.23,805126.0,0.0,1.0,27.16,27.35,27.15,27.23,805126.0
2014-07-18,27.02,27.35,26.97,27.2,858440.0,0.0,1.0,27.02,27.35,26.97,27.2,858440.0
2014-07-17,27.5,27.71,27.02,27.04,792375.0,0.0,1.0,27.5,27.71,27.02,27.04,792375.0
2014-07-16,27.5,27.8,27.48,27.6,624362.0,0.0,1.0,27.5,27.8,27.48,27.6,624362.0
2014-07-15,27.41,27.64,27.22,27.42,785743.0,0.0,1.0,27.41,27.64,27.22,27.42,785743.0
2014-07-14,27.58,27.74,27.4,27.46,603803.0,0.0,1.0,27.58,27.74,27.4,27.46,603803.0
2014-07-11,27.64,27.65,27.3,27.48,626751.0,0.0,1.0,27.64,27.65,27.3,27.48,626751.0
2014-07-10,28.01,28.08,27.63,27.66,2082145.0,0.0,1.0,28.01,28.08,27.63,27.66,2082145.0
2014-07-09,27.75,27.78,27.39,27.76,1163639.0,0.0,1.0,27.75,27.78,27.39,27.76,1163639.0
2014-07-08,27.58,27.875,27.5501,27.65,881849.0,0.0,1.0,27.58,27.875,27.5501,27.65,881849.0
2014-07-07,27.96,28.08,27.76,27.81,741335.0,0.0,1.0,27.96,28.08,27.76,27.81,741335.0
2014-07-03,28.16,28.24,27.995,28.1,1067820.0,0.0,1.0,28.16,28.24,27.995,28.1,1067820.0
2014-07-02,28.17,28.28,27.9,27.98,736593.0,0.0,1.0,28.17,28.28,27.9,27.98,736593.0
2014-07-01,28.39,28.51,28.22,28.23,583525.0,0.0,1.0,28.39,28.51,28.22,28.23,583525.0
2014-06-30,28.16,28.42,28.09,28.29,1322695.0,0.0,1.0,28.16,28.42,28.09,28.29,1322695.0
2014-06-27,28.02,28.29,27.915,28.06,2090517.0,0.0,1.0,28.02,28.29,27.915,28.06,2090517.0
2014-06-26,28.2,28.36,27.965,28.09,1578982.0,0.0,1.0,28.2,28.36,27.965,28.09,1578982.0
2014-06-25,28.36,28.56,28.135,28.3,668291.0,0.0,1.0,28.36,28.56,28.135,28.3,668291.0
2014-06-24,28.71,28.87,28.37,28.4,931079.0,0.0,1.0,28.71,28.87,28.37,28.4,931079.0
2014-06-23,28.83,29.07,28.76,28.83,1675194.0,0.0,1.0,28.83,29.07,28.76,28.83,1675194.0
2014-06-20,28.74,28.93,28.62,28.72,884161.0,0.0,1.0,28.74,28.93,28.62,28.72,884161.0
2014-06-19,28.45,28.68,28.42,28.62,1003519.0,0.0,1.0,28.45,28.68,28.42,28.62,1003519.0
2014-06-18,28.37,28.59,28.22,28.51,719303.0,0.0,1.0,28.37,28.59,28.22,28.51,719303.0
2014-06-17,28.3,28.69,28.25,28.43,761880.0,0.0,1.0,28.3,28.69,28.25,28.43,761880.0
2014-06-16,28.64,28.73,28.37,28.38,1073077.0,0.0,1.0,28.64,28.73,28.37,28.38,1073077.0
2014-06-13,28.81,28.83,28.52,28.72,553966.0,0.0,1.0,28.81,28.83,28.52,28.72,553966.0
2014-06-12,28.95,29.08,28.75,28.8,868031.0,0.0,1.0,28.95,29.08,28.75,28.8,868031.0
2014-06-11,29.03,29.12,28.75,28.93,680363.0,0.0,1.0,29.03,29.12,28.75,28.93,680363.0
2014-06-10,28.95,29.335,28.78,29.2,688849.0,0.0,1.0,28.95,29.335,28.78,29.2,688849.0
2014-06-09,29.18,29.32,28.85,29.07,1516124.0,0.0,1.0,29.18,29.32,28.85,29.07,1516124.0
2014-06-06,28.93,29.21,28.93,29.2,1742875.0,0.0,1.0,28.93,29.21,28.93,29.2,1742875.0
2014-06-05,28.81,29.04,28.76,28.92,1284851.0,0.0,1.0,28.81,29.04,28.76,28.92,1284851.0
2014-06-04,28.64,28.72,28.44,28.7,1079877.0,0.0,1.0,28.64,28.72,28.44,28.7,1079877.0
2014-06-03,28.79,28.92,28.73,28.76,591790.0,0.0,1.0,28.79,28.92,28.73,28.76,591790.0
2014-06-02,28.9,28.92,28.53,28.79,772219.0,0.0,1.0,28.9,28.92,28.53,28.79,772219.0
2014-05-29,28.71,28.95,28.65,28.89,930055.0,0.0,1.0,28.71,28.95,28.65,28.89,930055.0
2014-05-28,28.48,28.76,28.37,28.55,690529.0,0.0,1.0,28.48,28.76,28.37,28.55,690529.0
2014-05-27,28.8,29.01,28.63,28.65,619091.0,0.0,1.0,28.8,29.01,28.63,28.65,619091.0
2014-05-23,28.76,29.06,28.63,28.66,518914.0,0.0,1.0,28.76,29.06,28.63,28.66,518914.0
2014-05-22,28.81,28.84,28.56,28.72,718068.0,0.0,1.0,28.81,28.84,28.56,28.72,718068.0
2014-05-21,28.77,29.2,28.72,28.86,939857.0,0.0,1.0,28.77,29.2,28.72,28.86,939857.0
2014-05-20,28.79,28.94,28.4,28.7,1615274.0,0.0,1.0,28.79,28.94,28.4,28.7,1615274.0
2014-05-19,28.37,28.79,28.29,28.77,393018.0,0.0,1.0,28.37,28.79,28.29,28.77,393018.0
2014-05-16,28.07,28.48,27.8,28.39,662332.0,0.0,1.0,28.07,28.48,27.8,28.39,662332.0
2014-05-15,28.19,28.28,27.78,28.1,810910.0,0.0,1.0,28.19,28.28,27.78,28.1,810910.0
2014-05-14,28.52,28.75,28.25,28.39,1258926.0,0.0,1.0,28.52,28.75,28.25,28.39,1258926.0
2014-05-13,28.75,28.87,28.49,28.55,1725409.0,0.0,1.0,28.75,28.87,28.49,28.55,1725409.0
2014-05-12,28.8,29.15,28.79,28.86,802815.0,0.0,1.0,28.8,29.15,28.79,28.86,802815.0
2014-05-08,29.2,29.49,28.95,29.0,752671.0,0.0,1.0,29.2,29.49,28.95,29.0,752671.0
2014-05-07,29.07,29.28,28.81,29.26,1126484.0,0.0,1.0,29.07,29.28,28.81,29.26,1126484.0
2014-05-06,28.99,29.13,28.755,28.91,1684643.0,0.0,1.0,28.99,29.13,28.755,28.91,1684643.0
2014-05-05,29.33,29.49,28.98,29.04,1471251.0,0.0,1.0,29.33,29.49,28.98,29.04,1471251.0
2014-05-02,28.52,29.46,28.27,29.12,3380754.0,0.0,1.0,28.52,29.46,28.27,29.12,3380754.0
2014-05-01,29.28,29.665,28.8,29.15,2671314.0,0.0,1.0,29.28,29.665,28.8,29.15,2671314.0
2014-04-30,29.34,29.61,29.11,29.19,2669765.0,0.0,1.0,29.34,29.61,29.11,29.19,2669765.0
2014-04-29,29.06,29.39,28.9,29.04,1094905.0,0.0,1.0,29.06,29.39,28.9,29.04,1094905.0
2014-04-28,29.02,29.15,28.68,28.95,1498854.0,0.0,1.0,29.02,29.15,28.68,28.95,1498854.0
2014-04-25,28.7,29.06,28.57,28.99,869595.0,0.0,1.0,28.7,29.06,28.57,28.99,869595.0
2014-04-24,29.02,29.27,28.67,28.9,957488.0,0.0,1.0,29.02,29.27,28.67,28.9,957488.0
2014-04-23,29.01,29.125,28.82,28.99,823551.0,0.0,1.0,29.01,29.125,28.82,28.99,823551.0
2014-04-22,28.64,29.01,28.38,28.8,1390236.0,0.0,1.0,28.64,29.01,28.38,28.8,1390236.0
2014-04-21,28.0,28.73,27.9,28.64,1376351.0,0.0,1.0,28.0,28.73,27.9,28.64,1376351.0
2014-04-17,27.89,28.19,27.74,28.01,528184.0,0.0,1.0,27.89,28.19,27.74,28.01,528184.0
2014-04-16,27.7,27.96,27.63,27.8,985293.0,0.0,1.0,27.7,27.96,27.63,27.8,985293.0
2014-04-15,27.19,27.69,27.1,27.6,819654.0,0.0,1.0,27.19,27.69,27.1,27.6,819654.0
2014-04-14,27.25,27.45,26.91,27.19,675800.0,0.0,1.0,27.25,27.45,26.91,27.19,675800.0
2014-04-11,26.97,27.39,26.9,27.1,1086500.0,0.0,1.0,26.97,27.39,26.9,27.1,1086500.0
2014-04-10,27.44,27.71,26.95,27.15,1119400.0,0.0,1.0,27.44,27.71,26.95,27.15,1119400.0
2014-04-09,26.69,27.46,26.65,27.42,1451100.0,0.0,1.0,26.69,27.46,26.65,27.42,1451100.0
2014-04-08,26.28,26.74,26.19,26.55,816100.0,0.0,1.0,26.28,26.74,26.19,26.55,816100.0
2014-04-07,26.56,26.6,26.17,26.29,592100.0,0.0,1.0,26.56,26.6,26.17,26.29,592100.0
2014-04-04,27.05,27.23,26.59,26.63,1908100.0,0.0,1.0,27.05,27.23,26.59,26.63,1908100.0
2014-04-03,27.06,27.23,26.86,27.04,2025900.0,0.0,1.0,27.06,27.23,26.86,27.04,2025900.0
2014-04-02,27.17,27.3,27.03,27.03,1249100.0,0.0,1.0,27.17,27.3,27.03,27.03,1249100.0
2014-04-01,27.01,27.18,26.95,27.11,1015800.0,0.0,1.0,27.01,27.18,26.95,27.11,1015800.0
2014-03-31,26.82,27.05,26.65,26.96,663800.0,0.0,1.0,26.82,27.05,26.65,26.96,663800.0
2014-03-28,26.42,26.92,26.25,26.63,941000.0,0.0,1.0,26.42,26.92,26.25,26.63,941000.0
2014-03-27,25.92,26.71,25.6,26.45,1271100.0,0.0,1.0,25.92,26.71,25.6,26.45,1271100.0
2014-03-26,26.23,26.3,25.91,25.98,709300.0,0.0,1.0,26.23,26.3,25.91,25.98,709300.0
2014-03-25,26.1,26.32,25.9,26.04,1001400.0,0.0,1.0,26.1,26.32,25.9,26.04,1001400.0
2014-03-24,26.01,26.04,25.81,25.89,666100.0,0.0,1.0,26.01,26.04,25.81,25.89,666100.0
2014-03-21,25.84,26.17,25.77,25.82,1189100.0,0.0,1.0,25.84,26.17,25.77,25.82,1189100.0
2014-03-20,25.78,25.9,25.53,25.83,505300.0,0.0,1.0,25.78,25.9,25.53,25.83,505300.0
2014-03-19,26.15,26.2,25.8,25.81,405800.0,0.0,1.0,26.15,26.2,25.8,25.81,405800.0
2014-03-18,26.0,26.17,25.84,26.11,445400.0,0.0,1.0,26.0,26.17,25.84,26.11,445400.0
2014-03-17,25.77,26.05,25.6,26.0,596300.0,0.0,1.0,25.77,26.05,25.6,26.0,596300.0
2014-03-14,25.55,25.73,25.42,25.6,783600.0,0.0,1.0,25.55,25.73,25.42,25.6,783600.0
2014-03-13,26.1,26.17,25.45,25.58,876900.0,0.0,1.0,26.1,26.17,25.45,25.58,876900.0
2014-03-12,25.92,26.44,25.85,26.05,975500.0,0.0,1.0,25.92,26.44,25.85,26.05,975500.0
2014-03-11,26.6,26.94,25.88,26.03,1287600.0,0.0,1.0,26.6,26.94,25.88,26.03,1287600.0
2014-03-10,26.26,26.65,26.19,26.6,1023900.0,0.0,1.0,26.26,26.65,26.19,26.6,1023900.0
2014-03-07,26.42,26.53,26.21,26.36,688200.0,0.0,1.0,26.42,26.53,26.21,26.36,688200.0
2014-03-06,25.8,26.41,25.77,26.31,575800.0,0.0,1.0,25.8,26.41,25.77,26.31,575800.0
2014-03-05,26.13,26.13,25.69,25.81,456800.0,0.0,1.0,26.13,26.13,25.69,25.81,456800.0
2014-03-04,25.98,26.13,25.79,26.11,718000.0,0.0,1.0,25.98,26.13,25.79,26.11,718000.0
2014-03-03,25.5,25.93,25.4,25.77,483300.0,0.0,1.0,25.5,25.93,25.4,25.77,483300.0
2014-02-28,25.98,26.17,25.64,25.72,1105000.0,0.0,1.0,25.98,26.17,25.64,25.72,1105000.0
2014-02-27,25.26,25.66,24.8,25.65,728600.0,0.0,1.0,25.26,25.66,24.8,25.65,728600.0
2014-02-26,24.77,25.65,24.77,25.31,1122700.0,0.0,1.0,24.77,25.65,24.77,25.31,1122700.0
2014-02-25,25.49,25.59,24.86,24.91,1208100.0,0.0,1.0,25.49,25.59,24.86,24.91,1208100.0
2014-02-24,24.99,25.97,24.9,25.68,2001900.0,0.0,1.0,24.99,25.97,24.9,25.68,2001900.0
2014-02-21,26.3,26.4,24.73,25.01,5671500.0,0.0,1.0,26.3,26.4,24.73,25.01,5671500.0
2014-02-20,28.97,29.7,28.94,29.56,1296700.0,0.0,1.0,28.97,29.7,28.94,29.56,1296700.0
2014-02-19,29.03,29.22,28.88,28.98,509100.0,0.0,1.0,29.03,29.22,28.88,28.98,509100.0
2014-02-18,29.4,29.51,28.97,29.26,597600.0,0.0,1.0,29.4,29.51,28.97,29.26,597600.0
2014-02-14,29.06,29.43,28.91,29.3,438400.0,0.0,1.0,29.06,29.43,28.91,29.3,438400.0
2014-02-13,28.36,29.2,28.17,29.08,1029200.0,0.0,1.0,28.36,29.2,28.17,29.08,1029200.0
2014-02-12,28.34,28.67,28.21,28.44,456100.0,0.0,1.0,28.34,28.67,28.21,28.44,456100.0
2014-02-11,27.79,28.56,27.67,28.35,642700.0,0.0,1.0,27.79,28.56,27.67,28.35,642700.0
2014-02-10,28.17,28.25,27.67,27.89,671000.0,0.0,1.0,28.17,28.25,27.67,27.89,671000.0
2014-02-07,28.23,28.49,27.89,28.08,687500.0,0.0,1.0,28.23,28.49,27.89,28.08,687500.0
2014-02-06,27.54,28.45,27.42,28.12,1006500.0,0.0,1.0,27.54,28.45,27.42,28.12,1006500.0
2014-02-05,27.7,27.8,27.25,27.5,945400.0,0.0,1.0,27.7,27.8,27.25,27.5,945400.0
2014-02-04,27.32,27.65,27.23,27.61,637000.0,0.0,1.0,27.32,27.65,27.23,27.61,637000.0
2014-02-03,28.02,28.06,27.0,27.26,970500.0,0.0,1.0,28.02,28.06,27.0,27.26,970500.0
2014-01-31,27.84,28.39,27.53,27.92,1319400.0,0.0,1.0,27.84,28.39,27.53,27.92,1319400.0
2014-01-30,28.54,28.88,28.09,28.11,856200.0,0.0,1.0,28.54,28.88,28.09,28.11,856200.0
2014-01-29,28.16,28.51,28.04,28.35,1053400.0,0.0,1.0,28.16,28.51,28.04,28.35,1053400.0
2014-01-28,28.64,28.64,28.27,28.49,646100.0,0.0,1.0,28.64,28.64,28.27,28.49,646100.0
2014-01-27,28.94,29.0,28.44,28.7,1018500.0,0.0,1.0,28.94,29.0,28.44,28.7,1018500.0
2014-01-24,29.89,29.89,28.83,28.87,1257100.0,0.0,1.0,29.89,29.89,28.83,28.87,1257100.0
2014-01-23,30.4,30.47,29.92,30.04,707400.0,0.0,1.0,30.4,30.47,29.92,30.04,707400.0
2014-01-22,30.13,30.53,30.03,30.36,883800.0,0.0,1.0,30.13,30.53,30.03,30.36,883800.0
2014-01-21,30.42,30.67,30.06,30.09,1464700.0,0.0,1.0,30.42,30.67,30.06,30.09,1464700.0
2014-01-17,30.95,31.09,30.35,30.46,1167200.0,0.0,1.0,30.95,31.09,30.35,30.46,1167200.0
2014-01-16,29.12,31.14,29.0,30.97,2625800.0,0.0,1.0,29.12,31.14,29.0,30.97,2625800.0
2014-01-15,31.43,31.8,31.19,31.5,1027900.0,0.0,1.0,31.43,31.8,31.19,31.5,1027900.0
2014-01-14,31.11,31.36,31.03,31.28,786400.0,0.0,1.0,31.11,31.36,31.03,31.28,786400.0
2014-01-13,31.62,31.67,31.01,31.07,656700.0,0.0,1.0,31.62,31.67,31.01,31.07,656700.0
2014-01-10,31.07,31.84,31.07,31.69,796200.0,0.0,1.0,31.07,31.84,31.07,31.69,796200.0
2014-01-09,31.35,31.57,31.27,31.34,687700.0,0.0,1.0,31.35,31.57,31.27,31.34,687700.0
2014-01-08,31.38,31.46,31.26,31.34,558100.0,0.0,1.0,31.38,31.46,31.26,31.34,558100.0
2014-01-07,31.54,31.64,31.15,31.38,823200.0,0.0,1.0,31.54,31.64,31.15,31.38,823200.0
2014-01-06,31.87,31.98,31.15,31.53,1113600.0,0.0,1.0,31.87,31.98,31.15,31.53,1113600.0
2014-01-03,31.62,31.95,31.46,31.77,952800.0,0.0,1.0,31.62,31.95,31.46,31.77,952800.0
2014-01-02,32.1,32.1,31.4,31.43,1220100.0,0.0,1.0,32.1,32.1,31.4,31.43,1220100.0
2013-12-31,32.17,32.47,32.17,32.26,417200.0,0.0,1.0,32.17,32.47,32.17,32.26,417200.0
2013-12-30,31.75,32.19,31.73,32.11,521100.0,0.0,1.0,31.75,32.19,31.73,32.11,521100.0
2013-12-27,31.6,31.87,31.6,31.72,382000.0,0.0,1.0,31.6,31.87,31.6,31.72,382000.0
2013-12-26,31.85,32.0,31.45,31.69,451900.0,0.0,1.0,31.85,32.0,31.45,31.69,451900.0
2013-12-24,31.53,31.93,31.53,31.76,523200.0,0.0,1.0,31.53,31.93,31.53,31.76,523200.0
2013-12-23,31.77,31.94,31.47,31.51,1268100.0,0.0,1.0,31.77,31.94,31.47,31.51,1268100.0
2013-12-20,31.47,31.75,31.37,31.61,1877000.0,0.0,1.0,31.47,31.75,31.37,31.61,1877000.0
2013-12-19,32.5,32.6,31.89,31.9,1175200.0,0.0,1.0,32.5,32.6,31.89,31.9,1175200.0
2013-12-18,32.24,32.7,32.04,32.49,1007500.0,0.0,1.0,32.24,32.7,32.04,32.49,1007500.0
2013-12-17,32.53,32.53,31.97,32.15,1175700.0,0.0,1.0,32.53,32.53,31.97,32.15,1175700.0
2013-12-16,32.18,32.46,31.93,32.36,1312600.0,0.0,1.0,32.18,32.46,31.93,32.36,1312600.0
2013-12-13,32.09,32.34,31.77,32.14,802200.0,0.0,1.0,32.09,32.34,31.77,32.14,802200.0
2013-12-12,31.84,32.16,31.58,32.07,878500.0,0.0,1.0,31.84,32.16,31.58,32.07,878500.0
2013-12-11,31.85,31.92,31.48,31.85,1182300.0,0.0,1.0,31.85,31.92,31.48,31.85,1182300.0
2013-12-10,31.5,31.97,31.43,31.79,872700.0,0.0,1.0,31.5,31.97,31.43,31.79,872700.0
2013-12-09,32.1,32.1,31.34,31.34,1046500.0,0.0,1.0,32.1,32.1,31.34,31.34,1046500.0
2013-12-06,31.98,32.26,31.61,32.06,714500.0,0.0,1.0,31.98,32.26,31.61,32.06,714500.0
2013-12-05,31.63,32.2,31.63,31.75,944500.0,0.0,1.0,31.63,32.2,31.63,31.75,944500.0
2013-12-04,31.65,31.81,31.21,31.66,794900.0,0.0,1.0,31.65,31.81,31.21,31.66,794900.0
2013-12-03,31.49,32.39,31.45,31.64,1460100.0,0.0,1.0,31.49,32.39,31.45,31.64,1460100.0
2013-12-02,30.54,31.69,30.35,31.61,1231000.0,0.0,1.0,30.54,31.69,30.35,31.61,1231000.0
2013-11-29,30.75,31.04,30.49,30.59,317000.0,0.0,1.0,30.75,31.04,30.49,30.59,317000.0
2013-11-27,31.04,31.04,30.43,30.76,488000.0,0.0,1.0,31.04,31.04,30.43,30.76,488000.0
2013-11-26,30.93,31.06,30.7,30.84,1143100.0,0.0,1.0,30.93,31.06,30.7,30.84,1143100.0
2013-11-25,31.0,31.17,30.38,31.01,989900.0,0.0,1.0,31.0,31.17,30.38,31.01,989900.0
2013-11-22,30.87,31.12,30.74,31.06,853800.0,0.0,1.0,30.87,31.12,30.74,31.06,853800.0
2013-11-21,30.35,30.92,30.26,30.84,638800.0,0.0,1.0,30.35,30.92,30.26,30.84,638800.0
2013-11-20,30.21,30.96,30.0,30.25,833100.0,0.0,1.0,30.21,30.96,30.0,30.25,833100.0
2013-11-19,30.38,30.39,30.0,30.22,485700.0,0.0,1.0,30.38,30.39,30.0,30.22,485700.0
2013-11-18,30.75,30.94,30.13,30.34,661800.0,0.0,1.0,30.75,30.94,30.13,30.34,661800.0
2013-11-15,31.04,31.04,30.46,30.8,679400.0,0.0,1.0,31.04,31.04,30.46,30.8,679400.0
2013-11-14,30.4,31.12,30.35,30.94,732300.0,0.0,1.0,30.4,31.12,30.35,30.94,732300.0
2013-11-13,30.77,30.87,30.21,30.37,1060100.0,0.0,1.0,30.77,30.87,30.21,30.37,1060100.0
2013-11-12,31.04,31.13,30.69,30.88,694300.0,0.0,1.0,31.04,31.13,30.69,30.88,694300.0
2013-11-11,31.01,31.47,30.92,31.07,826000.0,0.0,1.0,31.01,31.47,30.92,31.07,826000.0
2013-11-08,30.56,31.52,30.31,31.04,2238200.0,0.0,1.0,30.56,31.52,30.31,31.04,2238200.0
2013-11-07,29.45,30.73,28.97,30.42,6942500.0,0.0,1.0,29.45,30.73,28.97,30.42,6942500.0
2013-11-06,31.0,31.28,30.4,30.59,735800.0,0.0,1.0,31.0,31.28,30.4,30.59,735800.0
2013-11-05,30.25,31.0,30.13,30.97,1291900.0,0.0,1.0,30.25,31.0,30.13,30.97,1291900.0
2013-11-04,29.85,30.36,29.65,30.25,2454700.0,0.0,1.0,29.85,30.36,29.65,30.25,2454700.0
2013-11-01,28.39,30.64,27.81,29.5,4310700.0,0.0,1.0,28.39,30.64,27.81,29.5,4310700.0
2013-10-31,28.16,28.43,27.79,27.95,2055900.0,0.0,1.0,28.16,28.43,27.79,27.95,2055900.0
2013-10-30,28.1,28.43,28.1,28.17,1231100.0,0.0,1.0,28.1,28.43,28.1,28.17,1231100.0
2013-10-29,28.26,28.48,28.05,28.14,830800.0,0.0,1.0,28.26,28.48,28.05,28.14,830800.0
2013-10-28,28.72,28.73,28.18,28.19,847000.0,0.0,1.0,28.72,28.73,28.18,28.19,847000.0
2013-10-25,28.75,29.02,28.28,28.72,861600.0,0.0,1.0,28.75,29.02,28.28,28.72,861600.0
2013-10-24,29.03,29.09,28.55,28.79,1256300.0,0.0,1.0,29.03,29.09,28.55,28.79,1256300.0
2013-10-23,29.12,29.13,28.63,28.97,536900.0,0.0,1.0,29.12,29.13,28.63,28.97,536900.0
2013-10-22,28.61,29.43,28.61,29.3,830100.0,0.0,1.0,28.61,29.43,28.61,29.3,830100.0
2013-10-21,29.09,29.95,28.4,28.62,1398700.0,0.0,1.0,29.09,29.95,28.4,28.62,1398700.0
2013-10-18,28.8,29.16,28.68,29.06,736500.0,0.0,1.0,28.8,29.16,28.68,29.06,736500.0
2013-10-17,28.27,28.67,28.22,28.35,630100.0,0.0,1.0,28.27,28.67,28.22,28.35,630100.0
2013-10-16,28.0,28.38,27.91,28.28,318700.0,0.0,1.0,28.0,28.38,27.91,28.28,318700.0
2013-10-15,27.64,28.0,27.4,27.88,427000.0,0.0,1.0,27.64,28.0,27.4,27.88,427000.0
2013-10-14,27.44,27.65,27.33,27.59,239100.0,0.0,1.0,27.44,27.65,27.33,27.59,239100.0
2013-10-11,27.26,27.61,27.14,27.58,336900.0,0.0,1.0,27.26,27.61,27.14,27.58,336900.0
2013-10-10,26.95,27.45,26.76,27.3,234000.0,0.0,1.0,26.95,27.45,26.76,27.3,234000.0
2013-10-09,26.9,26.91,26.51,26.75,524300.0,0.0,1.0,26.9,26.91,26.51,26.75,524300.0
2013-10-08,27.06,27.08,26.67,26.8,529600.0,0.0,1.0,27.06,27.08,26.67,26.8,529600.0
2013-10-07,27.52,27.6,27.04,27.04,595700.0,0.0,1.0,27.52,27.6,27.04,27.04,595700.0
2013-10-04,27.45,27.74,27.45,27.66,411100.0,0.0,1.0,27.45,27.74,27.45,27.66,411100.0
2013-10-03,27.26,27.51,27.1,27.38,748000.0,0.0,1.0,27.26,27.51,27.1,27.38,748000.0
2013-10-02,27.49,27.65,27.11,27.25,1247400.0,0.0,1.0,27.49,27.65,27.11,27.25,1247400.0
2013-10-01,26.85,28.11,26.85,27.33,1849900.0,0.0,1.0,26.85,28.11,26.85,27.33,1849900.0
2013-09-30,26.83,26.9,26.32,26.8,766800.0,0.0,1.0,26.83,26.9,26.32,26.8,766800.0
2013-09-27,26.65,27.12,26.65,27.0,748800.0,0.0,1.0,26.65,27.12,26.65,27.0,748800.0
2013-09-26,26.52,26.83,26.47,26.8,470900.0,0.0,1.0,26.52,26.83,26.47,26.8,470900.0
2013-09-25,26.55,26.68,26.33,26.52,821300.0,0.0,1.0,26.55,26.68,26.33,26.52,821300.0
2013-09-24,26.47,26.74,26.3,26.55,433400.0,0.0,1.0,26.47,26.74,26.3,26.55,433400.0
2013-09-23,26.38,26.56,26.01,26.5,735500.0,0.0,1.0,26.38,26.56,26.01,26.5,735500.0
2013-09-20,26.45,26.76,26.16,26.5,1249400.0,0.0,1.0,26.45,26.76,26.16,26.5,1249400.0
2013-09-19,26.58,26.75,26.19,26.39,975000.0,0.0,1.0,26.58,26.75,26.19,26.39,975000.0
2013-09-18,26.44,26.75,26.37,26.55,641700.0,0.0,1.0,26.44,26.75,26.37,26.55,641700.0
2013-09-17,26.72,26.75,26.41,26.44,599400.0,0.0,1.0,26.72,26.75,26.41,26.44,599400.0
2013-09-16,27.0,27.0,26.4,26.64,677100.0,0.0,1.0,27.0,27.0,26.4,26.64,677100.0
2013-09-13,27.35,27.35,26.65,26.68,525600.0,0.0,1.0,27.35,27.35,26.65,26.68,525600.0
2013-09-12,27.09,27.1,26.82,26.86,237800.0,0.0,1.0,27.09,27.1,26.82,26.86,237800.0
2013-09-11,27.15,27.23,26.96,27.15,382200.0,0.0,1.0,27.15,27.23,26.96,27.15,382200.0
2013-09-10,26.84,27.17,26.58,27.16,370900.0,0.0,1.0,26.84,27.17,26.58,27.16,370900.0
2013-09-09,26.35,26.84,26.28,26.62,415600.0,0.0,1.0,26.35,26.84,26.28,26.62,415600.0
2013-09-06,26.01,26.46,25.85,26.34,609800.0,0.0,1.0,26.01,26.46,25.85,26.34,609800.0
2013-09-05,26.06,26.3,25.81,26.01,746300.0,0.0,1.0,26.06,26.3,25.81,26.01,746300.0
2013-09-04,26.46,26.74,26.09,26.11,877800.0,0.0,1.0,26.46,26.74,26.09,26.11,877800.0
2013-09-03,26.5,26.68,26.2,26.57,884400.0,0.0,1.0,26.5,26.68,26.2,26.57,884400.0
2013-08-30,26.39,26.45,26.09,26.25,640300.0,0.0,1.0,26.39,26.45,26.09,26.25,640300.0
2013-08-29,25.59,26.44,25.59,26.4,720000.0,0.0,1.0,25.59,26.44,25.59,26.4,720000.0
2013-08-28,25.42,25.79,25.27,25.68,582500.0,0.0,1.0,25.42,25.79,25.27,25.68,582500.0
2013-08-27,25.12,25.64,24.96,25.4,1012600.0,0.0,1.0,25.12,25.64,24.96,25.4,1012600.0
2013-08-26,25.99,26.03,25.35,25.39,669500.0,0.0,1.0,25.99,26.03,25.35,25.39,669500.0
2013-08-23,25.6,25.95,25.46,25.91,522400.0,0.0,1.0,25.6,25.95,25.46,25.91,522400.0
2013-08-22,25.5,25.77,25.44,25.64,785500.0,0.0,1.0,25.5,25.77,25.44,25.64,785500.0
2013-08-21,25.95,25.95,25.38,25.45,878700.0,0.0,1.0,25.95,25.95,25.38,25.45,878700.0
2013-08-20,25.55,26.07,25.3,26.0,803300.0,0.0,1.0,25.55,26.07,25.3,26.0,803300.0
2013-08-19,25.55,25.57,25.16,25.45,1035000.0,0.0,1.0,25.55,25.57,25.16,25.45,1035000.0
2013-08-16,25.26,26.2,25.26,25.63,1279200.0,0.0,1.0,25.26,26.2,25.26,25.63,1279200.0
2013-08-15,24.6,25.17,24.58,25.13,1045100.0,0.0,1.0,24.6,25.17,24.58,25.13,1045100.0
2013-08-14,24.32,25.03,24.19,24.68,1033200.0,0.0,1.0,24.32,25.03,24.19,24.68,1033200.0
2013-08-13,24.23,24.5,24.17,24.33,703200.0,0.0,1.0,24.23,24.5,24.17,24.33,703200.0
2013-08-12,24.01,24.37,24.01,24.27,439600.0,0.0,1.0,24.01,24.37,24.01,24.27,439600.0
2013-08-09,24.07,24.31,23.95,24.22,874700.0,0.0,1.0,24.07,24.31,23.95,24.22,874700.0
2013-08-08,24.14,24.25,23.95,24.16,1032200.0,0.0,1.0,24.14,24.25,23.95,24.16,1032200.0
2013-08-07,24.46,24.68,24.05,24.07,2648400.0,0.0,1.0,24.46,24.68,24.05,24.07,2648400.0
2013-08-06,24.73,24.95,24.44,24.59,1626900.0,0.0,1.0,24.73,24.95,24.44,24.59,1626900.0
2013-08-05,23.97,25.12,23.97,24.75,2248600.0,0.0,1.0,23.97,25.12,23.97,24.75,2248600.0
2013-08-02,24.9,25.26,23.15,24.17,7545400.0,0.0,1.0,24.9,25.26,23.15,24.17,7545400.0
2013-08-01,27.01,27.63,27.01,27.15,1081400.0,0.0,1.0,27.01,27.63,27.01,27.15,1081400.0
2013-07-31,27.0,27.12,26.63,26.82,970900.0,0.0,1.0,27.0,27.12,26.63,26.82,970900.0
2013-07-30,26.89,27.37,26.31,26.99,1339300.0,0.0,1.0,26.89,27.37,26.31,26.99,1339300.0
2013-07-29,27.14,27.36,26.67,26.74,125400.0,0.0,1.0,27.14,27.36,26.67,26.74,125400.0
2013-07-26,26.49,27.48,26.49,27.15,1320100.0,0.0,1.0,26.49,27.48,26.49,27.15,1320100.0
2013-07-25,27.28,27.32,26.19,26.64,3547400.0,0.0,1.0,27.28,27.32,26.19,26.64,3547400.0
2013-07-24,27.99,28.08,27.18,27.27,714200.0,0.0,1.0,27.99,28.08,27.18,27.27,714200.0
2013-07-23,28.03,28.15,27.71,27.87,928900.0,0.0,1.0,28.03,28.15,27.71,27.87,928900.0
2013-07-22,28.27,28.42,27.95,28.0,730200.0,0.0,1.0,28.27,28.42,27.95,28.0,730200.0
2013-07-19,28.55,28.83,28.19,28.33,799500.0,0.0,1.0,28.55,28.83,28.19,28.33,799500.0
2013-07-18,28.94,29.08,28.44,28.5,631300.0,0.0,1.0,28.94,29.08,28.44,28.5,631300.0
2013-07-17,28.86,29.11,28.57,28.97,496700.0,0.0,1.0,28.86,29.11,28.57,28.97,496700.0
2013-07-16,28.47,28.83,28.07,28.78,665800.0,0.0,1.0,28.47,28.83,28.07,28.78,665800.0
2013-07-15,28.54,28.7,28.34,28.54,332000.0,0.0,1.0,28.54,28.7,28.34,28.54,332000.0
2013-07-12,28.72,28.76,28.42,28.58,432600.0,0.0,1.0,28.72,28.76,28.42,28.58,432600.0
2013-07-11,28.95,28.95,28.55,28.76,446000.0,0.0,1.0,28.95,28.95,28.55,28.76,446000.0
2013-07-10,28.51,28.75,28.44,28.65,402600.0,0.0,1.0,28.51,28.75,28.44,28.65,402600.0
2013-07-09,28.69,28.9,28.31,28.62,686900.0,0.0,1.0,28.69,28.9,28.31,28.62,686900.0
2013-07-08,29.0,29.07,28.51,28.62,522700.0,0.0,1.0,29.0,29.07,28.51,28.62,522700.0
2013-07-05,28.75,28.96,28.5,28.95,427200.0,0.0,1.0,28.75,28.96,28.5,28.95,427200.0
2013-07-03,28.12,28.59,28.03,28.57,458400.0,0.0,1.0,28.12,28.59,28.03,28.57,458400.0
2013-07-02,28.14,28.63,28.05,28.31,784500.0,0.0,1.0,28.14,28.63,28.05,28.31,784500.0
2013-07-01,27.71,28.29,27.58,28.12,1210300.0,0.0,1.0,27.71,28.29,27.58,28.12,1210300.0
2013-06-28,28.27,28.35,27.56,27.62,3439600.0,0.0,1.0,28.27,28.35,27.56,27.62,3439600.0
2013-06-27,27.94,28.61,27.79,28.55,1065600.0,0.0,1.0,27.94,28.61,27.79,28.55,1065600.0
2013-06-26,27.98,28.24,27.87,27.92,988000.0,0.0,1.0,27.98,28.24,27.87,27.92,988000.0
2013-06-25,27.53,28.21,27.42,27.8,940200.0,0.0,1.0,27.53,28.21,27.42,27.8,940200.0
2013-06-24,27.25,27.69,26.79,27.32,1044800.0,0.0,1.0,27.25,27.69,26.79,27.32,1044800.0
2013-06-21,27.37,27.6,26.87,27.39,1739800.0,0.0,1.0,27.37,27.6,26.87,27.39,1739800.0
2013-06-20,27.27,27.4,26.51,27.25,937400.0,0.0,1.0,27.27,27.4,26.51,27.25,937400.0
2013-06-19,27.63,28.14,27.47,27.6,1288500.0,0.0,1.0,27.63,28.14,27.47,27.6,1288500.0
2013-06-18,27.09,27.94,26.97,27.68,1552900.0,0.0,1.0,27.09,27.94,26.97,27.68,1552900.0
2013-06-17,27.0,27.19,26.48,26.85,1448400.0,0.0,1.0,27.0,27.19,26.48,26.85,1448400.0
2013-06-14,27.12,27.16,26.69,26.95,835600.0,0.0,1.0,27.12,27.16,26.69,26.95,835600.0
2013-06-13,26.9,27.24,26.87,27.01,1102400.0,0.0,1.0,26.9,27.24,26.87,27.01,1102400.0
2013-06-12,27.4,27.43,26.76,26.96,1063800.0,0.0,1.0,27.4,27.43,26.76,26.96,1063800.0
2013-06-11,27.37,27.89,27.12,27.3,1282200.0,0.0,1.0,27.37,27.89,27.12,27.3,1282200.0
2013-06-10,27.35,27.38,26.93,27.28,895600.0,0.0,1.0,27.35,27.38,26.93,27.28,895600.0
2013-06-07,27.47,27.8,27.15,27.31,1205900.0,0.0,1.0,27.47,27.8,27.15,27.31,1205900.0
2013-06-06,26.86,27.34,26.8,27.34,1148900.0,0.0,1.0,26.86,27.34,26.8,27.34,1148900.0
2013-06-05,26.85,27.26,26.72,26.93,964800.0,0.0,1.0,26.85,27.26,26.72,26.93,964800.0
2013-06-04,28.15,28.15,26.78,26.93,1427700.0,0.0,1.0,28.15,28.15,26.78,26.93,1427700.0
2013-06-03,28.47,28.89,27.66,28.22,1701600.0,0.0,1.0,28.47,28.89,27.66,28.22,1701600.0
2013-05-31,27.4,28.5,26.85,28.39,3318900.0,0.0,1.0,27.4,28.5,26.85,28.39,3318900.0
2013-05-30,28.5,28.73,27.21,27.4,2533600.0,0.0,1.0,28.5,28.73,27.21,27.4,2533600.0
2013-05-29,32.33,32.64,27.82,28.51,3676800.0,0.0,1.0,32.33,32.64,27.82,28.51,3676800.0
2013-05-28,33.15,33.31,32.76,33.2,409100.0,0.0,1.0,33.15,33.31,32.76,33.2,409100.0
2013-05-24,32.82,33.0,32.53,32.74,288900.0,0.0,1.0,32.82,33.0,32.53,32.74,288900.0
2013-05-23,32.7,33.12,32.28,33.12,388300.0,0.0,1.0,32.7,33.12,32.28,33.12,388300.0
2013-05-22,33.66,33.91,32.87,33.1,442800.0,0.0,1.0,33.66,33.91,32.87,33.1,442800.0
2013-05-21,33.7,34.14,33.63,33.7,807100.0,0.0,1.0,33.7,34.14,33.63,33.7,807100.0
2013-05-20,33.14,33.82,32.94,33.68,672300.0,0.0,1.0,33.14,33.82,32.94,33.68,672300.0
2013-05-17,32.53,33.56,32.48,33.31,917900.0,0.0,1.0,32.53,33.56,32.48,33.31,917900.0
2013-05-16,32.41,32.69,32.35,32.53,647600.0,0.0,1.0,32.41,32.69,32.35,32.53,647600.0
2013-05-15,32.02,32.57,31.95,32.55,518700.0,0.0,1.0,32.02,32.57,31.95,32.55,518700.0
2013-05-14,31.31,32.18,31.25,32.11,1269900.0,0.0,1.0,31.31,32.18,31.25,32.11,1269900.0
2013-05-13,31.25,31.49,31.18,31.28,501300.0,0.0,1.0,31.25,31.49,31.18,31.28,501300.0
2013-05-10,31.58,31.74,30.99,31.29,686100.0,0.0,1.0,31.58,31.74,30.99,31.29,686100.0
2013-05-09,32.07,32.32,31.47,31.61,667300.0,0.0,1.0,32.07,32.32,31.47,31.61,667300.0
2013-05-08,31.81,32.07,31.56,32.07,481400.0,0.0,1.0,31.81,32.07,31.56,32.07,481400.0
2013-05-07,31.53,31.87,31.32,31.8,693900.0,0.0,1.0,31.53,31.87,31.32,31.8,693900.0
2013-05-06,30.97,31.58,30.62,31.39,953300.0,0.0,1.0,30.97,31.58,30.62,31.39,953300.0
2013-05-03,29.21,31.42,29.15,30.84,996500.0,0.0,1.0,29.21,31.42,29.15,30.84,996500.0
2013-05-02,28.86,29.18,28.22,28.7,903900.0,0.0,1.0,28.86,29.18,28.22,28.7,903900.0
2013-05-01,29.95,29.95,28.66,28.89,747600.0,0.0,1.0,29.95,29.95,28.66,28.89,747600.0
2013-04-30,29.95,30.15,29.71,29.95,509200.0,0.0,1.0,29.95,30.15,29.71,29.95,509200.0
2013-04-29,29.51,30.14,29.38,29.9,827500.0,0.0,1.0,29.51,30.14,29.38,29.9,827500.0
2013-04-26,29.96,30.0,29.12,29.28,808800.0,0.0,1.0,29.96,30.0,29.12,29.28,808800.0
2013-04-25,30.26,30.29,29.85,29.99,399400.0,0.0,1.0,30.26,30.29,29.85,29.99,399400.0
2013-04-24,29.86,30.48,29.78,30.1,371700.0,0.0,1.0,29.86,30.48,29.78,30.1,371700.0
2013-04-23,29.02,29.49,28.87,29.49,330700.0,0.0,1.0,29.02,29.49,28.87,29.49,330700.0
2013-04-22,28.96,29.09,28.65,28.82,367200.0,0.0,1.0,28.96,29.09,28.65,28.82,367200.0
2013-04-19,28.63,28.89,28.23,28.81,795100.0,0.0,1.0,28.63,28.89,28.23,28.81,795100.0
2013-04-18,28.72,28.95,28.22,28.43,757000.0,0.0,1.0,28.72,28.95,28.22,28.43,757000.0
2013-04-17,29.1,29.21,28.42,28.63,702500.0,0.0,1.0,29.1,29.21,28.42,28.63,702500.0
2013-04-16,29.54,29.74,28.93,29.32,811200.0,0.0,1.0,29.54,29.74,28.93,29.32,811200.0
2013-04-15,30.45,30.45,29.27,29.39,1067100.0,0.0,1.0,30.45,30.45,29.27,29.39,1067100.0
2013-04-12,30.81,31.3,30.13,30.65,752800.0,0.0,1.0,30.81,31.3,30.13,30.65,752800.0
2013-04-11,31.2,31.49,30.85,31.02,385500.0,0.0,1.0,31.2,31.49,30.85,31.02,385500.0
2013-04-10,30.8,31.4,30.45,31.15,642500.0,0.0,1.0,30.8,31.4,30.45,31.15,642500.0
2013-04-09,30.08,31.02,30.08,30.83,772100.0,0.0,1.0,30.08,31.02,30.08,30.83,772100.0
2013-04-08,30.04,30.45,29.99,30.12,532900.0,0.0,1.0,30.04,30.45,29.99,30.12,532900.0
2013-04-05,29.9,30.19,29.79,29.99,718200.0,0.0,1.0,29.9,30.19,29.79,29.99,718200.0
2013-04-04,30.56,30.65,29.71,30.35,705100.0,0.0,1.0,30.56,30.65,29.71,30.35,705100.0
2013-04-03,31.27,31.35,30.23,30.63,944800.0,0.0,1.0,31.27,31.35,30.23,30.63,944800.0
2013-04-02,31.67,32.01,31.19,31.39,370600.0,0.0,1.0,31.67,32.01,31.19,31.39,370600.0
2013-04-01,32.78,32.78,30.88,31.61,955500.0,0.0,1.0,32.78,32.78,30.88,31.61,955500.0
2013-03-28,32.61,33.11,32.45,32.93,358000.0,0.0,1.0,32.61,33.11,32.45,32.93,358000.0
2013-03-27,32.13,32.74,31.77,32.62,456200.0,0.0,1.0,32.13,32.74,31.77,32.62,456200.0
2013-03-26,31.79,32.27,31.66,32.18,703300.0,0.0,1.0,31.79,32.27,31.66,32.18,703300.0
2013-03-25,32.5,32.64,31.42,31.9,833300.0,0.0,1.0,32.5,32.64,31.42,31.9,833300.0
2013-03-22,32.05,32.57,31.43,32.51,1733200.0,0.0,1.0,32.05,32.57,31.43,32.51,1733200.0
2013-03-21,31.49,32.56,31.2,32.05,803800.0,0.0,1.0,31.49,32.56,31.2,32.05,803800.0
2013-03-20,30.62,31.64,30.41,31.57,537700.0,0.0,1.0,30.62,31.64,30.41,31.57,537700.0
2013-03-19,30.57,30.82,30.11,30.2,891500.0,0.0,1.0,30.57,30.82,30.11,30.2,891500.0
2013-03-18,30.28,30.83,30.08,30.51,468400.0,0.0,1.0,30.28,30.83,30.08,30.51,468400.0
2013-03-15,30.35,30.64,30.15,30.6,635800.0,0.0,1.0,30.35,30.64,30.15,30.6,635800.0
2013-03-14,30.02,30.53,29.91,30.5,862600.0,0.0,1.0,30.02,30.53,29.91,30.5,862600.0
2013-03-13,29.8,30.06,29.65,30.05,652000.0,0.0,1.0,29.8,30.06,29.65,30.05,652000.0
2013-03-12,30.54,30.54,29.5,29.73,779700.0,0.0,1.0,30.54,30.54,29.5,29.73,779700.0
2013-03-11,30.78,30.8,30.33,30.5,570200.0,0.0,1.0,30.78,30.8,30.33,30.5,570200.0
2013-03-08,29.93,30.8,29.75,30.7,1126400.0,0.0,1.0,29.93,30.8,29.75,30.7,1126400.0
2013-03-07,28.8,30.05,28.77,30.0,6458400.0,0.0,1.0,28.8,30.05,28.77,30.0,6458400.0
2013-03-06,30.4,30.5,29.14,29.35,1046400.0,0.0,1.0,30.4,30.5,29.14,29.35,1046400.0
2013-03-05,29.84,30.8,29.43,30.45,718800.0,0.0,1.0,29.84,30.8,29.43,30.45,718800.0
2013-03-04,30.49,31.31,29.85,30.3,816700.0,0.0,1.0,30.49,31.31,29.85,30.3,816700.0
2013-03-01,30.39,30.88,29.82,30.61,337400.0,0.0,1.0,30.39,30.88,29.82,30.61,337400.0
2013-02-28,30.89,31.25,30.63,30.72,507400.0,0.0,1.0,30.89,31.25,30.63,30.72,507400.0
2013-02-27,29.42,31.04,29.42,30.97,502300.0,0.0,1.0,29.42,31.04,29.42,30.97,502300.0
2013-02-26,29.27,29.59,29.0,29.48,321000.0,0.0,1.0,29.27,29.59,29.0,29.48,321000.0
2013-02-25,29.43,29.74,29.15,29.15,504900.0,0.0,1.0,29.43,29.74,29.15,29.15,504900.0
2013-02-22,30.0,30.98,27.3,29.53,3635400.0,0.0,1.0,30.0,30.98,27.3,29.53,3635400.0
2013-02-21,31.49,31.49,30.34,30.97,428100.0,0.0,1.0,31.49,31.49,30.34,30.97,428100.0
2013-02-20,31.9,32.04,31.42,31.42,662900.0,0.0,1.0,31.9,32.04,31.42,31.42,662900.0
2013-02-19,32.02,32.1,31.56,31.89,608700.0,0.0,1.0,32.02,32.1,31.56,31.89,608700.0
2013-02-15,31.84,32.16,31.57,32.02,566700.0,0.0,1.0,31.84,32.16,31.57,32.02,566700.0
2013-02-14,31.0,32.0,30.92,31.74,353700.0,0.0,1.0,31.0,32.0,30.92,31.74,353700.0
2013-02-13,30.5,31.01,30.49,31.0,351500.0,0.0,1.0,30.5,31.01,30.49,31.0,351500.0
2013-02-12,30.3,30.71,30.14,30.47,470800.0,0.0,1.0,30.3,30.71,30.14,30.47,470800.0
2013-02-11,30.13,30.88,30.03,30.29,331500.0,0.0,1.0,30.13,30.88,30.03,30.29,331500.0
2013-02-08,30.21,30.21,29.83,30.05,568900.0,0.0,1.0,30.21,30.21,29.83,30.05,568900.0
2013-02-07,30.22,30.27,30.04,30.1,927800.0,0.0,1.0,30.22,30.27,30.04,30.1,927800.0
2013-02-06,30.09,30.38,29.88,30.11,464000.0,0.0,1.0,30.09,30.38,29.88,30.11,464000.0
2013-02-05,30.5,30.5,29.91,30.15,377300.0,0.0,1.0,30.5,30.5,29.91,30.15,377300.0
2013-02-04,30.91,30.92,30.31,30.33,248000.0,0.0,1.0,30.91,30.92,30.31,30.33,248000.0
2013-02-01,30.88,31.48,30.65,31.07,585400.0,0.0,1.0,30.88,31.48,30.65,31.07,585400.0
2013-01-31,30.51,30.77,30.27,30.73,236900.0,0.0,1.0,30.51,30.77,30.27,30.73,236900.0
2013-01-30,30.79,30.95,30.38,30.61,235300.0,0.0,1.0,30.79,30.95,30.38,30.61,235300.0
2013-01-29,31.08,31.28,30.61,30.94,230000.0,0.0,1.0,31.08,31.28,30.61,30.94,230000.0
2013-01-28,31.33,31.39,30.76,31.13,269800.0,0.0,1.0,31.33,31.39,30.76,31.13,269800.0
2013-01-25,31.44,31.74,30.9,31.35,242900.0,0.0,1.0,31.44,31.74,30.9,31.35,242900.0
2013-01-24,31.16,31.62,31.01,31.4,392200.0,0.0,1.0,31.16,31.62,31.01,31.4,392200.0
2013-01-23,31.02,31.27,30.85,31.24,210300.0,0.0,1.0,31.02,31.27,30.85,31.24,210300.0
2013-01-22,30.49,31.33,30.18,31.09,298300.0,0.0,1.0,30.49,31.33,30.18,31.09,298300.0
2013-01-18,29.95,30.75,29.85,30.58,251300.0,0.0,1.0,29.95,30.75,29.85,30.58,251300.0
2013-01-17,29.57,30.14,29.57,29.73,160300.0,0.0,1.0,29.57,30.14,29.57,29.73,160300.0
2013-01-16,28.94,29.86,28.94,29.43,305700.0,0.0,1.0,28.94,29.86,28.94,29.43,305700.0
2013-01-15,28.67,28.96,28.46,28.96,247700.0,0.0,1.0,28.67,28.96,28.46,28.96,247700.0
2013-01-14,29.08,29.09,28.23,28.76,238400.0,0.0,1.0,29.08,29.09,28.23,28.76,238400.0
2013-01-11,29.0,29.23,28.65,29.15,246100.0,0.0,1.0,29.0,29.23,28.65,29.15,246100.0
2013-01-10,28.91,29.23,28.54,28.96,190300.0,0.0,1.0,28.91,29.23,28.54,28.96,190300.0
2013-01-09,29.29,29.74,28.82,28.91,267100.0,0.0,1.0,29.29,29.74,28.82,28.91,267100.0
2013-01-08,29.01,29.39,28.58,29.29,230500.0,0.0,1.0,29.01,29.39,28.58,29.29,230500.0
2013-01-07,28.69,29.08,28.31,29.07,332800.0,0.0,1.0,28.69,29.08,28.31,29.07,332800.0
2013-01-04,28.41,29.02,28.2,28.73,319000.0,0.0,1.0,28.41,29.02,28.2,28.73,319000.0
2013-01-03,27.52,28.64,27.26,28.34,292300.0,0.0,1.0,27.52,28.64,27.26,28.34,292300.0
2013-01-02,28.42,28.71,26.86,27.62,609500.0,0.0,1.0,28.42,28.71,26.86,27.62,609500.0
2012-12-31,26.65,27.83,26.19,27.78,273800.0,0.0,1.0,26.65,27.83,26.19,27.78,273800.0
2012-12-28,27.15,27.18,26.49,26.74,201600.0,0.0,1.0,27.15,27.18,26.49,26.74,201600.0
2012-12-27,27.2,27.4,27.05,27.32,202800.0,0.0,1.0,27.2,27.4,27.05,27.32,202800.0
2012-12-26,27.31,27.47,26.98,27.21,176400.0,0.0,1.0,27.31,27.47,26.98,27.21,176400.0
2012-12-24,27.29,27.53,27.01,27.23,70100.0,0.0,1.0,27.29,27.53,27.01,27.23,70100.0
2012-12-21,27.05,27.42,26.74,27.42,483600.0,0.0,1.0,27.05,27.42,26.74,27.42,483600.0
2012-12-20,27.32,27.72,26.8,27.39,299500.0,0.0,1.0,27.32,27.72,26.8,27.39,299500.0
2012-12-19,27.43,27.79,27.14,27.4,207400.0,0.0,1.0,27.43,27.79,27.14,27.4,207400.0
2012-12-18,27.21,27.54,27.08,27.34,210700.0,0.0,1.0,27.21,27.54,27.08,27.34,210700.0
2012-12-17,26.95,27.26,26.85,27.25,131700.0,0.0,1.0,26.95,27.26,26.85,27.25,131700.0
2012-12-14,27.06,27.16,26.63,26.82,158900.0,0.0,1.0,27.06,27.16,26.63,26.82,158900.0
2012-12-13,27.17,27.52,26.98,27.18,200500.0,0.0,1.0,27.17,27.52,26.98,27.18,200500.0
2012-12-12,27.14,27.5,27.07,27.14,364200.0,0.0,1.0,27.14,27.5,27.07,27.14,364200.0
2012-12-11,27.21,27.23,26.37,27.09,393400.0,0.0,1.0,27.21,27.23,26.37,27.09,393400.0
2012-12-10,26.9,27.51,26.67,27.15,356800.0,0.0,1.0,26.9,27.51,26.67,27.15,356800.0
2012-12-07,27.28,27.77,26.6,26.77,362500.0,0.0,1.0,27.28,27.77,26.6,26.77,362500.0
2012-12-06,27.48,27.85,26.52,26.94,876900.0,0.0,1.0,27.48,27.85,26.52,26.94,876900.0
2012-12-05,28.01,28.35,27.29,27.38,666300.0,0.0,1.0,28.01,28.35,27.29,27.38,666300.0
2012-12-04,27.86,28.55,27.86,28.12,371100.0,0.0,1.0,27.86,28.55,27.86,28.12,371100.0
2012-12-03,28.06,28.09,27.51,27.88,835900.0,0.0,1.0,28.06,28.09,27.51,27.88,835900.0
2012-11-30,27.15,28.19,27.01,28.03,3758500.0,0.0,1.0,27.15,28.19,27.01,28.03,3758500.0
2012-11-29,26.77,27.15,26.61,26.99,546000.0,0.0,1.0,26.77,27.15,26.61,26.99,546000.0
2012-11-28,26.58,26.74,25.81,26.61,212100.0,0.0,1.0,26.58,26.74,25.81,26.61,212100.0
2012-11-27,26.61,26.83,26.11,26.56,347600.0,0.0,1.0,26.61,26.83,26.11,26.56,347600.0
2012-11-26,26.96,27.19,26.09,26.68,496500.0,0.0,1.0,26.96,27.19,26.09,26.68,496500.0
2012-11-23,26.2,27.04,26.07,26.96,133000.0,0.0,1.0,26.2,27.04,26.07,26.96,133000.0
2012-11-21,25.5,26.08,25.31,25.93,388700.0,0.0,1.0,25.5,26.08,25.31,25.93,388700.0
2012-11-20,25.15,25.63,24.82,25.44,327600.0,0.0,1.0,25.15,25.63,24.82,25.44,327600.0
2012-11-19,24.9,25.38,24.6,25.12,912100.0,0.0,1.0,24.9,25.38,24.6,25.12,912100.0
2012-11-16,23.89,24.66,23.62,24.59,495300.0,0.0,1.0,23.89,24.66,23.62,24.59,495300.0
2012-11-15,24.02,24.25,23.62,23.79,1033900.0,0.0,1.0,24.02,24.25,23.62,23.79,1033900.0
2012-11-14,23.89,23.99,23.44,23.77,579600.0,0.0,1.0,23.89,23.99,23.44,23.77,579600.0
2012-11-13,23.6,24.66,23.5,23.87,742200.0,0.0,1.0,23.6,24.66,23.5,23.87,742200.0
2012-11-12,22.95,23.97,22.82,23.68,681000.0,0.0,1.0,22.95,23.97,22.82,23.68,681000.0
2012-11-09,22.13,23.12,21.6,22.8,6249400.0,0.0,1.0,22.13,23.12,21.6,22.8,6249400.0
2012-11-08,23.01,23.18,22.11,23.0,652400.0,0.0,1.0,23.01,23.18,22.11,23.0,652400.0
2012-11-07,23.61,23.92,22.96,23.09,170800.0,0.0,1.0,23.61,23.92,22.96,23.09,170800.0
2012-11-06,24.14,24.36,23.46,23.74,257500.0,0.0,1.0,24.14,24.36,23.46,23.74,257500.0
2012-11-05,23.49,24.96,23.08,24.0,256700.0,0.0,1.0,23.49,24.96,23.08,24.0,256700.0
2012-11-02,25.29,25.4,23.58,24.27,138900.0,0.0,1.0,25.29,25.4,23.58,24.27,138900.0
2012-11-01,24.54,25.25,24.04,25.06,203200.0,0.0,1.0,24.54,25.25,24.04,25.06,203200.0
2012-10-31,23.97,24.74,23.38,24.45,205800.0,0.0,1.0,23.97,24.74,23.38,24.45,205800.0
2012-10-26,23.79,23.95,23.5,23.83,96700.0,0.0,1.0,23.79,23.95,23.5,23.83,96700.0
2012-10-25,24.68,24.68,23.58,23.72,49900.0,0.0,1.0,24.68,24.68,23.58,23.72,49900.0
2012-10-24,24.06,24.39,23.89,24.14,118400.0,0.0,1.0,24.06,24.39,23.89,24.14,118400.0
2012-10-23,24.2,24.32,23.75,24.05,63500.0,0.0,1.0,24.2,24.32,23.75,24.05,63500.0
2012-10-22,24.43,24.59,24.19,24.59,47300.0,0.0,1.0,24.43,24.59,24.19,24.59,47300.0
2012-10-19,25.04,25.17,24.38,24.59,40600.0,0.0,1.0,25.04,25.17,24.38,24.59,40600.0
2012-10-18,24.78,25.29,24.69,25.11,71500.0,0.0,1.0,24.78,25.29,24.69,25.11,71500.0
2012-10-17,24.42,25.15,24.42,24.85,69500.0,0.0,1.0,24.42,25.15,24.42,24.85,69500.0
2012-10-16,24.39,24.47,24.19,24.36,26400.0,0.0,1.0,24.39,24.47,24.19,24.36,26400.0
2012-10-15,24.23,24.49,23.94,24.29,79700.0,0.0,1.0,24.23,24.49,23.94,24.29,79700.0
2012-10-12,24.09,24.4,24.03,24.21,50100.0,0.0,1.0,24.09,24.4,24.03,24.21,50100.0
2012-10-11,23.66,24.43,23.66,24.04,78600.0,0.0,1.0,23.66,24.43,23.66,24.04,78600.0
2012-10-10,23.5,24.05,23.12,23.48,253200.0,0.0,1.0,23.5,24.05,23.12,23.48,253200.0
2012-10-09,24.9,25.25,23.27,23.57,403100.0,0.0,1.0,24.9,25.25,23.27,23.57,403100.0
2012-10-08,24.25,24.29,23.73,23.94,117900.0,0.0,1.0,24.25,24.29,23.73,23.94,117900.0
2012-10-05,24.23,24.87,24.11,24.31,213800.0,0.0,1.0,24.23,24.87,24.11,24.31,213800.0
2012-10-04,23.23,24.75,23.23,24.22,299500.0,0.0,1.0,23.23,24.75,23.23,24.22,299500.0
2012-10-03,23.55,23.57,22.9,23.29,216200.0,0.0,1.0,23.55,23.57,22.9,23.29,216200.0
2012-10-02,24.53,24.53,23.15,23.53,201600.0,0.0,1.0,24.53,24.53,23.15,23.53,201600.0
2012-10-01,24.69,25.33,24.29,24.68,238100.0,0.0,1.0,24.69,25.33,24.29,24.68,238100.0
2012-09-28,24.3,24.76,24.21,24.59,148200.0,0.0,1.0,24.3,24.76,24.21,24.59,148200.0
2012-09-27,24.26,24.72,24.04,24.33,103900.0,0.0,1.0,24.26,24.72,24.04,24.33,103900.0
2012-09-26,24.76,24.76,24.0,24.22,100200.0,0.0,1.0,24.76,24.76,24.0,24.22,100200.0
2012-09-25,25.27,25.27,24.68,24.77,92900.0,0.0,1.0,25.27,25.27,24.68,24.77,92900.0
2012-09-24,25.07,25.49,24.92,25.14,51600.0,0.0,1.0,25.07,25.49,24.92,25.14,51600.0
2012-09-21,25.26,25.82,25.13,25.19,136800.0,0.0,1.0,25.26,25.82,25.13,25.19,136800.0
2012-09-20,24.86,25.15,24.86,25.08,33000.0,0.0,1.0,24.86,25.15,24.86,25.08,33000.0
2012-09-19,25.02,25.23,24.36,25.08,132100.0,0.0,1.0,25.02,25.23,24.36,25.08,132100.0
2012-09-18,24.9,25.14,24.72,25.14,62200.0,0.0,1.0,24.9,25.14,24.72,25.14,62200.0
2012-09-17,25.09,25.09,24.65,25.01,107900.0,0.0,1.0,25.09,25.09,24.65,25.01,107900.0
2012-09-14,24.23,25.22,24.12,25.05,87800.0,0.0,1.0,24.23,25.22,24.12,25.05,87800.0
2012-09-13,22.67,23.96,22.57,23.76,132000.0,0.0,1.0,22.67,23.96,22.57,23.76,132000.0
2012-09-12,22.45,22.67,22.42,22.64,78100.0,0.0,1.0,22.45,22.67,22.42,22.64,78100.0
2012-09-11,22.58,22.76,22.43,22.49,35600.0,0.0,1.0,22.58,22.76,22.43,22.49,35600.0
2012-09-10,22.85,22.94,22.5,22.55,155500.0,0.0,1.0,22.85,22.94,22.5,22.55,155500.0
2012-09-07,22.52,22.83,22.41,22.78,144600.0,0.0,1.0,22.52,22.83,22.41,22.78,144600.0
2012-09-06,22.31,22.63,22.02,22.52,85300.0,0.0,1.0,22.31,22.63,22.02,22.52,85300.0
2012-09-05,22.04,22.5,21.89,22.14,100800.0,0.0,1.0,22.04,22.5,21.89,22.14,100800.0
2012-09-04,22.0,22.11,21.82,22.07,88600.0,0.0,1.0,22.0,22.11,21.82,22.07,88600.0
2012-08-31,22.12,22.41,21.93,22.03,44700.0,0.0,1.0,22.12,22.41,21.93,22.03,44700.0
2012-08-30,22.46,22.81,21.93,22.0,55100.0,0.0,1.0,22.46,22.81,21.93,22.0,55100.0
2012-08-29,22.4,22.75,21.98,22.53,158000.0,0.0,1.0,22.4,22.75,21.98,22.53,158000.0
2012-08-28,22.0,22.5,22.0,22.37,122900.0,0.0,1.0,22.0,22.5,22.0,22.37,122900.0
2012-08-27,22.2,22.49,21.98,22.0,148800.0,0.0,1.0,22.2,22.49,21.98,22.0,148800.0
2012-08-24,22.02,22.28,21.95,22.16,68300.0,0.0,1.0,22.02,22.28,21.95,22.16,68300.0
2012-08-23,21.89,22.12,21.85,22.05,68700.0,0.0,1.0,21.89,22.12,21.85,22.05,68700.0
2012-08-22,22.26,22.26,21.26,21.9,72500.0,0.0,1.0,22.26,22.26,21.26,21.9,72500.0
2012-08-21,22.15,22.45,22.08,22.24,58700.0,0.0,1.0,22.15,22.45,22.08,22.24,58700.0
2012-08-20,22.55,22.62,22.02,22.09,61400.0,0.0,1.0,22.55,22.62,22.02,22.09,61400.0
2012-08-17,22.13,22.7,22.07,22.68,572100.0,0.0,1.0,22.13,22.7,22.07,22.68,572100.0
2012-08-16,22.28,22.58,22.03,22.09,862700.0,0.0,1.0,22.28,22.58,22.03,22.09,862700.0
2012-08-15,22.26,22.51,22.11,22.25,241800.0,0.0,1.0,22.26,22.51,22.11,22.25,241800.0
2012-08-14,22.67,22.67,22.24,22.24,141900.0,0.0,1.0,22.67,22.67,22.24,22.24,141900.0
2012-08-13,22.53,22.63,22.33,22.53,87200.0,0.0,1.0,22.53,22.63,22.33,22.53,87200.0
2012-08-10,22.9,23.0,22.49,22.64,150600.0,0.0,1.0,22.9,23.0,22.49,22.64,150600.0
2012-08-09,23.41,23.5,22.49,23.01,314400.0,0.0,1.0,23.41,23.5,22.49,23.01,314400.0
2012-08-08,23.62,23.77,22.5,23.45,402300.0,0.0,1.0,23.62,23.77,22.5,23.45,402300.0
2012-08-07,23.95,24.38,23.58,23.89,187900.0,0.0,1.0,23.95,24.38,23.58,23.89,187900.0
2012-08-06,23.51,23.98,23.2,23.78,119900.0,0.0,1.0,23.51,23.98,23.2,23.78,119900.0
2012-08-03,22.66,23.94,22.66,23.5,175000.0,0.0,1.0,22.66,23.94,22.66,23.5,175000.0
2012-08-02,22.26,22.45,22.26,22.35,46900.0,0.0,1.0,22.26,22.45,22.26,22.35,46900.0
2012-08-01,23.24,23.3,22.26,22.43,95900.0,0.0,1.0,23.24,23.3,22.26,22.43,95900.0
2012-07-31,23.64,23.65,22.99,23.11,104600.0,0.0,1.0,23.64,23.65,22.99,23.11,104600.0
2012-07-30,23.61,23.78,23.39,23.61,101000.0,0.0,1.0,23.61,23.78,23.39,23.61,101000.0
2012-07-27,23.56,23.87,23.4,23.57,63200.0,0.0,1.0,23.56,23.87,23.4,23.57,63200.0
2012-07-26,23.09,23.59,22.9,23.47,95500.0,0.0,1.0,23.09,23.59,22.9,23.47,95500.0
2012-07-25,22.65,23.1,22.14,22.86,79900.0,0.0,1.0,22.65,23.1,22.14,22.86,79900.0
2012-07-24,22.86,22.86,22.27,22.57,153800.0,0.0,1.0,22.86,22.86,22.27,22.57,153800.0
2012-07-23,22.73,23.22,22.6,22.76,244200.0,0.0,1.0,22.73,23.22,22.6,22.76,244200.0
2012-07-20,22.33,23.18,22.33,23.18,103600.0,0.0,1.0,22.33,23.18,22.33,23.18,103600.0
2012-07-19,21.92,22.97,21.88,22.52,149800.0,0.0,1.0,21.92,22.97,21.88,22.52,149800.0
2012-07-18,21.78,22.03,21.55,21.72,66500.0,0.0,1.0,21.78,22.03,21.55,21.72,66500.0
2012-07-17,21.56,22.27,21.37,21.9,93700.0,0.0,1.0,21.56,22.27,21.37,21.9,93700.0
2012-07-16,21.27,21.7,21.01,21.53,102000.0,0.0,1.0,21.27,21.7,21.01,21.53,102000.0
2012-07-13,20.81,21.4,20.81,21.23,57100.0,0.0,1.0,20.81,21.4,20.81,21.23,57100.0
2012-07-12,20.39,20.83,20.02,20.72,79700.0,0.0,1.0,20.39,20.83,20.02,20.72,79700.0
2012-07-11,20.94,20.97,20.16,20.48,217900.0,0.0,1.0,20.94,20.97,20.16,20.48,217900.0
2012-07-10,21.5,21.58,20.83,20.97,83600.0,0.0,1.0,21.5,21.58,20.83,20.97,83600.0
2012-07-09,21.73,21.75,21.16,21.45,56400.0,0.0,1.0,21.73,21.75,21.16,21.45,56400.0
2012-07-06,21.35,22.07,21.28,21.78,84300.0,0.0,1.0,21.35,22.07,21.28,21.78,84300.0
2012-07-05,21.42,21.79,21.14,21.55,68900.0,0.0,1.0,21.42,21.79,21.14,21.55,68900.0
2012-07-03,21.58,21.62,21.28,21.42,27600.0,0.0,1.0,21.58,21.62,21.28,21.42,27600.0
2012-07-02,21.34,21.9,21.18,21.57,237700.0,0.0,1.0,21.34,21.9,21.18,21.57,237700.0
2012-06-29,21.4,21.45,20.98,21.28,203000.0,0.0,1.0,21.4,21.45,20.98,21.28,203000.0
2012-06-28,21.06,21.26,20.6,21.07,237000.0,0.0,1.0,21.06,21.26,20.6,21.07,237000.0
2012-06-27,20.71,21.5,20.71,21.29,104300.0,0.0,1.0,20.71,21.5,20.71,21.29,104300.0
2012-06-26,20.02,20.81,19.65,20.72,198600.0,0.0,1.0,20.02,20.81,19.65,20.72,198600.0
2012-06-25,19.72,20.09,19.04,20.02,324900.0,0.0,1.0,19.72,20.09,19.04,20.02,324900.0
2012-06-22,20.34,20.47,19.72,19.98,1688200.0,0.0,1.0,20.34,20.47,19.72,19.98,1688200.0
2012-06-21,21.21,21.21,20.02,20.23,334100.0,0.0,1.0,21.21,21.21,20.02,20.23,334100.0
2012-06-20,21.4,21.4,20.98,21.16,104100.0,0.0,1.0,21.4,21.4,20.98,21.16,104100.0
2012-06-19,21.08,21.47,21.03,21.41,265500.0,0.0,1.0,21.08,21.47,21.03,21.41,265500.0
2012-06-18,20.85,21.07,20.81,21.02,228000.0,0.0,1.0,20.85,21.07,20.81,21.02,228000.0
2012-06-15,20.85,21.19,20.82,21.01,621600.0,0.0,1.0,20.85,21.19,20.82,21.01,621600.0
2012-06-14,20.64,20.81,20.52,20.71,339500.0,0.0,1.0,20.64,20.81,20.52,20.71,339500.0
2012-06-13,20.55,20.84,20.55,20.69,199800.0,0.0,1.0,20.55,20.84,20.55,20.69,199800.0
2012-06-12,20.47,20.83,20.32,20.66,272500.0,0.0,1.0,20.47,20.83,20.32,20.66,272500.0
2012-06-11,21.01,21.01,20.48,20.53,332900.0,0.0,1.0,21.01,21.01,20.48,20.53,332900.0
2012-06-08,20.7,21.0,20.69,20.85,480500.0,0.0,1.0,20.7,21.0,20.69,20.85,480500.0
2012-06-07,20.69,21.02,20.5,20.82,350200.0,0.0,1.0,20.69,21.02,20.5,20.82,350200.0
2012-06-06,20.05,20.38,19.9,20.35,307200.0,0.0,1.0,20.05,20.38,19.9,20.35,307200.0
2012-06-05,19.61,20.44,19.61,20.15,178300.0,0.0,1.0,19.61,20.44,19.61,20.15,178300.0
2012-06-04,19.68,19.89,19.5,19.73,304200.0,0.0,1.0,19.68,19.89,19.5,19.73,304200.0
2012-06-01,20.4,20.4,19.4,19.61,243600.0,0.0,1.0,20.4,20.4,19.4,19.61,243600.0
2012-05-31,20.61,21.0,20.12,20.76,411300.0,0.0,1.0,20.61,21.0,20.12,20.76,411300.0
2012-05-30,20.66,20.89,20.14,20.58,228100.0,0.0,1.0,20.66,20.89,20.14,20.58,228100.0
2012-05-29,20.72,21.0,20.54,20.8,253200.0,0.0,1.0,20.72,21.0,20.54,20.8,253200.0
2012-05-25,20.4,20.53,20.33,20.43,129000.0,0.0,1.0,20.4,20.53,20.33,20.43,129000.0
2012-05-24,20.4,20.52,20.28,20.46,331100.0,0.0,1.0,20.4,20.52,20.28,20.46,331100.0
2012-05-23,20.25,20.54,20.01,20.49,501000.0,0.0,1.0,20.25,20.54,20.01,20.49,501000.0
2012-05-22,20.12,20.52,19.92,20.46,551100.0,0.0,1.0,20.12,20.52,19.92,20.46,551100.0
2012-05-21,20.24,20.4,19.95,20.25,224400.0,0.0,1.0,20.24,20.4,19.95,20.25,224400.0
2012-05-18,20.23,20.44,19.7,20.09,351400.0,0.0,1.0,20.23,20.44,19.7,20.09,351400.0
2012-05-17,20.54,20.63,20.08,20.1,222600.0,0.0,1.0,20.54,20.63,20.08,20.1,222600.0
2012-05-16,20.74,20.82,20.32,20.5,248500.0,0.0,1.0,20.74,20.82,20.32,20.5,248500.0
2012-05-15,20.53,20.88,20.43,20.65,185000.0,0.0,1.0,20.53,20.88,20.43,20.65,185000.0
2012-05-14,20.75,20.78,20.39,20.66,274000.0,0.0,1.0,20.75,20.78,20.39,20.66,274000.0
2012-05-11,20.7,21.09,20.7,20.86,1422900.0,0.0,1.0,20.7,21.09,20.7,20.86,1422900.0
2012-05-10,20.6,20.78,20.5,20.72,791100.0,0.0,1.0,20.6,20.78,20.5,20.72,791100.0
2012-05-09,21.0,21.08,20.19,20.39,759400.0,0.0,1.0,21.0,21.08,20.19,20.39,759400.0
2012-05-08,20.86,21.0,20.75,20.85,76400.0,0.0,1.0,20.86,21.0,20.75,20.85,76400.0
2012-05-07,20.65,21.25,20.65,21.05,103000.0,0.0,1.0,20.65,21.25,20.65,21.05,103000.0
2012-05-04,21.01,21.09,20.33,20.9,264100.0,0.0,1.0,21.01,21.09,20.33,20.9,264100.0
2012-05-03,20.43,21.02,20.38,20.72,399000.0,0.0,1.0,20.43,21.02,20.38,20.72,399000.0
2012-05-02,20.11,20.63,20.11,20.39,90700.0,0.0,1.0,20.11,20.63,20.11,20.39,90700.0
2012-05-01,19.61,20.44,19.61,20.32,560300.0,0.0,1.0,19.61,20.44,19.61,20.32,560300.0
2012-04-30,19.78,19.9,19.5,19.6,458200.0,0.0,1.0,19.78,19.9,19.5,19.6,458200.0
2012-04-27,20.05,20.09,19.75,19.83,794600.0,0.0,1.0,20.05,20.09,19.75,19.83,794600.0
2012-04-26,20.25,20.29,20.0,20.09,1756800.0,0.0,1.0,20.25,20.29,20.0,20.09,1756800.0
2012-04-25,20.63,20.63,20.05,20.25,1177700.0,0.0,1.0,20.63,20.63,20.05,20.25,1177700.0
2012-04-24,20.52,20.58,20.5,20.51,456200.0,0.0,1.0,20.52,20.58,20.5,20.51,456200.0
2012-04-23,20.52,20.6,20.5,20.5,604000.0,0.0,1.0,20.52,20.6,20.5,20.5,604000.0
2012-04-20,20.5,20.75,20.5,20.67,266400.0,0.0,1.0,20.5,20.75,20.5,20.67,266400.0
2012-04-19,20.6,20.74,20.5,20.51,523200.0,0.0,1.0,20.6,20.74,20.5,20.51,523200.0
2012-04-18,20.72,20.8,20.5,20.5,460800.0,0.0,1.0,20.72,20.8,20.5,20.5,460800.0
2012-04-17,20.95,20.95,20.41,20.61,403900.0,0.0,1.0,20.95,20.95,20.41,20.61,403900.0
2012-04-16,20.84,20.95,20.51,20.65,482300.0,0.0,1.0,20.84,20.95,20.51,20.65,482300.0
2012-04-13,21.0,21.1,20.7,20.8,472800.0,0.0,1.0,21.0,21.1,20.7,20.8,472800.0
2012-04-12,20.5,21.29,19.75,21.04,10151300.0,0.0,1.0,20.5,21.29,19.75,21.04,10151300.0
