2014-10-24,18.94,19.25,18.76,18.86,194550.0,0.0,1.0,18.94,19.25,18.76,18.86,194550.0
2014-10-23,19.32,19.46,18.96,19.14,116587.0,0.0,1.0,19.32,19.46,18.96,19.14,116587.0
2014-10-22,19.23,19.44,19.1,19.12,115562.0,0.0,1.0,19.23,19.44,19.1,19.12,115562.0
2014-10-21,18.64,19.0595,18.62,19.03,151440.0,0.0,1.0,18.64,19.0595,18.62,19.03,151440.0
2014-10-20,18.32,18.72,18.3,18.6,102537.0,0.0,1.0,18.32,18.72,18.3,18.6,102537.0
2014-10-17,18.85,18.93,18.11,18.4,323548.0,0.0,1.0,18.85,18.93,18.11,18.4,323548.0
2014-10-16,18.89,18.97,18.52,18.69,225649.0,0.0,1.0,18.89,18.97,18.52,18.69,225649.0
2014-10-15,18.86,19.07,18.53,18.71,269086.0,0.0,1.0,18.86,19.07,18.53,18.71,269086.0
2014-10-14,19.05,19.19,18.93,19.06,161367.0,0.0,1.0,19.05,19.19,18.93,19.06,161367.0
2014-10-13,18.75,19.05,18.695,18.93,213786.0,0.0,1.0,18.75,19.05,18.695,18.93,213786.0
2014-10-10,18.8,19.0,18.57,18.75,187920.0,0.0,1.0,18.8,19.0,18.57,18.75,187920.0
2014-10-09,19.21,19.21,18.86,18.9,189573.0,0.0,1.0,19.21,19.21,18.86,18.9,189573.0
2014-10-08,19.14,19.25,18.8,19.16,84134.0,0.0,1.0,19.14,19.25,18.8,19.16,84134.0
2014-10-07,18.83,18.99,18.77,18.84,195430.0,0.0,1.0,18.83,18.99,18.77,18.84,195430.0
2014-10-06,19.26,19.34,19.04,19.04,89663.0,0.0,1.0,19.26,19.34,19.04,19.04,89663.0
2014-10-03,19.45,19.72,19.29,19.3,103867.0,0.0,1.0,19.45,19.72,19.29,19.3,103867.0
2014-10-02,19.05,19.47,19.05,19.25,115935.0,0.0,1.0,19.05,19.47,19.05,19.25,115935.0
2014-10-01,19.07,19.25,18.87,19.06,186679.0,0.0,1.0,19.07,19.25,18.87,19.06,186679.0
2014-09-30,19.03,19.2,18.96,19.12,255355.0,0.0,1.0,19.03,19.2,18.96,19.12,255355.0
2014-09-29,18.99,19.228,18.98,19.08,149963.0,0.0,1.0,18.99,19.228,18.98,19.08,149963.0
2014-09-26,19.02,19.37,18.99,19.32,108491.0,0.0,1.0,19.02,19.37,18.99,19.32,108491.0
2014-09-25,19.47,19.44,19.01,19.06,150718.0,0.0,1.0,19.47,19.44,19.01,19.06,150718.0
2014-09-24,19.38,19.52,19.3,19.43,58884.0,0.0,1.0,19.38,19.52,19.3,19.43,58884.0
2014-09-23,19.8,19.77,19.3,19.5,119918.0,0.0,1.0,19.8,19.77,19.3,19.5,119918.0
2014-09-22,19.89,19.99,19.72,19.75,130479.0,0.0,1.0,19.89,19.99,19.72,19.75,130479.0
2014-09-19,20.16,20.2,19.96,19.98,417415.0,0.0,1.0,20.16,20.2,19.96,19.98,417415.0
2014-09-18,19.97,20.29,19.78,19.96,105693.0,0.0,1.0,19.97,20.29,19.78,19.96,105693.0
2014-09-17,19.57,20.0,19.47,19.78,106252.0,0.0,1.0,19.57,20.0,19.47,19.78,106252.0
2014-09-16,19.75,19.76,19.41,19.62,71315.0,0.0,1.0,19.75,19.76,19.41,19.62,71315.0
2014-09-15,19.68,19.87,19.58,19.63,63787.0,0.0,1.0,19.68,19.87,19.58,19.63,63787.0
2014-09-12,19.87,20.06,19.73,19.86,80088.0,0.0,1.0,19.87,20.06,19.73,19.86,80088.0
2014-09-11,19.6,19.92,19.54,19.9,88279.0,0.0,1.0,19.6,19.92,19.54,19.9,88279.0
2014-09-10,19.53,19.71,19.42,19.67,71330.0,0.0,1.0,19.53,19.71,19.42,19.67,71330.0
2014-09-09,19.7,19.99,19.47,19.54,81012.0,0.0,1.0,19.7,19.99,19.47,19.54,81012.0
2014-09-08,19.98,20.07,19.86,20.02,66897.0,0.0,1.0,19.98,20.07,19.86,20.02,66897.0
2014-09-05,19.94,20.03,19.8,19.99,56282.0,0.0,1.0,19.94,20.03,19.8,19.99,56282.0
2014-09-04,20.29,20.45,20.03,20.07,76572.0,0.0,1.0,20.29,20.45,20.03,20.07,76572.0
2014-09-03,20.47,20.57,20.22,20.24,133609.0,0.0,1.0,20.47,20.57,20.22,20.24,133609.0
2014-09-02,20.49,20.63,20.3,20.5,159872.0,0.0,1.0,20.49,20.63,20.3,20.5,159872.0
2014-08-29,20.23,20.42,19.89,20.32,83150.0,0.0,1.0,20.23,20.42,19.89,20.32,83150.0
2014-08-28,20.45,20.51,20.28,20.29,99189.0,0.0,1.0,20.45,20.51,20.28,20.29,99189.0
2014-08-27,20.69,20.82,20.43,20.47,40497.0,0.05,1.0,20.69,20.82,20.43,20.47,40497.0
2014-08-26,20.73,20.89,20.65,20.75,183661.0,0.0,1.0,20.679488304094,20.839098440546,20.599683235867,20.69943957115,183661.0
2014-08-25,20.78,20.78,20.62,20.66,136495.0,0.0,1.0,20.729366471735,20.729366471735,20.569756335283,20.609658869396,136495.0
2014-08-22,20.72,20.86,20.49,20.59,79102.0,0.0,1.0,20.669512670565,20.809171539961,20.440073099415,20.539829434698,79102.0
2014-08-21,20.44,20.79,20.3,20.64,189263.0,0.0,1.0,20.390194931774,20.739342105263,20.250536062378,20.589707602339,189263.0
2014-08-20,20.4,20.6,20.35,20.54,121200.0,0.0,1.0,20.350292397661,20.549805068226,20.300414230019,20.489951267057,121200.0
2014-08-19,20.45,20.58,20.41,20.46,48337.0,0.0,1.0,20.400170565302,20.52985380117,20.360268031189,20.41014619883,48337.0
2014-08-18,20.35,20.63,20.24,20.5,110911.0,0.0,1.0,20.300414230019,20.579731968811,20.190682261209,20.450048732943,110911.0
2014-08-15,20.4,20.41,20.07,20.19,126779.0,0.0,1.0,20.350292397661,20.360268031189,20.021096491228,20.140804093567,126779.0
2014-08-14,20.09,20.19,20.04,20.12,63029.0,0.0,1.0,20.041047758285,20.140804093567,19.991169590643,20.070974658869,63029.0
2014-08-13,20.02,20.13,19.82,20.09,110659.0,0.0,1.0,19.971218323587,20.080950292398,19.771705653021,20.041047758285,110659.0
2014-08-12,19.98,20.12,19.82,19.89,105888.0,0.0,1.0,19.931315789474,20.070974658869,19.771705653021,19.841535087719,105888.0
2014-08-11,19.92,20.04,19.9,20.01,138264.0,0.0,1.0,19.871461988304,19.991169590643,19.851510721248,19.961242690058,138264.0
2014-08-08,19.72,20.0,19.67,19.87,150219.0,0.0,1.0,19.671949317739,19.95126705653,19.622071150097,19.821583820663,150219.0
2014-08-07,19.94,20.02,19.644,19.83,86005.0,0.0,1.0,19.891413255361,19.971218323587,19.596134502924,19.78168128655,86005.0
2014-08-06,19.79,20.0,19.698,19.94,73809.0,0.0,1.0,19.741778752437,19.95126705653,19.650002923977,19.891413255361,73809.0
2014-08-05,19.71,19.9,19.648,19.83,100501.0,0.0,1.0,19.661973684211,19.851510721248,19.600124756335,19.78168128655,100501.0
2014-08-04,19.86,19.925,19.6,19.81,233337.0,0.0,1.0,19.811608187134,19.876449805068,19.5522417154,19.761730019493,233337.0
2014-08-01,19.82,19.91,19.6,19.74,319351.0,0.0,1.0,19.771705653021,19.861486354776,19.5522417154,19.691900584795,319351.0
2014-07-31,19.71,20.13,19.7,19.81,185906.0,0.0,1.0,19.661973684211,20.080950292398,19.651998050682,19.761730019493,185906.0
2014-07-30,19.94,20.07,19.79,19.89,210767.0,0.0,1.0,19.891413255361,20.021096491228,19.741778752437,19.841535087719,210767.0
2014-07-29,19.43,20.0,19.33,19.7,171389.0,0.0,1.0,19.382655945419,19.95126705653,19.282899610136,19.651998050682,171389.0
2014-07-28,19.66,19.75,19.38,19.48,143629.0,0.0,1.0,19.612095516569,19.701876218324,19.332777777778,19.43253411306,143629.0
2014-07-25,19.15,19.8,18.94,19.73,253333.0,0.0,1.0,19.103338206628,19.751754385965,18.893849902534,19.681924951267,253333.0
2014-07-24,19.42,19.52,19.1,19.25,87417.0,0.0,1.0,19.372680311891,19.472436647173,19.053460038986,19.20309454191,87417.0
2014-07-23,19.11,19.33,19.01,19.21,82418.0,0.0,1.0,19.063435672515,19.282899610136,18.963679337232,19.163192007797,82418.0
2014-07-22,19.27,19.37,19.1,19.14,58427.0,0.0,1.0,19.223045808967,19.32280214425,19.053460038986,19.093362573099,58427.0
2014-07-21,19.32,19.41,19.13,19.17,81336.0,0.0,1.0,19.272923976608,19.362704678363,19.083386939571,19.123289473684,81336.0
2014-07-18,19.29,19.62,19.1,19.41,137714.0,0.0,1.0,19.242997076023,19.572192982456,19.053460038986,19.362704678363,137714.0
2014-07-17,19.39,19.426,18.99,19.06,129937.0,0.0,1.0,19.342753411306,19.378665692008,18.943728070175,19.013557504873,129937.0
2014-07-16,19.46,19.63,19.31,19.43,121519.0,0.0,1.0,19.412582846004,19.582168615984,19.26294834308,19.382655945419,121519.0
2014-07-15,19.68,19.81,19.5,19.51,134060.0,0.0,1.0,19.632046783626,19.761730019493,19.452485380117,19.462461013645,134060.0
2014-07-14,19.68,19.892,19.59,19.63,106288.0,0.0,1.0,19.632046783626,19.843530214425,19.542266081871,19.582168615984,106288.0
2014-07-11,19.69,19.904,19.5,19.61,74349.0,0.0,1.0,19.642022417154,19.855500974659,19.452485380117,19.562217348928,74349.0
2014-07-10,19.55,19.77,19.47,19.7,91222.0,0.0,1.0,19.502363547758,19.72182748538,19.422558479532,19.651998050682,91222.0
2014-07-09,19.83,20.0,19.72,19.87,62827.0,0.0,1.0,19.78168128655,19.95126705653,19.671949317739,19.821583820663,62827.0
2014-07-08,19.58,19.898,19.55,19.8,110141.0,0.0,1.0,19.532290448343,19.849515594542,19.502363547758,19.751754385965,110141.0
2014-07-07,19.86,20.05,19.75,19.79,130059.0,0.0,1.0,19.811608187134,20.001145224172,19.701876218324,19.741778752437,130059.0
2014-07-03,19.99,20.16,19.92,20.0,78282.0,0.0,1.0,19.941291423002,20.110877192982,19.871461988304,19.95126705653,78282.0
2014-07-02,19.89,20.07,19.77,19.86,127770.0,0.0,1.0,19.841535087719,20.021096491228,19.72182748538,19.811608187134,127770.0
2014-07-01,19.99,20.32,19.89,19.9,253740.0,0.0,1.0,19.941291423002,20.270487329435,19.841535087719,19.851510721248,253740.0
2014-06-30,20.29,20.58,19.87,19.94,209846.0,0.0,1.0,20.24056042885,20.52985380117,19.821583820663,19.891413255361,209846.0
2014-06-27,19.64,20.56,19.42,20.4,1044367.0,0.0,1.0,19.592144249513,20.509902534113,19.372680311891,20.350292397661,1044367.0
2014-06-26,19.31,19.65,19.3,19.57,82119.0,0.0,1.0,19.26294834308,19.602119883041,19.252972709552,19.522314814815,82119.0
2014-06-25,19.25,19.58,19.21,19.52,100283.0,0.0,1.0,19.20309454191,19.532290448343,19.163192007797,19.472436647173,100283.0
2014-06-24,19.72,19.92,19.39,19.41,128075.0,0.0,1.0,19.671949317739,19.871461988304,19.342753411306,19.362704678363,128075.0
2014-06-23,19.62,19.7,19.47,19.63,101147.0,0.0,1.0,19.572192982456,19.651998050682,19.422558479532,19.582168615984,101147.0
2014-06-20,19.78,19.96,19.7,19.72,273488.0,0.0,1.0,19.731803118908,19.911364522417,19.651998050682,19.671949317739,273488.0
2014-06-19,19.81,19.94,19.73,19.81,92165.0,0.0,1.0,19.761730019493,19.891413255361,19.681924951267,19.761730019493,92165.0
2014-06-18,19.66,19.83,19.54,19.74,163353.0,0.0,1.0,19.612095516569,19.78168128655,19.49238791423,19.691900584795,163353.0
2014-06-17,19.6,19.69,19.45,19.65,112201.0,0.0,1.0,19.5522417154,19.642022417154,19.402607212476,19.602119883041,112201.0
2014-06-16,19.47,19.57,19.29,19.48,125080.0,0.0,1.0,19.422558479532,19.522314814815,19.242997076023,19.43253411306,125080.0
2014-06-13,19.86,19.9,19.5,19.57,122969.0,0.0,1.0,19.811608187134,19.851510721248,19.452485380117,19.522314814815,122969.0
2014-06-12,19.64,19.89,19.57,19.72,110806.0,0.0,1.0,19.592144249513,19.841535087719,19.522314814815,19.671949317739,110806.0
2014-06-11,19.88,20.01,19.62,19.83,126304.0,0.0,1.0,19.831559454191,19.961242690058,19.572192982456,19.78168128655,126304.0
2014-06-10,20.03,20.1,19.86,19.99,82688.0,0.0,1.0,19.981193957115,20.051023391813,19.811608187134,19.941291423002,82688.0
2014-06-09,19.97,20.19,19.82,20.03,145004.0,0.0,1.0,19.921340155945,20.140804093567,19.771705653021,19.981193957115,145004.0
2014-06-06,20.16,20.16,19.83,19.86,185380.0,0.0,1.0,20.110877192982,20.110877192982,19.78168128655,19.811608187134,185380.0
2014-06-05,19.56,20.06,19.37,19.97,129750.0,0.0,1.0,19.512339181287,20.0111208577,19.32280214425,19.921340155945,129750.0
2014-06-04,19.45,19.63,19.38,19.47,98130.0,0.0,1.0,19.402607212476,19.582168615984,19.332777777778,19.422558479532,98130.0
2014-06-03,19.37,19.76,19.37,19.56,697497.0,0.0,1.0,19.32280214425,19.711851851852,19.32280214425,19.512339181287,697497.0
2014-06-02,19.37,19.7,19.365,19.5,145764.0,0.0,1.0,19.32280214425,19.651998050682,19.317814327485,19.452485380117,145764.0
2014-05-30,19.79,19.93,19.43,19.57,118086.0,0.0,1.0,19.741778752437,19.881437621832,19.382655945419,19.522314814815,118086.0
2014-05-29,19.79,19.91,19.48,19.51,124777.0,0.0,1.0,19.741778752437,19.861486354776,19.43253411306,19.462461013645,124777.0
2014-05-28,19.71,19.81,19.602,19.75,79247.0,0.05,1.0,19.661973684211,19.761730019493,19.554236842105,19.701876218324,79247.0
2014-05-27,19.765,20.09,19.69,19.95,234084.0,0.0,1.0,19.667049669453,19.990439051824,19.592421350444,19.851132856341,234084.0
2014-05-23,19.15,19.67,19.15,19.62,145792.0,0.0,1.0,19.055097453581,19.572520465375,19.055097453581,19.522768252702,145792.0
2014-05-22,19.09,19.27,19.04,19.19,79495.0,0.0,1.0,18.995394798374,19.174502763995,18.945642585701,19.094899223719,79495.0
2014-05-21,19.07,19.22,18.99,19.08,103689.0,0.0,1.0,18.975493913305,19.124750551322,18.895890373029,18.985444355839,103689.0
2014-05-20,19.04,19.12,18.91,19.01,227798.0,0.0,1.0,18.945642585701,19.025246125977,18.816286832752,18.915791258098,227798.0
2014-05-16,18.92,18.92,18.65,18.9,204932.0,0.0,1.0,18.826237275287,18.826237275287,18.557575326855,18.806336390218,204932.0
2014-05-15,18.8,18.91,18.5,18.86,178897.0,0.0,1.0,18.706831964873,18.816286832752,18.408318688838,18.76653462008,178897.0
2014-05-14,19.13,19.22,18.79,18.99,218796.0,0.0,1.0,19.035196568512,19.124750551322,18.696881522338,18.895890373029,218796.0
2014-05-13,19.62,19.62,19.22,19.24,182639.0,0.0,1.0,19.522768252702,19.522768252702,19.124750551322,19.144651436391,182639.0
2014-05-12,19.27,19.75,19.14,19.56,156803.0,0.0,1.0,19.174502763995,19.652124005651,19.045147011046,19.463065597495,156803.0
2014-05-08,18.91,19.13,18.85,19.06,172015.0,0.0,1.0,18.816286832752,19.035196568512,18.756584177545,18.96554347077,172015.0
2014-05-07,18.73,18.99,18.65,18.97,117870.0,0.0,1.0,18.637178867131,18.895890373029,18.557575326855,18.87598948796,117870.0
2014-05-06,18.69,19.02,18.68,18.86,192670.0,0.0,1.0,18.597377096993,18.925741700632,18.587426654459,18.76653462008,192670.0
2014-05-05,18.98,19.03,18.7,18.99,113466.0,0.0,1.0,18.885939930494,18.935692143167,18.607327539528,18.895890373029,113466.0
2014-05-02,19.33,19.49,18.965,19.04,120307.0,0.0,1.0,19.234205419202,19.393412499754,18.871014266692,18.945642585701,120307.0
2014-05-01,19.21,19.24,18.76,19.05,166475.0,0.0,1.0,19.114800108788,19.144651436391,18.667030194735,18.955593028236,166475.0
2014-04-30,18.84,19.23,18.76,19.16,244214.0,0.0,1.0,18.746633735011,19.134700993857,18.667030194735,19.065047896115,244214.0
2014-04-29,19.1,19.11,18.91,18.92,235814.0,0.0,1.0,19.005345240908,19.015295683443,18.816286832752,18.826237275287,235814.0
2014-04-28,19.27,19.41,19.0,19.01,220486.0,0.0,1.0,19.174502763995,19.313808959478,18.905840815563,18.915791258098,220486.0
2014-04-25,19.77,19.9,19.3,19.41,202421.0,0.0,1.0,19.67202489072,19.801380643669,19.204354091598,19.313808959478,202421.0
2014-04-24,19.75,19.88,19.54,19.59,94225.0,0.0,1.0,19.652124005651,19.7814797586,19.443164712426,19.492916925099,94225.0
2014-04-23,19.9,19.98,19.73,19.76,173918.0,0.0,1.0,19.801380643669,19.880984183945,19.632223120582,19.662074448186,173918.0
2014-04-22,19.69,20.15,19.69,19.96,113086.0,0.0,1.0,19.592421350444,20.050141707031,19.592421350444,19.861083298876,113086.0
2014-04-21,19.84,19.86,19.52,19.72,79541.0,0.0,1.0,19.741677988462,19.761578873531,19.423263827357,19.622272678048,79541.0
2014-04-17,19.58,19.94,19.5,19.89,133667.0,0.0,1.0,19.482966482564,19.841182413807,19.403362942288,19.791430201134,133667.0
2014-04-16,19.84,19.91,19.69,19.72,80674.0,0.0,1.0,19.741677988462,19.811331086203,19.592421350444,19.622272678048,80674.0
2014-04-15,19.48,19.91,19.4325,19.71,135981.0,0.0,1.0,19.383462057219,19.811331086203,19.33619745518,19.612322235513,135981.0
2014-04-14,20.08,20.09,19.46,19.57,177200.0,0.0,1.0,19.98048860929,19.990439051824,19.36356117215,19.47301604003,177200.0
2014-04-11,20.05,20.14,19.75,19.88,206000.0,0.0,1.0,19.950637281686,20.040191264497,19.652124005651,19.7814797586,206000.0
2014-04-10,19.91,20.42,19.91,20.25,549900.0,0.0,1.0,19.811331086203,20.318803655463,19.811331086203,20.149646132376,549900.0
2014-04-09,19.86,19.96,19.8,19.94,119200.0,0.0,1.0,19.761578873531,19.861083298876,19.701876218324,19.841182413807,119200.0
2014-04-08,19.91,20.12,19.77,19.86,199100.0,0.0,1.0,19.811331086203,20.020290379428,19.67202489072,19.761578873531,199100.0
2014-04-07,19.67,19.97,19.6,19.96,184600.0,0.0,1.0,19.572520465375,19.87103374141,19.502867367633,19.861083298876,184600.0
2014-04-04,20.09,20.25,19.57,19.81,250700.0,0.0,1.0,19.990439051824,20.149646132376,19.47301604003,19.711826660858,250700.0
2014-04-03,20.37,20.37,20.01,20.05,117600.0,0.0,1.0,20.26905144279,20.26905144279,19.910835511548,19.950637281686,117600.0
2014-04-02,20.46,20.6,20.32,20.36,107100.0,0.0,1.0,20.358605425601,20.497911621084,20.219299230118,20.259101000256,107100.0
2014-04-01,20.09,20.61,20.05,20.4,206500.0,0.0,1.0,19.990439051824,20.507862063619,19.950637281686,20.298902770394,206500.0
2014-03-31,19.95,20.18,19.93,20.07,136000.0,0.0,1.0,19.851132856341,20.079993034635,19.831231971272,19.970538166755,136000.0
2014-03-28,19.66,20.16,19.66,19.9,175000.0,0.0,1.0,19.56257002284,20.060092149566,19.56257002284,19.801380643669,175000.0
2014-03-27,19.92,20.01,19.65,19.69,95800.0,0.0,1.0,19.821281528738,19.910835511548,19.552619580306,19.592421350444,95800.0
2014-03-26,20.49,20.49,19.84,19.87,158500.0,0.0,1.0,20.388456753205,20.388456753205,19.741677988462,19.771529316065,158500.0
2014-03-25,20.61,20.65,20.26,20.34,95000.0,0.0,1.0,20.507862063619,20.547663833757,20.159596574911,20.239200115187,95000.0
2014-03-24,20.72,20.82,20.4,20.55,170200.0,0.0,1.0,20.617316931498,20.716821356843,20.298902770394,20.448159408412,170200.0
2014-03-21,20.84,21.18,20.6,20.7,464700.0,0.0,1.0,20.736722241912,21.075037288086,20.497911621084,20.597416046429,464700.0
2014-03-20,19.81,21.11,19.81,20.8,1004000.0,0.0,1.0,19.711826660858,21.005384190344,19.711826660858,20.696920471774,1004000.0
2014-03-19,19.95,20.12,19.89,19.9,384400.0,0.0,1.0,19.851132856341,20.020290379428,19.791430201134,19.801380643669,384400.0
2014-03-18,20.17,20.17,19.99,20.02,152400.0,0.0,1.0,20.0700425921,20.0700425921,19.890934626479,19.920785954083,152400.0
2014-03-17,20.33,20.52,20.07,20.1,238200.0,0.0,1.0,20.229249672652,20.418308080808,19.970538166755,20.000389494359,238200.0
2014-03-14,20.06,20.62,20.06,20.24,123000.0,0.0,1.0,19.960587724221,20.517812506153,19.960587724221,20.139695689842,123000.0
2014-03-13,20.1,20.19,19.97,20.17,152600.0,0.0,1.0,20.000389494359,20.089943477169,19.87103374141,20.0700425921,152600.0
2014-03-12,20.01,20.15,19.88,20.06,106600.0,0.0,1.0,19.910835511548,20.050141707031,19.7814797586,19.960587724221,106600.0
2014-03-11,20.06,20.22,19.93,20.06,77300.0,0.0,1.0,19.960587724221,20.119794804773,19.831231971272,19.960587724221,77300.0
2014-03-10,19.95,20.25,19.92,20.1,99900.0,0.0,1.0,19.851132856341,20.149646132376,19.821281528738,20.000389494359,99900.0
2014-03-07,20.09,20.25,19.94,20.04,175400.0,0.05,1.0,19.990439051824,20.149646132376,19.841182413807,19.940686839152,175400.0
2014-03-06,19.99,20.04,19.75,19.99,118200.0,0.0,1.0,19.84143006046,19.891058449806,19.6032137916,19.84143006046,118200.0
2014-03-05,19.96,20.08,19.79,20.0,107600.0,0.0,1.0,19.811653026853,19.930761161283,19.642916503077,19.851355738329,107600.0
2014-03-04,19.81,20.46,19.78,20.05,259600.0,0.0,1.0,19.662767858815,20.307936920311,19.632990825208,19.900984127675,259600.0
2014-03-03,19.53,19.66,19.34,19.58,89100.0,0.0,1.0,19.384848878479,19.513882690778,19.196260998964,19.434477267824,89100.0
2014-02-28,19.9,20.2,19.6,19.63,252300.0,0.0,1.0,19.752098959638,20.049869295713,19.454328623563,19.48410565717,252300.0
2014-02-27,19.49,19.84,19.34,19.84,65500.0,0.0,1.0,19.345146167002,19.692544892423,19.196260998964,19.692544892423,65500.0
2014-02-26,19.57,19.72,19.31,19.59,99900.0,0.0,1.0,19.424551589955,19.573436757993,19.166483965357,19.444402945694,99900.0
2014-02-25,19.46,19.64,19.3,19.52,366000.0,0.0,1.0,19.315369133394,19.494031335039,19.156558287488,19.374923200609,366000.0
2014-02-24,19.31,19.7,19.23,19.52,114800.0,0.0,1.0,19.166483965357,19.553585402254,19.087078542404,19.374923200609,114800.0
2014-02-21,19.24,19.47,19.15,19.34,208200.0,0.0,1.0,19.097004220273,19.325294811264,19.00767311945,19.196260998964,208200.0
2014-02-20,19.15,19.38,19.0,19.14,176100.0,0.0,1.0,19.00767311945,19.235963710441,18.858787951413,18.997747441581,176100.0
2014-02-19,20.04,20.21,19.12,19.15,257900.0,0.0,1.0,19.891058449806,20.059794973582,18.977896085843,19.00767311945,257900.0
2014-02-18,20.74,20.74,19.88,20.17,86400.0,0.0,1.0,20.585855900647,20.585855900647,19.732247603899,20.020092262105,86400.0
2014-02-14,19.98,20.05,19.66,19.89,66800.0,0.0,1.0,19.831504382591,19.900984127675,19.513882690778,19.742173281768,66800.0
2014-02-13,19.6,20.0,19.49,19.96,172700.0,0.0,1.0,19.454328623563,19.851355738329,19.345146167002,19.811653026853,172700.0
2014-02-12,19.58,19.85,19.57,19.63,78500.0,0.0,1.0,19.434477267824,19.702470570292,19.424551589955,19.48410565717,78500.0
2014-02-11,19.15,19.64,19.05,19.61,140000.0,0.0,1.0,19.00767311945,19.494031335039,18.908416340759,19.464254301432,140000.0
2014-02-10,19.08,19.27,19.04,19.2,108800.0,0.0,1.0,18.938193374366,19.12678125388,18.898490662889,19.057301508796,108800.0
2014-02-07,18.88,19.17,18.81,19.16,180900.0,0.0,1.0,18.739679816983,19.027524475189,18.670200071899,19.017598797319,180900.0
2014-02-06,19.19,19.19,18.81,18.87,157800.0,0.0,1.0,19.047375830927,19.047375830927,18.670200071899,18.729754139114,157800.0
2014-02-05,19.01,19.11,18.77,19.01,181300.0,0.0,1.0,18.868713629282,18.967970407974,18.630497360422,18.868713629282,181300.0
2014-02-04,19.0,19.61,18.99,19.06,284100.0,0.0,1.0,18.858787951413,19.464254301432,18.848862273544,18.918342018628,284100.0
2014-02-03,19.36,19.66,18.81,18.94,248200.0,0.0,1.0,19.216112354703,19.513882690778,18.670200071899,18.799233884198,248200.0
2014-01-31,19.67,19.86,19.45,19.48,251400.0,0.0,1.0,19.523808368647,19.712396248161,19.305443455525,19.335220489133,251400.0
2014-01-30,20.15,20.27,19.53,20.01,336200.0,0.0,1.0,20.000240906367,20.119349040797,19.384848878479,19.861281416198,336200.0
2014-01-29,20.2,20.4,19.57,20.11,370700.0,0.0,1.0,20.049869295713,20.248382853096,19.424551589955,19.96053819489,370700.0
2014-01-28,20.49,20.65,20.38,20.64,116200.0,0.0,1.0,20.337713953918,20.496524799825,20.228531497358,20.486599121956,116200.0
2014-01-27,20.88,20.88,20.45,20.49,147800.0,0.0,1.0,20.724815390816,20.724815390816,20.298011242442,20.337713953918,147800.0
2014-01-24,20.98,21.08,20.62,20.81,128500.0,0.0,1.0,20.824072169507,20.923328948199,20.466747766217,20.655335645732,128500.0
2014-01-23,21.01,21.06,20.7,21.03,117500.0,0.0,1.0,20.853849203115,20.903477592461,20.546153189171,20.873700558853,117500.0
2014-01-22,21.09,21.17,21.05,21.12,70100.0,0.0,1.0,20.933254626068,21.012660049022,20.893551914592,20.963031659676,70100.0
2014-01-21,21.1,21.19,20.9,21.1,149700.0,0.0,1.0,20.943180303937,21.03251140476,20.744666746554,20.943180303937,149700.0
2014-01-17,21.0,21.16,20.88,21.11,186800.0,0.0,1.0,20.843923525246,21.002734371152,20.724815390816,20.953105981807,186800.0
2014-01-16,21.11,21.18,20.72,21.06,229500.0,0.0,1.0,20.953105981807,21.022585726891,20.566004544909,20.903477592461,229500.0
2014-01-15,21.0,21.3,20.95,21.15,134600.0,0.0,1.0,20.843923525246,21.141693861321,20.7942951359,20.992808693283,134600.0
2014-01-14,20.89,21.07,20.65,21.03,92000.0,0.0,1.0,20.734741068685,20.91340327033,20.496524799825,20.873700558853,92000.0
2014-01-13,21.18,21.25,20.66,20.82,173100.0,0.0,1.0,21.022585726891,21.092065471975,20.506450477694,20.665261323601,173100.0
2014-01-10,21.37,21.37,20.97,21.28,131500.0,0.0,1.0,21.211173606405,21.211173606405,20.814146491638,21.121842505582,131500.0
2014-01-09,21.45,21.45,21.15,21.34,98800.0,0.0,1.0,21.290579029358,21.290579029358,20.992808693283,21.181396572797,98800.0
2014-01-08,21.32,21.43,21.01,21.33,110100.0,0.0,1.0,21.161545217059,21.27072767362,20.853849203115,21.171470894928,110100.0
2014-01-07,21.26,21.42,20.92,21.32,138900.0,0.0,1.0,21.101991149844,21.260801995751,20.764518102292,21.161545217059,138900.0
2014-01-06,21.2,21.48,21.02,21.15,158300.0,0.0,1.0,21.042437082629,21.320356062966,20.863774880984,20.992808693283,158300.0
2014-01-03,21.22,21.46,21.05,21.07,88000.0,0.0,1.0,21.062288438367,21.300504707227,20.893551914592,20.91340327033,88000.0
2014-01-02,21.33,21.38,21.17,21.24,173900.0,0.0,1.0,21.171470894928,21.221099284274,21.012660049022,21.082139794106,173900.0
2013-12-31,21.48,21.61,21.4,21.4,173100.0,0.0,1.0,21.320356062966,21.449389875265,21.240950640012,21.240950640012,173100.0
2013-12-30,21.62,21.62,21.32,21.41,117000.0,0.0,1.0,21.459315553134,21.459315553134,21.161545217059,21.250876317881,117000.0
2013-12-27,21.82,21.88,21.45,21.58,144700.0,0.0,1.0,21.657829110517,21.717383177732,21.290579029358,21.419612841657,144700.0
2013-12-26,21.64,21.76,21.32,21.72,138700.0,0.0,1.0,21.479166908872,21.598275043302,21.161545217059,21.558572331826,138700.0
2013-12-24,21.57,21.79,21.28,21.51,139100.0,0.0,1.0,21.409687163788,21.62805207691,21.121842505582,21.350133096573,139100.0
2013-12-23,21.74,21.74,21.42,21.49,222000.0,0.0,1.0,21.578423687564,21.578423687564,21.260801995751,21.330281740835,222000.0
2013-12-20,20.53,21.62,20.53,21.62,1451900.0,0.0,1.0,20.377416665395,21.459315553134,20.377416665395,21.459315553134,1451900.0
2013-12-19,20.59,20.82,20.45,20.53,163000.0,0.0,1.0,20.43697073261,20.665261323601,20.298011242442,20.377416665395,163000.0
2013-12-18,20.24,20.56,20.05,20.56,191700.0,0.0,1.0,20.089572007189,20.407193699002,19.900984127675,20.407193699002,191700.0
2013-12-17,20.38,20.42,20.18,20.27,88900.0,0.0,1.0,20.228531497358,20.268234208834,20.030017939974,20.119349040797,88900.0
2013-12-16,20.09,20.44,20.09,20.33,148800.0,0.0,1.0,19.940686839152,20.288085564573,19.940686839152,20.178903108012,148800.0
2013-12-13,20.27,20.42,20.08,20.08,116700.0,0.0,1.0,20.119349040797,20.268234208834,19.930761161283,19.930761161283,116700.0
2013-12-12,20.2,20.24,19.97,20.18,97900.0,0.0,1.0,20.049869295713,20.089572007189,19.821578704722,20.030017939974,97900.0
2013-12-11,20.11,20.18,19.88,20.13,149300.0,0.0,1.0,19.96053819489,20.030017939974,19.732247603899,19.980389550628,149300.0
2013-12-10,20.68,20.68,20.0,20.04,163900.0,0.0,1.0,20.526301833432,20.526301833432,19.851355738329,19.891058449806,163900.0
2013-12-09,20.87,20.94,20.41,20.67,189200.0,0.0,1.0,20.714889712947,20.784369458031,20.258308530965,20.516376155563,189200.0
2013-12-06,20.77,21.0,20.57,20.91,93700.0,0.0,1.0,20.615632934255,20.843923525246,20.417119376872,20.754592424423,93700.0
2013-12-05,20.95,21.07,20.5,20.56,79700.0,0.0,1.0,20.7942951359,20.91340327033,20.347639631787,20.407193699002,79700.0
2013-12-04,21.02,21.13,20.75,20.99,171400.0,0.0,1.0,20.863774880984,20.972957337545,20.595781578517,20.833997847377,171400.0
2013-12-03,20.87,21.05,20.77,21.04,145800.0,0.0,1.0,20.714889712947,20.893551914592,20.615632934255,20.883626236722,145800.0
2013-12-02,21.21,21.21,20.7,20.85,125400.0,0.0,1.0,21.052362760498,21.052362760498,20.546153189171,20.695038357208,125400.0
2013-11-29,21.13,21.38,21.12,21.18,78700.0,0.0,1.0,20.972957337545,21.221099284274,20.963031659676,21.022585726891,78700.0
2013-11-27,21.01,21.14,20.92,21.02,98000.0,0.0,1.0,20.853849203115,20.982883015414,20.764518102292,20.863774880984,98000.0
2013-11-26,20.88,21.06,20.83,20.95,156100.0,0.05,1.0,20.724815390816,20.903477592461,20.67518700147,20.7942951359,156100.0
2013-11-25,20.78,21.03,20.72,20.96,206500.0,0.0,1.0,20.576450139238,20.824001271808,20.517037867421,20.754686954689,206500.0
2013-11-22,20.89,20.95,20.66,20.8,88300.0,0.0,1.0,20.685372637569,20.744784909386,20.457625595604,20.596254229844,88300.0
2013-11-21,20.7,20.95,20.57,20.83,207700.0,0.0,1.0,20.497233776816,20.744784909386,20.368507187879,20.625960365752,207700.0
2013-11-20,20.4,20.6,20.12,20.6,201900.0,0.0,1.0,20.200172417731,20.398213323788,19.922915149253,20.398213323788,201900.0
2013-11-19,20.28,20.73,20.26,20.31,99500.0,0.0,1.0,20.081347874098,20.526939912724,20.061543783492,20.111054010006,99500.0
2013-11-18,20.37,20.5,20.22,20.34,42800.0,0.0,1.0,20.170466281823,20.299192870759,20.021935602281,20.140760145914,42800.0
2013-11-15,20.53,20.79,20.16,20.28,94800.0,0.0,1.0,20.328899006668,20.586352184541,19.962523330464,20.081347874098,94800.0
2013-11-14,20.47,20.64,20.33,20.57,90400.0,0.0,1.0,20.269486734851,20.437821504999,20.130858100612,20.368507187879,90400.0
2013-11-13,20.15,20.57,20.15,20.52,92100.0,0.0,1.0,19.952621285161,20.368507187879,19.952621285161,20.318996961365,92100.0
2013-11-12,20.28,20.42,20.15,20.24,93400.0,0.0,1.0,20.081347874098,20.219976508337,19.952621285161,20.041739692886,93400.0
2013-11-11,20.42,20.42,20.1,20.25,54100.0,0.0,1.0,20.219976508337,20.219976508337,19.903111058647,20.051641738189,54100.0
2013-11-08,20.22,20.55,20.22,20.47,80000.0,0.0,1.0,20.021935602281,20.348703097273,20.021935602281,20.269486734851,80000.0
2013-11-07,20.58,20.58,20.08,20.21,144100.0,0.0,1.0,20.378409233182,20.378409233182,19.883306968041,20.012033556978,144100.0
2013-11-06,20.39,20.52,20.05,20.48,80100.0,0.0,1.0,20.190270372429,20.318996961365,19.853600832133,20.279388780154,80100.0
2013-11-05,20.45,20.64,20.2,20.27,88600.0,0.0,1.0,20.249682644245,20.437821504999,20.002131511675,20.071445828795,88600.0
2013-11-04,20.46,20.55,20.04,20.45,283300.0,0.0,1.0,20.259584689548,20.348703097273,19.84369878683,20.249682644245,283300.0
2013-11-01,20.92,20.93,20.0,20.37,445700.0,0.0,1.0,20.715078773477,20.72498081878,19.804090605619,20.170466281823,445700.0
2013-10-31,21.07,21.3,20.8,21.0,153100.0,0.0,1.0,20.86360945302,21.091356494984,20.596254229844,20.7942951359,153100.0
2013-10-30,21.32,21.42,20.95,21.01,269100.0,0.0,1.0,21.11116058559,21.210181038618,20.744784909386,20.804197181203,269100.0
2013-10-29,21.39,21.69,21.28,21.29,172300.0,0.0,1.0,21.180474902709,21.477536261794,21.071552404379,21.081454449681,172300.0
2013-10-28,21.75,21.75,21.1,21.3,76800.0,0.0,1.0,21.536948533611,21.536948533611,20.893315588928,21.091356494984,76800.0
2013-10-25,21.38,21.82,20.61,21.68,214900.0,0.0,1.0,21.170572857407,21.60626285073,20.40811536909,21.467634216491,214900.0
2013-10-24,21.01,21.33,20.88,21.24,93000.0,0.0,1.0,20.804197181203,21.121062630893,20.675470592266,21.031944223167,93000.0
2013-10-23,21.24,21.29,20.93,21.0,145800.0,0.0,1.0,21.031944223167,21.081454449681,20.72498081878,20.7942951359,145800.0
2013-10-22,21.36,21.47,21.2,21.24,111100.0,0.0,1.0,21.150768766801,21.259691265132,20.992336041956,21.031944223167,111100.0
2013-10-21,21.16,21.5,21.04,21.25,140500.0,0.0,1.0,20.952727860745,21.28939740104,20.833903317111,21.04184626847,140500.0
2013-10-18,21.26,21.48,20.95,21.21,192700.0,0.0,1.0,21.051748313773,21.269593310435,20.744784909386,21.002238087259,192700.0
2013-10-17,20.68,21.04,20.59,20.99,80800.0,0.0,1.0,20.47742968621,20.833903317111,20.388311278485,20.784393090597,80800.0
2013-10-16,20.88,20.93,20.66,20.68,50100.0,0.0,1.0,20.675470592266,20.72498081878,20.457625595604,20.47742968621,50100.0
2013-10-15,20.97,21.04,20.72,20.75,56700.0,0.0,1.0,20.764588999991,20.833903317111,20.517037867421,20.54674400333,56700.0
2013-10-14,20.69,21.03,20.54,20.92,78700.0,0.0,1.0,20.487331731513,20.824001271808,20.338801051971,20.715078773477,78700.0
2013-10-11,20.08,20.74,20.08,20.72,97700.0,0.0,1.0,19.883306968041,20.536841958027,19.883306968041,20.517037867421,97700.0
2013-10-10,20.25,20.32,20.12,20.17,130700.0,0.0,1.0,20.051641738189,20.120956055309,19.922915149253,19.972425375767,130700.0
2013-10-09,20.2,20.2,19.86,20.06,169900.0,0.0,1.0,20.002131511675,20.002131511675,19.66546197138,19.863502877436,169900.0
2013-10-08,20.39,20.42,20.1,20.11,81600.0,0.0,1.0,20.190270372429,20.219976508337,19.903111058647,19.91301310395,81600.0
2013-10-07,20.82,20.82,20.29,20.38,72700.0,0.0,1.0,20.616058320449,20.616058320449,20.0912499194,20.180368327126,72700.0
2013-10-04,20.4,21.03,20.4,20.9,69400.0,0.0,1.0,20.200172417731,20.824001271808,20.200172417731,20.695274682872,69400.0
2013-10-03,20.68,21.02,20.07,20.46,205500.0,0.0,1.0,20.47742968621,20.814099226506,19.873404922739,20.259584689548,205500.0
2013-10-02,21.12,21.31,20.67,20.76,95200.0,0.0,1.0,20.913119679534,21.101258540287,20.467527640907,20.556646048632,95200.0
2013-10-01,20.6,21.28,20.45,21.2,183100.0,0.0,1.0,20.398213323788,21.071552404379,20.249682644245,20.992336041956,183100.0
2013-09-30,20.7,20.95,20.3,20.54,162500.0,0.0,1.0,20.497233776816,20.744784909386,20.101151964703,20.338801051971,162500.0
2013-09-27,20.65,21.01,20.58,20.88,77700.0,0.0,1.0,20.447723550302,20.804197181203,20.378409233182,20.675470592266,77700.0
2013-09-26,20.97,20.97,20.6,20.77,50900.0,0.0,1.0,20.764588999991,20.764588999991,20.398213323788,20.566548093935,50900.0
2013-09-25,21.02,21.13,20.78,20.95,120500.0,0.0,1.0,20.814099226506,20.923021724836,20.576450139238,20.744784909386,120500.0
2013-09-24,21.07,21.07,20.94,21.02,126100.0,0.0,1.0,20.86360945302,20.86360945302,20.734882864083,20.814099226506,126100.0
2013-09-23,20.75,21.03,20.48,21.02,190500.0,0.0,1.0,20.54674400333,20.824001271808,20.279388780154,20.814099226506,190500.0
2013-09-20,20.95,21.02,20.48,20.85,745900.0,0.0,1.0,20.744784909386,20.814099226506,20.279388780154,20.645764456358,745900.0
2013-09-19,20.97,21.02,20.74,20.91,128300.0,0.0,1.0,20.764588999991,20.814099226506,20.536841958027,20.705176728175,128300.0
2013-09-18,20.71,21.0,20.56,20.9,175000.0,0.0,1.0,20.507135822118,20.7942951359,20.358605142576,20.695274682872,175000.0
2013-09-17,20.52,20.8,19.73,20.76,204600.0,0.0,1.0,20.318996961365,20.596254229844,19.536735382443,20.556646048632,204600.0
2013-09-16,21.39,21.39,20.85,20.94,220500.0,0.0,1.0,21.180474902709,21.180474902709,20.645764456358,20.734882864083,220500.0
2013-09-13,20.54,20.99,20.5,20.87,95400.0,0.0,1.0,20.338801051971,20.784393090597,20.299192870759,20.665568546963,95400.0
2013-09-12,20.41,20.62,20.28,20.45,77900.0,0.0,1.0,20.210074463034,20.418017414393,20.081347874098,20.249682644245,77900.0
2013-09-11,20.63,20.88,20.35,20.47,76200.0,0.0,1.0,20.427919459696,20.675470592266,20.150662191217,20.269486734851,76200.0
2013-09-10,20.56,20.74,20.4,20.69,145900.0,0.0,1.0,20.358605142576,20.536841958027,20.200172417731,20.487331731513,145900.0
2013-09-09,20.37,20.64,19.99,20.54,121100.0,0.0,1.0,20.170466281823,20.437821504999,19.794188560316,20.338801051971,121100.0
2013-09-06,20.41,20.58,19.75,20.4,112500.0,0.0,1.0,20.210074463034,20.378409233182,19.556539473049,20.200172417731,112500.0
2013-09-05,20.07,20.49,19.82,20.3,165700.0,0.0,1.0,19.873404922739,20.289290825457,19.625853790168,20.101151964703,165700.0
2013-09-04,19.73,20.54,19.56,20.11,280400.0,0.0,1.0,19.536735382443,20.338801051971,19.368400612295,19.91301310395,280400.0
2013-09-03,19.68,19.82,19.51,19.66,61900.0,0.0,1.0,19.487225155929,19.625853790168,19.318890385781,19.467421065323,61900.0
2013-08-30,19.66,19.85,19.54,19.55,134100.0,0.0,1.0,19.467421065323,19.655559926077,19.34859652169,19.358498566993,134100.0
2013-08-29,19.65,19.8,19.65,19.73,46600.0,0.0,1.0,19.457519020021,19.606049699563,19.457519020021,19.536735382443,46600.0
2013-08-28,19.59,19.77,19.2,19.69,80000.0,0.05,1.0,19.398106748204,19.576343563654,19.011926981394,19.497127201232,80000.0
2013-08-27,19.92,20.11,19.4,19.58,94400.0,0.0,1.0,19.67491255565,19.862574874203,19.161310420664,19.339095775082,94400.0
2013-08-26,19.68,20.19,19.58,20.0,33800.0,0.0,1.0,19.437865416426,19.941590587278,19.339095775082,19.753928268725,33800.0
2013-08-23,20.21,20.43,19.36,19.65,85300.0,0.0,1.0,19.961344515547,20.178637726503,19.121802564126,19.408234524023,85300.0
2013-08-22,19.61,20.27,19.53,20.24,53900.0,0.0,1.0,19.368726667485,20.020606300353,19.28971095441,19.99097540795,53900.0
2013-08-21,19.68,19.95,19.47,19.64,72400.0,0.0,1.0,19.437865416426,19.704543448053,19.230449169604,19.398357559888,72400.0
2013-08-20,19.43,19.79,19.42,19.77,51400.0,0.0,1.0,19.190941313067,19.546512021904,19.181064348932,19.526758093635,51400.0
2013-08-19,19.8,19.97,19.43,19.43,71200.0,0.0,1.0,19.556388986038,19.724297376322,19.190941313067,19.190941313067,71200.0
2013-08-16,20.18,20.41,19.78,19.84,91000.0,0.0,1.0,19.931713623144,20.158883798234,19.536635057769,19.595896842575,91000.0
2013-08-15,20.14,20.63,19.97,20.3,94700.0,0.0,1.0,19.892205766606,20.37617700919,19.724297376322,20.050237192756,94700.0
2013-08-14,20.18,20.38,20.02,20.27,72200.0,0.0,1.0,19.931713623144,20.129252905831,19.773682196994,20.020606300353,72200.0
2013-08-13,20.36,20.46,19.98,20.19,45400.0,0.0,1.0,20.109498977562,20.208268618906,19.734174340457,19.941590587278,45400.0
2013-08-12,20.5,20.63,20.2,20.42,131500.0,0.0,1.0,20.247776475443,20.37617700919,19.951467551413,20.168760762369,131500.0
2013-08-09,20.5,20.65,20.4,20.55,84500.0,0.0,1.0,20.247776475443,20.395930937459,20.1490068341,20.297161296115,84500.0
2013-08-08,20.49,20.88,20.49,20.54,90600.0,0.0,1.0,20.237899511309,20.623101112549,20.237899511309,20.287284331981,90600.0
2013-08-07,20.4,20.47,20.35,20.4,63500.0,0.0,1.0,20.1490068341,20.21814558304,20.099622013428,20.1490068341,63500.0
2013-08-06,20.47,21.18,20.33,20.46,166100.0,0.0,1.0,20.21814558304,20.91941003658,20.079868085159,20.208268618906,166100.0
2013-08-05,20.59,20.76,20.32,20.44,87000.0,0.0,1.0,20.336669152653,20.504577542937,20.069991121025,20.188514690637,87000.0
2013-08-02,20.38,20.8,20.02,20.66,84500.0,0.0,1.0,20.129252905831,20.544085399474,19.773682196994,20.405807901593,84500.0
2013-08-01,20.07,20.45,20.07,20.41,145700.0,0.0,1.0,19.823067017666,20.198391654772,19.823067017666,20.158883798234,145700.0
2013-07-31,20.27,20.37,19.98,20.0,113000.0,0.0,1.0,20.020606300353,20.119375941697,19.734174340457,19.753928268725,113000.0
2013-07-30,20.02,20.21,20.0,20.21,97400.0,0.0,1.0,19.773682196994,19.961344515547,19.753928268725,19.961344515547,97400.0
2013-07-29,20.0,20.08,19.88,19.95,80300.0,0.0,1.0,19.753928268725,19.8329439818,19.635404699113,19.704543448053,80300.0
2013-07-26,19.65,20.25,19.47,19.98,102400.0,0.0,1.0,19.408234524023,20.000852372084,19.230449169604,19.734174340457,102400.0
2013-07-25,20.03,20.16,19.73,20.16,136900.0,0.0,1.0,19.783559161128,19.911959694875,19.487250237098,19.911959694875,136900.0
2013-07-24,19.93,20.19,19.89,20.09,78300.0,0.0,1.0,19.684789519785,19.941590587278,19.645281663247,19.842820945935,78300.0
2013-07-23,19.96,20.14,19.85,19.97,135400.0,0.0,1.0,19.714420412188,19.892205766606,19.60577380671,19.724297376322,135400.0
2013-07-22,19.64,20.3,19.58,20.0,152700.0,0.0,1.0,19.398357559888,20.050237192756,19.339095775082,19.753928268725,152700.0
2013-07-19,19.42,19.67,19.33,19.59,151700.0,0.0,1.0,19.181064348932,19.427988452291,19.092171671723,19.348972739216,151700.0
2013-07-18,19.46,19.51,19.31,19.47,115100.0,0.0,1.0,19.22057220547,19.269957026142,19.072417743454,19.230449169604,115100.0
2013-07-17,19.49,19.7,19.39,19.48,92300.0,0.0,1.0,19.250203097873,19.457619344694,19.151433456529,19.240326133738,92300.0
2013-07-16,19.56,19.85,19.44,19.5,138400.0,0.0,1.0,19.319341846813,19.60577380671,19.200818277201,19.260080062007,138400.0
2013-07-15,19.5,19.67,19.42,19.6,165800.0,0.0,1.0,19.260080062007,19.427988452291,19.181064348932,19.358849703351,165800.0
2013-07-12,19.34,19.54,19.19,19.48,142200.0,0.0,1.0,19.102048635857,19.299587918545,18.953894173842,19.240326133738,142200.0
2013-07-11,19.4,19.52,19.23,19.3,260600.0,0.0,1.0,19.161310420664,19.279833990276,18.993402030379,19.06254077932,260600.0
2013-07-10,18.94,19.31,18.88,19.31,173700.0,0.0,1.0,18.706970070483,19.072417743454,18.647708285677,19.072417743454,173700.0
2013-07-09,18.83,18.95,18.79,18.92,157400.0,0.0,1.0,18.598323465005,18.716847034617,18.558815608467,18.687216142214,157400.0
2013-07-08,18.92,18.97,18.69,18.77,136900.0,0.0,1.0,18.687216142214,18.736600962886,18.460045967124,18.539061680199,136900.0
2013-07-05,18.82,18.95,18.68,18.9,215700.0,0.0,1.0,18.58844650087,18.716847034617,18.450169002989,18.667462213945,215700.0
2013-07-03,18.71,18.74,18.55,18.64,54600.0,0.0,1.0,18.479799895393,18.509430787796,18.321768469243,18.410661146452,54600.0
2013-07-02,19.0,19.15,18.65,18.7,228700.0,0.0,1.0,18.766231855289,18.914386317304,18.420538110586,18.469922931258,228700.0
2013-07-01,19.69,19.76,18.88,19.02,463400.0,0.0,1.0,19.44774238056,19.516881129501,18.647708285677,18.785985783558,463400.0
2013-06-28,19.6,19.82,19.27,19.7,3784900.0,0.0,1.0,19.358849703351,19.576142914307,19.032909886917,19.457619344694,3784900.0
2013-06-27,19.37,19.66,19.1,19.66,434600.0,0.0,1.0,19.13167952826,19.418111488157,18.865001496633,19.418111488157,434600.0
2013-06-26,19.38,19.38,18.92,19.37,519800.0,0.0,1.0,19.141556492395,19.141556492395,18.687216142214,19.13167952826,519800.0
2013-06-25,19.11,19.3,18.69,19.3,480000.0,0.0,1.0,18.874878460767,19.06254077932,18.460045967124,19.06254077932,480000.0
2013-06-24,18.45,19.04,18.45,19.04,665700.0,0.0,1.0,18.222998827899,18.805739711826,18.222998827899,18.805739711826,665700.0
2013-06-21,18.7,19.21,18.43,18.43,1388400.0,0.0,1.0,18.469922931258,18.973648102111,18.20324489963,18.20324489963,1388400.0
2013-06-20,18.83,18.91,18.53,18.75,645300.0,0.0,1.0,18.598323465005,18.67733917808,18.302014540974,18.51930775193,645300.0
2013-06-19,18.98,19.09,18.83,18.91,1133500.0,0.0,1.0,18.74647792702,18.855124532498,18.598323465005,18.67733917808,1133500.0
2013-06-18,18.8,18.97,18.67,18.96,683500.0,0.0,1.0,18.568692572602,18.736600962886,18.440292038855,18.726723998752,683500.0
2013-06-17,18.61,18.86,18.47,18.75,658900.0,0.0,1.0,18.381030254049,18.627954357408,18.242752756168,18.51930775193,658900.0
2013-06-14,18.5,18.57,18.41,18.55,321200.0,0.0,1.0,18.272383648571,18.341522397511,18.183490971362,18.321768469243,321200.0
2013-06-13,18.44,18.51,18.26,18.49,151600.0,0.0,1.0,18.213121863765,18.282260612705,18.035336509346,18.262506684437,151600.0
2013-06-12,18.5,18.64,18.24,18.43,182800.0,0.0,1.0,18.272383648571,18.410661146452,18.015582581077,18.20324489963,182800.0
2013-06-11,18.33,18.49,18.23,18.44,319700.0,0.0,1.0,18.104475258287,18.262506684437,18.005705616943,18.213121863765,319700.0
2013-06-10,18.35,18.49,18.17,18.4,465400.0,0.0,1.0,18.124229186555,18.262506684437,17.946443832137,18.173614007227,465400.0
2013-06-07,18.29,18.42,18.21,18.29,128200.0,0.0,1.0,18.064967401749,18.193367935496,17.985951688674,18.064967401749,128200.0
2013-06-06,18.28,18.48,18.12,18.23,172500.0,0.0,1.0,18.055090437615,18.252629720302,17.897059011465,18.005705616943,172500.0
2013-06-05,18.13,18.31,18.09,18.22,210000.0,0.0,1.0,17.906935975599,18.084721330018,17.867428119062,17.995828652809,210000.0
2013-06-04,18.26,18.32,18.11,18.19,121800.0,0.0,1.0,18.035336509346,18.094598294152,17.887182047331,17.966197760406,121800.0
2013-06-03,18.13,18.33,18.0,18.2,721500.0,0.0,1.0,17.906935975599,18.104475258287,17.778535441853,17.97607472454,721500.0
2013-05-31,18.4,18.51,18.07,18.14,449100.0,0.0,1.0,18.173614007227,18.282260612705,17.847674190793,17.916812939734,449100.0
2013-05-30,18.41,18.53,18.41,18.48,106100.0,0.0,1.0,18.183490971362,18.302014540974,18.183490971362,18.252629720302,106100.0
2013-05-29,18.33,18.57,18.32,18.55,33700.0,0.05,1.0,18.104475258287,18.341522397511,18.094598294152,18.321768469243,33700.0
2013-05-28,18.58,18.58,18.45,18.55,145800.0,0.0,1.0,18.302067642932,18.302067642932,18.17401227191,18.272516403465,145800.0
2013-05-24,18.28,18.54,18.28,18.52,178900.0,0.0,1.0,18.006555248266,18.26266599031,18.006555248266,18.242965163999,178900.0
2013-05-23,18.14,18.55,18.07,18.38,585100.0,0.0,1.0,17.868649464089,18.272516403465,17.799696572001,18.105059379822,585100.0
2013-05-22,18.42,18.58,18.06,18.18,87800.0,0.0,1.0,18.144461032444,18.302067642932,17.789846158845,17.908051116711,87800.0
2013-05-21,18.4,18.44,18.16,18.39,196800.0,0.0,1.0,18.124760206133,18.164161858755,17.8883502904,18.114909792977,196800.0
2013-05-20,18.43,18.49,18.09,18.4,83600.0,0.0,1.0,18.154311445599,18.213413924532,17.819397398312,18.124760206133,83600.0
2013-05-17,18.43,18.43,18.3,18.39,169400.0,0.0,1.0,18.154311445599,18.154311445599,18.026256074578,18.114909792977,169400.0
2013-05-16,18.48,18.54,18.26,18.41,273200.0,0.0,1.0,18.203563511377,18.26266599031,17.986854421955,18.134610619288,273200.0
2013-05-15,18.38,18.51,18.16,18.43,288300.0,0.0,1.0,18.105059379822,18.233114750843,17.8883502904,18.154311445599,288300.0
2013-05-14,18.16,18.75,18.14,18.5,958500.0,0.0,1.0,17.8883502904,18.469524666575,17.868649464089,18.223264337688,958500.0
2013-05-13,18.55,18.78,18.06,18.13,163000.0,0.0,1.0,18.272516403465,18.499075906042,17.789846158845,17.858799050934,163000.0
2013-05-10,18.43,18.55,18.28,18.49,589300.0,0.0,1.0,18.154311445599,18.272516403465,18.006555248266,18.213413924532,589300.0
2013-05-09,18.28,18.47,18.15,18.38,79400.0,0.0,1.0,18.006555248266,18.193713098221,17.878499877245,18.105059379822,79400.0
2013-05-08,18.31,18.34,18.06,18.21,47600.0,0.0,1.0,18.036106487733,18.0656577272,17.789846158845,17.937602356178,47600.0
2013-05-07,18.1,18.39,18.07,18.34,61100.0,0.0,1.0,17.829247811467,18.114909792977,17.799696572001,18.0656577272,61100.0
2013-05-06,18.05,18.15,17.89,18.11,238500.0,0.0,1.0,17.77999574569,17.878499877245,17.622389135202,17.839098224623,238500.0
2013-05-03,18.17,18.22,18.0,18.08,54900.0,0.0,1.0,17.898200703556,17.947452769333,17.730743679912,17.809546985156,54900.0
2013-05-02,18.29,18.29,17.92,18.09,189700.0,0.0,1.0,18.016405661422,18.016405661422,17.651940374668,17.819397398312,189700.0
2013-05-01,17.97,18.02,17.77,17.9,259000.0,0.0,1.0,17.701192440446,17.750444506223,17.504184177336,17.632239548357,259000.0
2013-04-30,17.95,18.22,17.92,18.06,200400.0,0.0,1.0,17.681491614135,17.947452769333,17.651940374668,17.789846158845,200400.0
2013-04-29,18.2,18.24,17.96,18.01,219600.0,0.0,1.0,17.927751943022,17.967153595644,17.69134202729,17.740594093068,219600.0
2013-04-26,18.18,18.26,17.92,18.18,215400.0,0.0,1.0,17.908051116711,17.986854421955,17.651940374668,17.908051116711,215400.0
2013-04-25,17.8,18.21,17.8,18.15,199600.0,0.0,1.0,17.533735416802,17.937602356178,17.533735416802,17.878499877245,199600.0
2013-04-24,18.05,18.05,17.69,17.7,635600.0,0.0,1.0,17.77999574569,17.77999574569,17.425380872092,17.435231285247,635600.0
2013-04-23,18.22,18.27,18.0,18.04,127000.0,0.0,1.0,17.947452769333,17.996704835111,17.730743679912,17.770145332534,127000.0
2013-04-22,18.21,18.25,18.11,18.15,36500.0,0.0,1.0,17.937602356178,17.9770040088,17.839098224623,17.878499877245,36500.0
2013-04-19,18.32,18.39,18.17,18.33,13800.0,0.0,1.0,18.045956900889,18.114909792977,17.898200703556,18.055807314044,13800.0
2013-04-18,18.4,18.4,18.27,18.33,65700.0,0.0,1.0,18.124760206133,18.124760206133,17.996704835111,18.055807314044,65700.0
2013-04-17,18.44,18.45,18.31,18.37,56100.0,0.0,1.0,18.164161858755,18.17401227191,18.036106487733,18.095208966666,56100.0
2013-04-16,18.51,18.6,18.4,18.5,541600.0,0.0,1.0,18.233114750843,18.321768469243,18.124760206133,18.223264337688,541600.0
2013-04-15,18.74,18.74,18.42,18.51,117000.0,0.0,1.0,18.45967425342,18.45967425342,18.144461032444,18.233114750843,117000.0
2013-04-12,18.51,18.75,18.49,18.74,250100.0,0.0,1.0,18.233114750843,18.469524666575,18.213413924532,18.45967425342,250100.0
2013-04-11,18.49,18.56,18.38,18.5,516200.0,0.0,1.0,18.213413924532,18.282366816621,18.105059379822,18.223264337688,516200.0
2013-04-10,18.27,18.45,18.27,18.39,97200.0,0.0,1.0,17.996704835111,18.17401227191,17.996704835111,18.114909792977,97200.0
2013-04-09,18.41,18.47,18.26,18.31,24200.0,0.0,1.0,18.134610619288,18.193713098221,17.986854421955,18.036106487733,24200.0
2013-04-08,18.45,18.45,18.15,18.37,51800.0,0.0,1.0,18.17401227191,18.17401227191,17.878499877245,18.095208966666,51800.0
2013-04-05,18.31,18.43,18.31,18.37,13500.0,0.0,1.0,18.036106487733,18.154311445599,18.036106487733,18.095208966666,13500.0
2013-04-04,18.24,18.5,18.24,18.47,169500.0,0.0,1.0,17.967153595644,18.223264337688,17.967153595644,18.193713098221,169500.0
2013-04-03,18.42,18.51,18.29,18.34,46000.0,0.0,1.0,18.144461032444,18.233114750843,18.016405661422,18.0656577272,46000.0
2013-04-02,18.61,18.69,18.32,18.38,34800.0,0.0,1.0,18.331618882398,18.410422187642,18.045956900889,18.105059379822,34800.0
2013-04-01,18.3,18.6,18.11,18.55,75900.0,0.0,1.0,18.026256074578,18.321768469243,17.839098224623,18.272516403465,75900.0
2013-03-28,18.35,18.35,18.08,18.3,113600.0,0.0,1.0,18.075508140355,18.075508140355,17.809546985156,18.026256074578,113600.0
2013-03-27,18.64,18.64,18.08,18.3,111200.0,0.0,1.0,18.361170121865,18.361170121865,17.809546985156,18.026256074578,111200.0
2013-03-26,18.8,18.8,18.52,18.69,38100.0,0.0,1.0,18.518776732353,18.518776732353,18.242965163999,18.410422187642,38100.0
2013-03-25,18.85,18.92,18.55,18.72,17500.0,0.0,1.0,18.56802879813,18.636981690219,18.272516403465,18.439973427109,17500.0
2013-03-22,18.82,18.84,18.72,18.81,28200.0,0.0,1.0,18.538477558664,18.558178384975,18.439973427109,18.528627145508,28200.0
2013-03-21,18.97,19.04,18.74,18.8,19900.0,0.0,1.0,18.686233755996,18.755186648085,18.45967425342,18.518776732353,19900.0
2013-03-20,19.0,19.09,18.88,19.01,40300.0,0.0,1.0,18.715784995463,18.804438713863,18.597580037597,18.725635408618,40300.0
2013-03-19,18.78,18.95,18.65,18.88,26100.0,0.0,1.0,18.499075906042,18.666532929685,18.37102053502,18.597580037597,26100.0
2013-03-18,18.75,18.95,18.63,18.78,270700.0,0.0,1.0,18.469524666575,18.666532929685,18.351319708709,18.499075906042,270700.0
2013-03-15,19.0,19.07,18.86,18.89,405000.0,0.0,1.0,18.715784995463,18.784737887552,18.577879211286,18.607430450752,405000.0
2013-03-14,18.72,19.05,18.71,18.96,212800.0,0.0,1.0,18.439973427109,18.765037061241,18.430123013953,18.676383342841,212800.0
2013-03-13,18.46,18.95,18.43,18.76,240800.0,0.0,1.0,18.183862685066,18.666532929685,18.154311445599,18.479375079731,240800.0
2013-03-12,18.44,18.52,18.32,18.5,96400.0,0.0,1.0,18.164161858755,18.242965163999,18.045956900889,18.223264337688,96400.0
2013-03-11,18.39,18.55,18.34,18.41,159500.0,0.0,1.0,18.114909792977,18.272516403465,18.0656577272,18.134610619288,159500.0
2013-03-08,18.5,18.57,18.34,18.45,52400.0,0.0,1.0,18.223264337688,18.292217229776,18.0656577272,18.17401227191,52400.0
2013-03-07,18.18,18.67,18.18,18.39,67300.0,0.0,1.0,17.908051116711,18.390721361331,17.908051116711,18.114909792977,67300.0
2013-03-06,18.2,18.47,18.1,18.2,75000.0,0.0,1.0,17.927751943022,18.193713098221,17.829247811467,17.927751943022,75000.0
2013-03-05,18.42,18.73,18.08,18.18,123600.0,0.0,1.0,18.144461032444,18.449823840264,17.809546985156,17.908051116711,123600.0
2013-03-04,18.01,18.63,17.96,18.4,106200.0,0.0,1.0,17.740594093068,18.351319708709,17.69134202729,18.124760206133,106200.0
2013-03-01,18.1,18.26,18.0,18.05,385100.0,0.0,1.0,17.829247811467,17.986854421955,17.730743679912,17.77999574569,385100.0
2013-02-28,18.24,18.4,17.89,18.09,127300.0,0.0,1.0,17.967153595644,18.124760206133,17.622389135202,17.819397398312,127300.0
2013-02-27,18.32,18.43,18.25,18.29,26000.0,0.0,1.0,18.045956900889,18.154311445599,17.9770040088,18.016405661422,26000.0
2013-02-26,18.72,18.73,18.27,18.42,74600.0,0.05,1.0,18.439973427109,18.449823840264,17.996704835111,18.144461032444,74600.0
2013-02-25,18.47,18.59,18.36,18.42,44900.0,0.0,1.0,18.144461032444,18.262345998545,18.036399813517,18.095342296568,44900.0
2013-02-22,18.78,18.86,18.38,18.5,63900.0,0.0,1.0,18.448997194872,18.527587172273,18.056047307868,18.173932273969,63900.0
2013-02-21,18.75,19.03,18.68,18.72,41000.0,0.0,1.0,18.419525953347,18.69459087425,18.350759723121,18.390054711822,41000.0
2013-02-20,18.8,18.99,18.59,18.69,171400.0,0.0,1.0,18.468644689222,18.65529588555,18.262345998545,18.360583470296,171400.0
2013-02-19,18.31,19.06,18.31,18.76,248000.0,0.0,1.0,17.987281077642,18.724062115776,17.987281077642,18.429349700522,248000.0
2013-02-15,18.2,18.53,17.91,18.28,434500.0,0.0,1.0,17.879219858715,18.203403515494,17.594331190637,17.957809836116,434500.0
2013-02-14,17.95,18.25,17.95,18.24,35000.0,0.0,1.0,17.633626179337,17.928338594591,17.633626179337,17.918514847416,35000.0
2013-02-13,18.03,18.05,17.96,17.99,12100.0,0.0,1.0,17.712216156738,17.731863651089,17.643449926513,17.672921168038,12100.0
2013-02-12,18.17,18.25,17.93,17.98,111200.0,0.0,1.0,17.84974861719,17.928338594591,17.613978684987,17.663097420863,111200.0
2013-02-11,17.98,18.2,17.85,18.18,87600.0,0.0,1.0,17.663097420863,17.879219858715,17.535388707586,17.859572364365,87600.0
2013-02-08,18.03,18.13,17.98,17.98,31700.0,0.0,1.0,17.712216156738,17.81045362849,17.663097420863,17.663097420863,31700.0
2013-02-07,18.0,18.24,17.9,18.06,51600.0,0.0,1.0,17.682744915213,17.918514847416,17.584507443462,17.741687398264,51600.0
2013-02-06,17.94,18.1,17.94,17.96,55900.0,0.0,1.0,17.623802432162,17.780982386964,17.623802432162,17.643449926513,55900.0
2013-02-05,18.11,18.2,17.95,17.98,51500.0,0.0,1.0,17.790806134139,17.879219858715,17.633626179337,17.663097420863,51500.0
2013-02-04,18.08,18.18,18.01,18.01,15400.0,0.0,1.0,17.761334892614,17.859572364365,17.692568662388,17.692568662388,15400.0
2013-02-01,18.15,18.15,18.01,18.1,113300.0,0.0,1.0,17.83010112284,17.83010112284,17.692568662388,17.780982386964,113300.0
2013-01-31,18.23,18.37,18.05,18.05,160700.0,0.0,1.0,17.908691100241,18.046223560692,17.731863651089,17.731863651089,160700.0
2013-01-30,18.35,18.55,18.15,18.29,55700.0,0.0,1.0,18.026576066342,18.223051009845,17.83010112284,17.967633583291,55700.0
2013-01-29,18.38,18.57,17.85,18.38,43400.0,0.0,1.0,18.056047307868,18.242698504195,17.535388707586,18.056047307868,43400.0
2013-01-28,18.5,18.9,18.37,18.43,37700.0,0.0,1.0,18.173932273969,18.566882160974,18.046223560692,18.105166043743,37700.0
2013-01-25,18.59,18.81,18.15,18.5,61000.0,0.0,1.0,18.262345998545,18.478468436398,17.83010112284,18.173932273969,61000.0
2013-01-24,18.55,18.68,18.42,18.52,28000.0,0.0,1.0,18.223051009845,18.350759723121,18.095342296568,18.193579768319,28000.0
2013-01-23,18.39,18.58,18.16,18.5,14000.0,0.0,1.0,18.065871055043,18.25252225137,17.839924870015,18.173932273969,14000.0
2013-01-22,18.45,18.66,18.35,18.47,87000.0,0.0,1.0,18.124813538093,18.331112228771,18.026576066342,18.144461032444,87000.0
2013-01-18,18.47,18.53,18.42,18.46,16100.0,0.0,1.0,18.144461032444,18.203403515494,18.095342296568,18.134637285268,16100.0
2013-01-17,18.65,18.84,18.42,18.54,34100.0,0.0,1.0,18.321288481596,18.507939677923,18.095342296568,18.213227262669,34100.0
2013-01-16,18.59,18.68,18.51,18.58,36400.0,0.0,1.0,18.262345998545,18.350759723121,18.183756021144,18.25252225137,36400.0
2013-01-15,18.41,18.71,18.41,18.54,74500.0,0.0,1.0,18.085518549393,18.380230964646,18.085518549393,18.213227262669,74500.0
2013-01-14,18.98,18.98,18.39,18.52,461600.0,0.0,1.0,18.645472138375,18.645472138375,18.065871055043,18.193579768319,461600.0
2013-01-11,19.03,19.05,18.92,18.95,35300.0,0.0,1.0,18.69459087425,18.7142383686,18.586529655324,18.616000896849,35300.0
2013-01-10,18.89,19.17,18.29,19.0,144800.0,0.0,1.0,18.557058413799,18.832123334702,17.967633583291,18.665119632725,144800.0
2013-01-09,18.88,18.89,18.74,18.85,23600.0,0.0,1.0,18.547234666623,18.557058413799,18.409702206172,18.517763425098,23600.0
2013-01-08,18.8,18.96,18.47,18.88,23300.0,0.0,1.0,18.468644689222,18.625824644024,18.144461032444,18.547234666623,23300.0
2013-01-07,18.8,18.98,18.73,18.86,25400.0,0.0,1.0,18.468644689222,18.645472138375,18.399878458997,18.527587172273,25400.0
2013-01-04,18.95,18.97,18.31,18.91,30100.0,0.0,1.0,18.616000896849,18.635648391199,17.987281077642,18.576705908149,30100.0
2013-01-03,19.25,19.33,18.76,18.85,62400.0,0.0,1.0,18.910713312103,18.989303289504,18.429349700522,18.517763425098,62400.0
2013-01-02,19.11,19.75,18.92,19.24,156600.0,0.0,1.0,18.773180851651,19.401900670859,18.586529655324,18.900889564928,156600.0
2012-12-31,18.86,19.26,18.65,18.99,52100.0,0.0,1.0,18.527587172273,18.920537059278,18.321288481596,18.65529588555,52100.0
2012-12-28,18.85,19.19,18.82,18.89,28100.0,0.0,1.0,18.517763425098,18.851770829052,18.488292183573,18.557058413799,28100.0
2012-12-27,18.54,19.02,18.54,18.93,62700.0,0.0,1.0,18.213227262669,18.684767127075,18.213227262669,18.596353402499,62700.0
2012-12-26,18.55,18.74,18.35,18.62,31900.0,0.0,1.0,18.223051009845,18.409702206172,18.026576066342,18.29181724007,31900.0
2012-12-24,18.63,18.78,18.44,18.6,29000.0,0.0,1.0,18.301640987245,18.448997194872,18.114989790918,18.27216974572,29000.0
2012-12-21,18.35,18.59,17.95,18.54,676200.0,0.0,1.0,18.026576066342,18.262345998545,17.633626179337,18.213227262669,676200.0
2012-12-20,18.56,18.88,18.34,18.48,82800.0,0.0,1.0,18.23287475702,18.547234666623,18.016752319167,18.154284779619,82800.0
2012-12-19,18.16,18.7,18.12,18.6,121300.0,0.0,1.0,17.839924870015,18.370407217471,17.800629881314,18.27216974572,121300.0
2012-12-18,18.54,18.59,18.01,18.24,380200.0,0.0,1.0,18.213227262669,18.262345998545,17.692568662388,17.918514847416,380200.0
2012-12-17,18.05,18.6,18.05,18.44,19300.0,0.0,1.0,17.731863651089,18.27216974572,17.731863651089,18.114989790918,19300.0
2012-12-14,18.43,18.45,17.95,18.03,28500.0,0.0,1.0,18.105166043743,18.124813538093,17.633626179337,17.712216156738,28500.0
2012-12-13,18.39,18.43,18.36,18.4,6000.0,0.0,1.0,18.065871055043,18.105166043743,18.036399813517,18.075694802218,6000.0
2012-12-12,18.34,18.72,18.18,18.36,35300.0,0.0,1.0,18.016752319167,18.390054711822,17.859572364365,18.036399813517,35300.0
2012-12-11,18.12,18.25,17.98,18.25,46500.0,0.0,1.0,17.800629881314,17.928338594591,17.663097420863,17.928338594591,46500.0
2012-12-10,18.21,18.24,18.04,18.23,115500.0,0.0,1.0,17.889043605891,17.918514847416,17.722039903913,17.908691100241,115500.0
2012-12-07,18.16,18.25,17.9,18.2,421800.0,0.0,1.0,17.839924870015,17.928338594591,17.584507443462,17.879219858715,421800.0
2012-12-06,18.29,18.29,17.97,18.16,1726200.0,0.0,1.0,17.967633583291,17.967633583291,17.653273673688,17.839924870015,1726200.0
2012-12-05,18.03,18.27,17.96,18.27,20800.0,0.0,1.0,17.712216156738,17.947986088941,17.643449926513,17.947986088941,20800.0
2012-12-04,18.13,18.17,18.03,18.15,2900.0,0.0,1.0,17.81045362849,17.84974861719,17.712216156738,17.83010112284,2900.0
2012-12-03,18.42,18.42,18.08,18.19,307900.0,0.0,1.0,18.095342296568,18.095342296568,17.761334892614,17.86939611154,307900.0
2012-11-30,18.21,18.4,18.21,18.32,26000.0,0.0,1.0,17.889043605891,18.075694802218,17.889043605891,17.997104824817,26000.0
2012-11-29,18.53,18.55,18.1,18.19,260500.0,0.0,1.0,18.203403515494,18.223051009845,17.780982386964,17.86939611154,260500.0
2012-11-28,18.25,18.49,18.11,18.41,33100.0,0.05,1.0,17.928338594591,18.164108526794,17.790806134139,18.085518549393,33100.0
2012-11-27,18.38,18.46,18.31,18.42,5200.0,0.0,1.0,18.007141437586,18.085518549393,17.938561464755,18.04632999349,5200.0
2012-11-26,18.26,18.77,18.26,18.4,22400.0,0.0,1.0,17.889575769876,18.389229857644,17.889575769876,18.026735715538,22400.0
2012-11-23,18.26,18.57,18.26,18.49,18300.0,0.0,1.0,17.889575769876,18.193287078127,17.889575769876,18.11490996632,18300.0
2012-11-21,18.63,19.08,18.33,18.49,92400.0,0.0,1.0,18.252069911982,18.692941165895,17.958155742707,18.11490996632,92400.0
2012-11-20,18.95,18.95,18.51,18.53,19400.0,0.0,1.0,18.565578359209,18.565578359209,18.134504244272,18.154098522224,19400.0
2012-11-19,19.3,19.3,18.73,19.0,33800.0,0.0,1.0,18.908478223363,18.908478223363,18.35004130174,18.614564054088,33800.0
2012-11-16,19.48,19.48,19.26,19.26,15600.0,0.0,1.0,19.084826724928,19.084826724928,18.86928966746,18.86928966746,15600.0
2012-11-15,19.45,19.48,19.31,19.45,31100.0,0.0,1.0,19.055435308001,19.084826724928,18.918275362339,19.055435308001,31100.0
2012-11-14,19.47,19.5,19.29,19.4,72400.0,0.0,1.0,19.075029585952,19.10442100288,18.898681084387,19.006449613121,72400.0
2012-11-13,19.29,19.5,19.29,19.5,6600.0,0.0,1.0,18.898681084387,19.10442100288,18.898681084387,19.10442100288,6600.0
2012-11-12,19.48,19.5,19.3,19.45,16700.0,0.0,1.0,19.084826724928,19.10442100288,18.908478223363,19.055435308001,16700.0
2012-11-09,19.32,19.5,19.32,19.5,8900.0,0.0,1.0,18.928072501315,19.10442100288,18.928072501315,19.10442100288,8900.0
2012-11-08,19.46,19.5,19.3,19.34,92800.0,0.0,1.0,19.065232446976,19.10442100288,18.908478223363,18.947666779266,92800.0
2012-11-07,19.24,19.6,19.24,19.44,119800.0,0.0,1.0,18.849695389508,19.202392392638,18.849695389508,19.045638169025,119800.0
2012-11-06,19.38,19.43,19.15,19.43,50500.0,0.0,1.0,18.98685533517,19.035841030049,18.761521138726,19.035841030049,50500.0
2012-11-05,18.9,19.79,18.9,19.61,50200.0,0.0,1.0,18.51659266433,19.388538033179,18.51659266433,19.212189531614,50200.0
2012-11-02,19.03,19.09,18.69,18.91,64700.0,0.0,1.0,18.643955471016,18.702738304871,18.310852745837,18.526389803305,64700.0
2012-11-01,18.9,19.04,18.9,19.0,27600.0,0.0,1.0,18.51659266433,18.653752609991,18.51659266433,18.614564054088,27600.0
2012-10-31,18.94,19.0,18.7,19.0,48000.0,0.0,1.0,18.555781220233,18.614564054088,18.320649884813,18.614564054088,48000.0
2012-10-26,18.89,19.2,18.89,18.92,17500.0,0.0,1.0,18.506795525354,18.810506833605,18.506795525354,18.536186942281,17500.0
2012-10-25,19.19,19.19,18.77,18.93,51200.0,0.0,1.0,18.800709694629,18.800709694629,18.389229857644,18.545984081257,51200.0
2012-10-24,19.1,19.1,19.0,19.08,41600.0,0.0,1.0,18.712535443846,18.712535443846,18.614564054088,18.692941165895,41600.0
2012-10-23,19.08,19.23,19.01,19.03,43900.0,0.0,1.0,18.692941165895,18.839898250532,18.624361193064,18.643955471016,43900.0
2012-10-22,19.5,19.5,19.25,19.26,86200.0,0.0,1.0,19.10442100288,19.10442100288,18.859492528484,18.86928966746,86200.0
2012-10-19,19.61,19.92,19.5,19.5,104600.0,0.0,1.0,19.212189531614,19.515900839865,19.10442100288,19.10442100288,104600.0
2012-10-18,19.59,19.69,19.43,19.67,39000.0,0.0,1.0,19.192595253662,19.290566643421,19.035841030049,19.270972365469,39000.0
2012-10-17,19.28,19.6,19.25,19.6,20300.0,0.0,1.0,18.888883945411,19.202392392638,18.859492528484,19.202392392638,20300.0
2012-10-16,19.34,19.4,19.08,19.28,24700.0,0.0,1.0,18.947666779266,19.006449613121,18.692941165895,18.888883945411,24700.0
2012-10-15,19.38,19.41,19.1,19.31,35400.0,0.0,1.0,18.98685533517,19.016246752097,18.712535443846,18.918275362339,35400.0
2012-10-12,18.95,19.33,18.79,19.26,278500.0,0.0,1.0,18.565578359209,18.937869640291,18.408824135595,18.86928966746,278500.0
2012-10-11,19.46,19.66,18.72,19.06,120400.0,0.0,1.0,19.065232446976,19.261175226493,18.340244162765,18.673346887943,120400.0
2012-10-10,19.49,19.5,19.25,19.32,57000.0,0.0,1.0,19.094623863904,19.10442100288,18.859492528484,18.928072501315,57000.0
2012-10-09,19.57,19.69,19.38,19.44,42900.0,0.0,1.0,19.173000975711,19.290566643421,18.98685533517,19.045638169025,42900.0
2012-10-08,19.53,19.66,19.38,19.54,75000.0,0.0,1.0,19.133812419807,19.261175226493,18.98685533517,19.143609558783,75000.0
2012-10-05,19.7,19.7,19.47,19.53,90300.0,0.0,1.0,19.300363782397,19.300363782397,19.075029585952,19.133812419807,90300.0
2012-10-04,19.6,19.6,19.44,19.57,87900.0,0.0,1.0,19.202392392638,19.202392392638,19.045638169025,19.173000975711,87900.0
2012-10-03,19.55,19.61,19.34,19.48,31800.0,0.0,1.0,19.153406697759,19.212189531614,18.947666779266,19.084826724928,31800.0
2012-10-02,19.55,19.55,19.41,19.52,46800.0,0.0,1.0,19.153406697759,19.153406697759,19.016246752097,19.124015280831,46800.0
2012-10-01,19.3,19.7,19.3,19.53,64200.0,0.0,1.0,18.908478223363,19.300363782397,18.908478223363,19.133812419807,64200.0
2012-09-28,19.23,19.64,19.23,19.46,101200.0,0.0,1.0,18.839898250532,19.241580948541,18.839898250532,19.065232446976,101200.0
2012-09-27,19.47,19.47,19.26,19.3,134700.0,0.0,1.0,19.075029585952,19.075029585952,18.86928966746,18.908478223363,134700.0
2012-09-26,19.68,19.74,19.3,19.47,151400.0,0.0,1.0,19.280769504445,19.3395523383,18.908478223363,19.075029585952,151400.0
2012-09-25,19.35,19.7,19.29,19.65,154000.0,0.0,1.0,18.957463918242,19.300363782397,18.898681084387,19.251378087517,154000.0
2012-09-24,19.7,20.01,19.52,19.55,179100.0,0.0,1.0,19.300363782397,19.604075090647,19.124015280831,19.153406697759,179100.0
2012-09-21,19.4,19.84,19.4,19.65,262000.0,0.0,1.0,19.006449613121,19.437523728058,19.006449613121,19.251378087517,262000.0
2012-09-20,20.25,20.25,19.43,19.6,3535500.0,0.0,1.0,19.839206426067,19.839206426067,19.035841030049,19.202392392638,3535500.0
