2014-10-24,17.0,17.0,16.59,16.86,39784.0,0.0,1.0,17.0,17.0,16.59,16.86,39784.0
2014-10-23,16.76,17.23,16.57,16.96,94182.0,0.0,1.0,16.76,17.23,16.57,16.96,94182.0
2014-10-22,17.52,17.75,16.68,16.72,52182.0,0.0,1.0,17.52,17.75,16.68,16.72,52182.0
2014-10-21,17.79,17.91,17.38,17.53,92002.0,0.0,1.0,17.79,17.91,17.38,17.53,92002.0
2014-10-20,17.64,17.94,17.46,17.74,72176.0,0.0,1.0,17.64,17.94,17.46,17.74,72176.0
2014-10-17,17.87,17.97,17.38,17.5,137755.0,0.0,1.0,17.87,17.97,17.38,17.5,137755.0
2014-10-16,16.66,17.85,16.54,17.68,256079.0,0.0,1.0,16.66,17.85,16.54,17.68,256079.0
2014-10-15,16.06,16.89,16.0,16.62,208766.0,0.0,1.0,16.06,16.89,16.0,16.62,208766.0
2014-10-14,16.72,17.08,15.93,16.14,168486.0,0.0,1.0,16.72,17.08,15.93,16.14,168486.0
2014-10-13,15.96,16.88,15.9,16.55,97177.0,0.0,1.0,15.96,16.88,15.9,16.55,97177.0
2014-10-10,16.11,16.27,15.94,15.99,104924.0,0.0,1.0,16.11,16.27,15.94,15.99,104924.0
2014-10-09,16.8,16.73,16.17,16.19,69314.0,0.0,1.0,16.8,16.73,16.17,16.19,69314.0
2014-10-08,16.67,17.01,16.52,16.88,96411.0,0.0,1.0,16.67,17.01,16.52,16.88,96411.0
2014-10-07,16.41,17.157,16.39,16.6,127465.0,0.0,1.0,16.41,17.157,16.39,16.6,127465.0
2014-10-06,16.27,16.68,16.12,16.57,56015.0,0.0,1.0,16.27,16.68,16.12,16.57,56015.0
2014-10-03,16.34,16.72,16.15,16.24,79325.0,0.0,1.0,16.34,16.72,16.15,16.24,79325.0
2014-10-01,16.14,16.85,15.89,16.3,197302.0,0.0,1.0,16.14,16.85,15.89,16.3,197302.0
2014-09-30,17.18,17.1,16.01,16.28,338710.0,0.0,1.0,17.18,17.1,16.01,16.28,338710.0
2014-09-29,17.18,17.31,17.0,17.14,116448.0,0.0,1.0,17.18,17.31,17.0,17.14,116448.0
2014-09-26,17.31,17.44,17.09,17.24,78424.0,0.0,1.0,17.31,17.44,17.09,17.24,78424.0
2014-09-25,17.29,17.91,16.95,17.45,259225.0,0.0,1.0,17.29,17.91,16.95,17.45,259225.0
2014-09-24,17.2,17.55,17.1,17.44,73936.0,0.0,1.0,17.2,17.55,17.1,17.44,73936.0
2014-09-23,17.92,18.06,17.25,17.3,150656.0,0.0,1.0,17.92,18.06,17.25,17.3,150656.0
2014-09-22,18.39,18.325,17.91,17.93,102700.0,0.0,1.0,18.39,18.325,17.91,17.93,102700.0
2014-09-19,18.73,18.88,18.26,18.33,101887.0,0.0,1.0,18.73,18.88,18.26,18.33,101887.0
2014-09-18,18.3,18.76,18.07,18.73,89496.0,0.0,1.0,18.3,18.76,18.07,18.73,89496.0
2014-09-17,18.64,18.91,17.88,17.95,253717.0,0.0,1.0,18.64,18.91,17.88,17.95,253717.0
2014-09-16,18.64,18.97,18.17,18.72,98736.0,0.0,1.0,18.64,18.97,18.17,18.72,98736.0
2014-09-15,18.72,18.955,18.63,18.73,104281.0,0.0,1.0,18.72,18.955,18.63,18.73,104281.0
2014-09-12,18.74,18.91,18.69,18.8,101231.0,0.0,1.0,18.74,18.91,18.69,18.8,101231.0
2014-09-11,18.47,18.92,18.33,18.74,60008.0,0.0,1.0,18.47,18.92,18.33,18.74,60008.0
2014-09-10,18.32,18.77,18.31,18.5,59188.0,0.0,1.0,18.32,18.77,18.31,18.5,59188.0
2014-09-09,18.65,18.91,18.15,18.36,150853.0,0.0,1.0,18.65,18.91,18.15,18.36,150853.0
2014-09-08,19.05,19.107,18.75,18.83,64895.0,0.0,1.0,19.05,19.107,18.75,18.83,64895.0
2014-09-05,18.71,19.0,18.53,18.95,227421.0,0.0,1.0,18.71,19.0,18.53,18.95,227421.0
2014-09-04,18.61,18.781,18.4,18.61,81451.0,0.0,1.0,18.61,18.781,18.4,18.61,81451.0
2014-09-03,18.53,18.73,18.5,18.67,115611.0,0.0,1.0,18.53,18.73,18.5,18.67,115611.0
2014-09-02,18.34,18.69,18.35,18.54,132947.0,0.0,1.0,18.34,18.69,18.35,18.54,132947.0
2014-08-29,18.07,18.47,18.0,18.45,120160.0,0.0,1.0,18.07,18.47,18.0,18.45,120160.0
2014-08-28,18.84,18.68,17.89,18.07,193503.0,0.0,1.0,18.84,18.68,17.89,18.07,193503.0
2014-08-27,19.04,18.9335,18.68,18.69,57051.0,0.0,1.0,19.04,18.9335,18.68,18.69,57051.0
2014-08-26,19.0,19.08,18.85,18.89,52539.0,0.0,1.0,19.0,19.08,18.85,18.89,52539.0
2014-08-25,19.17,19.36,18.82,18.93,78103.0,0.0,1.0,19.17,19.36,18.82,18.93,78103.0
2014-08-22,18.18,19.08,18.13,19.03,118485.0,0.0,1.0,18.18,19.08,18.13,19.03,118485.0
2014-08-21,18.33,18.5,18.05,18.29,133733.0,0.0,1.0,18.33,18.5,18.05,18.29,133733.0
2014-08-20,18.46,18.53,18.34,18.42,66076.0,0.0,1.0,18.46,18.53,18.34,18.42,66076.0
2014-08-19,18.69,18.83,18.54,18.55,72823.0,0.0,1.0,18.69,18.83,18.54,18.55,72823.0
2014-08-18,18.4,18.9401,18.11,18.7,109585.0,0.0,1.0,18.4,18.9401,18.11,18.7,109585.0
2014-08-15,18.94,19.01,18.47,18.52,152489.0,0.0,1.0,18.94,19.01,18.47,18.52,152489.0
2014-08-14,19.14,19.14,18.62,18.87,199344.0,0.0,1.0,19.14,19.14,18.62,18.87,199344.0
2014-08-13,19.08,19.36,19.01,19.11,84070.0,0.0,1.0,19.08,19.36,19.01,19.11,84070.0
2014-08-12,19.54,19.66,19.05,19.14,214630.0,0.0,1.0,19.54,19.66,19.05,19.14,214630.0
2014-08-11,19.94,20.04,19.64,19.68,195525.0,0.0,1.0,19.94,20.04,19.64,19.68,195525.0
2014-08-08,19.84,20.31,19.77,19.92,246967.0,0.0,1.0,19.84,20.31,19.77,19.92,246967.0
2014-08-07,20.27,20.42,19.8201,19.96,155702.0,0.0,1.0,20.27,20.42,19.8201,19.96,155702.0
2014-08-06,20.34,20.5,20.14,20.39,119948.0,0.0,1.0,20.34,20.5,20.14,20.39,119948.0
2014-08-05,19.98,20.59,19.87,20.35,227421.0,0.0,1.0,19.98,20.59,19.87,20.35,227421.0
2014-08-04,19.9,20.315,19.785,20.1,260501.0,0.0,1.0,19.9,20.315,19.785,20.1,260501.0
2014-08-01,22.45,22.855,19.62,20.69,982986.0,0.0,1.0,22.45,22.855,19.62,20.69,982986.0
2014-07-31,23.55,23.96,22.6,22.68,333680.0,0.0,1.0,23.55,23.96,22.6,22.68,333680.0
2014-07-30,23.7,24.15,23.61,23.88,212003.0,0.0,1.0,23.7,24.15,23.61,23.88,212003.0
2014-07-29,23.53,23.93,23.38,23.73,232604.0,0.0,1.0,23.53,23.93,23.38,23.73,232604.0
2014-07-28,23.58,23.67,23.34,23.42,152830.0,0.0,1.0,23.58,23.67,23.34,23.42,152830.0
2014-07-25,23.42,23.802,23.36,23.57,106352.0,0.0,1.0,23.42,23.802,23.36,23.57,106352.0
2014-07-24,23.49,23.78,23.36,23.7,84186.0,0.0,1.0,23.49,23.78,23.36,23.7,84186.0
2014-07-23,23.65,24.09,23.43,23.49,160117.0,0.0,1.0,23.65,24.09,23.43,23.49,160117.0
2014-07-22,23.87,24.09,23.77,23.97,165554.0,0.0,1.0,23.87,24.09,23.77,23.97,165554.0
2014-07-21,23.64,24.27,23.53,23.93,122282.0,0.0,1.0,23.64,24.27,23.53,23.93,122282.0
2014-07-18,23.37,24.19,23.2,23.91,147776.0,0.0,1.0,23.37,24.19,23.2,23.91,147776.0
2014-07-17,23.04,23.8,22.73,23.32,151109.0,0.0,1.0,23.04,23.8,22.73,23.32,151109.0
2014-07-16,23.02,23.11,22.52,22.97,103391.0,0.0,1.0,23.02,23.11,22.52,22.97,103391.0
2014-07-15,22.82,23.0,22.24,22.9,131319.0,0.0,1.0,22.82,23.0,22.24,22.9,131319.0
2014-07-14,22.58,22.98,22.51,22.71,71790.0,0.0,1.0,22.58,22.98,22.51,22.71,71790.0
2014-07-11,22.25,23.22,22.17,22.78,123066.0,0.0,1.0,22.25,23.22,22.17,22.78,123066.0
2014-07-10,21.36,22.315,21.1,22.18,136754.0,0.0,1.0,21.36,22.315,21.1,22.18,136754.0
2014-07-09,21.48,21.9,21.16,21.77,121309.0,0.0,1.0,21.48,21.9,21.16,21.77,121309.0
2014-07-08,21.94,22.19,20.98,21.47,155104.0,0.0,1.0,21.94,22.19,20.98,21.47,155104.0
2014-07-07,22.05,22.414,22.03,22.16,116420.0,0.0,1.0,22.05,22.414,22.03,22.16,116420.0
2014-07-03,22.15,22.5,21.95,22.46,82168.0,0.0,1.0,22.15,22.5,21.95,22.46,82168.0
2014-07-02,21.97,22.049,21.74,21.94,126818.0,0.0,1.0,21.97,22.049,21.74,21.94,126818.0
2014-07-01,21.68,22.01,21.38,21.81,100028.0,0.0,1.0,21.68,22.01,21.38,21.81,100028.0
2014-06-30,20.64,21.59,20.68,21.41,81456.0,0.0,1.0,20.64,21.59,20.68,21.41,81456.0
2014-06-27,20.57,20.87,20.26,20.66,165870.0,0.0,1.0,20.57,20.87,20.26,20.66,165870.0
2014-06-26,21.29,21.4299,20.5,20.83,103508.0,0.0,1.0,21.29,21.4299,20.5,20.83,103508.0
2014-06-25,21.29,21.366,20.76,21.25,138436.0,0.0,1.0,21.29,21.366,20.76,21.25,138436.0
2014-06-24,21.91,22.1,21.19,21.24,106140.0,0.0,1.0,21.91,22.1,21.19,21.24,106140.0
2014-06-23,21.62,22.04,21.4512,21.89,63581.0,0.0,1.0,21.62,22.04,21.4512,21.89,63581.0
2014-06-20,22.0,22.16,21.73,21.79,134377.0,0.0,1.0,22.0,22.16,21.73,21.79,134377.0
2014-06-19,22.47,22.47,21.88,22.04,87546.0,0.0,1.0,22.47,22.47,21.88,22.04,87546.0
2014-06-18,22.67,22.855,22.14,22.47,195881.0,0.0,1.0,22.67,22.855,22.14,22.47,195881.0
2014-06-17,22.92,23.19,22.85,22.92,198803.0,0.0,1.0,22.92,23.19,22.85,22.92,198803.0
2014-06-16,22.97,23.01,22.41,22.92,130885.0,0.0,1.0,22.97,23.01,22.41,22.92,130885.0
2014-06-13,22.49,23.19,22.35,23.0,149125.0,0.0,1.0,22.49,23.19,22.35,23.0,149125.0
2014-06-12,22.19,22.49,22.04,22.42,100392.0,0.0,1.0,22.19,22.49,22.04,22.42,100392.0
2014-06-11,22.22,22.38,22.0,22.24,94630.0,0.0,1.0,22.22,22.38,22.0,22.24,94630.0
2014-06-10,22.12,22.32,21.84,22.26,192746.0,0.0,1.0,22.12,22.32,21.84,22.26,192746.0
2014-06-09,22.03,22.12,21.76,22.08,197913.0,0.0,1.0,22.03,22.12,21.76,22.08,197913.0
2014-06-06,21.39,22.1,21.32,22.03,140875.0,0.0,1.0,21.39,22.1,21.32,22.03,140875.0
2014-06-05,20.64,21.39,20.31,21.29,135148.0,0.0,1.0,20.64,21.39,20.31,21.29,135148.0
2014-06-04,20.11,20.96,20.05,20.87,167969.0,0.0,1.0,20.11,20.96,20.05,20.87,167969.0
2014-06-03,19.49,20.45,19.06,20.23,688696.0,0.0,1.0,19.49,20.45,19.06,20.23,688696.0
2014-06-02,20.56,20.56,18.9501,19.73,516090.0,0.0,1.0,20.56,20.56,18.9501,19.73,516090.0
2014-05-30,20.77,20.84,19.94,20.79,263783.0,0.0,1.0,20.77,20.84,19.94,20.79,263783.0
2014-05-29,20.78,21.03,20.51,20.71,156792.0,0.0,1.0,20.78,21.03,20.51,20.71,156792.0
2014-05-28,21.6,21.76,20.35,20.61,202326.0,0.0,1.0,21.6,21.76,20.35,20.61,202326.0
2014-05-27,21.38,21.78,21.29,21.69,210890.0,0.0,1.0,21.38,21.78,21.29,21.69,210890.0
2014-05-23,21.02,21.45,20.81,21.35,89625.0,0.0,1.0,21.02,21.45,20.81,21.35,89625.0
2014-05-22,20.37,21.5928,20.37,21.09,233446.0,0.0,1.0,20.37,21.5928,20.37,21.09,233446.0
2014-05-21,22.06,22.34,20.72,20.77,455302.0,0.0,1.0,22.06,22.34,20.72,20.77,455302.0
2014-05-20,22.96,22.998,21.67,22.2,175216.0,0.0,1.0,22.96,22.998,21.67,22.2,175216.0
2014-05-19,23.08,23.51,22.814,23.12,137239.0,0.0,1.0,23.08,23.51,22.814,23.12,137239.0
2014-05-16,23.25,23.53,23.02,23.19,108803.0,0.0,1.0,23.25,23.53,23.02,23.19,108803.0
2014-05-15,22.98,23.16,22.3201,23.02,174981.0,0.0,1.0,22.98,23.16,22.3201,23.02,174981.0
2014-05-14,23.75,24.0799,22.93,22.98,205629.0,0.0,1.0,23.75,24.0799,22.93,22.98,205629.0
2014-05-13,24.57,24.65,23.78,24.0,188181.0,0.0,1.0,24.57,24.65,23.78,24.0,188181.0
2014-05-12,24.17,24.63,23.91,24.31,244456.0,0.0,1.0,24.17,24.63,23.91,24.31,244456.0
2014-05-08,22.49,23.59,22.32,22.67,408853.0,0.0,1.0,22.49,23.59,22.32,22.67,408853.0
2014-05-07,23.09,23.46,21.5501,22.63,584124.0,0.0,1.0,23.09,23.46,21.5501,22.63,584124.0
2014-05-06,24.0,24.08,23.58,23.78,339389.0,0.0,1.0,24.0,24.08,23.58,23.78,339389.0
2014-05-05,23.02,25.28,22.59,23.97,770659.0,0.0,1.0,23.02,25.28,22.59,23.97,770659.0
2014-05-02,28.01,29.99,23.02,23.15,2507901.0,0.0,1.0,28.01,29.99,23.02,23.15,2507901.0
2014-05-01,35.64,36.52,35.35,36.5,109062.0,0.0,1.0,35.64,36.52,35.35,36.5,109062.0
2014-04-30,36.1,36.164,34.76,35.6,147645.0,0.0,1.0,36.1,36.164,34.76,35.6,147645.0
2014-04-29,36.75,36.77,35.71,36.02,83538.0,0.0,1.0,36.75,36.77,35.71,36.02,83538.0
2014-04-28,36.5,36.88,35.991,36.48,93120.0,0.0,1.0,36.5,36.88,35.991,36.48,93120.0
2014-04-25,36.24,36.57,36.01,36.22,86346.0,0.0,1.0,36.24,36.57,36.01,36.22,86346.0
2014-04-24,36.82,37.01,35.67,36.37,133768.0,0.0,1.0,36.82,37.01,35.67,36.37,133768.0
2014-04-23,37.07,37.29,36.402,36.66,106419.0,0.0,1.0,37.07,37.29,36.402,36.66,106419.0
2014-04-22,35.91,37.35,35.91,36.91,87256.0,0.0,1.0,35.91,37.35,35.91,36.91,87256.0
2014-04-21,35.21,36.53,35.21,35.79,71267.0,0.0,1.0,35.21,36.53,35.21,35.79,71267.0
2014-04-17,34.75,35.81,34.0,35.2,167770.0,0.0,1.0,34.75,35.81,34.0,35.2,167770.0
2014-04-16,35.28,35.6199,34.41,34.98,142853.0,0.0,1.0,35.28,35.6199,34.41,34.98,142853.0
2014-04-15,35.1,35.66,34.101,34.87,140747.0,0.0,1.0,35.1,35.66,34.101,34.87,140747.0
2014-04-14,36.21,36.43,34.68,35.11,176200.0,0.0,1.0,36.21,36.43,34.68,35.11,176200.0
2014-04-11,36.94,37.47,35.87,36.0,186900.0,0.0,1.0,36.94,37.47,35.87,36.0,186900.0
2014-04-10,38.9,38.9,36.69,37.29,180500.0,0.0,1.0,38.9,38.9,36.69,37.29,180500.0
2014-04-09,38.95,39.58,38.73,38.99,220600.0,0.0,1.0,38.95,39.58,38.73,38.99,220600.0
2014-04-08,38.86,39.23,38.37,38.71,221300.0,0.0,1.0,38.86,39.23,38.37,38.71,221300.0
2014-04-07,40.6,40.6,38.46,38.86,206900.0,0.0,1.0,40.6,40.6,38.46,38.86,206900.0
2014-04-04,42.45,42.45,40.32,40.84,89400.0,0.0,1.0,42.45,42.45,40.32,40.84,89400.0
2014-04-03,43.07,43.07,41.92,42.08,81600.0,0.0,1.0,43.07,43.07,41.92,42.08,81600.0
2014-04-02,43.35,43.4,42.57,42.94,67300.0,0.0,1.0,43.35,43.4,42.57,42.94,67300.0
2014-04-01,43.76,44.0,43.16,43.45,101600.0,0.0,1.0,43.76,44.0,43.16,43.45,101600.0
2014-03-31,43.38,43.87,42.57,43.66,111400.0,0.0,1.0,43.38,43.87,42.57,43.66,111400.0
2014-03-28,42.55,43.28,42.22,42.76,40900.0,0.0,1.0,42.55,43.28,42.22,42.76,40900.0
2014-03-27,42.35,42.97,41.9,42.58,128200.0,0.0,1.0,42.35,42.97,41.9,42.58,128200.0
2014-03-26,43.33,43.97,42.4,42.41,50700.0,0.0,1.0,43.33,43.97,42.4,42.41,50700.0
2014-03-25,43.76,44.16,42.88,42.94,77200.0,0.0,1.0,43.76,44.16,42.88,42.94,77200.0
2014-03-24,43.96,44.0,42.42,43.36,130100.0,0.0,1.0,43.96,44.0,42.42,43.36,130100.0
2014-03-21,44.41,44.6,43.75,43.96,63300.0,0.0,1.0,44.41,44.6,43.75,43.96,63300.0
2014-03-20,43.94,44.46,43.55,44.07,84600.0,0.0,1.0,43.94,44.46,43.55,44.07,84600.0
2014-03-19,43.82,44.58,43.02,44.05,120800.0,0.0,1.0,43.82,44.58,43.02,44.05,120800.0
2014-03-18,42.71,43.96,42.67,43.84,97100.0,0.0,1.0,42.71,43.96,42.67,43.84,97100.0
2014-03-17,41.78,42.89,41.78,42.72,105900.0,0.0,1.0,41.78,42.89,41.78,42.72,105900.0
2014-03-14,41.49,42.4,40.88,41.95,55300.0,0.0,1.0,41.49,42.4,40.88,41.95,55300.0
2014-03-13,42.21,42.21,41.26,41.69,85200.0,0.0,1.0,42.21,42.21,41.26,41.69,85200.0
2014-03-12,41.05,42.24,40.41,42.23,95900.0,0.0,1.0,41.05,42.24,40.41,42.23,95900.0
2014-03-11,42.04,42.3,40.83,41.23,62000.0,0.0,1.0,42.04,42.3,40.83,41.23,62000.0
2014-03-10,42.3,42.37,41.75,42.15,70100.0,0.0,1.0,42.3,42.37,41.75,42.15,70100.0
2014-03-07,42.43,42.76,41.76,42.31,74700.0,0.0,1.0,42.43,42.76,41.76,42.31,74700.0
2014-03-06,42.16,42.38,42.08,42.18,35300.0,0.0,1.0,42.16,42.38,42.08,42.18,35300.0
2014-03-05,41.96,42.3,41.56,42.16,57700.0,0.0,1.0,41.96,42.3,41.56,42.16,57700.0
2014-03-04,41.05,42.43,41.05,41.97,183900.0,0.0,1.0,41.05,42.43,41.05,41.97,183900.0
2014-03-03,40.5,41.1,40.03,40.98,92700.0,0.0,1.0,40.5,41.1,40.03,40.98,92700.0
2014-02-28,41.07,41.32,40.32,40.74,165100.0,0.0,1.0,41.07,41.32,40.32,40.74,165100.0
2014-02-27,40.37,41.22,40.26,41.01,61200.0,0.0,1.0,40.37,41.22,40.26,41.01,61200.0
2014-02-26,40.03,40.85,39.83,40.52,127000.0,0.0,1.0,40.03,40.85,39.83,40.52,127000.0
2014-02-25,39.59,40.25,39.31,39.92,154000.0,0.0,1.0,39.59,40.25,39.31,39.92,154000.0
2014-02-24,39.96,40.0,39.13,39.46,106400.0,0.0,1.0,39.96,40.0,39.13,39.46,106400.0
2014-02-21,40.24,40.25,38.87,39.83,135300.0,0.0,1.0,40.24,40.25,38.87,39.83,135300.0
2014-02-20,40.2,40.25,39.85,40.19,112200.0,0.0,1.0,40.2,40.25,39.85,40.19,112200.0
2014-02-19,40.2,40.47,39.91,40.04,56900.0,0.0,1.0,40.2,40.47,39.91,40.04,56900.0
2014-02-18,39.9,40.33,39.51,40.19,111600.0,0.0,1.0,39.9,40.33,39.51,40.19,111600.0
2014-02-14,38.6,40.36,38.4,39.8,184100.0,0.0,1.0,38.6,40.36,38.4,39.8,184100.0
2014-02-13,38.03,38.65,37.35,38.61,103700.0,0.0,1.0,38.03,38.65,37.35,38.61,103700.0
2014-02-12,38.15,38.59,38.11,38.45,140400.0,0.0,1.0,38.15,38.59,38.11,38.45,140400.0
2014-02-11,37.82,38.46,37.66,38.15,61800.0,0.0,1.0,37.82,38.46,37.66,38.15,61800.0
2014-02-10,37.75,38.05,37.45,37.91,90300.0,0.0,1.0,37.75,38.05,37.45,37.91,90300.0
2014-02-07,38.72,38.74,37.52,37.88,108100.0,0.0,1.0,38.72,38.74,37.52,37.88,108100.0
2014-02-06,37.82,38.61,37.59,38.53,93900.0,0.0,1.0,37.82,38.61,37.59,38.53,93900.0
2014-02-05,38.08,38.48,37.38,37.58,151400.0,0.0,1.0,38.08,38.48,37.38,37.58,151400.0
2014-02-04,38.2,38.45,37.9,38.2,142300.0,0.0,1.0,38.2,38.45,37.9,38.2,142300.0
2014-02-03,38.0,38.24,37.4,37.99,204100.0,0.0,1.0,38.0,38.24,37.4,37.99,204100.0
2014-01-31,38.25,38.71,35.95,37.97,613500.0,0.0,1.0,38.25,38.71,35.95,37.97,613500.0
2014-01-30,33.81,35.28,33.64,33.94,257700.0,0.0,1.0,33.81,35.28,33.64,33.94,257700.0
2014-01-29,34.5,34.6,33.51,33.51,276400.0,0.0,1.0,34.5,34.6,33.51,33.51,276400.0
2014-01-28,37.88,37.88,34.66,34.75,527800.0,0.0,1.0,37.88,37.88,34.66,34.75,527800.0
2014-01-27,37.79,38.47,36.5,38.07,115400.0,0.0,1.0,37.79,38.47,36.5,38.07,115400.0
2014-01-24,40.57,41.54,37.74,37.92,372600.0,0.0,1.0,40.57,41.54,37.74,37.92,372600.0
2014-01-23,42.04,42.04,40.13,41.0,157500.0,0.0,1.0,42.04,42.04,40.13,41.0,157500.0
2014-01-22,41.91,42.25,41.22,42.16,68900.0,0.0,1.0,41.91,42.25,41.22,42.16,68900.0
2014-01-21,41.53,42.03,41.49,41.87,63700.0,0.0,1.0,41.53,42.03,41.49,41.87,63700.0
2014-01-17,41.93,41.93,41.14,41.45,123600.0,0.0,1.0,41.93,41.93,41.14,41.45,123600.0
2014-01-16,42.15,42.5,41.26,41.84,82500.0,0.0,1.0,42.15,42.5,41.26,41.84,82500.0
2014-01-15,42.58,42.79,41.89,42.37,68900.0,0.0,1.0,42.58,42.79,41.89,42.37,68900.0
2014-01-14,40.58,42.48,40.48,42.37,106400.0,0.0,1.0,40.58,42.48,40.48,42.37,106400.0
2014-01-13,42.69,42.69,40.02,40.45,130000.0,0.0,1.0,42.69,42.69,40.02,40.45,130000.0
2014-01-10,42.19,42.73,41.89,42.71,40500.0,0.0,1.0,42.19,42.73,41.89,42.71,40500.0
2014-01-09,42.54,42.74,42.0,42.14,98600.0,0.0,1.0,42.54,42.74,42.0,42.14,98600.0
2014-01-08,42.39,42.75,42.21,42.54,85100.0,0.0,1.0,42.39,42.75,42.21,42.54,85100.0
2014-01-07,42.19,42.58,41.91,42.5,89600.0,0.0,1.0,42.19,42.58,41.91,42.5,89600.0
2014-01-06,42.02,42.28,41.24,42.04,132300.0,0.0,1.0,42.02,42.28,41.24,42.04,132300.0
2014-01-03,41.77,42.21,41.35,41.99,86600.0,0.0,1.0,41.77,42.21,41.35,41.99,86600.0
2014-01-02,42.17,42.27,41.07,41.74,122100.0,0.0,1.0,42.17,42.27,41.07,41.74,122100.0
2013-12-31,41.99,42.6,41.9,42.45,68700.0,0.0,1.0,41.99,42.6,41.9,42.45,68700.0
2013-12-30,42.0,42.48,41.9,42.01,114600.0,0.0,1.0,42.0,42.48,41.9,42.01,114600.0
2013-12-27,42.04,42.41,41.36,41.91,70900.0,0.0,1.0,42.04,42.41,41.36,41.91,70900.0
2013-12-26,41.9,42.68,41.15,41.93,114300.0,0.0,1.0,41.9,42.68,41.15,41.93,114300.0
2013-12-24,41.58,41.92,40.83,41.78,48900.0,0.0,1.0,41.58,41.92,40.83,41.78,48900.0
2013-12-23,41.19,41.88,41.05,41.58,105700.0,0.0,1.0,41.19,41.88,41.05,41.58,105700.0
2013-12-20,40.6,41.61,39.78,41.1,127500.0,0.0,1.0,40.6,41.61,39.78,41.1,127500.0
2013-12-19,40.4,40.9,39.37,40.56,100200.0,0.0,1.0,40.4,40.9,39.37,40.56,100200.0
2013-12-18,40.15,41.48,40.05,40.57,152300.0,0.0,1.0,40.15,41.48,40.05,40.57,152300.0
2013-12-17,38.67,39.63,38.36,39.49,68100.0,0.0,1.0,38.67,39.63,38.36,39.49,68100.0
2013-12-16,38.74,39.28,38.28,38.67,108300.0,0.0,1.0,38.74,39.28,38.28,38.67,108300.0
2013-12-13,38.76,39.55,38.4,38.47,106100.0,0.0,1.0,38.76,39.55,38.4,38.47,106100.0
2013-12-12,37.71,39.1,37.71,38.76,122900.0,0.0,1.0,37.71,39.1,37.71,38.76,122900.0
2013-12-11,38.14,38.83,37.02,37.94,121300.0,0.0,1.0,38.14,38.83,37.02,37.94,121300.0
2013-12-10,37.25,38.42,36.97,37.96,91100.0,0.0,1.0,37.25,38.42,36.97,37.96,91100.0
2013-12-09,39.03,39.06,37.06,37.4,150500.0,0.0,1.0,39.03,39.06,37.06,37.4,150500.0
2013-12-06,39.42,39.69,38.7,38.78,105500.0,0.0,1.0,39.42,39.69,38.7,38.78,105500.0
2013-12-05,38.64,38.91,38.04,38.83,131000.0,0.0,1.0,38.64,38.91,38.04,38.83,131000.0
2013-12-04,39.76,40.13,37.56,38.57,136900.0,0.0,1.0,39.76,40.13,37.56,38.57,136900.0
2013-12-03,38.02,39.76,38.02,39.56,357900.0,0.0,1.0,38.02,39.76,38.02,39.56,357900.0
2013-12-02,37.34,38.33,37.31,38.24,196100.0,0.0,1.0,37.34,38.33,37.31,38.24,196100.0
2013-11-29,37.26,37.45,36.63,36.78,47900.0,0.0,1.0,37.26,37.45,36.63,36.78,47900.0
2013-11-27,35.78,37.1,35.78,37.0,90300.0,0.0,1.0,35.78,37.1,35.78,37.0,90300.0
2013-11-26,36.32,36.78,35.61,35.77,89400.0,0.0,1.0,36.32,36.78,35.61,35.77,89400.0
2013-11-25,36.24,36.81,35.62,36.23,117800.0,0.0,1.0,36.24,36.81,35.62,36.23,117800.0
2013-11-22,38.7,38.7,34.47,36.3,505300.0,0.0,1.0,38.7,38.7,34.47,36.3,505300.0
2013-11-21,37.15,38.75,36.66,37.98,194800.0,0.0,1.0,37.15,38.75,36.66,37.98,194800.0
2013-11-20,35.31,37.15,34.5,36.97,208300.0,0.0,1.0,35.31,37.15,34.5,36.97,208300.0
2013-11-19,35.01,37.31,34.7,35.06,155600.0,0.0,1.0,35.01,37.31,34.7,35.06,155600.0
2013-11-18,37.87,38.03,34.56,35.01,183100.0,0.0,1.0,37.87,38.03,34.56,35.01,183100.0
2013-11-15,36.9,38.05,36.9,37.69,58300.0,0.0,1.0,36.9,38.05,36.9,37.69,58300.0
2013-11-14,37.9,37.9,36.5,37.01,75500.0,0.0,1.0,37.9,37.9,36.5,37.01,75500.0
2013-11-13,37.72,38.09,37.05,37.9,71900.0,0.0,1.0,37.72,38.09,37.05,37.9,71900.0
2013-11-12,37.2,38.0,36.9,37.95,60700.0,0.0,1.0,37.2,38.0,36.9,37.95,60700.0
2013-11-11,37.62,38.1,37.12,37.21,36200.0,0.0,1.0,37.62,38.1,37.12,37.21,36200.0
2013-11-08,37.74,38.31,36.58,37.76,78800.0,0.0,1.0,37.74,38.31,36.58,37.76,78800.0
2013-11-07,38.35,38.9,37.24,37.9,87300.0,0.0,1.0,38.35,38.9,37.24,37.9,87300.0
2013-11-06,38.9,39.47,38.24,38.35,47500.0,0.0,1.0,38.9,39.47,38.24,38.35,47500.0
2013-11-05,39.64,39.71,38.62,38.69,70600.0,0.0,1.0,39.64,39.71,38.62,38.69,70600.0
2013-11-04,38.34,39.91,38.0,39.77,85300.0,0.0,1.0,38.34,39.91,38.0,39.77,85300.0
2013-11-01,40.0,40.31,37.78,38.34,91900.0,0.0,1.0,40.0,40.31,37.78,38.34,91900.0
2013-10-31,39.58,40.79,39.04,39.9,128100.0,0.0,1.0,39.58,40.79,39.04,39.9,128100.0
2013-10-30,39.8,40.03,38.81,39.5,178000.0,0.0,1.0,39.8,40.03,38.81,39.5,178000.0
2013-10-29,39.17,39.99,38.95,39.8,105100.0,0.0,1.0,39.17,39.99,38.95,39.8,105100.0
2013-10-28,38.48,39.55,38.37,38.97,55100.0,0.0,1.0,38.48,39.55,38.37,38.97,55100.0
2013-10-25,38.51,38.77,37.38,38.25,60300.0,0.0,1.0,38.51,38.77,37.38,38.25,60300.0
2013-10-24,38.42,38.78,37.75,38.28,34400.0,0.0,1.0,38.42,38.78,37.75,38.28,34400.0
2013-10-23,38.45,38.97,37.01,38.51,97100.0,0.0,1.0,38.45,38.97,37.01,38.51,97100.0
2013-10-22,39.84,39.84,38.15,38.62,85400.0,0.0,1.0,39.84,39.84,38.15,38.62,85400.0
2013-10-21,39.63,40.01,39.36,39.74,57700.0,0.0,1.0,39.63,40.01,39.36,39.74,57700.0
2013-10-18,39.03,39.98,38.55,39.67,108100.0,0.0,1.0,39.03,39.98,38.55,39.67,108100.0
2013-10-17,38.21,39.03,37.61,38.84,73500.0,0.0,1.0,38.21,39.03,37.61,38.84,73500.0
2013-10-16,37.59,38.98,37.14,38.16,92400.0,0.0,1.0,37.59,38.98,37.14,38.16,92400.0
2013-10-15,38.6,38.86,37.17,37.37,69600.0,0.0,1.0,38.6,38.86,37.17,37.37,69600.0
2013-10-14,37.94,38.85,37.01,38.69,92300.0,0.0,1.0,37.94,38.85,37.01,38.69,92300.0
2013-10-11,37.24,38.37,36.21,38.06,94800.0,0.0,1.0,37.24,38.37,36.21,38.06,94800.0
2013-10-10,37.17,37.89,35.62,37.17,140400.0,0.0,1.0,37.17,37.89,35.62,37.17,140400.0
2013-10-09,35.95,36.67,35.11,36.51,75000.0,0.0,1.0,35.95,36.67,35.11,36.51,75000.0
2013-10-08,38.04,38.11,35.7,35.94,112700.0,0.0,1.0,38.04,38.11,35.7,35.94,112700.0
2013-10-07,38.41,38.53,37.33,38.09,91700.0,0.0,1.0,38.41,38.53,37.33,38.09,91700.0
2013-10-04,36.94,39.25,36.85,38.75,132100.0,0.0,1.0,36.94,39.25,36.85,38.75,132100.0
2013-10-03,37.3,37.51,36.52,36.81,96400.0,0.0,1.0,37.3,37.51,36.52,36.81,96400.0
2013-10-02,38.22,38.22,36.82,37.28,158600.0,0.0,1.0,38.22,38.22,36.82,37.28,158600.0
2013-10-01,39.81,39.81,38.05,38.51,105600.0,0.0,1.0,39.81,39.81,38.05,38.51,105600.0
2013-09-30,37.43,40.63,37.01,39.7,177200.0,0.0,1.0,37.43,40.63,37.01,39.7,177200.0
2013-09-27,38.45,39.1,37.75,37.85,73900.0,0.0,1.0,38.45,39.1,37.75,37.85,73900.0
2013-09-26,37.71,39.74,37.71,38.85,114600.0,0.0,1.0,37.71,39.74,37.71,38.85,114600.0
2013-09-25,36.87,37.95,35.85,37.51,93500.0,0.0,1.0,36.87,37.95,35.85,37.51,93500.0
2013-09-24,35.85,37.67,35.85,36.89,168100.0,0.0,1.0,35.85,37.67,35.85,36.89,168100.0
2013-09-23,36.98,37.31,35.7,35.9,171800.0,0.0,1.0,36.98,37.31,35.7,35.9,171800.0
2013-09-20,39.22,39.53,36.79,36.93,258800.0,0.0,1.0,39.22,39.53,36.79,36.93,258800.0
2013-09-19,40.87,40.87,38.91,39.2,125200.0,0.0,1.0,40.87,40.87,38.91,39.2,125200.0
2013-09-18,40.97,41.91,39.75,40.53,108000.0,0.0,1.0,40.97,41.91,39.75,40.53,108000.0
2013-09-17,41.21,42.78,40.86,41.19,128600.0,0.0,1.0,41.21,42.78,40.86,41.19,128600.0
2013-09-16,42.51,42.86,41.28,41.37,141200.0,0.0,1.0,42.51,42.86,41.28,41.37,141200.0
2013-09-13,40.28,42.86,40.21,41.96,258300.0,0.0,1.0,40.28,42.86,40.21,41.96,258300.0
2013-09-12,38.68,40.44,38.34,40.2,94500.0,0.0,1.0,38.68,40.44,38.34,40.2,94500.0
2013-09-11,37.72,39.0,37.51,38.62,75600.0,0.0,1.0,37.72,39.0,37.51,38.62,75600.0
2013-09-10,38.16,39.0,37.1,37.47,109800.0,0.0,1.0,38.16,39.0,37.1,37.47,109800.0
2013-09-09,36.77,38.29,36.14,37.75,152600.0,0.0,1.0,36.77,38.29,36.14,37.75,152600.0
2013-09-06,37.11,37.69,35.64,36.04,82200.0,0.0,1.0,37.11,37.69,35.64,36.04,82200.0
2013-09-05,38.06,38.11,36.63,37.0,88200.0,0.0,1.0,38.06,38.11,36.63,37.0,88200.0
2013-09-04,38.88,39.14,37.33,37.88,69100.0,0.0,1.0,38.88,39.14,37.33,37.88,69100.0
2013-09-03,39.14,41.97,38.89,38.96,268400.0,0.0,1.0,39.14,41.97,38.89,38.96,268400.0
2013-08-30,37.74,38.65,37.67,38.55,117900.0,0.0,1.0,37.74,38.65,37.67,38.55,117900.0
2013-08-29,36.15,38.0,36.12,37.85,79100.0,0.0,1.0,36.15,38.0,36.12,37.85,79100.0
2013-08-28,36.08,36.72,35.73,36.39,70100.0,0.0,1.0,36.08,36.72,35.73,36.39,70100.0
2013-08-27,38.03,38.45,35.76,36.0,128800.0,0.0,1.0,38.03,38.45,35.76,36.0,128800.0
2013-08-26,37.54,38.68,36.81,38.54,106200.0,0.0,1.0,37.54,38.68,36.81,38.54,106200.0
2013-08-23,35.75,37.89,35.75,37.66,170100.0,0.0,1.0,35.75,37.89,35.75,37.66,170100.0
2013-08-22,34.46,35.78,34.33,35.32,76600.0,0.0,1.0,34.46,35.78,34.33,35.32,76600.0
2013-08-21,32.96,34.59,32.94,34.42,91000.0,0.0,1.0,32.96,34.59,32.94,34.42,91000.0
2013-08-20,32.79,33.74,32.04,33.13,103200.0,0.0,1.0,32.79,33.74,32.04,33.13,103200.0
2013-08-19,33.0,33.26,32.52,32.85,46600.0,0.0,1.0,33.0,33.26,32.52,32.85,46600.0
2013-08-16,33.08,33.24,32.4,33.0,61300.0,0.0,1.0,33.08,33.24,32.4,33.0,61300.0
2013-08-15,34.43,34.85,33.1,33.28,106400.0,0.0,1.0,34.43,34.85,33.1,33.28,106400.0
2013-08-14,33.57,35.19,33.57,34.89,123700.0,0.0,1.0,33.57,35.19,33.57,34.89,123700.0
2013-08-13,34.07,34.38,33.66,33.86,51700.0,0.0,1.0,34.07,34.38,33.66,33.86,51700.0
2013-08-12,33.85,34.77,32.5,34.06,75400.0,0.0,1.0,33.85,34.77,32.5,34.06,75400.0
2013-08-09,35.03,37.32,33.74,34.5,342300.0,0.0,1.0,35.03,37.32,33.74,34.5,342300.0
2013-08-08,34.4,35.14,29.24,34.91,540200.0,0.0,1.0,34.4,35.14,29.24,34.91,540200.0
2013-08-07,35.43,35.89,34.0,34.44,215800.0,0.0,1.0,35.43,35.89,34.0,34.44,215800.0
2013-08-06,36.48,36.64,35.25,35.4,62200.0,0.0,1.0,36.48,36.64,35.25,35.4,62200.0
2013-08-05,36.94,37.74,35.99,36.21,107400.0,0.0,1.0,36.94,37.74,35.99,36.21,107400.0
2013-08-02,35.97,37.21,35.89,36.79,70200.0,0.0,1.0,35.97,37.21,35.89,36.79,70200.0
2013-08-01,36.08,36.67,35.06,35.9,85500.0,0.0,1.0,36.08,36.67,35.06,35.9,85500.0
2013-07-31,34.97,36.65,34.6,35.84,158100.0,0.0,1.0,34.97,36.65,34.6,35.84,158100.0
2013-07-30,36.01,36.14,34.71,34.86,76000.0,0.0,1.0,36.01,36.14,34.71,34.86,76000.0
2013-07-29,36.55,36.99,35.7,35.83,8600.0,0.0,1.0,36.55,36.99,35.7,35.83,8600.0
2013-07-26,35.57,36.7,35.0,36.51,54100.0,0.0,1.0,35.57,36.7,35.0,36.51,54100.0
2013-07-25,34.9,36.06,34.54,36.01,67000.0,0.0,1.0,34.9,36.06,34.54,36.01,67000.0
2013-07-24,35.33,35.91,34.11,34.97,72100.0,0.0,1.0,35.33,35.91,34.11,34.97,72100.0
2013-07-23,36.81,37.02,35.21,35.31,60600.0,0.0,1.0,36.81,37.02,35.21,35.31,60600.0
2013-07-22,37.45,37.99,36.12,36.78,131400.0,0.0,1.0,37.45,37.99,36.12,36.78,131400.0
2013-07-19,35.88,37.35,35.56,37.18,81300.0,0.0,1.0,35.88,37.35,35.56,37.18,81300.0
2013-07-18,35.53,36.54,35.53,35.79,101000.0,0.0,1.0,35.53,36.54,35.53,35.79,101000.0
2013-07-17,35.06,35.25,34.5,35.17,99600.0,0.0,1.0,35.06,35.25,34.5,35.17,99600.0
2013-07-16,36.64,36.64,34.25,34.81,174000.0,0.0,1.0,36.64,36.64,34.25,34.81,174000.0
2013-07-15,37.7,37.94,36.58,36.7,86900.0,0.0,1.0,37.7,37.94,36.58,36.7,86900.0
2013-07-12,37.67,38.15,37.5,37.56,60500.0,0.0,1.0,37.67,38.15,37.5,37.56,60500.0
2013-07-11,38.0,38.62,37.26,37.64,203100.0,0.0,1.0,38.0,38.62,37.26,37.64,203100.0
2013-07-10,38.89,38.89,36.8,37.2,154500.0,0.0,1.0,38.89,38.89,36.8,37.2,154500.0
2013-07-09,37.55,39.46,37.4,39.1,104500.0,0.0,1.0,37.55,39.46,37.4,39.1,104500.0
2013-07-08,36.48,38.14,36.48,37.11,217600.0,0.0,1.0,36.48,38.14,36.48,37.11,217600.0
2013-07-05,35.0,38.3,34.7,36.24,205900.0,0.0,1.0,35.0,38.3,34.7,36.24,205900.0
2013-07-03,33.4,34.91,33.12,34.41,80300.0,0.0,1.0,33.4,34.91,33.12,34.41,80300.0
2013-07-02,32.28,33.98,32.06,33.69,89000.0,0.0,1.0,32.28,33.98,32.06,33.69,89000.0
2013-07-01,31.86,33.44,31.86,32.18,107600.0,0.0,1.0,31.86,33.44,31.86,32.18,107600.0
2013-06-28,32.15,32.2,30.93,31.0,441400.0,0.0,1.0,32.15,32.2,30.93,31.0,441400.0
2013-06-27,33.42,33.67,32.41,32.56,84400.0,0.0,1.0,33.42,33.67,32.41,32.56,84400.0
2013-06-26,33.68,33.93,33.0,33.31,129400.0,0.0,1.0,33.68,33.93,33.0,33.31,129400.0
2013-06-25,32.81,34.34,32.27,33.33,171000.0,0.0,1.0,32.81,34.34,32.27,33.33,171000.0
2013-06-24,32.53,33.9,31.83,32.35,157400.0,0.0,1.0,32.53,33.9,31.83,32.35,157400.0
2013-06-21,31.21,32.81,31.02,32.78,108400.0,0.0,1.0,31.21,32.81,31.02,32.78,108400.0
2013-06-20,32.41,32.49,30.76,31.02,116600.0,0.0,1.0,32.41,32.49,30.76,31.02,116600.0
2013-06-19,31.68,33.4,31.61,32.58,149200.0,0.0,1.0,31.68,33.4,31.61,32.58,149200.0
2013-06-18,32.4,32.77,31.27,31.59,97600.0,0.0,1.0,32.4,32.77,31.27,31.59,97600.0
2013-06-17,29.38,32.53,29.33,32.15,386100.0,0.0,1.0,29.38,32.53,29.33,32.15,386100.0
2013-06-14,27.73,29.06,27.73,29.0,91400.0,0.0,1.0,27.73,29.06,27.73,29.0,91400.0
2013-06-13,27.49,27.79,27.18,27.69,49900.0,0.0,1.0,27.49,27.79,27.18,27.69,49900.0
2013-06-12,27.67,28.39,27.08,27.31,64200.0,0.0,1.0,27.67,28.39,27.08,27.31,64200.0
2013-06-11,28.83,28.94,27.33,27.4,72600.0,0.0,1.0,28.83,28.94,27.33,27.4,72600.0
2013-06-10,28.14,29.38,28.14,29.24,172300.0,0.0,1.0,28.14,29.38,28.14,29.24,172300.0
2013-06-07,27.04,28.06,26.86,27.95,118900.0,0.0,1.0,27.04,28.06,26.86,27.95,118900.0
2013-06-06,25.83,26.91,25.8,26.74,71200.0,0.0,1.0,25.83,26.91,25.8,26.74,71200.0
2013-06-05,26.57,26.57,25.9,26.0,86900.0,0.0,1.0,26.57,26.57,25.9,26.0,86900.0
2013-06-04,27.17,27.17,26.54,26.76,67400.0,0.0,1.0,27.17,27.17,26.54,26.76,67400.0
2013-06-03,28.51,28.51,26.18,27.22,141100.0,0.0,1.0,28.51,28.51,26.18,27.22,141100.0
2013-05-31,28.72,29.02,28.34,28.35,110600.0,0.0,1.0,28.72,29.02,28.34,28.35,110600.0
2013-05-30,28.63,28.83,28.48,28.61,53400.0,0.0,1.0,28.63,28.83,28.48,28.61,53400.0
2013-05-29,28.69,29.2,28.4,28.62,44200.0,0.0,1.0,28.69,29.2,28.4,28.62,44200.0
2013-05-28,29.16,29.41,28.55,28.79,78500.0,0.0,1.0,29.16,29.41,28.55,28.79,78500.0
2013-05-24,28.41,29.13,28.35,28.73,82200.0,0.0,1.0,28.41,29.13,28.35,28.73,82200.0
2013-05-23,27.6,28.84,27.25,28.48,106300.0,0.0,1.0,27.6,28.84,27.25,28.48,106300.0
2013-05-22,29.81,30.0,27.87,28.0,168700.0,0.0,1.0,29.81,30.0,27.87,28.0,168700.0
2013-05-21,29.83,30.22,29.69,29.92,68600.0,0.0,1.0,29.83,30.22,29.69,29.92,68600.0
2013-05-20,29.5,30.28,29.38,29.83,44000.0,0.0,1.0,29.5,30.28,29.38,29.83,44000.0
2013-05-17,29.51,29.73,28.97,29.5,158700.0,0.0,1.0,29.51,29.73,28.97,29.5,158700.0
2013-05-16,29.63,29.99,29.26,29.51,198100.0,0.0,1.0,29.63,29.99,29.26,29.51,198100.0
2013-05-15,29.52,29.75,29.26,29.64,155600.0,0.0,1.0,29.52,29.75,29.26,29.64,155600.0
2013-05-14,28.76,30.0,28.73,29.67,136100.0,0.0,1.0,28.76,30.0,28.73,29.67,136100.0
2013-05-13,29.0,29.35,28.14,28.89,151200.0,0.0,1.0,29.0,29.35,28.14,28.89,151200.0
2013-05-10,25.48,29.53,25.48,29.41,582700.0,0.0,1.0,25.48,29.53,25.48,29.41,582700.0
2013-05-09,25.07,25.46,24.8,25.2,210600.0,0.0,1.0,25.07,25.46,24.8,25.2,210600.0
2013-05-08,24.3,25.05,24.1,25.03,177700.0,0.0,1.0,24.3,25.05,24.1,25.03,177700.0
2013-05-07,24.71,25.0,24.09,24.19,92200.0,0.0,1.0,24.71,25.0,24.09,24.19,92200.0
2013-05-06,24.34,25.04,24.01,24.79,66200.0,0.0,1.0,24.34,25.04,24.01,24.79,66200.0
2013-05-03,25.46,25.46,23.91,24.39,134700.0,0.0,1.0,25.46,25.46,23.91,24.39,134700.0
2013-05-02,24.7,25.29,24.34,25.15,75400.0,0.0,1.0,24.7,25.29,24.34,25.15,75400.0
2013-05-01,25.03,25.26,24.27,24.75,106600.0,0.0,1.0,25.03,25.26,24.27,24.75,106600.0
2013-04-30,25.25,25.42,24.8,25.08,111100.0,0.0,1.0,25.25,25.42,24.8,25.08,111100.0
2013-04-29,24.3,25.39,24.22,25.25,79000.0,0.0,1.0,24.3,25.39,24.22,25.25,79000.0
2013-04-26,24.9,24.9,24.02,24.24,44800.0,0.0,1.0,24.9,24.9,24.02,24.24,44800.0
2013-04-25,25.54,25.54,24.45,24.87,70200.0,0.0,1.0,25.54,25.54,24.45,24.87,70200.0
2013-04-24,25.34,25.62,24.94,25.31,85000.0,0.0,1.0,25.34,25.62,24.94,25.31,85000.0
2013-04-23,24.31,25.5,24.31,25.44,71900.0,0.0,1.0,24.31,25.5,24.31,25.44,71900.0
2013-04-22,24.02,24.38,23.69,24.25,34800.0,0.0,1.0,24.02,24.38,23.69,24.25,34800.0
2013-04-19,24.08,24.35,23.61,24.01,102100.0,0.0,1.0,24.08,24.35,23.61,24.01,102100.0
2013-04-18,23.63,24.41,23.38,24.02,206200.0,0.0,1.0,23.63,24.41,23.38,24.02,206200.0
2013-04-17,23.16,23.83,22.96,23.72,85000.0,0.0,1.0,23.16,23.83,22.96,23.72,85000.0
2013-04-16,22.63,23.49,22.63,23.36,56600.0,0.0,1.0,22.63,23.49,22.63,23.36,56600.0
2013-04-15,23.81,23.87,22.23,22.53,141500.0,0.0,1.0,23.81,23.87,22.23,22.53,141500.0
2013-04-12,23.78,24.0,22.91,23.92,114900.0,0.0,1.0,23.78,24.0,22.91,23.92,114900.0
2013-04-11,25.4,25.94,23.52,23.72,350100.0,0.0,1.0,25.4,25.94,23.52,23.72,350100.0
2013-04-10,24.91,26.0,24.76,25.4,482800.0,0.0,1.0,24.91,26.0,24.76,25.4,482800.0
2013-04-09,24.07,25.1,24.02,24.66,338500.0,0.0,1.0,24.07,25.1,24.02,24.66,338500.0
2013-04-08,22.18,24.19,22.18,23.86,163600.0,0.0,1.0,22.18,24.19,22.18,23.86,163600.0
2013-04-05,21.99,22.17,21.0,22.05,72200.0,0.0,1.0,21.99,22.17,21.0,22.05,72200.0
2013-04-04,22.7,23.09,22.2,22.42,70700.0,0.0,1.0,22.7,23.09,22.2,22.42,70700.0
2013-04-03,22.4,22.99,22.05,22.62,128700.0,0.0,1.0,22.4,22.99,22.05,22.62,128700.0
2013-04-02,22.2,22.48,22.05,22.39,39600.0,0.0,1.0,22.2,22.48,22.05,22.39,39600.0
2013-04-01,22.62,22.63,21.89,22.14,103000.0,0.0,1.0,22.62,22.63,21.89,22.14,103000.0
2013-03-28,22.6,22.95,22.3,22.55,49200.0,0.0,1.0,22.6,22.95,22.3,22.55,49200.0
2013-03-27,23.0,23.0,22.4,22.6,65400.0,0.0,1.0,23.0,23.0,22.4,22.6,65400.0
2013-03-26,23.06,23.28,22.97,23.09,77300.0,0.0,1.0,23.06,23.28,22.97,23.09,77300.0
2013-03-25,22.4,23.01,22.06,23.0,86700.0,0.0,1.0,22.4,23.01,22.06,23.0,86700.0
2013-03-22,21.26,22.44,21.26,22.31,69800.0,0.0,1.0,21.26,22.44,21.26,22.31,69800.0
2013-03-21,20.92,21.13,20.87,21.12,54700.0,0.0,1.0,20.92,21.13,20.87,21.12,54700.0
2013-03-20,20.26,21.0,20.26,20.88,115900.0,0.0,1.0,20.26,21.0,20.26,20.88,115900.0
2013-03-19,20.34,20.41,20.1,20.28,50700.0,0.0,1.0,20.34,20.41,20.1,20.28,50700.0
2013-03-18,19.88,20.33,19.88,20.22,114100.0,0.0,1.0,19.88,20.33,19.88,20.22,114100.0
2013-03-15,20.27,20.36,20.03,20.15,76100.0,0.0,1.0,20.27,20.36,20.03,20.15,76100.0
2013-03-14,20.53,20.53,19.9,20.19,96200.0,0.0,1.0,20.53,20.53,19.9,20.19,96200.0
2013-03-13,20.27,20.55,20.19,20.37,78500.0,0.0,1.0,20.27,20.55,20.19,20.37,78500.0
2013-03-12,20.9,20.94,20.0,20.21,101000.0,0.0,1.0,20.9,20.94,20.0,20.21,101000.0
2013-03-11,21.14,21.29,20.7,20.88,83400.0,0.0,1.0,21.14,21.29,20.7,20.88,83400.0
2013-03-08,20.61,21.29,20.54,21.22,44900.0,0.0,1.0,20.61,21.29,20.54,21.22,44900.0
2013-03-07,20.54,20.62,20.35,20.51,55000.0,0.0,1.0,20.54,20.62,20.35,20.51,55000.0
2013-03-06,20.5,20.72,19.81,20.59,140300.0,0.0,1.0,20.5,20.72,19.81,20.59,140300.0
2013-03-05,21.48,21.53,20.7,20.9,46400.0,0.0,1.0,21.48,21.53,20.7,20.9,46400.0
2013-03-04,21.45,21.52,20.98,21.3,30900.0,0.0,1.0,21.45,21.52,20.98,21.3,30900.0
2013-03-01,20.64,21.66,20.43,21.57,86300.0,0.0,1.0,20.64,21.66,20.43,21.57,86300.0
2013-02-28,20.9,21.02,20.65,20.7,66200.0,0.0,1.0,20.9,21.02,20.65,20.7,66200.0
2013-02-27,20.97,21.43,20.68,20.99,121600.0,0.0,1.0,20.97,21.43,20.68,20.99,121600.0
2013-02-26,21.23,21.38,20.56,21.0,295400.0,0.0,1.0,21.23,21.38,20.56,21.0,295400.0
2013-02-25,21.64,21.64,20.95,21.13,123000.0,0.0,1.0,21.64,21.64,20.95,21.13,123000.0
2013-02-22,21.58,21.73,21.18,21.56,36700.0,0.0,1.0,21.58,21.73,21.18,21.56,36700.0
2013-02-21,21.22,21.55,20.81,21.46,104400.0,0.0,1.0,21.22,21.55,20.81,21.46,104400.0
2013-02-20,22.73,22.91,21.22,21.27,101300.0,0.0,1.0,22.73,22.91,21.22,21.27,101300.0
2013-02-19,22.73,23.45,22.57,22.66,176700.0,0.0,1.0,22.73,23.45,22.57,22.66,176700.0
2013-02-15,22.73,23.09,22.35,22.56,89000.0,0.0,1.0,22.73,23.09,22.35,22.56,89000.0
2013-02-14,22.51,22.89,22.19,22.66,132400.0,0.0,1.0,22.51,22.89,22.19,22.66,132400.0
2013-02-13,21.18,22.77,21.18,22.63,217300.0,0.0,1.0,21.18,22.77,21.18,22.63,217300.0
2013-02-12,20.69,21.12,20.6,21.08,156900.0,0.0,1.0,20.69,21.12,20.6,21.08,156900.0
2013-02-11,21.13,21.13,20.65,20.71,33300.0,0.0,1.0,21.13,21.13,20.65,20.71,33300.0
2013-02-08,21.34,21.37,21.06,21.07,35200.0,0.0,1.0,21.34,21.37,21.06,21.07,35200.0
2013-02-07,21.4,21.6,21.17,21.25,74900.0,0.0,1.0,21.4,21.6,21.17,21.25,74900.0
2013-02-06,21.11,21.84,21.1,21.47,98700.0,0.0,1.0,21.11,21.84,21.1,21.47,98700.0
2013-02-05,21.24,21.31,20.8,21.14,88800.0,0.0,1.0,21.24,21.31,20.8,21.14,88800.0
2013-02-04,21.96,21.96,20.87,21.03,217300.0,0.0,1.0,21.96,21.96,20.87,21.03,217300.0
2013-02-01,21.44,22.29,21.37,22.03,227200.0,0.0,1.0,21.44,22.29,21.37,22.03,227200.0
2013-01-31,20.18,20.72,19.92,20.54,220400.0,0.0,1.0,20.18,20.72,19.92,20.54,220400.0
2013-01-30,20.75,20.88,20.14,20.32,114400.0,0.0,1.0,20.75,20.88,20.14,20.32,114400.0
2013-01-29,20.59,20.86,20.55,20.82,66600.0,0.0,1.0,20.59,20.86,20.55,20.82,66600.0
2013-01-28,20.84,20.88,20.19,20.62,137900.0,0.0,1.0,20.84,20.88,20.19,20.62,137900.0
2013-01-25,20.42,20.75,20.31,20.75,112300.0,0.0,1.0,20.42,20.75,20.31,20.75,112300.0
2013-01-24,20.13,20.42,19.92,20.28,207600.0,0.0,1.0,20.13,20.42,19.92,20.28,207600.0
2013-01-23,19.88,20.09,19.85,20.01,133600.0,0.0,1.0,19.88,20.09,19.85,20.01,133600.0
2013-01-22,19.45,19.86,19.35,19.85,92900.0,0.0,1.0,19.45,19.86,19.35,19.85,92900.0
2013-01-18,19.18,19.44,18.87,19.32,76600.0,0.0,1.0,19.18,19.44,18.87,19.32,76600.0
2013-01-17,19.0,19.48,18.93,19.18,61400.0,0.0,1.0,19.0,19.48,18.93,19.18,61400.0
2013-01-16,18.65,19.29,18.65,18.84,75100.0,0.0,1.0,18.65,19.29,18.65,18.84,75100.0
2013-01-15,18.28,18.65,18.05,18.64,39400.0,0.0,1.0,18.28,18.65,18.05,18.64,39400.0
2013-01-14,18.01,18.45,17.75,18.31,77600.0,0.0,1.0,18.01,18.45,17.75,18.31,77600.0
2013-01-11,17.85,18.07,17.66,17.88,142800.0,0.0,1.0,17.85,18.07,17.66,17.88,142800.0
2013-01-10,17.93,18.06,17.47,17.69,169200.0,0.0,1.0,17.93,18.06,17.47,17.69,169200.0
2013-01-09,18.0,18.06,17.55,17.77,108400.0,0.0,1.0,18.0,18.06,17.55,17.77,108400.0
2013-01-08,18.0,18.27,17.5,17.85,211000.0,0.0,1.0,18.0,18.27,17.5,17.85,211000.0
2013-01-07,19.82,20.13,17.96,17.99,466400.0,0.0,1.0,19.82,20.13,17.96,17.99,466400.0
2013-01-04,19.68,19.83,18.98,19.09,95400.0,0.0,1.0,19.68,19.83,18.98,19.09,95400.0
2013-01-03,20.08,20.29,19.56,19.68,59800.0,0.0,1.0,20.08,20.29,19.56,19.68,59800.0
2013-01-02,19.35,20.16,19.32,19.98,98400.0,0.0,1.0,19.35,20.16,19.32,19.98,98400.0
2012-12-31,19.35,19.59,18.8,19.09,127100.0,0.0,1.0,19.35,19.59,18.8,19.09,127100.0
2012-12-28,18.84,19.62,18.84,19.3,45100.0,0.0,1.0,18.84,19.62,18.84,19.3,45100.0
2012-12-27,19.21,19.46,18.83,18.99,47900.0,0.0,1.0,19.21,19.46,18.83,18.99,47900.0
2012-12-26,19.75,19.86,19.17,19.19,52000.0,0.0,1.0,19.75,19.86,19.17,19.19,52000.0
2012-12-24,19.44,19.62,19.25,19.61,19200.0,0.0,1.0,19.44,19.62,19.25,19.61,19200.0
2012-12-21,20.13,20.13,19.3,19.53,77600.0,0.0,1.0,20.13,20.13,19.3,19.53,77600.0
2012-12-20,19.87,20.12,19.58,20.12,48800.0,0.0,1.0,19.87,20.12,19.58,20.12,48800.0
2012-12-19,20.29,20.46,19.38,19.82,128500.0,0.0,1.0,20.29,20.46,19.38,19.82,128500.0
2012-12-18,19.71,20.47,19.52,20.19,81300.0,0.0,1.0,19.71,20.47,19.52,20.19,81300.0
2012-12-17,18.76,19.8,18.74,19.59,131700.0,0.0,1.0,18.76,19.8,18.74,19.59,131700.0
2012-12-14,19.9,20.18,19.23,19.59,65000.0,0.0,1.0,19.9,20.18,19.23,19.59,65000.0
2012-12-13,19.68,20.12,19.24,19.97,64600.0,0.0,1.0,19.68,20.12,19.24,19.97,64600.0
2012-12-12,21.08,21.1,19.28,19.38,183200.0,0.0,1.0,21.08,21.1,19.28,19.38,183200.0
2012-12-11,21.12,21.47,20.95,20.96,88300.0,0.0,1.0,21.12,21.47,20.95,20.96,88300.0
2012-12-10,21.05,21.12,20.86,21.03,57400.0,0.0,1.0,21.05,21.12,20.86,21.03,57400.0
2012-12-07,21.11,21.28,20.71,20.96,67400.0,0.0,1.0,21.11,21.28,20.71,20.96,67400.0
2012-12-06,20.14,21.13,20.09,20.96,99800.0,0.0,1.0,20.14,21.13,20.09,20.96,99800.0
2012-12-05,20.16,20.35,19.68,20.14,74400.0,0.0,1.0,20.16,20.35,19.68,20.14,74400.0
2012-12-04,19.28,20.33,19.12,20.1,113500.0,0.0,1.0,19.28,20.33,19.12,20.1,113500.0
2012-12-03,19.4,19.51,18.8,19.28,125400.0,0.0,1.0,19.4,19.51,18.8,19.28,125400.0
2012-11-30,19.33,19.5,19.17,19.17,110600.0,0.0,1.0,19.33,19.5,19.17,19.17,110600.0
2012-11-29,19.66,19.98,19.25,19.31,109900.0,0.0,1.0,19.66,19.98,19.25,19.31,109900.0
2012-11-28,19.78,19.78,18.56,19.63,211800.0,0.0,1.0,19.78,19.78,18.56,19.63,211800.0
2012-11-27,20.97,21.28,19.56,19.91,167200.0,0.0,1.0,20.97,21.28,19.56,19.91,167200.0
2012-11-26,22.46,22.46,20.76,20.97,91600.0,0.0,1.0,22.46,22.46,20.76,20.97,91600.0
2012-11-23,21.12,21.6,21.06,21.5,13800.0,0.0,1.0,21.12,21.6,21.06,21.5,13800.0
2012-11-21,21.35,21.44,20.99,21.08,76800.0,0.0,1.0,21.35,21.44,20.99,21.08,76800.0
2012-11-20,21.11,21.34,21.1,21.31,62300.0,0.0,1.0,21.11,21.34,21.1,21.31,62300.0
2012-11-19,20.31,21.05,20.01,21.05,143700.0,0.0,1.0,20.31,21.05,20.01,21.05,143700.0
2012-11-16,19.98,20.17,18.92,20.07,353200.0,0.0,1.0,19.98,20.17,18.92,20.07,353200.0
2012-11-15,19.43,19.95,19.06,19.88,122000.0,0.0,1.0,19.43,19.95,19.06,19.88,122000.0
2012-11-14,18.26,19.13,18.26,18.91,107200.0,0.0,1.0,18.26,19.13,18.26,18.91,107200.0
2012-11-13,18.1,18.1,17.9,17.96,43500.0,0.0,1.0,18.1,18.1,17.9,17.96,43500.0
2012-11-12,18.21,18.37,17.45,18.26,116500.0,0.0,1.0,18.21,18.37,17.45,18.26,116500.0
2012-11-09,18.59,18.82,18.1,18.12,109800.0,0.0,1.0,18.59,18.82,18.1,18.12,109800.0
2012-11-08,18.61,18.85,18.24,18.68,115200.0,0.0,1.0,18.61,18.85,18.24,18.68,115200.0
2012-11-07,19.11,19.46,18.0,18.59,186800.0,0.0,1.0,19.11,19.46,18.0,18.59,186800.0
2012-11-06,19.28,19.4,19.17,19.28,34600.0,0.0,1.0,19.28,19.4,19.17,19.28,34600.0
2012-11-05,19.8,19.98,19.15,19.15,129800.0,0.0,1.0,19.8,19.98,19.15,19.15,129800.0
2012-11-02,20.51,20.83,19.65,19.75,95700.0,0.0,1.0,20.51,20.83,19.65,19.75,95700.0
2012-11-01,20.35,20.73,20.3,20.41,39900.0,0.0,1.0,20.35,20.73,20.3,20.41,39900.0
2012-10-31,20.39,20.87,20.11,20.28,60600.0,0.0,1.0,20.39,20.87,20.11,20.28,60600.0
2012-10-26,20.16,20.42,20.11,20.32,62400.0,0.0,1.0,20.16,20.42,20.11,20.32,62400.0
2012-10-25,20.13,20.29,19.88,20.11,56300.0,0.0,1.0,20.13,20.29,19.88,20.11,56300.0
2012-10-24,20.73,20.85,19.93,19.96,66300.0,0.0,1.0,20.73,20.85,19.93,19.96,66300.0
2012-10-23,20.08,20.63,19.65,20.54,204500.0,0.0,1.0,20.08,20.63,19.65,20.54,204500.0
2012-10-22,21.42,21.44,19.88,20.19,273500.0,0.0,1.0,21.42,21.44,19.88,20.19,273500.0
2012-10-19,21.7,21.77,21.28,21.42,95500.0,0.0,1.0,21.7,21.77,21.28,21.42,95500.0
2012-10-18,21.99,22.16,21.69,21.82,74600.0,0.0,1.0,21.99,22.16,21.69,21.82,74600.0
2012-10-17,22.1,22.27,21.85,22.0,98200.0,0.0,1.0,22.1,22.27,21.85,22.0,98200.0
2012-10-16,22.75,22.75,21.78,22.05,134800.0,0.0,1.0,22.75,22.75,21.78,22.05,134800.0
2012-10-15,22.45,22.68,22.35,22.39,157100.0,0.0,1.0,22.45,22.68,22.35,22.39,157100.0
2012-10-12,22.55,22.56,22.29,22.4,60500.0,0.0,1.0,22.55,22.56,22.29,22.4,60500.0
2012-10-11,22.49,22.7,22.46,22.5,57900.0,0.0,1.0,22.49,22.7,22.46,22.5,57900.0
2012-10-10,22.02,22.43,22.0,22.38,79500.0,0.0,1.0,22.02,22.43,22.0,22.38,79500.0
2012-10-09,23.28,23.28,21.95,22.06,156900.0,0.0,1.0,23.28,23.28,21.95,22.06,156900.0
2012-10-08,24.0,24.03,23.23,23.38,106100.0,0.0,1.0,24.0,24.03,23.23,23.38,106100.0
2012-10-05,24.69,24.85,23.96,24.03,100000.0,0.0,1.0,24.69,24.85,23.96,24.03,100000.0
2012-10-04,24.85,25.0,24.52,24.65,103700.0,0.0,1.0,24.85,25.0,24.52,24.65,103700.0
2012-10-03,23.56,24.88,23.37,24.75,112900.0,0.0,1.0,23.56,24.88,23.37,24.75,112900.0
2012-10-02,23.59,24.7,23.28,23.49,163800.0,0.0,1.0,23.59,24.7,23.28,23.49,163800.0
2012-10-01,22.33,23.57,22.0,23.43,203000.0,0.0,1.0,22.33,23.57,22.0,23.43,203000.0
2012-09-28,22.19,23.0,21.8,22.32,958400.0,0.0,1.0,22.19,23.0,21.8,22.32,958400.0
2012-09-27,22.51,22.51,22.05,22.19,39600.0,0.0,1.0,22.51,22.51,22.05,22.19,39600.0
2012-09-26,22.11,22.58,21.55,22.43,138000.0,0.0,1.0,22.11,22.58,21.55,22.43,138000.0
2012-09-25,22.86,23.3,21.5,22.06,102300.0,0.0,1.0,22.86,23.3,21.5,22.06,102300.0
2012-09-24,22.77,22.94,22.35,22.74,84900.0,0.0,1.0,22.77,22.94,22.35,22.74,84900.0
2012-09-21,22.35,23.26,22.0,22.84,85500.0,0.0,1.0,22.35,23.26,22.0,22.84,85500.0
2012-09-20,22.77,22.93,22.09,22.19,115200.0,0.0,1.0,22.77,22.93,22.09,22.19,115200.0
2012-09-19,22.5,23.0,22.5,22.7,129600.0,0.0,1.0,22.5,23.0,22.5,22.7,129600.0
2012-09-18,22.15,22.56,22.0,22.44,123100.0,0.0,1.0,22.15,22.56,22.0,22.44,123100.0
2012-09-17,21.16,22.57,21.16,22.09,265600.0,0.0,1.0,21.16,22.57,21.16,22.09,265600.0
2012-09-14,20.82,21.35,20.57,21.11,111800.0,0.0,1.0,20.82,21.35,20.57,21.11,111800.0
2012-09-13,19.65,20.99,18.59,20.9,305300.0,0.0,1.0,19.65,20.99,18.59,20.9,305300.0
2012-09-12,20.76,20.94,19.75,19.76,295700.0,0.0,1.0,20.76,20.94,19.75,19.76,295700.0
2012-09-11,20.65,20.9,20.5,20.6,44500.0,0.0,1.0,20.65,20.9,20.5,20.6,44500.0
2012-09-10,20.98,21.18,20.53,20.61,90500.0,0.0,1.0,20.98,21.18,20.53,20.61,90500.0
2012-09-07,21.17,21.35,20.61,20.94,190200.0,0.0,1.0,21.17,21.35,20.61,20.94,190200.0
2012-09-06,21.44,21.56,21.0,21.15,142800.0,0.0,1.0,21.44,21.56,21.0,21.15,142800.0
2012-09-05,21.73,21.73,21.25,21.41,89600.0,0.0,1.0,21.73,21.73,21.25,21.41,89600.0
2012-09-04,21.57,21.73,21.42,21.49,246600.0,0.0,1.0,21.57,21.73,21.42,21.49,246600.0
2012-08-31,21.59,21.81,21.25,21.48,129500.0,0.0,1.0,21.59,21.81,21.25,21.48,129500.0
2012-08-30,20.89,22.0,20.6,21.54,102300.0,0.0,1.0,20.89,22.0,20.6,21.54,102300.0
2012-08-29,20.82,21.81,20.5,20.5,259900.0,0.0,1.0,20.82,21.81,20.5,20.5,259900.0
2012-08-28,21.59,21.64,20.61,20.71,305700.0,0.0,1.0,21.59,21.64,20.61,20.71,305700.0
2012-08-27,19.55,21.54,19.44,20.93,500300.0,0.0,1.0,19.55,21.54,19.44,20.93,500300.0
2012-08-24,18.72,19.82,18.5,19.58,82700.0,0.0,1.0,18.72,19.82,18.5,19.58,82700.0
2012-08-23,18.38,18.75,18.33,18.7,324600.0,0.0,1.0,18.38,18.75,18.33,18.7,324600.0
2012-08-22,18.48,18.48,18.05,18.42,175600.0,0.0,1.0,18.48,18.48,18.05,18.42,175600.0
2012-08-21,18.8,19.07,18.43,18.48,88900.0,0.0,1.0,18.8,19.07,18.43,18.48,88900.0
2012-08-20,18.54,19.1,18.54,18.69,353000.0,0.0,1.0,18.54,19.1,18.54,18.69,353000.0
2012-08-17,18.76,18.88,18.57,18.57,120200.0,0.0,1.0,18.76,18.88,18.57,18.57,120200.0
2012-08-16,18.52,18.75,18.34,18.72,122000.0,0.0,1.0,18.52,18.75,18.34,18.72,122000.0
2012-08-15,18.63,18.68,18.37,18.45,106100.0,0.0,1.0,18.63,18.68,18.37,18.45,106100.0
2012-08-14,18.98,19.05,18.53,18.7,44500.0,0.0,1.0,18.98,19.05,18.53,18.7,44500.0
2012-08-13,19.17,19.45,18.62,18.77,75300.0,0.0,1.0,19.17,19.45,18.62,18.77,75300.0
2012-08-10,18.32,19.21,18.04,19.05,201500.0,0.0,1.0,18.32,19.21,18.04,19.05,201500.0
2012-08-09,18.85,18.85,18.4,18.54,237600.0,0.0,1.0,18.85,18.85,18.4,18.54,237600.0
2012-08-08,19.3,19.46,18.79,19.02,202000.0,0.0,1.0,19.3,19.46,18.79,19.02,202000.0
2012-08-07,19.88,19.9,19.33,19.69,118200.0,0.0,1.0,19.88,19.9,19.33,19.69,118200.0
2012-08-06,19.8,20.13,19.8,19.86,110500.0,0.0,1.0,19.8,20.13,19.8,19.86,110500.0
2012-08-03,19.54,19.96,19.54,19.77,60400.0,0.0,1.0,19.54,19.96,19.54,19.77,60400.0
2012-08-02,19.55,19.84,19.22,19.37,71700.0,0.0,1.0,19.55,19.84,19.22,19.37,71700.0
2012-08-01,20.3,20.48,19.0,19.74,92800.0,0.0,1.0,20.3,20.48,19.0,19.74,92800.0
2012-07-31,20.26,20.36,20.0,20.28,178900.0,0.0,1.0,20.26,20.36,20.0,20.28,178900.0
2012-07-30,20.15,20.25,19.6,20.0,202600.0,0.0,1.0,20.15,20.25,19.6,20.0,202600.0
2012-07-27,19.69,20.25,19.2,19.9,369900.0,0.0,1.0,19.69,20.25,19.2,19.9,369900.0
2012-07-26,18.95,19.25,18.49,19.25,707900.0,0.0,1.0,18.95,19.25,18.49,19.25,707900.0
2012-07-25,18.0,18.77,17.2,17.86,6309400.0,0.0,1.0,18.0,18.77,17.2,17.86,6309400.0
