2014-10-24,32.85,33.14,32.85,33.08,271194.0,0.0,1.0,32.85,33.14,32.85,33.08,271194.0
2014-10-23,33.0,33.04,32.75,33.01,465983.0,0.0,1.0,33.0,33.04,32.75,33.01,465983.0
2014-10-22,33.01,33.26,32.93,32.97,325094.0,0.0,1.0,33.01,33.26,32.93,32.97,325094.0
2014-10-21,32.5,33.02,32.35,33.02,322419.0,0.0,1.0,32.5,33.02,32.35,33.02,322419.0
2014-10-20,32.04,32.63,32.03,32.5,457440.0,0.0,1.0,32.04,32.63,32.03,32.5,457440.0
2014-10-17,32.11,32.37,31.71,32.21,554619.0,0.0,1.0,32.11,32.37,31.71,32.21,554619.0
2014-10-16,31.62,32.01,31.34,31.85,669694.0,0.0,1.0,31.62,32.01,31.34,31.85,669694.0
2014-10-15,32.41,32.5,31.63,32.12,1142652.0,0.0,1.0,32.41,32.5,31.63,32.12,1142652.0
2014-10-14,32.71,32.89,32.44,32.68,1377152.0,0.0,1.0,32.71,32.89,32.44,32.68,1377152.0
2014-10-13,33.0,33.01,32.55,32.78,1299777.0,0.0,1.0,33.0,33.01,32.55,32.78,1299777.0
2014-10-10,32.52,33.13,32.49,32.99,1207439.0,0.0,1.0,32.52,33.13,32.49,32.99,1207439.0
2014-10-09,32.32,32.67,32.21,32.63,935499.0,0.0,1.0,32.32,32.67,32.21,32.63,935499.0
2014-10-08,32.04,32.55,32.01,32.45,1184772.0,0.0,1.0,32.04,32.55,32.01,32.45,1184772.0
2014-10-07,32.42,32.57,32.085,32.12,656011.0,0.0,1.0,32.42,32.57,32.085,32.12,656011.0
2014-10-06,32.47,32.56,32.0,32.5,933370.0,0.0,1.0,32.47,32.56,32.0,32.5,933370.0
2014-10-03,32.48,32.72,32.21,32.52,2193835.0,0.0,1.0,32.48,32.72,32.21,32.52,2193835.0
2014-10-01,32.45,32.65,32.4,32.49,1071370.0,0.0,1.0,32.45,32.65,32.4,32.49,1071370.0
2014-09-30,32.19,32.71,32.11,32.65,699648.0,0.0,1.0,32.19,32.71,32.11,32.65,699648.0
2014-09-29,32.02,32.34,32.0,32.31,530443.0,0.0,1.0,32.02,32.34,32.0,32.31,530443.0
2014-09-26,31.59,32.32,31.46,32.25,675152.0,0.0,1.0,31.59,32.32,31.46,32.25,675152.0
2014-09-25,31.48,31.66,31.42,31.6,871233.0,0.0,1.0,31.48,31.66,31.42,31.6,871233.0
2014-09-24,31.31,31.63,31.25,31.59,413937.0,0.0,1.0,31.31,31.63,31.25,31.59,413937.0
2014-09-23,31.28,31.43,31.21,31.35,532812.0,0.0,1.0,31.28,31.43,31.21,31.35,532812.0
2014-09-22,31.41,31.47,31.135,31.37,454921.0,0.0,1.0,31.41,31.47,31.135,31.37,454921.0
2014-09-19,31.82,31.95,31.47,31.48,724741.0,0.0,1.0,31.82,31.95,31.47,31.48,724741.0
2014-09-18,31.95,32.15,31.46,31.78,940893.0,0.0,1.0,31.95,32.15,31.46,31.78,940893.0
2014-09-17,32.06,32.32,31.95,32.17,1589623.0,0.0,1.0,32.06,32.32,31.95,32.17,1589623.0
2014-09-16,32.06,32.3,31.89,32.23,689815.0,0.0,1.0,32.06,32.3,31.89,32.23,689815.0
2014-09-15,32.16,32.24,31.95,32.15,763904.0,0.0,1.0,32.16,32.24,31.95,32.15,763904.0
2014-09-12,32.13,32.37,31.91,32.06,710998.0,0.0,1.0,32.13,32.37,31.91,32.06,710998.0
2014-09-11,32.27,32.49,32.08,32.35,1204041.0,0.0,1.0,32.27,32.49,32.08,32.35,1204041.0
2014-09-10,31.91,32.265,31.79,32.14,2142440.0,0.0,1.0,31.91,32.265,31.79,32.14,2142440.0
2014-09-09,32.11,32.27,31.815,31.99,5471831.0,0.0,1.0,32.11,32.27,31.815,31.99,5471831.0
2014-09-08,33.82,34.21,33.54,33.55,762898.0,0.0,1.0,33.82,34.21,33.54,33.55,762898.0
2014-09-05,33.5,33.86,33.34,33.83,629418.0,0.0,1.0,33.5,33.86,33.34,33.83,629418.0
2014-09-04,33.04,33.51,32.91,33.49,734930.0,0.0,1.0,33.04,33.51,32.91,33.49,734930.0
2014-09-03,32.81,32.96,32.75,32.87,392592.0,0.0,1.0,32.81,32.96,32.75,32.87,392592.0
2014-09-02,32.39,32.94,32.31,32.94,542123.0,0.0,1.0,32.39,32.94,32.31,32.94,542123.0
2014-08-29,32.33,32.43,32.2,32.36,201890.0,0.0,1.0,32.33,32.43,32.2,32.36,201890.0
2014-08-28,32.36,32.52,32.24,32.31,342000.0,0.0,1.0,32.36,32.52,32.24,32.31,342000.0
2014-08-27,32.19,32.55,32.135,32.35,459350.0,0.235,1.0,32.19,32.55,32.135,32.35,459350.0
2014-08-26,32.23,32.38,32.11,32.25,375928.0,0.0,1.0,31.997560227098,32.146478441,31.878425655977,32.017415988952,375928.0
2014-08-25,32.4,32.48,32.104,32.24,235180.0,0.0,1.0,32.166334202854,32.245757250269,31.872468927421,32.007488108025,235180.0
2014-08-22,32.19,32.37,32.09,32.22,189610.0,0.0,1.0,31.957848703391,32.136550560074,31.858569894123,31.987632346172,189610.0
2014-08-21,32.11,32.238,32.01,32.11,298295.0,0.0,1.0,31.878425655977,32.00550253184,31.779146846709,31.878425655977,298295.0
2014-08-20,32.2,32.4,32.0,32.16,366407.0,0.0,1.0,31.967776584318,32.166334202854,31.769218965782,31.928065060611,366407.0
2014-08-19,32.23,32.4899,32.005,32.03,461326.0,0.0,1.0,31.997560227098,32.255585852386,31.774182906245,31.799002608562,461326.0
2014-08-18,32.36,32.7,31.76,32.4,811845.0,0.0,1.0,32.126622679147,32.464170630658,31.530949823538,32.166334202854,811845.0
2014-08-15,31.51,32.9,31.25,32.18,1078711.0,0.0,1.0,31.282752800368,32.662728249194,31.024627896271,31.947920822464,1078711.0
2014-08-14,31.26,31.64,31.26,31.46,790468.0,0.0,1.0,31.034555777198,31.411815252417,31.034555777198,31.233113395734,790468.0
2014-08-13,31.26,31.49,30.45,31.4,2161357.0,0.0,1.0,31.034555777198,31.262897038515,30.230397422127,31.173546110173,2161357.0
2014-08-12,30.72,31.04,30.65,30.94,1341395.0,0.0,1.0,30.498450207151,30.816142396808,30.428955040663,30.71686358754,1341395.0
2014-08-11,30.67,30.935,30.53,30.63,967379.0,0.0,1.0,30.448810802516,30.711899647077,30.309820469541,30.409099278809,967379.0
2014-08-08,30.49,30.9,30.44,30.76,532940.0,0.0,1.0,30.270108945834,30.677152063833,30.2204695412,30.538161730858,532940.0
2014-08-07,30.32,30.66,30.24,30.49,629552.0,0.0,1.0,30.101334970078,30.43888292159,30.021911922664,30.270108945834,629552.0
2014-08-06,30.27,30.45,30.11,30.28,353248.0,0.0,1.0,30.051695565444,30.230397422127,29.892849470615,30.061623446371,353248.0
2014-08-05,30.15,30.42,30.13,30.33,420667.0,0.0,1.0,29.932560994323,30.200613779346,29.912705232469,30.111262851005,420667.0
2014-08-04,30.67,30.74,30.15,30.28,632511.0,0.0,1.0,30.448810802516,30.518305969004,29.932560994323,30.061623446371,632511.0
2014-08-01,30.19,30.7,30.03,30.69,396501.0,0.0,1.0,29.97227251803,30.478594445297,29.813426423201,30.46866656437,396501.0
2014-07-31,30.42,30.47,30.07,30.13,537045.0,0.0,1.0,30.200613779346,30.25025318398,29.853137946908,29.912705232469,537045.0
2014-07-30,30.91,31.01,30.45,30.47,492465.0,0.0,1.0,30.68707994476,30.786358754028,30.230397422127,30.25025318398,492465.0
2014-07-29,31.07,31.755,30.8301,30.89,589800.0,0.0,1.0,30.845926039589,31.525985883075,30.607756176155,30.667224182906,589800.0
2014-07-28,31.4,31.49,30.93,31.04,576070.0,0.0,1.0,31.173546110173,31.262897038515,30.706935706613,30.816142396808,576070.0
2014-07-25,31.28,31.46,31.25,31.4,477282.0,0.0,1.0,31.054411539052,31.233113395734,31.024627896271,31.173546110173,477282.0
2014-07-24,31.35,31.48,31.25,31.44,380600.0,0.0,1.0,31.123906705539,31.252969157588,31.024627896271,31.213257633881,380600.0
2014-07-23,31.58,31.64,31.1,31.31,511895.0,0.0,1.0,31.352247966856,31.411815252417,30.875709682369,31.084195181832,511895.0
2014-07-22,31.35,31.62,31.31,31.58,329263.0,0.0,1.0,31.123906705539,31.391959490563,31.084195181832,31.352247966856,329263.0
2014-07-21,31.31,31.39,31.12,31.37,303806.0,0.0,1.0,31.084195181832,31.163618229247,30.895565444223,31.143762467393,303806.0
2014-07-18,31.2,31.4,31.12,31.35,490763.0,0.0,1.0,30.974988491637,31.173546110173,30.895565444223,31.123906705539,490763.0
2014-07-17,30.9,31.09,30.695,31.07,582079.0,0.0,1.0,30.677152063833,30.865781801442,30.473630504834,30.845926039589,582079.0
2014-07-16,30.815,31.01,30.53,31.0,736866.0,0.0,1.0,30.592765075955,30.786358754028,30.309820469541,30.776430873101,736866.0
2014-07-15,31.125,31.26,30.605,30.67,919231.0,0.0,1.0,30.900529384686,31.034555777198,30.384279576492,30.448810802516,919231.0
2014-07-14,31.43,31.62,31.255,31.42,835796.0,0.0,1.0,31.203329752954,31.391959490563,31.029591836735,31.193401872027,835796.0
2014-07-11,31.05,31.41,30.94,31.36,923114.0,0.0,1.0,30.826070277735,31.1834739911,30.71686358754,31.133834586466,923114.0
2014-07-10,31.04,31.13,30.66,31.06,837122.0,0.0,1.0,30.816142396808,30.90549332515,30.43888292159,30.835998158662,837122.0
2014-07-09,31.13,31.3,31.06,31.06,723183.0,0.0,1.0,30.90549332515,31.074267300905,30.835998158662,30.835998158662,723183.0
2014-07-08,31.46,31.51,31.01,31.03,1162940.0,0.0,1.0,31.233113395734,31.282752800368,30.786358754028,30.806214515882,1162940.0
2014-07-07,31.41,31.835,31.27,31.57,1249243.0,0.0,1.0,31.1834739911,31.605408930489,31.044483658125,31.342320085929,1249243.0
2014-07-03,31.5,31.62,30.98,31.16,2293270.0,0.0,1.0,31.272824919441,31.391959490563,30.756575111248,30.93527696793,2293270.0
2014-07-02,32.01,32.13,31.42,31.48,1761980.0,0.0,1.0,31.779146846709,31.89828141783,31.193401872027,31.252969157588,1761980.0
2014-07-01,33.03,33.146,32.01,32.07,2012383.0,0.0,1.0,32.791790701243,32.906954119994,31.779146846709,31.838714132269,2012383.0
2014-06-30,33.08,33.13,32.72,32.9,708360.0,0.0,1.0,32.841430105877,32.891069510511,32.484026392512,32.662728249194,708360.0
2014-06-27,33.15,33.24,32.84,32.92,1595674.0,0.0,1.0,32.910925272365,33.000276200706,32.603160963634,32.682584011048,1595674.0
2014-06-26,32.97,33.34,32.87,33.21,1049316.0,0.0,1.0,32.732223415682,33.099555009974,32.632944606414,32.970492557925,1049316.0
2014-06-25,32.94,33.1025,32.03,32.35,1085092.0,0.0,1.0,32.702439772902,32.863767837962,31.799002608562,32.11669479822,1085092.0
2014-06-24,32.78,33.26,32.64,32.74,878422.0,0.0,1.0,32.543593678073,33.020131962559,32.404603345097,32.503882154366,878422.0
2014-06-23,32.97,33.115,32.61,32.64,649634.0,0.0,1.0,32.732223415682,32.876177689121,32.374819702317,32.404603345097,649634.0
2014-06-20,33.41,33.47,32.98,33.14,529242.0,0.0,1.0,33.169050176462,33.228617462022,32.742151296609,32.900997391438,529242.0
2014-06-19,33.06,33.4,32.9,33.24,768420.0,0.0,1.0,32.821574344023,33.159122295535,32.662728249194,33.000276200706,768420.0
2014-06-18,32.76,32.8,32.34,32.73,527656.0,0.0,1.0,32.523737916219,32.563449439926,32.106766917293,32.493954273439,527656.0
2014-06-17,33.425,33.7,32.41,32.63,1223963.0,0.0,1.0,33.183941997852,33.456958723339,32.176262083781,32.394675464171,1223963.0
2014-06-16,33.05,33.39,32.9393,33.34,1036091.0,0.0,1.0,32.811646463097,33.149194414608,32.701744821237,33.099555009974,1036091.0
2014-06-13,32.67,33.04,32.366,33.04,1398570.0,0.0,1.0,32.434386987878,32.80171858217,32.132579407703,32.80171858217,1398570.0
2014-06-12,31.89,32.2,31.85,32.1,724690.0,0.0,1.0,31.660012275587,31.967776584318,31.62030075188,31.86849777505,724690.0
2014-06-11,31.52,32.21,31.2,32.06,1877251.0,0.0,1.0,31.292680681295,31.977704465245,30.974988491637,31.828786251343,1877251.0
2014-06-10,32.0,32.13,31.46,31.48,1572602.0,0.0,1.0,31.769218965782,31.89828141783,31.233113395734,31.252969157588,1572602.0
2014-06-09,31.75,32.11,31.5919,32.0,674834.0,0.0,1.0,31.521021942612,31.878425655977,31.364062145159,31.769218965782,674834.0
2014-06-06,32.12,32.1799,31.436,31.55,1394434.0,0.0,1.0,31.888353536903,31.947821543655,31.20928648151,31.322464324075,1394434.0
2014-06-05,32.46,32.52,31.83,31.84,594134.0,0.0,1.0,32.225901488415,32.285468773976,31.600444990026,31.610372870953,594134.0
2014-06-04,32.68,32.87,32.38,32.47,678706.0,0.0,1.0,32.444314868805,32.632944606414,32.146478441,32.235829369342,678706.0
2014-06-03,31.9,32.98,31.65,32.77,3172259.0,0.0,1.0,31.669940156514,32.742151296609,31.421743133344,32.533665797146,3172259.0
2014-06-02,31.75,31.8999,31.35,31.75,2097805.0,0.0,1.0,31.521021942612,31.669840877704,31.123906705539,31.521021942612,2097805.0
2014-05-30,31.7,31.79,31.22,31.31,958893.0,0.0,1.0,31.471382537978,31.560733466319,30.994844253491,31.084195181832,958893.0
2014-05-29,31.15,31.91,31.0,31.68,3949928.0,0.21,1.0,30.925349087003,31.679868037441,30.776430873101,31.451526776124,3949928.0
2014-05-28,31.59,31.69,31.16,31.58,2401953.0,0.0,1.0,31.155651641824,31.25427668659,30.731563949327,31.145789137347,2401953.0
2014-05-23,33.91,34.01,33.27,33.27,2727986.0,0.0,1.0,33.443752680413,33.54237772518,32.812552393905,32.812552393905,2727986.0
2014-05-22,34.05,34.19,33.82,34.17,2503267.0,0.0,1.0,33.581827743086,33.71990280576,33.354990140123,33.700177796806,2503267.0
2014-05-21,34.2,34.34,33.7,34.1,2646824.0,0.0,1.0,33.729765310236,33.86784037291,33.236640086403,33.63114026547,2646824.0
2014-05-20,34.38,34.5,34.0,34.21,1412871.0,0.0,1.0,33.907290390817,34.025640444537,33.532515220703,33.739627814713,1412871.0
2014-05-16,33.71,34.32,33.59,34.28,1578659.0,0.0,1.0,33.246502590879,33.848115363957,33.128152537159,33.80866534605,1578659.0
2014-05-15,33.49,33.78,33.14,33.75,4859958.0,0.0,1.0,33.029527492392,33.315540122216,32.684339835709,33.285952608786,4859958.0
2014-05-14,34.0,34.09,33.29,33.4,5388007.0,0.0,1.0,33.532515220703,33.621277760993,32.832277402859,32.940764952102,5388007.0
2014-05-13,34.23,34.84,33.91,34.0,9326644.0,0.0,1.0,33.759352823666,34.360965596744,33.443752680413,33.532515220703,9326644.0
2014-05-12,35.63,35.67,34.1001,34.47,24085189.0,0.0,1.0,35.140103450401,35.179553468308,33.631238890514,33.996052931107,24085189.0
2014-05-08,30.31,30.477,30.01,30.24,490834.0,0.0,1.0,29.893251068809,30.057954893569,29.597375934509,29.824213537472,490834.0
2014-05-07,30.19,30.38,30.05,30.15,850709.0,0.0,1.0,29.774901015089,29.962288600146,29.636825952415,29.735450997182,850709.0
2014-05-06,30.35,30.53,30.18,30.28,531490.0,0.0,1.0,29.932701086716,30.110226167296,29.765038510612,29.863663555379,531490.0
2014-05-05,30.33,30.445,30.16,30.34,243634.0,0.0,1.0,29.912976077762,30.026394879244,29.745313501659,29.922838582239,243634.0
2014-05-02,30.17,30.72,30.16,30.57,411734.0,0.0,1.0,29.755176006135,30.297613752353,29.745313501659,30.149676185203,411734.0
2014-05-01,30.26,30.43,30.07,30.32,271754.0,0.0,1.0,29.843938546426,30.011601122529,29.656550961369,29.903113573286,271754.0
2014-04-30,30.08,30.44,29.9264,30.4,389914.0,0.0,1.0,29.666413465845,30.021463627006,29.514925397084,29.982013609099,389914.0
2014-04-29,30.17,30.37,29.88,29.99,285255.0,0.0,1.0,29.755176006135,29.952426095669,29.469163376312,29.577650925555,285255.0
2014-04-28,29.89,30.11,29.84,29.98,669379.0,0.0,1.0,29.479025880789,29.696000979275,29.429713358405,29.567788421079,669379.0
2014-04-25,30.05,30.17,29.78,29.85,554982.0,0.0,1.0,29.636825952415,29.755176006135,29.370538331545,29.439575862882,554982.0
2014-04-24,30.12,30.31,29.94,30.2,325643.0,0.0,1.0,29.705863483752,29.893251068809,29.528338403172,29.784763519566,325643.0
2014-04-23,30.055,30.2,29.86,30.07,478700.0,0.0,1.0,29.641757204654,29.784763519566,29.449438367358,29.656550961369,478700.0
2014-04-21,29.98,30.09,29.85,29.96,388536.0,0.0,1.0,29.567788421079,29.676275970322,29.439575862882,29.548063412125,388536.0
2014-04-17,29.92,29.94,29.64,29.94,243888.0,0.0,1.0,29.508613394219,29.528338403172,29.232463268872,29.528338403172,243888.0
2014-04-16,29.69,29.92,29.57,29.79,436383.0,0.0,1.0,29.281775791255,29.508613394219,29.163425737535,29.380400836022,436383.0
2014-04-15,29.69,29.98,29.34,29.56,1027343.0,0.0,1.0,29.281775791255,29.567788421079,28.936588134571,29.153563233058,1027343.0
2014-04-14,29.81,29.9,29.46,29.75,514300.0,0.0,1.0,29.400125844975,29.488888385265,29.054938188291,29.340950818115,514300.0
2014-04-11,29.67,29.78,29.39,29.67,595300.0,0.0,1.0,29.262050782302,29.370538331545,28.985900656955,29.262050782302,595300.0
2014-04-10,29.89,30.09,29.45,29.75,738800.0,0.0,1.0,29.479025880789,29.676275970322,29.045075683815,29.340950818115,738800.0
2014-04-09,29.38,29.9,29.19,29.89,578800.0,0.0,1.0,28.976038152478,29.488888385265,28.788650567421,29.479025880789,578800.0
2014-04-08,29.19,29.38,28.64,29.38,506700.0,0.0,1.0,28.788650567421,28.976038152478,28.246212821204,28.976038152478,506700.0
2014-04-07,28.83,29.2,28.75,28.96,424300.0,0.0,1.0,28.433600406261,28.798513071898,28.354700370447,28.561812964458,424300.0
2014-04-04,29.6,29.76,28.87,28.9,333500.0,0.0,1.0,29.193013250965,29.350813322592,28.473050424167,28.502637937597,333500.0
2014-04-03,29.6,29.65,29.31,29.52,1258800.0,0.0,1.0,29.193013250965,29.242325773348,28.907000621141,29.114113215151,1258800.0
2014-04-02,29.55,29.75,29.3,29.56,741100.0,0.0,1.0,29.143700728581,29.340950818115,28.897138116665,29.153563233058,741100.0
2014-04-01,29.8,29.87,29.07,29.28,659700.0,0.0,1.0,29.390263340498,29.459300871835,28.670300513701,28.877413107711,659700.0
2014-03-31,29.77,29.88,29.36,29.86,436700.0,0.0,1.0,29.360675827068,29.469163376312,28.956313143525,29.449438367358,436700.0
2014-03-28,28.95,29.56,28.9,29.54,334400.0,0.0,1.0,28.551950459981,29.153563233058,28.502637937597,29.133838224105,334400.0
2014-03-27,28.68,29.0,28.68,28.93,271300.0,0.0,1.0,28.285662839111,28.601262982364,28.285662839111,28.532225451027,271300.0
2014-03-26,28.92,29.0,28.53,28.75,179700.0,0.0,1.0,28.522362946551,28.601262982364,28.13772527196,28.354700370447,179700.0
2014-03-25,29.05,29.14,28.86,28.9,230100.0,0.0,1.0,28.650575504748,28.739338045038,28.463187919691,28.502637937597,230100.0
2014-03-24,29.09,29.14,28.63,28.92,322000.0,0.0,1.0,28.690025522654,28.739338045038,28.236350316727,28.522362946551,322000.0
2014-03-21,29.25,29.39,28.78,28.95,484100.0,0.0,1.0,28.847825594281,28.985900656955,28.384287883877,28.551950459981,484100.0
2014-03-20,28.88,29.14,28.64,29.13,195500.0,0.0,1.0,28.482912928644,28.739338045038,28.246212821204,28.729475540561,195500.0
2014-03-19,29.08,29.13,28.8,28.88,199100.0,0.0,1.0,28.680163018178,28.729475540561,28.404012892831,28.482912928644,199100.0
2014-03-18,29.13,29.31,28.88,29.02,202900.0,0.21,1.0,28.729475540561,28.907000621141,28.482912928644,28.620987991318,202900.0
2014-03-17,29.11,29.36,29.02,29.27,271000.0,0.0,1.0,28.503488211675,28.748279419264,28.415363376943,28.660154584532,271000.0
2014-03-14,28.63,29.18,28.59,29.13,304900.0,0.0,1.0,28.033489093104,28.5720297498,27.994322499889,28.523071508282,304900.0
2014-03-13,29.25,29.39,28.48,28.67,392800.0,0.0,1.0,28.640571287925,28.777654364175,27.88661436855,28.072655686318,392800.0
2014-03-12,28.77,29.21,28.67,29.21,263100.0,0.0,1.0,28.170572169354,28.60140469471,28.072655686318,28.60140469471,263100.0
2014-03-11,29.04,29.16,28.65,28.84,480000.0,0.0,1.0,28.43494667355,28.552446453193,28.053072389711,28.239113707479,480000.0
2014-03-10,29.0,29.15,28.66,29.03,325600.0,0.0,1.0,28.395780080336,28.542654804889,28.062864038014,28.425155025246,325600.0
2014-03-07,28.58,28.97,28.4,28.97,359100.0,0.0,1.0,27.984530851586,28.366405135425,27.808281182122,28.366405135425,359100.0
2014-03-06,28.0,28.63,27.92,28.37,347300.0,0.0,1.0,27.416615249979,28.033489093104,27.338282063551,27.778906237211,347300.0
2014-03-05,28.44,28.66,28.2,28.5,381400.0,0.0,1.0,27.847447775336,28.062864038014,27.61244821605,27.906197665157,381400.0
2014-03-04,28.56,28.59,28.33,28.56,291800.0,0.0,1.0,27.964947554979,27.994322499889,27.739739643997,27.964947554979,291800.0
2014-03-03,28.1,28.5,27.95,28.36,329100.0,0.0,1.0,27.514531733015,27.906197665157,27.367657008461,27.769114588908,329100.0
2014-02-28,28.22,28.33,27.98,28.32,356000.0,0.0,1.0,27.632031512658,27.739739643997,27.397031953372,27.729947995693,356000.0
2014-02-27,28.16,28.26,27.92,28.15,190100.0,0.0,1.0,27.573281622836,27.671198105872,27.338282063551,27.563489974533,190100.0
2014-02-26,27.96,28.21,27.88,28.15,136500.0,0.0,1.0,27.377448656765,27.622239864354,27.299115470336,27.563489974533,136500.0
2014-02-25,27.99,28.22,27.78,27.91,185900.0,0.0,1.0,27.406823601676,27.632031512658,27.201198987301,27.328490415247,185900.0
2014-02-24,28.37,28.4,27.9,27.97,282800.0,0.0,1.0,27.778906237211,27.808281182122,27.318698766944,27.387240305069,282800.0
2014-02-21,28.38,28.42,28.19,28.25,278800.0,0.0,1.0,27.788697885515,27.827864478729,27.602656567747,27.661406457568,278800.0
2014-02-20,28.09,28.34,27.96,28.18,274200.0,0.0,1.0,27.504740084711,27.7495312923,27.377448656765,27.592864919443,274200.0
2014-02-19,28.14,28.22,27.89,27.92,315700.0,0.0,1.0,27.553698326229,27.632031512658,27.30890711864,27.338282063551,315700.0
2014-02-18,28.2,28.29,28.05,28.17,298000.0,0.0,1.0,27.61244821605,27.700573050783,27.465573491497,27.58307327114,298000.0
2014-02-14,28.05,28.24,27.96,28.18,314900.0,0.0,1.0,27.465573491497,27.651614809265,27.377448656765,27.592864919443,314900.0
2014-02-13,27.99,28.07,27.88,27.95,375400.0,0.0,1.0,27.406823601676,27.485156788104,27.299115470336,27.367657008461,375400.0
2014-02-12,28.0,28.1,27.77,28.0,396800.0,0.0,1.0,27.416615249979,27.514531733015,27.191407338997,27.416615249979,396800.0
2014-02-11,27.88,28.06,27.82,27.99,430000.0,0.0,1.0,27.299115470336,27.475365139801,27.240365580515,27.406823601676,430000.0
2014-02-10,27.93,27.98,27.8,27.91,352800.0,0.0,1.0,27.348073711854,27.397031953372,27.220782283908,27.328490415247,352800.0
2014-02-07,27.95,28.04,27.52,27.91,450000.0,0.0,1.0,27.367657008461,27.455781843193,26.946616131408,27.328490415247,450000.0
2014-02-06,27.07,27.92,26.96,27.8,589800.0,0.0,1.0,26.505991957748,27.338282063551,26.398283826409,27.220782283908,589800.0
2014-02-05,26.98,27.01,26.65,26.98,478700.0,0.0,1.0,26.417867123016,26.447242067926,26.094742728998,26.417867123016,478700.0
2014-02-04,27.05,27.06,26.09,27.02,644300.0,0.0,1.0,26.486408661141,26.496200309444,25.546410423998,26.45703371623,644300.0
2014-02-03,26.93,27.05,26.69,26.89,634600.0,0.0,1.0,26.368908881498,26.486408661141,26.133909322212,26.329742288284,634600.0
2014-01-31,26.71,27.13,26.56,27.0,264100.0,0.0,1.0,26.153492618819,26.564741847569,26.006617894266,26.437450419623,264100.0
2014-01-30,27.04,27.04,26.73,26.94,223700.0,0.0,1.0,26.476617012837,26.476617012837,26.173075915427,26.378700529801,223700.0
2014-01-29,26.78,26.87,26.44,26.82,354300.0,0.0,1.0,26.222034156944,26.310158991676,25.889118114623,26.261200750159,354300.0
2014-01-28,26.62,27.08,26.55,26.92,250100.0,0.0,1.0,26.065367784087,26.515783606051,25.996826245962,26.359117233194,250100.0
2014-01-27,26.48,26.97,26.38,26.51,379600.0,0.0,1.0,25.928284707837,26.408075474712,25.830368224802,25.957659652748,379600.0
2014-01-24,27.15,27.22,26.48,26.55,311400.0,0.0,1.0,26.584325144176,26.652866682301,25.928284707837,25.996826245962,311400.0
2014-01-23,27.01,27.26,26.82,27.26,311800.0,0.0,1.0,26.447242067926,26.692033275515,26.261200750159,26.692033275515,311800.0
2014-01-22,27.33,27.5,26.98,27.06,365900.0,0.0,1.0,26.76057481364,26.927032834801,26.417867123016,26.496200309444,365900.0
2014-01-21,27.51,27.67,27.17,27.23,381000.0,0.0,1.0,26.936824483105,27.093490855962,26.603908440783,26.662658330605,381000.0
2014-01-17,27.48,27.7,27.28,27.3,198000.0,0.0,1.0,26.907449538194,27.122865800872,26.711616572123,26.73119986873,198000.0
2014-01-16,27.53,27.64,27.37,27.56,302600.0,0.0,1.0,26.956407779712,27.064115911051,26.799741406855,26.985782724622,302600.0
2014-01-15,27.94,27.94,27.37,27.53,381100.0,0.0,1.0,27.357865360158,27.357865360158,26.799741406855,26.956407779712,381100.0
2014-01-14,27.07,27.88,27.07,27.88,359500.0,0.0,1.0,26.505991957748,27.299115470336,26.505991957748,27.299115470336,359500.0
2014-01-13,27.27,27.48,26.91,27.0,333700.0,0.0,1.0,26.701824923819,26.907449538194,26.349325584891,26.437450419623,333700.0
2014-01-10,27.23,27.37,27.03,27.34,506500.0,0.0,1.0,26.662658330605,26.799741406855,26.466825364534,26.770366461944,506500.0
2014-01-09,27.17,27.36,26.77,27.33,351900.0,0.0,1.0,26.603908440783,26.789949758551,26.212242508641,26.76057481364,351900.0
2014-01-08,27.17,27.32,26.86,27.16,416600.0,0.0,1.0,26.603908440783,26.750783165337,26.300367343373,26.59411679248,416600.0
2014-01-07,27.05,27.28,27.0,27.15,429900.0,0.0,1.0,26.486408661141,26.711616572123,26.437450419623,26.584325144176,429900.0
2014-01-06,27.01,27.25,26.87,27.0,1050600.0,0.0,1.0,26.447242067926,26.682241627212,26.310158991676,26.437450419623,1050600.0
2014-01-03,27.11,27.25,26.77,27.01,981300.0,0.0,1.0,26.545158550962,26.682241627212,26.212242508641,26.447242067926,981300.0
2014-01-02,27.5,27.64,27.25,27.37,577400.0,0.0,1.0,26.927032834801,27.064115911051,26.682241627212,26.799741406855,577400.0
2013-12-31,27.0,27.52,26.88,27.46,720100.0,0.0,1.0,26.437450419623,26.946616131408,26.31995063998,26.887866241587,720100.0
2013-12-30,27.11,27.3,26.82,26.94,507900.0,0.0,1.0,26.545158550962,26.73119986873,26.261200750159,26.378700529801,507900.0
2013-12-27,27.44,27.69,27.1,27.24,332800.0,0.0,1.0,26.86828294498,27.113074152569,26.535366902658,26.672449978908,332800.0
2013-12-26,26.86,27.5,26.8,27.37,289400.0,0.0,1.0,26.300367343373,26.927032834801,26.241617453552,26.799741406855,289400.0
2013-12-24,26.57,26.96,26.48,26.9,126800.0,0.0,1.0,26.01640954257,26.398283826409,25.928284707837,26.339533936587,126800.0
2013-12-23,26.85,26.92,26.46,26.57,280500.0,0.0,1.0,26.290575695069,26.359117233194,25.90870141123,26.01640954257,280500.0
2013-12-20,26.65,26.97,26.56,26.84,911900.0,0.0,1.0,26.094742728998,26.408075474712,26.006617894266,26.280784046766,911900.0
2013-12-19,26.65,26.73,26.6,26.71,425100.0,0.0,1.0,26.094742728998,26.173075915427,26.04578448748,26.153492618819,425100.0
2013-12-18,26.72,26.83,26.65,26.71,673400.0,0.0,1.0,26.163284267123,26.270992398462,26.094742728998,26.153492618819,673400.0
2013-12-17,26.75,26.88,26.65,26.74,548000.0,0.0,1.0,26.192659212034,26.31995063998,26.094742728998,26.18286756373,548000.0
2013-12-16,26.86,26.99,26.65,26.73,596900.0,0.0,1.0,26.300367343373,26.427658771319,26.094742728998,26.173075915427,596900.0
2013-12-13,26.6,26.86,26.55,26.73,1558700.0,0.0,1.0,26.04578448748,26.300367343373,25.996826245962,26.173075915427,1558700.0
2013-12-12,26.5,26.82,26.3,26.55,6523000.0,0.0,1.0,25.947868004445,26.261200750159,25.752035038373,25.996826245962,6523000.0
2013-12-11,27.02,27.41,26.91,27.21,337100.0,0.0,1.0,26.45703371623,26.838908000069,26.349325584891,26.643075033998,337100.0
2013-12-10,27.15,27.47,26.9,27.02,402700.0,0.0,1.0,26.584325144176,26.89765788989,26.339533936587,26.45703371623,402700.0
2013-12-09,27.69,28.12,27.61,27.97,111700.0,0.0,1.0,27.113074152569,27.534115029622,27.03474096614,27.387240305069,111700.0
2013-12-06,27.69,27.98,27.65,27.73,154600.0,0.0,1.0,27.113074152569,27.397031953372,27.073907559354,27.152240745783,154600.0
2013-12-05,27.38,27.54,27.14,27.51,143000.0,0.0,1.0,26.809533055158,26.966199428015,26.574533495873,26.936824483105,143000.0
2013-12-04,27.13,27.45,27.0,27.37,143400.0,0.0,1.0,26.564741847569,26.878074593283,26.437450419623,26.799741406855,143400.0
2013-12-03,27.34,27.5,27.01,27.13,217300.0,0.0,1.0,26.770366461944,26.927032834801,26.447242067926,26.564741847569,217300.0
2013-12-02,27.64,27.64,27.09,27.21,155300.0,0.0,1.0,27.064115911051,27.064115911051,26.525575254355,26.643075033998,155300.0
2013-11-29,28.21,28.25,27.54,27.59,82600.0,0.0,1.0,27.622239864354,27.661406457568,26.966199428015,27.015157669533,82600.0
2013-11-27,27.29,28.33,27.02,28.26,167600.0,0.21,1.0,26.721408220426,27.739739643997,26.45703371623,27.671198105872,167600.0
2013-11-26,27.9,28.4,27.56,27.96,370900.0,0.0,1.0,27.117190978357,27.603162142844,26.786730586506,27.175507518095,370900.0
2013-11-25,28.56,28.81,28.14,28.37,135000.0,0.0,1.0,27.758672915479,28.001658497723,27.350457137311,27.574003872975,135000.0
2013-11-22,28.35,28.67,27.83,28.56,108100.0,0.0,1.0,27.554565026395,27.865586571667,27.049155015329,27.758672915479,108100.0
2013-11-21,28.25,28.49,27.86,28.27,157500.0,0.0,1.0,27.457370793498,27.690636952451,27.078313285198,27.476809640077,157500.0
2013-11-20,28.46,28.63,28.17,28.24,167500.0,0.0,1.0,27.661478682582,27.826708878508,27.37961540718,27.447651370208,167500.0
2013-11-19,28.4,28.74,28.26,28.47,152900.0,0.0,1.0,27.603162142844,27.933622534695,27.467090216787,27.671198105872,152900.0
2013-11-18,28.43,28.55,28.11,28.45,311800.0,0.0,1.0,27.632320412713,27.74895349219,27.321298867441,27.651759259292,311800.0
2013-11-15,28.29,28.49,28.14,28.36,275600.0,0.0,1.0,27.496248486657,27.690636952451,27.350457137311,27.564284449685,275600.0
2013-11-14,27.83,28.44,27.73,28.29,353000.0,0.0,1.0,27.049155015329,27.642039836003,26.951960782432,27.496248486657,353000.0
2013-11-13,27.0,27.61,27.0,27.36,174900.0,0.0,1.0,26.242442882281,26.835327702955,26.242442882281,26.592342120711,174900.0
2013-11-12,26.93,27.03,26.51,26.97,268900.0,0.0,1.0,26.174406919253,26.27160115215,25.766191141084,26.213284612412,268900.0
2013-11-11,27.09,27.28,26.67,26.99,110300.0,0.0,1.0,26.329917691889,26.514586734394,25.92170191372,26.232723458991,110300.0
2013-11-08,27.0,27.49,26.96,27.19,209100.0,0.0,1.0,26.242442882281,26.718694623478,26.203565189122,26.427111924786,209100.0
2013-11-07,27.15,27.48,26.86,27.07,317700.0,0.0,1.0,26.388234231627,26.708975200188,26.106370956225,26.310478845309,317700.0
2013-11-06,27.01,27.38,26.83,27.04,226400.0,0.0,1.0,26.252162305571,26.611780967291,26.077212686356,26.28132057544,226400.0
2013-11-05,27.02,27.1,26.68,26.96,267600.0,0.0,1.0,26.26188172886,26.339637115178,25.93142133701,26.203565189122,267600.0
2013-11-04,27.31,27.31,26.86,27.06,141900.0,0.0,1.0,26.543745004263,26.543745004263,26.106370956225,26.300759422019,141900.0
2013-11-01,27.04,27.43,27.02,27.12,157600.0,0.0,1.0,26.28132057544,26.66037808374,26.26188172886,26.359075961758,157600.0
2013-10-31,26.96,27.33,26.69,27.09,115300.0,0.0,1.0,26.203565189122,26.563183850842,25.941140760299,26.329917691889,115300.0
2013-10-30,27.25,27.8,26.86,26.88,234000.0,0.0,1.0,26.485428464524,27.01999674546,26.106370956225,26.125809802804,234000.0
2013-10-29,27.94,28.25,26.95,27.11,229700.0,0.0,1.0,27.156068671516,27.457370793498,26.193845765832,26.349356538468,229700.0
2013-10-28,27.88,28.59,27.64,27.86,406100.0,0.0,1.0,27.097752131778,27.787831185349,26.864485972824,27.078313285198,406100.0
2013-10-25,27.43,27.87,27.39,27.84,175900.0,0.0,1.0,26.66037808374,27.088032708488,26.621500390581,27.058874438619,175900.0
2013-10-24,27.61,27.65,27.15,27.43,158300.0,0.0,1.0,26.835327702955,26.874205396114,26.388234231627,26.66037808374,158300.0
2013-10-23,26.93,27.62,26.91,27.53,346300.0,0.0,1.0,26.174406919253,26.845047126245,26.154968072673,26.757572316637,346300.0
2013-10-22,26.47,26.96,26.47,26.81,143700.0,0.0,1.0,25.727313447925,26.203565189122,25.727313447925,26.057773839776,143700.0
2013-10-21,26.94,26.97,26.41,26.45,231200.0,0.0,1.0,26.184126342543,26.213284612412,25.668996908187,25.707874601346,231200.0
2013-10-18,26.93,27.04,26.72,26.84,173200.0,0.0,1.0,26.174406919253,26.28132057544,25.970299030168,26.086932109645,173200.0
2013-10-17,26.74,27.09,26.64,27.01,199700.0,0.0,1.0,25.989737876748,26.329917691889,25.892543643851,26.252162305571,199700.0
2013-10-16,27.04,27.04,26.44,26.79,565200.0,0.0,1.0,26.28132057544,26.28132057544,25.698155178056,26.038334993197,565200.0
2013-10-15,26.95,26.99,26.05,26.31,233300.0,0.0,1.0,26.193845765832,26.232723458991,25.319097669756,25.571802675289,233300.0
2013-10-14,26.54,27.1,26.32,26.96,181000.0,0.0,1.0,25.795349410953,26.339637115178,25.581522098579,26.203565189122,181000.0
2013-10-11,26.61,26.93,26.2,26.62,383300.0,0.0,1.0,25.863385373981,26.174406919253,25.464889019102,25.873104797271,383300.0
2013-10-10,25.82,26.78,25.82,26.62,460200.0,0.0,1.0,25.095550934092,26.028615569907,25.095550934092,25.873104797271,460200.0
2013-10-09,25.5,25.74,25.0,25.28,299700.0,0.0,1.0,24.784529388821,25.017795547775,24.298558224334,24.570702076447,299700.0
2013-10-08,25.96,26.03,25.33,25.42,257300.0,0.0,1.0,25.231622860149,25.299658823177,24.619299192895,24.706774002503,257300.0
2013-10-07,25.72,26.04,25.64,25.83,178400.0,0.0,1.0,24.998356701195,25.309378246467,24.920601314877,25.105270357382,178400.0
2013-10-04,25.97,26.09,25.64,26.07,191400.0,0.0,1.0,25.241342283438,25.357975362915,24.920601314877,25.338536516336,191400.0
2013-10-03,26.08,26.24,25.38,26.03,627200.0,0.0,1.0,25.348255939626,25.503766712261,24.667896309344,25.299658823177,627200.0
2013-10-02,26.32,26.47,26.0,26.07,387100.0,0.0,1.0,25.581522098579,25.727313447925,25.270500553308,25.338536516336,387100.0
2013-10-01,26.33,26.71,26.09,26.22,523100.0,0.0,1.0,25.591241521869,25.960579606879,25.357975362915,25.484327865682,523100.0
2013-09-30,25.91,26.56,25.8,26.47,280600.0,0.0,1.0,25.1830257437,25.814788257533,25.076112087513,25.727313447925,280600.0
2013-09-27,25.9,26.12,25.6,26.07,410100.0,0.0,1.0,25.17330632041,25.387133632784,24.881723621718,25.338536516336,410100.0
2013-09-26,26.58,26.72,25.98,26.09,461300.0,0.0,1.0,25.834227104112,25.970299030168,25.251061706728,25.357975362915,461300.0
2013-09-25,26.9,27.05,26.59,26.64,317500.0,0.0,1.0,26.145248649384,26.29103999873,25.843946527402,25.892543643851,317500.0
2013-09-24,26.65,26.98,26.6,26.86,269000.0,0.0,1.0,25.90226306714,26.223004035702,25.853665950692,26.106370956225,269000.0
2013-09-23,26.31,26.53,26.08,26.5,448600.0,0.0,1.0,25.571802675289,25.785629987664,25.348255939626,25.756471717794,448600.0
2013-09-20,26.01,26.8,25.92,26.23,581800.0,0.0,1.0,25.280219976597,26.048054416486,25.19274516699,25.494047288972,581800.0
2013-09-19,27.42,27.42,26.03,26.12,527400.0,0.18,1.0,26.65065866045,26.65065866045,25.299658823177,25.387133632784,527400.0
2013-09-18,27.5,27.5,27.05,27.45,298800.0,0.0,1.0,26.545481935421,26.545481935421,26.111101321932,26.497217422811,298800.0
2013-09-17,27.05,27.8,26.89,27.57,235200.0,0.0,1.0,26.111101321932,26.83506901108,25.956654881581,26.613052253075,235200.0
2013-09-16,26.81,27.16,26.75,27.06,277300.0,0.0,1.0,25.879431661405,26.217283249674,25.821514246273,26.120754224454,277300.0
2013-09-13,26.57,26.85,26.57,26.67,242000.0,0.0,1.0,25.647762000878,25.918043271493,25.647762000878,25.744291026097,242000.0
2013-09-12,27.04,27.24,26.59,26.62,285900.0,0.0,1.0,26.10144841941,26.29450646985,25.667067805922,25.696026513488,285900.0
2013-09-11,27.71,27.8,26.95,26.98,220800.0,0.0,1.0,26.748192888382,26.83506901108,26.014572296713,26.043531004279,220800.0
2013-09-10,27.78,28.06,27.34,27.66,214900.0,0.0,1.0,26.815763206036,27.086044476651,26.391035495069,26.699928375773,214900.0
2013-09-09,27.68,27.9,27.51,27.75,287100.0,0.0,1.0,26.719234180816,26.9315980363,26.555134837943,26.78680449847,287100.0
2013-09-06,27.8,28.25,27.54,27.68,229800.0,0.0,1.0,26.83506901108,27.269449624569,26.584093545509,26.719234180816,229800.0
2013-09-05,28.11,28.3,27.71,27.8,242900.0,0.0,1.0,27.134308989261,27.317714137179,26.748192888382,26.83506901108,242900.0
2013-09-04,27.69,28.21,27.4,27.97,317300.0,0.0,1.0,26.728887083338,27.230838014481,26.448952910201,26.999168353954,317300.0
2013-09-03,27.13,28.0,27.13,27.59,260700.0,0.0,1.0,26.188324542108,27.02812706152,26.188324542108,26.632358058119,260700.0
2013-08-30,27.36,27.46,27.02,27.1,240900.0,0.0,1.0,26.410341300113,26.506870325333,26.082142614366,26.159365834542,240900.0
2013-08-29,27.53,27.69,27.33,27.33,218900.0,0.0,1.0,26.574440642987,26.728887083338,26.381382592547,26.381382592547,218900.0
2013-08-28,27.1,27.56,26.94,27.45,212400.0,0.0,1.0,26.159365834542,26.603399350553,26.004919394191,26.497217422811,212400.0
2013-08-27,27.87,27.92,27.0,27.14,461100.0,0.0,1.0,26.902639328734,26.950903841344,26.062836809322,26.19797744463,461100.0
2013-08-26,27.73,28.52,27.68,27.88,507800.0,0.0,1.0,26.767498693426,27.530077992662,26.719234180816,26.912292231256,507800.0
2013-08-23,26.85,27.81,26.85,27.7,193000.0,0.0,1.0,25.918043271493,26.844721913602,25.918043271493,26.73853998586,193000.0
2013-08-22,26.82,26.97,26.77,26.89,131800.0,0.0,1.0,25.889084563927,26.033878101757,25.840820051317,25.956654881581,131800.0
2013-08-21,26.81,26.89,26.73,26.83,138700.0,0.0,1.0,25.879431661405,25.956654881581,25.802208441229,25.898737466449,138700.0
2013-08-20,26.49,26.86,26.42,26.76,114900.0,0.0,1.0,25.570538780702,25.927696174015,25.502968463048,25.831167148795,114900.0
2013-08-19,26.5,26.52,26.25,26.5,227300.0,0.0,1.0,25.580191683224,25.599497488268,25.338869120175,25.580191683224,227300.0
2013-08-16,26.59,26.76,26.26,26.51,176800.0,0.0,1.0,25.667067805922,25.831167148795,25.348522022697,25.589844585746,176800.0
2013-08-15,26.32,26.85,26.07,26.59,469800.0,0.0,1.0,25.406439437828,25.918043271493,25.165116874779,25.667067805922,469800.0
2013-08-14,26.15,26.97,25.63,26.34,542800.0,0.0,1.0,25.242340094955,26.033878101757,24.740389163812,25.425745242872,542800.0
2013-08-13,26.76,26.95,26.16,26.22,566100.0,0.0,1.0,25.831167148795,26.014572296713,25.251992997477,25.309910412609,566100.0
2013-08-12,26.18,26.94,25.98,26.19,935500.0,0.0,1.0,25.271298802521,26.004919394191,25.078240752081,25.280951705043,935500.0
2013-08-09,25.28,25.46,25.02,25.46,241800.0,0.0,1.0,24.402537575543,24.576289820939,24.151562109972,24.576289820939,241800.0
2013-08-08,25.52,25.73,25.25,25.37,181700.0,0.0,1.0,24.634207236071,24.836918189032,24.373578867977,24.489413698241,181700.0
2013-08-07,25.95,25.95,25.3,25.45,366900.0,0.0,1.0,25.049282044515,25.049282044515,24.421843380587,24.566636918417,366900.0
2013-08-06,25.91,26.2,25.33,25.91,307500.0,0.0,1.0,25.010670434428,25.290604607565,24.450802088153,25.010670434428,307500.0
2013-08-05,25.96,26.17,25.68,25.82,118200.0,0.0,1.0,25.058934947037,25.261645899999,24.788653676422,24.92379431173,118200.0
2013-08-02,25.62,26.2,25.33,26.03,228800.0,0.0,1.0,24.73073626129,25.290604607565,24.450802088153,25.126505264691,228800.0
2013-08-01,25.61,25.68,25.47,25.59,271900.0,0.0,1.0,24.721083358768,24.788653676422,24.585942723461,24.701777553724,271900.0
2013-07-31,25.61,25.69,25.4,25.47,184800.0,0.0,1.0,24.721083358768,24.798306578944,24.518372405807,24.585942723461,184800.0
2013-07-30,25.48,25.79,25.33,25.55,296600.0,0.0,1.0,24.595595625983,24.894835604164,24.450802088153,24.663165943637,296600.0
2013-07-29,25.46,25.56,25.35,25.39,62200.0,0.0,1.0,24.576289820939,24.672818846159,24.470107893197,24.508719503285,62200.0
2013-07-26,25.55,25.67,25.43,25.49,346600.0,0.0,1.0,24.663165943637,24.7790007739,24.547331113373,24.605248528505,346600.0
2013-07-25,25.43,25.76,25.3,25.63,193600.0,0.0,1.0,24.547331113373,24.865876896598,24.421843380587,24.740389163812,193600.0
2013-07-24,25.74,25.87,25.44,25.5,310400.0,0.0,1.0,24.846571091554,24.97205882434,24.556984015895,24.614901431027,310400.0
2013-07-23,25.8,25.92,25.68,25.83,226800.0,0.0,1.0,24.904488506686,25.02032333695,24.788653676422,24.933447214252,226800.0
2013-07-22,25.67,25.89,25.28,25.86,322400.0,0.0,1.0,24.7790007739,24.991364629384,24.402537575543,24.962405921818,322400.0
2013-07-19,25.35,25.69,25.1,25.67,375600.0,0.0,1.0,24.470107893197,24.798306578944,24.228785330148,24.7790007739,375600.0
2013-07-18,25.1,25.34,24.94,25.34,330800.0,0.0,1.0,24.228785330148,24.460454990675,24.074338889796,24.460454990675,330800.0
2013-07-17,25.0,25.02,24.68,25.01,267500.0,0.0,1.0,24.132256304928,24.151562109972,23.823363424225,24.14190920745,267500.0
2013-07-16,24.39,25.05,24.19,25.01,759700.0,0.0,1.0,23.543429251088,24.180520817538,23.350371200649,24.14190920745,759700.0
2013-07-15,24.0,24.75,23.92,24.53,688300.0,0.0,1.0,23.166966052731,23.890933741879,23.089742832555,23.678569886396,688300.0
2013-07-12,24.14,24.55,23.9,24.29,1596200.0,0.0,1.0,23.302106688039,23.697875691439,23.070437027511,23.446900225868,1596200.0
2013-07-11,25.8,26.03,24.51,24.61,1681600.0,0.0,1.0,24.904488506686,25.126505264691,23.659264081352,23.755793106571,1681600.0
2013-07-10,25.2,25.72,25.01,25.67,319400.0,0.0,1.0,24.325314355368,24.82726528651,24.14190920745,24.7790007739,319400.0
2013-07-09,24.48,25.23,24.45,25.21,363100.0,0.0,1.0,23.630305373786,24.354273062934,23.60134666622,24.33496725789,363100.0
2013-07-08,24.57,24.61,24.25,24.49,523300.0,0.0,1.0,23.717181496483,23.755793106571,23.40828861578,23.639958276308,523300.0
2013-07-05,24.52,24.6,24.14,24.56,187500.0,0.0,1.0,23.668916983874,23.746140204049,23.302106688039,23.707528593961,187500.0
2013-07-03,24.59,24.61,24.31,24.4,192000.0,0.0,1.0,23.736487301527,23.755793106571,23.466206030912,23.55308215361,192000.0
2013-07-02,24.17,24.59,24.1,24.58,427700.0,0.0,1.0,23.331065395605,23.736487301527,23.263495077951,23.726834399005,427700.0
2013-07-01,24.32,24.44,24.0,24.19,433400.0,0.0,1.0,23.475858933434,23.591693763698,23.166966052731,23.350371200649,433400.0
2013-06-28,24.36,24.7,24.1,24.15,1919400.0,0.0,1.0,23.514470543522,23.842669229269,23.263495077951,23.311759590561,1919400.0
2013-06-27,23.95,24.53,23.91,24.4,541600.0,0.0,1.0,23.118701540121,23.678569886396,23.080089930033,23.55308215361,541600.0
2013-06-26,24.35,24.47,23.8,23.96,731300.0,0.0,1.0,23.504817641,23.620652471264,22.973908002292,23.128354442643,731300.0
2013-06-25,24.48,24.48,23.56,24.35,839100.0,0.0,1.0,23.630305373786,23.630305373786,22.742238341764,23.504817641,839100.0
2013-06-24,24.62,24.65,24.21,24.27,719300.0,0.0,1.0,23.765446009093,23.794404716659,23.369677005692,23.427594420824,719300.0
2013-06-21,24.96,25.07,24.57,24.65,1589700.0,0.0,1.0,24.09364469484,24.199826622582,23.717181496483,23.794404716659,1589700.0
2013-06-20,24.77,25.26,24.57,24.96,907400.0,0.0,1.0,23.910239546923,24.383231770499,23.717181496483,24.09364469484,907400.0
2013-06-19,25.2,25.48,24.94,25.0,532800.0,0.0,1.0,24.325314355368,24.595595625983,24.074338889796,24.132256304928,532800.0
2013-06-18,24.67,25.18,24.67,25.15,95000.0,0.18,1.0,23.813710521703,24.306008550324,23.813710521703,24.277049842758,95000.0
2013-06-17,25.17,25.18,24.75,24.8,398500.0,0.0,1.0,24.12370092942,24.133285236504,23.721160031909,23.769081567327,398500.0
2013-06-14,25.12,25.18,24.72,24.95,281900.0,0.0,1.0,24.075779394002,24.133285236504,23.692407110658,23.912846173581,281900.0
2013-06-13,25.1,25.22,24.53,25.12,241800.0,0.0,1.0,24.056610779835,24.171622464838,23.51030527607,24.075779394002,241800.0
2013-06-12,25.17,25.39,24.68,25.29,296400.0,0.0,1.0,24.12370092942,24.334555685259,23.654069882324,24.238712614423,296400.0
2013-06-11,24.87,25.09,24.66,25.06,382300.0,0.0,1.0,23.836171716912,24.047026472751,23.634901268157,24.018273551501,382300.0
2013-06-10,24.18,25.05,24.1,24.99,592300.0,0.0,1.0,23.174854528144,24.008689244417,23.098180071475,23.951183401915,592300.0
2013-06-07,24.25,24.34,23.98,24.18,258800.0,0.0,1.0,23.241944677729,23.328203441481,22.983168386472,23.174854528144,258800.0
2013-06-06,23.66,24.16,23.66,24.16,283800.0,0.0,1.0,22.676470559797,23.155685913977,22.676470559797,23.155685913977,283800.0
2013-06-05,23.94,24.07,23.6,23.66,316700.0,0.0,1.0,22.944831158137,23.069427150224,22.618964717295,22.676470559797,316700.0
2013-06-04,24.6,24.6,23.7,23.97,371600.0,0.0,1.0,23.577395425655,23.577395425655,22.714807788131,22.973584079388,371600.0
2013-06-03,24.31,24.57,23.37,24.52,938100.0,0.0,1.0,23.299450520231,23.548642504404,22.398525654372,23.500720968986,938100.0
2013-05-31,24.68,24.88,24.51,24.56,214300.0,0.0,1.0,23.654069882324,23.845756023996,23.491136661903,23.539058197321,214300.0
2013-05-30,24.99,25.0,24.64,24.77,181200.0,0.0,1.0,23.951183401915,23.960767708999,23.615732653989,23.740328646076,181200.0
2013-05-29,24.93,24.99,24.5,24.95,345800.0,0.0,1.0,23.893677559414,23.951183401915,23.481552354819,23.912846173581,345800.0
2013-05-28,24.81,25.14,24.76,24.93,239100.0,0.0,1.0,23.778665874411,24.094948008169,23.730744338993,23.893677559414,239100.0
2013-05-24,24.64,24.8,24.5,24.67,212000.0,0.0,1.0,23.615732653989,23.769081567327,23.481552354819,23.64448557524,212000.0
2013-05-23,24.5,24.81,24.0,24.7,659100.0,0.0,1.0,23.481552354819,23.778665874411,23.002337000639,23.673238496491,659100.0
2013-05-22,25.48,25.48,24.79,24.85,798300.0,0.0,1.0,24.420814449012,24.420814449012,23.759497260243,23.817003102745,798300.0
2013-05-21,25.57,25.57,25.33,25.37,304100.0,0.0,1.0,24.507073212764,24.507073212764,24.277049842758,24.315387071092,304100.0
2013-05-20,25.92,26.18,25.39,25.42,379300.0,0.0,1.0,24.84252396069,25.091715944864,24.334555685259,24.36330860651,379300.0
2013-05-17,25.5,25.55,25.0,25.46,556500.0,0.0,1.0,24.439983063179,24.487904598597,23.960767708999,24.401645834845,556500.0
2013-05-16,25.74,26.48,25.25,25.32,927600.0,0.0,1.0,24.670006433185,25.379245157372,24.200375386089,24.267465535674,927600.0
2013-05-15,24.55,25.49,24.41,25.24,1536000.0,0.0,1.0,23.529473890237,24.430398756095,23.395293591067,24.190791079005,1536000.0
2013-05-14,23.78,24.14,23.71,24.04,634500.0,0.0,1.0,22.7914822448,23.136517299809,22.724392095215,23.040674228973,634500.0
2013-05-13,24.0,24.21,23.75,23.83,411800.0,0.0,1.0,23.002337000639,23.203607449395,22.762729323549,22.839403780218,411800.0
2013-05-10,24.35,24.55,24.16,24.22,307300.0,0.0,1.0,23.337787748565,23.529473890237,23.155685913977,23.213191756478,307300.0
2013-05-09,24.66,24.7,24.2,24.25,455800.0,0.0,1.0,23.634901268157,23.673238496491,23.194023142311,23.241944677729,455800.0
2013-05-08,24.5,24.5,24.22,24.42,533900.0,0.0,1.0,23.481552354819,23.481552354819,23.213191756478,23.40487789815,533900.0
2013-05-07,24.0,24.66,23.7,24.49,978900.0,0.0,1.0,23.002337000639,23.634901268157,22.714807788131,23.471968047735,978900.0
2013-05-06,23.81,23.98,23.57,23.93,375600.0,0.0,1.0,22.820235166051,22.983168386472,22.590211796044,22.935246851054,375600.0
2013-05-03,23.68,23.85,23.62,23.74,2052100.0,0.0,1.0,22.695639173964,22.858572394385,22.638133331462,22.753145016465,2052100.0
2013-05-02,23.73,23.98,23.52,23.91,633700.0,0.0,1.0,22.743560709382,22.983168386472,22.542290260626,22.916078236887,633700.0
2013-05-01,24.02,24.02,23.46,23.7,436400.0,0.0,1.0,23.021505614806,23.021505614806,22.484784418125,22.714807788131,436400.0
2013-04-30,23.9,23.94,23.72,23.87,389400.0,0.0,1.0,22.906493929803,22.944831158137,22.733976402298,22.877741008552,389400.0
2013-04-29,23.8,23.86,23.57,23.81,836400.0,0.0,1.0,22.810650858967,22.868156701469,22.590211796044,22.820235166051,836400.0
2013-04-26,23.6,23.67,23.45,23.6,635600.0,0.0,1.0,22.618964717295,22.68605486688,22.475200111041,22.618964717295,635600.0
2013-04-25,23.96,23.96,23.6,23.63,583900.0,0.0,1.0,22.963999772305,22.963999772305,22.618964717295,22.647717638546,583900.0
2013-04-24,23.95,24.02,23.85,23.85,476400.0,0.0,1.0,22.954415465221,23.021505614806,22.858572394385,22.858572394385,476400.0
2013-04-23,24.19,24.25,23.71,23.93,586200.0,0.0,1.0,23.184438835227,23.241944677729,22.724392095215,22.935246851054,586200.0
2013-04-22,24.25,24.25,23.8,24.17,403300.0,0.0,1.0,23.241944677729,23.241944677729,22.810650858967,23.16527022106,403300.0
2013-04-19,24.0,24.12,23.86,24.12,1012000.0,0.0,1.0,23.002337000639,23.117348685642,22.868156701469,23.117348685642,1012000.0
2013-04-18,24.1,24.2,23.88,23.99,490100.0,0.0,1.0,23.098180071475,23.194023142311,22.887325315636,22.992752693555,490100.0
2013-04-17,24.3,24.3,23.82,23.98,851300.0,0.0,1.0,23.289866213147,23.289866213147,22.829819473134,22.983168386472,851300.0
2013-04-16,24.0,24.13,23.6,23.9,1082000.0,0.0,1.0,23.002337000639,23.126932992726,22.618964717295,22.906493929803,1082000.0
2013-04-15,23.48,23.84,23.38,23.8,1293800.0,0.0,1.0,22.503953032292,22.848988087301,22.408109961456,22.810650858967,1293800.0
2013-04-12,23.15,23.47,23.13,23.45,555200.0,0.0,1.0,22.187670898533,22.494368725208,22.168502284366,22.475200111041,555200.0
2013-04-11,23.85,23.89,23.11,23.34,1228800.0,0.0,1.0,22.858572394385,22.896909622719,22.149333670199,22.369772733121,1228800.0
2013-04-10,24.17,24.17,23.1,23.57,2275400.0,0.0,1.0,23.16527022106,23.16527022106,22.139749363115,22.590211796044,2275400.0
2013-04-09,24.3,24.38,23.76,24.1,1392300.0,0.0,1.0,23.289866213147,23.366540669816,22.772313630633,23.098180071475,1392300.0
2013-04-08,24.44,24.8,24.07,24.28,1063200.0,0.0,1.0,23.424046512317,23.769081567327,23.069427150224,23.27069759898,1063200.0
2013-04-05,23.87,24.5,23.85,24.48,918100.0,0.0,1.0,22.877741008552,23.481552354819,22.858572394385,23.462383740652,918100.0
2013-04-04,24.06,24.3,23.85,24.19,1232700.0,0.0,1.0,23.059842843141,23.289866213147,22.858572394385,23.184438835227,1232700.0
2013-04-03,23.77,24.28,23.4,24.22,1631300.0,0.0,1.0,22.781897937716,23.27069759898,22.427278575623,23.213191756478,1631300.0
2013-04-02,24.13,24.61,23.28,23.39,5010100.0,0.0,1.0,23.126932992726,23.586979732739,22.31226689062,22.417694268539,5010100.0
2013-04-01,22.39,23.65,22.36,23.2,3243500.0,0.0,1.0,21.459263560179,22.666886252713,21.430510638929,22.235592433951,3243500.0
2013-03-28,22.26,22.82,22.15,22.21,24572400.0,0.0,1.0,21.334667568093,21.871388764774,21.229240190173,21.286746032675,24572400.0
