2014-10-24,15.42,15.5,15.33,15.48,30801.0,0.0,1.0,15.42,15.5,15.33,15.48,30801.0
2014-10-23,15.37,15.63,15.33,15.45,57831.0,0.0,1.0,15.37,15.63,15.33,15.45,57831.0
2014-10-22,15.62,15.66,15.33,15.37,28216.0,0.0,1.0,15.62,15.66,15.33,15.37,28216.0
2014-10-21,15.65,15.65,15.47,15.59,37869.0,0.0,1.0,15.65,15.65,15.47,15.59,37869.0
2014-10-20,15.57,15.99,15.54,15.62,27331.0,0.0,1.0,15.57,15.99,15.54,15.62,27331.0
2014-10-17,15.6,15.76,15.2001,15.62,155297.0,0.0,1.0,15.6,15.76,15.2001,15.62,155297.0
2014-10-16,15.47,15.92,15.36,15.57,56433.0,0.0,1.0,15.47,15.92,15.36,15.57,56433.0
2014-10-15,15.02,15.65,15.04,15.5,137455.0,0.0,1.0,15.02,15.65,15.04,15.5,137455.0
2014-10-14,14.92,15.36,14.8,15.26,81529.0,0.0,1.0,14.92,15.36,14.8,15.26,81529.0
2014-10-13,14.73,15.12,14.6,14.76,116000.0,0.0,1.0,14.73,15.12,14.6,14.76,116000.0
2014-10-10,14.45,14.85,14.105,14.71,92635.0,0.0,1.0,14.45,14.85,14.105,14.71,92635.0
2014-10-09,14.28,14.5,14.25,14.31,132223.0,0.0,1.0,14.28,14.5,14.25,14.31,132223.0
2014-10-08,14.18,14.57,14.05,14.53,41853.0,0.0,1.0,14.18,14.57,14.05,14.53,41853.0
2014-10-07,14.27,14.38,14.17,14.23,33231.0,0.0,1.0,14.27,14.38,14.17,14.23,33231.0
2014-10-06,14.38,14.54,14.266,14.34,28894.0,0.0,1.0,14.38,14.54,14.266,14.34,28894.0
2014-10-03,14.5,14.62,14.39,14.46,24663.0,0.0,1.0,14.5,14.62,14.39,14.46,24663.0
2014-10-01,14.36,14.65,14.11,14.18,72839.0,0.0,1.0,14.36,14.65,14.11,14.18,72839.0
2014-09-30,14.54,14.73,14.43,14.65,68847.0,0.0,1.0,14.54,14.73,14.43,14.65,68847.0
2014-09-29,14.5,14.72,14.45,14.67,161007.0,0.0,1.0,14.5,14.72,14.45,14.67,161007.0
2014-09-26,14.65,14.67,14.48,14.57,233309.0,0.0,1.0,14.65,14.67,14.48,14.57,233309.0
2014-09-25,14.79,14.77,14.42,14.54,44450.0,0.0,1.0,14.79,14.77,14.42,14.54,44450.0
2014-09-24,14.76,14.8,14.52,14.75,51088.0,0.0,1.0,14.76,14.8,14.52,14.75,51088.0
2014-09-23,14.85,14.92,14.79,14.8,199787.0,0.0,1.0,14.85,14.92,14.79,14.8,199787.0
2014-09-22,14.965,15.02,14.86,14.87,312247.0,0.0,1.0,14.965,15.02,14.86,14.87,312247.0
2014-09-19,15.18,15.2,14.8,15.04,79443.0,0.0,1.0,15.18,15.2,14.8,15.04,79443.0
2014-09-18,14.82,15.07,14.79,15.04,84614.0,0.0,1.0,14.82,15.07,14.79,15.04,84614.0
2014-09-17,14.95,14.97,14.76,14.81,34274.0,0.0,1.0,14.95,14.97,14.76,14.81,34274.0
2014-09-16,15.3,15.11,14.91,14.93,30252.0,0.0,1.0,15.3,15.11,14.91,14.93,30252.0
2014-09-15,15.1,15.19,14.91,15.15,78848.0,0.0,1.0,15.1,15.19,14.91,15.15,78848.0
2014-09-12,15.2,15.21,15.1,15.12,33351.0,0.0,1.0,15.2,15.21,15.1,15.12,33351.0
2014-09-11,15.14,15.21,15.07,15.18,12874.0,0.0,1.0,15.14,15.21,15.07,15.18,12874.0
2014-09-10,15.13,15.21,15.07,15.15,18141.0,0.0,1.0,15.13,15.21,15.07,15.15,18141.0
2014-09-09,15.2,15.42,15.1,15.17,57599.0,0.0,1.0,15.2,15.42,15.1,15.17,57599.0
2014-09-08,15.4,15.47,15.26,15.3,15899.0,0.0,1.0,15.4,15.47,15.26,15.3,15899.0
2014-09-05,15.45,15.49,15.38,15.47,23484.0,0.0,1.0,15.45,15.49,15.38,15.47,23484.0
2014-09-04,15.4,15.5,15.39,15.45,25988.0,0.0,1.0,15.4,15.5,15.39,15.45,25988.0
2014-09-03,15.45,15.5,15.35,15.43,29186.0,0.0,1.0,15.45,15.5,15.35,15.43,29186.0
2014-09-02,15.45,15.5,15.38,15.5,18369.0,0.0,1.0,15.45,15.5,15.38,15.5,18369.0
2014-08-29,15.36,15.5,15.36,15.43,16538.0,0.0,1.0,15.36,15.5,15.36,15.43,16538.0
2014-08-28,15.29,15.47,15.25,15.4,38996.0,0.0,1.0,15.29,15.47,15.25,15.4,38996.0
2014-08-27,15.46,15.51,15.375,15.48,41213.0,0.0,1.0,15.46,15.51,15.375,15.48,41213.0
2014-08-26,15.61,15.64,15.42,15.47,45665.0,0.0,1.0,15.61,15.64,15.42,15.47,45665.0
2014-08-25,15.57,15.69,15.41,15.54,51608.0,0.0,1.0,15.57,15.69,15.41,15.54,51608.0
2014-08-22,15.38,15.7,15.25,15.49,94974.0,0.0,1.0,15.38,15.7,15.25,15.49,94974.0
2014-08-21,15.37,15.49,15.3,15.47,125590.0,0.0,1.0,15.37,15.49,15.3,15.47,125590.0
2014-08-20,15.32,15.433,15.23,15.35,33362.0,0.0,1.0,15.32,15.433,15.23,15.35,33362.0
2014-08-19,15.47,15.57,15.45,15.46,17476.0,0.0,1.0,15.47,15.57,15.45,15.46,17476.0
2014-08-18,15.36,15.63,13.83,15.54,69965.0,0.0,1.0,15.36,15.63,13.83,15.54,69965.0
2014-08-15,15.62,15.67,15.27,15.4,192418.0,0.0,1.0,15.62,15.67,15.27,15.4,192418.0
2014-08-14,15.65,15.74,15.48,15.5,30687.0,0.0,1.0,15.65,15.74,15.48,15.5,30687.0
2014-08-13,15.61,15.849,15.46,15.64,33864.0,0.0,1.0,15.61,15.849,15.46,15.64,33864.0
2014-08-12,15.56,15.66,15.52,15.64,39507.0,0.0,1.0,15.56,15.66,15.52,15.64,39507.0
2014-08-11,15.27,15.69,15.13,15.67,45692.0,0.0,1.0,15.27,15.69,15.13,15.67,45692.0
2014-08-08,14.99,15.13,14.96,15.12,51403.0,0.0,1.0,14.99,15.13,14.96,15.12,51403.0
2014-08-07,15.09,15.18,14.86,15.0,93264.0,0.0,1.0,15.09,15.18,14.86,15.0,93264.0
2014-08-06,15.0,15.07,14.855,14.89,73833.0,0.0,1.0,15.0,15.07,14.855,14.89,73833.0
2014-08-05,14.89,15.12,14.88,14.95,85540.0,0.0,1.0,14.89,15.12,14.88,14.95,85540.0
2014-08-04,15.08,15.17,14.97,15.01,101716.0,0.0,1.0,15.08,15.17,14.97,15.01,101716.0
2014-08-01,15.09,15.2231,14.77,15.14,111044.0,0.0,1.0,15.09,15.2231,14.77,15.14,111044.0
2014-07-31,15.24,15.32,15.05,15.13,89770.0,0.0,1.0,15.24,15.32,15.05,15.13,89770.0
2014-07-30,15.24,15.32,15.21,15.27,40313.0,0.0,1.0,15.24,15.32,15.21,15.27,40313.0
2014-07-29,15.13,15.24,15.122,15.17,77746.0,0.0,1.0,15.13,15.24,15.122,15.17,77746.0
2014-07-28,15.16,15.24,15.07,15.16,79930.0,0.0,1.0,15.16,15.24,15.07,15.16,79930.0
2014-07-25,15.25,15.29,15.09,15.12,51941.0,0.0,1.0,15.25,15.29,15.09,15.12,51941.0
2014-07-24,15.42,15.49,15.24,15.28,40810.0,0.0,1.0,15.42,15.49,15.24,15.28,40810.0
2014-07-23,15.31,15.45,15.2105,15.34,24918.0,0.0,1.0,15.31,15.45,15.2105,15.34,24918.0
2014-07-22,15.27,15.39,15.14,15.33,24937.0,0.0,1.0,15.27,15.39,15.14,15.33,24937.0
2014-07-21,15.38,15.46,15.16,15.21,33278.0,0.0,1.0,15.38,15.46,15.16,15.21,33278.0
2014-07-18,15.46,15.355,15.15,15.31,47169.0,0.0,1.0,15.46,15.355,15.15,15.31,47169.0
2014-07-17,15.3,15.37,15.26,15.34,69721.0,0.0,1.0,15.3,15.37,15.26,15.34,69721.0
2014-07-16,15.28,15.53,15.1925,15.32,42287.0,0.0,1.0,15.28,15.53,15.1925,15.32,42287.0
2014-07-15,15.45,15.49,15.292,15.38,46801.0,0.0,1.0,15.45,15.49,15.292,15.38,46801.0
2014-07-14,15.34,15.52,15.285,15.45,41928.0,0.0,1.0,15.34,15.52,15.285,15.45,41928.0
2014-07-11,15.25,15.36,15.07,15.25,33541.0,0.0,1.0,15.25,15.36,15.07,15.25,33541.0
2014-07-10,15.3,15.41,15.22,15.39,68264.0,0.0,1.0,15.3,15.41,15.22,15.39,68264.0
2014-07-09,15.4,15.53,15.3725,15.44,66093.0,0.0,1.0,15.4,15.53,15.3725,15.44,66093.0
2014-07-08,15.31,15.57,15.26,15.52,48295.0,0.0,1.0,15.31,15.57,15.26,15.52,48295.0
2014-07-07,15.68,15.73,15.52,15.57,97890.0,0.0,1.0,15.68,15.73,15.52,15.57,97890.0
2014-07-03,15.7,15.9275,15.63,15.69,53530.0,0.0,1.0,15.7,15.9275,15.63,15.69,53530.0
2014-07-02,15.36,15.7,15.25,15.58,206288.0,0.0,1.0,15.36,15.7,15.25,15.58,206288.0
2014-07-01,15.29,15.33,15.19,15.25,126157.0,0.0,1.0,15.29,15.33,15.19,15.25,126157.0
2014-06-30,15.28,15.34,15.15,15.19,48109.0,0.0,1.0,15.28,15.34,15.15,15.19,48109.0
2014-06-27,15.29,15.4,15.18,15.23,232668.0,0.0,1.0,15.29,15.4,15.18,15.23,232668.0
2014-06-26,15.24,15.32,15.2,15.28,27297.0,0.0,1.0,15.24,15.32,15.2,15.28,27297.0
2014-06-25,15.16,15.47,15.03,15.35,94089.0,0.0,1.0,15.16,15.47,15.03,15.35,94089.0
2014-06-24,15.42,15.498,15.16,15.2,72647.0,0.0,1.0,15.42,15.498,15.16,15.2,72647.0
2014-06-23,15.41,15.55,15.26,15.3,97945.0,0.0,1.0,15.41,15.55,15.26,15.3,97945.0
2014-06-20,15.48,15.69,15.3,15.41,156597.0,0.0,1.0,15.48,15.69,15.3,15.41,156597.0
2014-06-19,15.41,15.64,15.27,15.38,82342.0,0.0,1.0,15.41,15.64,15.27,15.38,82342.0
2014-06-18,15.57,15.67,15.2,15.56,74403.0,0.0,1.0,15.57,15.67,15.2,15.56,74403.0
2014-06-17,15.55,15.63,15.36,15.45,209255.0,0.0,1.0,15.55,15.63,15.36,15.45,209255.0
2014-06-16,16.09,16.28,15.38,15.52,110793.0,0.0,1.0,16.09,16.28,15.38,15.52,110793.0
2014-06-13,15.82,16.57,15.65,16.33,298138.0,0.0,1.0,15.82,16.57,15.65,16.33,298138.0
2014-06-12,15.45,15.54,15.36,15.46,43156.0,0.0,1.0,15.45,15.54,15.36,15.46,43156.0
2014-06-11,15.73,15.84,15.5,15.57,57447.0,0.0,1.0,15.73,15.84,15.5,15.57,57447.0
2014-06-10,15.73,15.89,15.57,15.67,87353.0,0.0,1.0,15.73,15.89,15.57,15.67,87353.0
2014-06-09,15.97,15.998,15.75,15.85,84241.0,0.0,1.0,15.97,15.998,15.75,15.85,84241.0
2014-06-06,16.1,16.19,15.76,15.88,129502.0,0.0,1.0,16.1,16.19,15.76,15.88,129502.0
2014-06-05,15.71,16.47,15.8,15.98,217462.0,0.0,1.0,15.71,16.47,15.8,15.98,217462.0
2014-06-04,15.71,15.95,15.57,15.83,37939.0,0.0,1.0,15.71,15.95,15.57,15.83,37939.0
2014-06-03,15.75,15.98,15.76,15.82,48555.0,0.0,1.0,15.75,15.98,15.76,15.82,48555.0
2014-06-02,15.83,16.0,15.54,15.9,59668.0,0.0,1.0,15.83,16.0,15.54,15.9,59668.0
2014-05-30,15.96,16.0,15.71,15.87,117246.0,0.0,1.0,15.96,16.0,15.71,15.87,117246.0
2014-05-29,16.13,16.15,15.91,15.98,44961.0,0.0,1.0,16.13,16.15,15.91,15.98,44961.0
2014-05-28,16.08,16.24,15.95,16.08,39750.0,0.0,1.0,16.08,16.24,15.95,16.08,39750.0
2014-05-27,15.83,16.13,15.725,16.08,68815.0,0.0,1.0,15.83,16.13,15.725,16.08,68815.0
2014-05-23,15.8,15.9,15.68,15.81,68649.0,0.0,1.0,15.8,15.9,15.68,15.81,68649.0
2014-05-22,15.76,15.88,15.58,15.72,41684.0,0.0,1.0,15.76,15.88,15.58,15.72,41684.0
2014-05-21,15.62,15.72,15.42,15.65,63952.0,0.0,1.0,15.62,15.72,15.42,15.65,63952.0
2014-05-20,15.72,15.72,15.36,15.49,63302.0,0.0,1.0,15.72,15.72,15.36,15.49,63302.0
2014-05-19,15.61,15.79,15.33,15.78,36784.0,0.0,1.0,15.61,15.79,15.33,15.78,36784.0
2014-05-16,15.57,15.73,15.38,15.59,84206.0,0.0,1.0,15.57,15.73,15.38,15.59,84206.0
2014-05-15,15.45,15.71,15.1212,15.69,117310.0,0.0,1.0,15.45,15.71,15.1212,15.69,117310.0
2014-05-14,15.77,15.895,15.33,15.54,144538.0,0.0,1.0,15.77,15.895,15.33,15.54,144538.0
2014-05-13,15.59,15.82,15.32,15.72,113827.0,0.0,1.0,15.59,15.82,15.32,15.72,113827.0
2014-05-12,15.44,15.79,15.33,15.46,122635.0,0.0,1.0,15.44,15.79,15.33,15.46,122635.0
2014-05-08,16.04,16.47,15.445,15.6,354574.0,0.0,1.0,16.04,16.47,15.445,15.6,354574.0
2014-05-07,15.31,15.55,15.01,15.03,94552.0,0.0,1.0,15.31,15.55,15.01,15.03,94552.0
2014-05-06,15.57,15.7,15.52,15.57,123084.0,0.0,1.0,15.57,15.7,15.52,15.57,123084.0
2014-05-05,15.63,15.7,15.51,15.59,96196.0,0.0,1.0,15.63,15.7,15.51,15.59,96196.0
2014-05-02,15.61,16.06,15.63,15.74,121749.0,0.0,1.0,15.61,16.06,15.63,15.74,121749.0
2014-05-01,15.855,15.928,15.5,15.76,117608.0,0.0,1.0,15.855,15.928,15.5,15.76,117608.0
2014-04-30,16.05,16.15,15.74,15.87,153360.0,0.0,1.0,16.05,16.15,15.74,15.87,153360.0
2014-04-29,16.15,16.15,15.88,16.1,99351.0,0.0,1.0,16.15,16.15,15.88,16.1,99351.0
2014-04-28,16.0,16.15,15.85,15.86,161601.0,0.0,1.0,16.0,16.15,15.85,15.86,161601.0
2014-04-25,16.0,16.07,15.9,16.01,132145.0,0.0,1.0,16.0,16.07,15.9,16.01,132145.0
2014-04-24,16.01,16.07,15.7,16.04,159969.0,0.0,1.0,16.01,16.07,15.7,16.04,159969.0
2014-04-23,16.29,16.29,16.0,16.01,66044.0,0.0,1.0,16.29,16.29,16.0,16.01,66044.0
2014-04-21,16.36,16.36,15.99,16.08,86160.0,0.0,1.0,16.36,16.36,15.99,16.08,86160.0
2014-04-17,16.38,16.4725,16.17,16.41,69032.0,0.0,1.0,16.38,16.4725,16.17,16.41,69032.0
2014-04-16,16.57,16.68,16.39,16.45,54941.0,0.0,1.0,16.57,16.68,16.39,16.45,54941.0
2014-04-15,16.3,16.92,15.86,16.45,217797.0,0.0,1.0,16.3,16.92,15.86,16.45,217797.0
2014-04-14,16.62,16.63,16.25,16.28,116600.0,0.0,1.0,16.62,16.63,16.25,16.28,116600.0
2014-04-11,16.85,16.86,16.44,16.45,98500.0,0.0,1.0,16.85,16.86,16.44,16.45,98500.0
2014-04-10,17.5,17.5,16.93,17.0,98900.0,0.0,1.0,17.5,17.5,16.93,17.0,98900.0
2014-04-09,17.7,17.83,17.56,17.56,93200.0,0.0,1.0,17.7,17.83,17.56,17.56,93200.0
2014-04-08,17.42,17.62,17.22,17.52,76400.0,0.0,1.0,17.42,17.62,17.22,17.52,76400.0
2014-04-07,17.54,17.71,17.08,17.42,199800.0,0.0,1.0,17.54,17.71,17.08,17.42,199800.0
2014-04-04,17.8,17.94,17.62,17.63,368100.0,0.0,1.0,17.8,17.94,17.62,17.63,368100.0
2014-04-03,17.65,17.85,17.48,17.8,158500.0,0.0,1.0,17.65,17.85,17.48,17.8,158500.0
2014-04-02,17.23,17.68,17.09,17.62,327600.0,0.0,1.0,17.23,17.68,17.09,17.62,327600.0
2014-04-01,16.93,17.5,16.88,17.28,428500.0,0.0,1.0,16.93,17.5,16.88,17.28,428500.0
2014-03-31,15.99,16.7,15.94,16.64,606500.0,0.0,1.0,15.99,16.7,15.94,16.64,606500.0
2014-03-28,16.24,16.36,15.9,15.91,669500.0,0.0,1.0,16.24,16.36,15.9,15.91,669500.0
2014-03-27,16.0,16.12,15.8,16.1,3548200.0,0.0,1.0,16.0,16.12,15.8,16.1,3548200.0
2014-03-26,17.2,17.55,16.52,16.57,262600.0,0.0,1.0,17.2,17.55,16.52,16.57,262600.0
2014-03-25,17.81,17.97,17.11,17.21,128400.0,0.0,1.0,17.81,17.97,17.11,17.21,128400.0
2014-03-24,18.56,18.69,18.24,18.36,31400.0,0.0,1.0,18.56,18.69,18.24,18.36,31400.0
2014-03-21,18.58,18.65,18.45,18.58,57600.0,0.0,1.0,18.58,18.65,18.45,18.58,57600.0
2014-03-20,18.33,18.69,18.2,18.44,28400.0,0.0,1.0,18.33,18.69,18.2,18.44,28400.0
2014-03-19,18.69,18.77,18.12,18.41,36000.0,0.0,1.0,18.69,18.77,18.12,18.41,36000.0
2014-03-18,18.23,18.71,18.2,18.68,28900.0,0.0,1.0,18.23,18.71,18.2,18.68,28900.0
2014-03-17,17.97,18.35,17.97,18.18,51600.0,0.0,1.0,17.97,18.35,17.97,18.18,51600.0
2014-03-14,17.87,18.08,17.78,17.95,24700.0,0.0,1.0,17.87,18.08,17.78,17.95,24700.0
2014-03-13,17.83,17.98,17.81,17.96,38700.0,0.0,1.0,17.83,17.98,17.81,17.96,38700.0
2014-03-12,17.9,17.95,17.69,17.78,26100.0,0.0,1.0,17.9,17.95,17.69,17.78,26100.0
2014-03-11,18.05,18.14,17.83,17.96,89700.0,0.0,1.0,18.05,18.14,17.83,17.96,89700.0
2014-03-10,17.93,18.1,17.93,18.06,32000.0,0.0,1.0,17.93,18.1,17.93,18.06,32000.0
2014-03-07,17.93,18.05,17.88,18.01,66600.0,0.0,1.0,17.93,18.05,17.88,18.01,66600.0
2014-03-06,17.88,17.98,17.84,17.86,38700.0,0.0,1.0,17.88,17.98,17.84,17.86,38700.0
2014-03-05,17.86,17.95,17.64,17.77,23700.0,0.0,1.0,17.86,17.95,17.64,17.77,23700.0
2014-03-04,17.59,17.99,17.5,17.86,118300.0,0.0,1.0,17.59,17.99,17.5,17.86,118300.0
2014-03-03,17.22,17.53,17.22,17.46,44400.0,0.0,1.0,17.22,17.53,17.22,17.46,44400.0
2014-02-28,17.35,18.05,17.26,17.29,51900.0,0.0,1.0,17.35,18.05,17.26,17.29,51900.0
2014-02-27,17.2,17.33,17.2,17.29,29500.0,0.0,1.0,17.2,17.33,17.2,17.29,29500.0
2014-02-26,17.12,17.53,17.12,17.26,41300.0,0.0,1.0,17.12,17.53,17.12,17.26,41300.0
2014-02-25,16.95,17.22,16.91,17.16,31400.0,0.0,1.0,16.95,17.22,16.91,17.16,31400.0
2014-02-24,17.16,17.54,16.9,17.0,38600.0,0.0,1.0,17.16,17.54,16.9,17.0,38600.0
2014-02-21,16.86,17.1,16.65,17.06,43900.0,0.0,1.0,16.86,17.1,16.65,17.06,43900.0
2014-02-20,17.01,17.03,16.64,16.78,34100.0,0.0,1.0,17.01,17.03,16.64,16.78,34100.0
2014-02-19,17.51,17.54,16.99,17.05,39700.0,0.0,1.0,17.51,17.54,16.99,17.05,39700.0
2014-02-18,16.6,17.56,16.6,17.5,99200.0,0.0,1.0,16.6,17.56,16.6,17.5,99200.0
2014-02-14,16.57,16.81,16.57,16.64,25600.0,0.0,1.0,16.57,16.81,16.57,16.64,25600.0
2014-02-13,16.47,17.01,16.47,16.54,47800.0,0.0,1.0,16.47,17.01,16.47,16.54,47800.0
2014-02-12,16.52,16.8,16.47,16.54,61300.0,0.0,1.0,16.52,16.8,16.47,16.54,61300.0
2014-02-11,16.48,16.83,16.38,16.52,59900.0,0.0,1.0,16.48,16.83,16.38,16.52,59900.0
2014-02-10,16.18,16.38,16.11,16.21,82900.0,0.0,1.0,16.18,16.38,16.11,16.21,82900.0
2014-02-07,16.35,16.41,16.14,16.2,124100.0,0.0,1.0,16.35,16.41,16.14,16.2,124100.0
2014-02-06,16.85,16.9,16.32,16.35,117900.0,0.0,1.0,16.85,16.9,16.32,16.35,117900.0
2014-02-05,17.06,17.15,16.6,16.87,66700.0,0.0,1.0,17.06,17.15,16.6,16.87,66700.0
2014-02-04,17.36,17.59,17.05,17.07,93400.0,0.0,1.0,17.36,17.59,17.05,17.07,93400.0
2014-02-03,17.03,17.37,16.62,17.35,81300.0,0.0,1.0,17.03,17.37,16.62,17.35,81300.0
2014-01-31,16.81,17.16,16.81,16.98,123300.0,0.0,1.0,16.81,17.16,16.81,16.98,123300.0
2014-01-30,16.87,17.24,16.25,17.01,63600.0,0.0,1.0,16.87,17.24,16.25,17.01,63600.0
2014-01-29,17.14,17.14,16.71,16.79,36200.0,0.0,1.0,17.14,17.14,16.71,16.79,36200.0
2014-01-28,16.77,17.08,16.76,17.04,76000.0,0.0,1.0,16.77,17.08,16.76,17.04,76000.0
2014-01-27,17.5,17.55,16.71,16.72,89600.0,0.0,1.0,17.5,17.55,16.71,16.72,89600.0
2014-01-24,17.27,17.65,16.86,17.55,71400.0,0.0,1.0,17.27,17.65,16.86,17.55,71400.0
2014-01-23,17.56,17.64,17.02,17.4,49700.0,0.0,1.0,17.56,17.64,17.02,17.4,49700.0
2014-01-22,17.73,17.95,17.53,17.58,47300.0,0.0,1.0,17.73,17.95,17.53,17.58,47300.0
2014-01-21,17.9,18.0,17.51,17.78,60700.0,0.0,1.0,17.9,18.0,17.51,17.78,60700.0
2014-01-17,18.24,18.3,17.6,17.75,42000.0,0.0,1.0,18.24,18.3,17.6,17.75,42000.0
2014-01-16,18.45,18.54,18.09,18.28,64600.0,0.0,1.0,18.45,18.54,18.09,18.28,64600.0
2014-01-15,17.27,18.45,17.27,18.25,132200.0,0.0,1.0,17.27,18.45,17.27,18.25,132200.0
2014-01-14,17.3,17.55,17.01,17.26,73600.0,0.0,1.0,17.3,17.55,17.01,17.26,73600.0
2014-01-13,17.27,17.41,16.87,17.26,111700.0,0.0,1.0,17.27,17.41,16.87,17.26,111700.0
2014-01-10,18.0,18.08,17.04,17.35,148600.0,0.0,1.0,18.0,18.08,17.04,17.35,148600.0
2014-01-09,18.5,18.67,18.2,18.32,45800.0,0.0,1.0,18.5,18.67,18.2,18.32,45800.0
2014-01-08,18.44,18.62,18.39,18.53,56500.0,0.0,1.0,18.44,18.62,18.39,18.53,56500.0
2014-01-07,18.17,18.74,18.13,18.41,51500.0,0.0,1.0,18.17,18.74,18.13,18.41,51500.0
2014-01-06,18.1,18.2,18.01,18.16,56100.0,0.0,1.0,18.1,18.2,18.01,18.16,56100.0
2014-01-03,17.71,18.16,17.57,18.07,47200.0,0.0,1.0,17.71,18.16,17.57,18.07,47200.0
2014-01-02,17.56,17.76,17.39,17.73,62400.0,0.0,1.0,17.56,17.76,17.39,17.73,62400.0
2013-12-31,17.83,17.83,17.28,17.55,51300.0,0.0,1.0,17.83,17.83,17.28,17.55,51300.0
2013-12-30,17.83,18.11,17.76,17.86,52500.0,0.0,1.0,17.83,18.11,17.76,17.86,52500.0
2013-12-27,17.75,17.94,17.74,17.89,41400.0,0.0,1.0,17.75,17.94,17.74,17.89,41400.0
2013-12-26,17.2,17.9,17.2,17.67,66800.0,0.0,1.0,17.2,17.9,17.2,17.67,66800.0
2013-12-24,17.04,17.37,16.91,17.18,21800.0,0.0,1.0,17.04,17.37,16.91,17.18,21800.0
2013-12-23,16.9,17.14,16.78,17.05,112700.0,0.0,1.0,16.9,17.14,16.78,17.05,112700.0
2013-12-20,17.93,17.93,16.86,16.88,353700.0,0.0,1.0,17.93,17.93,16.86,16.88,353700.0
2013-12-19,17.8,18.05,17.62,17.83,62700.0,0.0,1.0,17.8,18.05,17.62,17.83,62700.0
2013-12-18,17.66,18.25,17.58,17.78,249500.0,0.0,1.0,17.66,18.25,17.58,17.78,249500.0
2013-12-17,18.01,18.02,17.61,17.72,88800.0,0.0,1.0,18.01,18.02,17.61,17.72,88800.0
2013-12-16,17.73,17.98,17.53,17.95,197300.0,0.0,1.0,17.73,17.98,17.53,17.95,197300.0
2013-12-13,17.57,17.75,17.51,17.72,105400.0,0.0,1.0,17.57,17.75,17.51,17.72,105400.0
2013-12-12,17.74,17.75,17.32,17.58,64100.0,0.0,1.0,17.74,17.75,17.32,17.58,64100.0
2013-12-11,17.83,18.06,17.58,17.74,187300.0,0.0,1.0,17.83,18.06,17.58,17.74,187300.0
2013-12-10,17.83,18.16,17.77,17.86,200100.0,0.0,1.0,17.83,18.16,17.77,17.86,200100.0
2013-12-09,17.71,18.15,17.37,17.8,96300.0,0.0,1.0,17.71,18.15,17.37,17.8,96300.0
2013-12-06,17.68,17.84,17.46,17.65,71900.0,0.0,1.0,17.68,17.84,17.46,17.65,71900.0
2013-12-05,17.66,18.19,17.39,17.54,70900.0,0.0,1.0,17.66,18.19,17.39,17.54,70900.0
2013-12-04,17.3,17.89,17.3,17.75,48600.0,0.0,1.0,17.3,17.89,17.3,17.75,48600.0
2013-12-03,17.37,17.58,17.11,17.39,43200.0,0.0,1.0,17.37,17.58,17.11,17.39,43200.0
2013-12-02,17.89,17.92,17.05,17.44,81100.0,0.0,1.0,17.89,17.92,17.05,17.44,81100.0
2013-11-29,17.68,17.97,17.46,17.9,15900.0,0.0,1.0,17.68,17.97,17.46,17.9,15900.0
2013-11-27,17.25,17.73,17.15,17.62,79500.0,0.0,1.0,17.25,17.73,17.15,17.62,79500.0
2013-11-26,17.56,17.65,17.21,17.23,32200.0,0.0,1.0,17.56,17.65,17.21,17.23,32200.0
2013-11-25,17.59,17.7,17.4,17.46,32700.0,0.0,1.0,17.59,17.7,17.4,17.46,32700.0
2013-11-22,17.53,17.79,17.36,17.53,51400.0,0.0,1.0,17.53,17.79,17.36,17.53,51400.0
2013-11-21,17.18,17.68,17.18,17.46,44600.0,0.0,1.0,17.18,17.68,17.18,17.46,44600.0
2013-11-20,17.15,17.29,17.0,17.11,28000.0,0.0,1.0,17.15,17.29,17.0,17.11,28000.0
2013-11-19,17.27,17.47,17.08,17.16,43000.0,0.0,1.0,17.27,17.47,17.08,17.16,43000.0
2013-11-18,17.15,17.43,17.05,17.32,40000.0,0.0,1.0,17.15,17.43,17.05,17.32,40000.0
2013-11-15,16.47,17.3,16.45,17.07,56100.0,0.0,1.0,16.47,17.3,16.45,17.07,56100.0
2013-11-14,16.89,16.94,16.45,16.5,241100.0,0.0,1.0,16.89,16.94,16.45,16.5,241100.0
2013-11-13,16.91,17.01,16.56,16.87,31000.0,0.0,1.0,16.91,17.01,16.56,16.87,31000.0
2013-11-12,17.94,17.94,16.82,17.01,127400.0,0.0,1.0,17.94,17.94,16.82,17.01,127400.0
2013-11-11,17.01,18.25,17.01,18.02,166700.0,0.0,1.0,17.01,18.25,17.01,18.02,166700.0
2013-11-08,17.5,17.68,16.9,17.15,97700.0,0.0,1.0,17.5,17.68,16.9,17.15,97700.0
2013-11-07,16.7,17.55,16.48,17.53,127100.0,0.0,1.0,16.7,17.55,16.48,17.53,127100.0
2013-11-06,16.48,16.72,16.33,16.71,42700.0,0.0,1.0,16.48,16.72,16.33,16.71,42700.0
2013-11-05,16.64,16.64,16.35,16.5,38900.0,0.0,1.0,16.64,16.64,16.35,16.5,38900.0
2013-11-04,16.7,16.77,16.27,16.73,54200.0,0.0,1.0,16.7,16.77,16.27,16.73,54200.0
2013-11-01,16.07,16.82,15.95,16.71,114400.0,0.0,1.0,16.07,16.82,15.95,16.71,114400.0
2013-10-31,16.01,16.23,15.95,16.1,87700.0,0.0,1.0,16.01,16.23,15.95,16.1,87700.0
2013-10-30,16.08,16.15,15.95,16.02,75900.0,0.0,1.0,16.08,16.15,15.95,16.02,75900.0
2013-10-29,15.97,16.07,15.9,16.06,71100.0,0.0,1.0,15.97,16.07,15.9,16.06,71100.0
2013-10-28,16.17,16.2,15.75,15.96,431800.0,0.0,1.0,16.17,16.2,15.75,15.96,431800.0
2013-10-25,16.43,16.57,16.03,16.13,82000.0,0.0,1.0,16.43,16.57,16.03,16.13,82000.0
2013-10-24,16.37,16.5,16.27,16.35,36600.0,0.0,1.0,16.37,16.5,16.27,16.35,36600.0
2013-10-23,16.24,16.55,16.21,16.41,45700.0,0.0,1.0,16.24,16.55,16.21,16.41,45700.0
2013-10-22,16.25,16.6,16.17,16.26,99500.0,0.0,1.0,16.25,16.6,16.17,16.26,99500.0
2013-10-21,17.0,17.05,15.88,16.18,157300.0,0.0,1.0,17.0,17.05,15.88,16.18,157300.0
2013-10-18,17.08,17.08,16.96,17.04,45600.0,0.0,1.0,17.08,17.08,16.96,17.04,45600.0
2013-10-17,17.08,17.32,16.9,16.95,91900.0,0.0,1.0,17.08,17.32,16.9,16.95,91900.0
2013-10-16,17.19,17.36,17.05,17.08,51100.0,0.0,1.0,17.19,17.36,17.05,17.08,51100.0
2013-10-15,17.35,17.36,17.02,17.17,81200.0,0.0,1.0,17.35,17.36,17.02,17.17,81200.0
2013-10-14,17.99,18.12,17.87,17.96,29700.0,0.0,1.0,17.99,18.12,17.87,17.96,29700.0
2013-10-11,18.28,18.28,17.86,18.04,54900.0,0.0,1.0,18.28,18.28,17.86,18.04,54900.0
2013-10-10,17.94,18.3,17.91,18.27,70700.0,0.0,1.0,17.94,18.3,17.91,18.27,70700.0
2013-10-09,17.67,18.01,17.67,17.77,51700.0,0.0,1.0,17.67,18.01,17.67,17.77,51700.0
2013-10-08,17.75,17.88,17.62,17.67,55800.0,0.0,1.0,17.75,17.88,17.62,17.67,55800.0
2013-10-07,17.71,17.82,17.6,17.68,54500.0,0.0,1.0,17.71,17.82,17.6,17.68,54500.0
2013-10-04,17.74,18.05,17.71,17.78,94800.0,0.0,1.0,17.74,18.05,17.71,17.78,94800.0
2013-10-03,18.14,18.27,17.65,17.84,111500.0,0.0,1.0,18.14,18.27,17.65,17.84,111500.0
2013-10-02,18.46,18.77,18.21,18.28,74500.0,0.0,1.0,18.46,18.77,18.21,18.28,74500.0
2013-10-01,18.86,18.86,18.48,18.58,72700.0,0.0,1.0,18.86,18.86,18.48,18.58,72700.0
2013-09-30,18.76,18.89,18.57,18.79,94000.0,0.0,1.0,18.76,18.89,18.57,18.79,94000.0
2013-09-27,18.81,18.98,18.72,18.9,14700.0,0.0,1.0,18.81,18.98,18.72,18.9,14700.0
2013-09-26,18.62,18.92,18.5,18.87,42600.0,0.0,1.0,18.62,18.92,18.5,18.87,42600.0
2013-09-25,18.66,18.68,18.4,18.66,93800.0,0.0,1.0,18.66,18.68,18.4,18.66,93800.0
2013-09-24,18.85,18.85,18.46,18.7,25600.0,0.0,1.0,18.85,18.85,18.46,18.7,25600.0
2013-09-23,18.6,18.93,18.59,18.78,75900.0,0.0,1.0,18.6,18.93,18.59,18.78,75900.0
2013-09-20,18.68,18.94,18.46,18.68,480100.0,0.0,1.0,18.68,18.94,18.46,18.68,480100.0
2013-09-19,18.97,18.97,18.47,18.59,82100.0,0.0,1.0,18.97,18.97,18.47,18.59,82100.0
2013-09-18,18.95,19.25,18.89,18.94,212500.0,0.0,1.0,18.95,19.25,18.89,18.94,212500.0
2013-09-17,18.75,19.0,18.6,18.91,65900.0,0.0,1.0,18.75,19.0,18.6,18.91,65900.0
2013-09-16,19.05,19.07,18.65,18.75,145200.0,0.0,1.0,19.05,19.07,18.65,18.75,145200.0
2013-09-13,18.11,18.91,18.03,18.89,76400.0,0.0,1.0,18.11,18.91,18.03,18.89,76400.0
2013-09-12,18.0,18.15,17.9,18.03,82700.0,0.0,1.0,18.0,18.15,17.9,18.03,82700.0
2013-09-11,17.74,18.02,17.74,18.0,116700.0,0.0,1.0,17.74,18.02,17.74,18.0,116700.0
2013-09-10,17.55,18.1,17.55,17.8,90900.0,0.0,1.0,17.55,18.1,17.55,17.8,90900.0
2013-09-09,17.31,17.98,17.04,17.54,110800.0,0.0,1.0,17.31,17.98,17.04,17.54,110800.0
2013-09-06,16.85,17.4,16.45,17.32,60900.0,0.0,1.0,16.85,17.4,16.45,17.32,60900.0
2013-09-05,17.41,17.5,16.73,16.78,59800.0,0.0,1.0,17.41,17.5,16.73,16.78,59800.0
2013-09-04,16.88,17.67,16.8,17.5,145200.0,0.0,1.0,16.88,17.67,16.8,17.5,145200.0
2013-09-03,17.16,17.3,16.7,16.9,147700.0,0.0,1.0,17.16,17.3,16.7,16.9,147700.0
2013-08-30,17.29,17.38,16.86,17.07,50600.0,0.0,1.0,17.29,17.38,16.86,17.07,50600.0
2013-08-29,16.76,17.4,16.76,17.34,128100.0,0.0,1.0,16.76,17.4,16.76,17.34,128100.0
2013-08-28,16.72,17.29,16.54,16.8,267000.0,0.0,1.0,16.72,17.29,16.54,16.8,267000.0
2013-08-27,16.9,17.0,16.63,16.72,79000.0,0.0,1.0,16.9,17.0,16.63,16.72,79000.0
2013-08-26,16.07,17.08,16.07,16.98,147000.0,0.0,1.0,16.07,17.08,16.07,16.98,147000.0
2013-08-23,16.2,16.4,15.87,16.1,181500.0,0.0,1.0,16.2,16.4,15.87,16.1,181500.0
2013-08-22,16.15,16.27,16.02,16.27,59800.0,0.0,1.0,16.15,16.27,16.02,16.27,59800.0
2013-08-21,16.82,16.82,15.79,16.21,224200.0,0.0,1.0,16.82,16.82,15.79,16.21,224200.0
2013-08-20,17.12,17.21,16.7,16.82,65600.0,0.0,1.0,17.12,17.21,16.7,16.82,65600.0
2013-08-19,17.31,17.47,17.1,17.1,50300.0,0.0,1.0,17.31,17.47,17.1,17.1,50300.0
2013-08-16,17.59,17.71,17.15,17.3,45300.0,0.0,1.0,17.59,17.71,17.15,17.3,45300.0
2013-08-15,18.01,18.12,17.53,17.62,74700.0,0.0,1.0,18.01,18.12,17.53,17.62,74700.0
2013-08-14,18.02,18.25,17.85,18.12,181600.0,0.0,1.0,18.02,18.25,17.85,18.12,181600.0
2013-08-13,18.0,18.07,17.9,18.07,98600.0,0.0,1.0,18.0,18.07,17.9,18.07,98600.0
2013-08-12,17.98,18.08,17.52,18.02,167000.0,0.0,1.0,17.98,18.08,17.52,18.02,167000.0
2013-08-09,18.89,18.94,17.98,18.11,388000.0,0.0,1.0,18.89,18.94,17.98,18.11,388000.0
2013-08-08,19.49,19.49,18.36,18.99,129200.0,0.0,1.0,19.49,19.49,18.36,18.99,129200.0
2013-08-07,19.63,19.63,19.29,19.39,33100.0,0.0,1.0,19.63,19.63,19.29,19.39,33100.0
2013-08-06,19.7,19.72,19.53,19.63,62600.0,0.0,1.0,19.7,19.72,19.53,19.63,62600.0
2013-08-05,19.63,19.91,19.51,19.8,40600.0,0.0,1.0,19.63,19.91,19.51,19.8,40600.0
2013-08-02,19.98,20.0,19.72,19.76,41500.0,0.0,1.0,19.98,20.0,19.72,19.76,41500.0
2013-08-01,19.72,20.0,19.57,19.97,59800.0,0.0,1.0,19.72,20.0,19.57,19.97,59800.0
2013-07-31,19.47,19.69,19.28,19.6,60500.0,0.0,1.0,19.47,19.69,19.28,19.6,60500.0
2013-07-30,19.68,19.68,19.27,19.46,37600.0,0.0,1.0,19.68,19.68,19.27,19.46,37600.0
2013-07-29,19.12,19.61,19.01,19.59,6600.0,0.0,1.0,19.12,19.61,19.01,19.59,6600.0
2013-07-26,19.83,19.84,19.1,19.12,110000.0,0.0,1.0,19.83,19.84,19.1,19.12,110000.0
2013-07-25,19.88,20.1,19.73,19.9,164500.0,0.0,1.0,19.88,20.1,19.73,19.9,164500.0
2013-07-24,19.85,19.95,19.64,19.85,97900.0,0.0,1.0,19.85,19.95,19.64,19.85,97900.0
2013-07-23,19.84,19.95,19.64,19.85,100000.0,0.0,1.0,19.84,19.95,19.64,19.85,100000.0
2013-07-22,19.93,20.07,19.86,19.97,52900.0,0.0,1.0,19.93,20.07,19.86,19.97,52900.0
2013-07-19,19.9,20.06,19.9,19.97,36200.0,0.0,1.0,19.9,20.06,19.9,19.97,36200.0
2013-07-18,19.95,20.05,19.81,19.95,54600.0,0.0,1.0,19.95,20.05,19.81,19.95,54600.0
2013-07-17,20.01,20.06,19.86,19.93,87200.0,0.0,1.0,20.01,20.06,19.86,19.93,87200.0
2013-07-16,20.18,20.25,19.89,20.0,55900.0,0.0,1.0,20.18,20.25,19.89,20.0,55900.0
2013-07-15,20.32,20.34,19.61,20.15,92400.0,0.0,1.0,20.32,20.34,19.61,20.15,92400.0
2013-07-12,20.9,20.9,20.34,20.34,32300.0,0.0,1.0,20.9,20.9,20.34,20.34,32300.0
2013-07-11,21.03,21.03,20.72,20.9,49800.0,0.0,1.0,21.03,21.03,20.72,20.9,49800.0
2013-07-10,20.69,20.75,20.6,20.72,51600.0,0.0,1.0,20.69,20.75,20.6,20.72,51600.0
2013-07-09,20.47,20.83,20.43,20.74,59400.0,0.0,1.0,20.47,20.83,20.43,20.74,59400.0
2013-07-08,20.61,20.66,20.24,20.41,78200.0,0.0,1.0,20.61,20.66,20.24,20.41,78200.0
2013-07-05,21.25,21.3,20.5,20.6,49600.0,0.0,1.0,21.25,21.3,20.5,20.6,49600.0
2013-07-03,21.14,21.29,21.03,21.15,35900.0,0.0,1.0,21.14,21.29,21.03,21.15,35900.0
2013-07-02,21.16,21.34,21.06,21.31,61200.0,0.0,1.0,21.16,21.34,21.06,21.31,61200.0
2013-07-01,21.29,21.35,20.99,21.22,106000.0,0.0,1.0,21.29,21.35,20.99,21.22,106000.0
2013-06-28,21.04,21.32,20.8,21.27,1020900.0,0.0,1.0,21.04,21.32,20.8,21.27,1020900.0
2013-06-27,20.95,21.16,20.73,21.03,99400.0,0.0,1.0,20.95,21.16,20.73,21.03,99400.0
2013-06-26,21.2,21.2,20.5,20.78,122500.0,0.0,1.0,21.2,21.2,20.5,20.78,122500.0
2013-06-25,21.15,21.25,20.96,21.1,105400.0,0.0,1.0,21.15,21.25,20.96,21.1,105400.0
2013-06-24,21.15,21.36,20.96,21.01,123600.0,0.0,1.0,21.15,21.36,20.96,21.01,123600.0
2013-06-21,21.49,21.55,21.2,21.34,292900.0,0.0,1.0,21.49,21.55,21.2,21.34,292900.0
2013-06-20,21.57,21.64,21.21,21.42,113600.0,0.0,1.0,21.57,21.64,21.21,21.42,113600.0
2013-06-19,21.83,22.14,21.75,21.8,115900.0,0.0,1.0,21.83,22.14,21.75,21.8,115900.0
2013-06-18,21.59,21.9,21.59,21.85,136400.0,0.0,1.0,21.59,21.9,21.59,21.85,136400.0
2013-06-17,21.07,21.79,21.07,21.61,81600.0,0.0,1.0,21.07,21.79,21.07,21.61,81600.0
2013-06-14,21.0,21.2,20.92,21.02,43800.0,0.0,1.0,21.0,21.2,20.92,21.02,43800.0
2013-06-13,20.97,21.03,20.5,21.03,285100.0,0.0,1.0,20.97,21.03,20.5,21.03,285100.0
2013-06-12,20.5,21.08,20.5,21.01,128500.0,0.0,1.0,20.5,21.08,20.5,21.01,128500.0
2013-06-11,20.25,20.5,20.1,20.4,79000.0,0.0,1.0,20.25,20.5,20.1,20.4,79000.0
2013-06-10,20.4,20.48,20.16,20.45,127000.0,0.0,1.0,20.4,20.48,20.16,20.45,127000.0
2013-06-07,21.03,21.05,20.21,20.48,155600.0,0.0,1.0,21.03,21.05,20.21,20.48,155600.0
2013-06-06,21.39,21.39,20.96,21.0,31900.0,0.0,1.0,21.39,21.39,20.96,21.0,31900.0
2013-06-05,21.45,21.5,21.15,21.39,36100.0,0.0,1.0,21.45,21.5,21.15,21.39,36100.0
2013-06-04,21.14,21.51,20.79,21.44,67600.0,0.0,1.0,21.14,21.51,20.79,21.44,67600.0
2013-06-03,22.0,22.0,20.85,21.14,152500.0,0.0,1.0,22.0,22.0,20.85,21.14,152500.0
2013-05-31,21.85,21.99,21.65,21.8,123600.0,0.0,1.0,21.85,21.99,21.65,21.8,123600.0
2013-05-30,21.15,22.05,21.02,21.98,188400.0,0.0,1.0,21.15,22.05,21.02,21.98,188400.0
2013-05-29,21.4,21.43,20.98,21.19,327200.0,0.0,1.0,21.4,21.43,20.98,21.19,327200.0
2013-05-28,22.0,22.0,21.51,21.52,285100.0,0.0,1.0,22.0,22.0,21.51,21.52,285100.0
2013-05-24,22.06,22.06,21.53,21.67,254200.0,0.0,1.0,22.06,22.06,21.53,21.67,254200.0
2013-05-23,21.62,22.21,20.91,22.08,278200.0,0.0,1.0,21.62,22.21,20.91,22.08,278200.0
2013-05-22,22.55,23.33,21.63,21.64,387700.0,0.0,1.0,22.55,23.33,21.63,21.64,387700.0
2013-05-21,21.85,22.8,21.69,22.45,284900.0,0.0,1.0,21.85,22.8,21.69,22.45,284900.0
2013-05-20,20.35,22.1,20.25,21.66,464000.0,0.0,1.0,20.35,22.1,20.25,21.66,464000.0
2013-05-17,20.2,20.26,19.99,20.0,363300.0,0.0,1.0,20.2,20.26,19.99,20.0,363300.0
2013-05-16,19.73,20.12,19.73,20.03,180700.0,0.0,1.0,19.73,20.12,19.73,20.03,180700.0
2013-05-15,19.5,19.8,19.4,19.71,85300.0,0.0,1.0,19.5,19.8,19.4,19.71,85300.0
2013-05-14,19.15,19.92,19.09,19.51,281600.0,0.0,1.0,19.15,19.92,19.09,19.51,281600.0
2013-05-13,20.14,20.2,19.14,19.31,635400.0,0.0,1.0,20.14,20.2,19.14,19.31,635400.0
2013-05-10,19.07,20.01,18.86,19.6,372700.0,0.0,1.0,19.07,20.01,18.86,19.6,372700.0
2013-05-09,18.25,19.39,18.15,19.1,6508200.0,0.0,1.0,18.25,19.39,18.15,19.1,6508200.0
