2014-10-24,14.9,14.98,14.75,14.98,6402.0,0.0,1.0,14.9,14.98,14.75,14.98,6402.0
2014-10-23,14.82,15.0,14.41,14.9,5543.0,0.0,1.0,14.82,15.0,14.41,14.9,5543.0
2014-10-22,14.68,14.84,14.37,14.82,1763.0,0.0,1.0,14.68,14.84,14.37,14.82,1763.0
2014-10-21,14.76,14.8,14.4,14.73,1645.0,0.0,1.0,14.76,14.8,14.4,14.73,1645.0
2014-10-20,14.76,14.76,14.75,14.76,1930.0,0.0,1.0,14.76,14.76,14.75,14.76,1930.0
2014-10-17,14.86,14.86,14.71,14.75,3433.0,0.0,1.0,14.86,14.86,14.71,14.75,3433.0
2014-10-16,14.48,14.64,14.45,14.6,5931.0,0.0,1.0,14.48,14.64,14.45,14.6,5931.0
2014-10-15,14.26,14.5,14.28,14.5,6763.0,0.0,1.0,14.26,14.5,14.28,14.5,6763.0
2014-10-14,14.25,14.41,14.25,14.39,5459.0,0.0,1.0,14.25,14.41,14.25,14.39,5459.0
2014-10-13,14.1,14.31,14.01,14.16,2030.0,0.0,1.0,14.1,14.31,14.01,14.16,2030.0
2014-10-10,13.96,14.37,13.93,14.02,8156.0,0.0,1.0,13.96,14.37,13.93,14.02,8156.0
2014-10-09,14.02,14.37,13.97,14.11,2931.0,0.0,1.0,14.02,14.37,13.97,14.11,2931.0
2014-10-08,14.1,14.41,14.29,14.29,2505.0,0.0,1.0,14.1,14.41,14.29,14.29,2505.0
2014-10-07,14.15,14.14,14.022,14.09,6537.0,0.0,1.0,14.15,14.14,14.022,14.09,6537.0
2014-10-06,14.33,14.46,14.12,14.23,1525.0,0.0,1.0,14.33,14.46,14.12,14.23,1525.0
2014-10-03,14.5,14.5,14.05,14.26,253582.0,0.0,1.0,14.5,14.5,14.05,14.26,253582.0
2014-10-01,14.47,14.49,14.04,14.15,23222.0,0.0,1.0,14.47,14.49,14.04,14.15,23222.0
2014-09-30,14.21,14.21,14.14,14.14,7986.0,0.0,1.0,14.21,14.21,14.14,14.14,7986.0
2014-09-29,14.05,14.17,14.05,14.17,3832.0,0.0,1.0,14.05,14.17,14.05,14.17,3832.0
2014-09-26,14.17,14.42,13.7,14.17,6439.0,0.0,1.0,14.17,14.42,13.7,14.17,6439.0
2014-09-25,14.27,14.3304,13.77,14.21,5813.0,0.0,1.0,14.27,14.3304,13.77,14.21,5813.0
2014-09-24,14.38,14.48,14.25,14.48,3578.0,0.0,1.0,14.38,14.48,14.25,14.48,3578.0
2014-09-23,13.86,14.28,13.86,14.28,4198.0,0.0,1.0,13.86,14.28,13.86,14.28,4198.0
2014-09-22,13.49,13.89,13.37,13.51,5232.0,0.0,1.0,13.49,13.89,13.37,13.51,5232.0
2014-09-19,13.7,14.37,13.1596,13.61,9366.0,0.0,1.0,13.7,14.37,13.1596,13.61,9366.0
2014-09-18,14.15,14.2299,13.645,13.68,3724.0,0.0,1.0,14.15,14.2299,13.645,13.68,3724.0
2014-09-17,13.62,14.0199,13.61,13.67,4284.0,0.0,1.0,13.62,14.0199,13.61,13.67,4284.0
2014-09-16,13.58,13.67,13.58,13.6,4151.0,0.0,1.0,13.58,13.67,13.58,13.6,4151.0
2014-09-15,14.47,14.49,13.35,13.67,2620.0,0.0,1.0,14.47,14.49,13.35,13.67,2620.0
2014-09-12,13.97,14.5,13.52,13.53,2483.0,0.0,1.0,13.97,14.5,13.52,13.53,2483.0
2014-09-11,13.82,13.99,13.76,13.99,2584.0,0.0,1.0,13.82,13.99,13.76,13.99,2584.0
2014-09-10,14.01,14.25,13.8,14.25,120422.0,0.0,1.0,14.01,14.25,13.8,14.25,120422.0
2014-09-09,14.18,14.01,13.11,14.01,1723.0,0.0,1.0,14.18,14.01,13.11,14.01,1723.0
2014-09-08,14.01,14.25,13.85,14.25,1059.0,0.0,1.0,14.01,14.25,13.85,14.25,1059.0
2014-09-05,14.0,14.15,14.0,14.08,5291.0,0.0,1.0,14.0,14.15,14.0,14.08,5291.0
2014-09-04,14.05,14.0495,14.0,14.0,782.0,0.0,1.0,14.05,14.0495,14.0,14.0,782.0
2014-09-03,14.05,14.05,14.0,14.0,3480.0,0.0,1.0,14.05,14.05,14.0,14.0,3480.0
2014-09-02,14.05,14.04,14.0,14.04,1847.0,0.0,1.0,14.05,14.04,14.0,14.04,1847.0
2014-08-29,13.9,14.05,13.9,14.0,3795.0,0.0,1.0,13.9,14.05,13.9,14.0,3795.0
2014-08-28,13.9,14.03,13.96,14.01,5777.0,0.0,1.0,13.9,14.03,13.96,14.01,5777.0
2014-08-27,14.09,13.81,13.75,13.81,534.0,0.0,1.0,14.09,13.81,13.75,13.81,534.0
2014-08-26,13.89,14.0,13.85,13.99,6493.0,0.0,1.0,13.89,14.0,13.85,13.99,6493.0
2014-08-25,14.4,14.175,13.85,14.11,2583.0,0.0,1.0,14.4,14.175,13.85,14.11,2583.0
2014-08-22,14.3,14.24,13.86,14.24,2762.0,0.0,1.0,14.3,14.24,13.86,14.24,2762.0
2014-08-21,14.36,14.5,13.99,14.25,34464.0,0.0,1.0,14.36,14.5,13.99,14.25,34464.0
2014-08-20,14.04,14.0,13.98,14.0,2405.0,0.0,1.0,14.04,14.0,13.98,14.0,2405.0
2014-08-19,13.58,14.05,13.5801,14.05,8462.0,0.0,1.0,13.58,14.05,13.5801,14.05,8462.0
2014-08-18,14.0,14.0,13.18,13.63,3242.0,0.0,1.0,14.0,14.0,13.18,13.63,3242.0
2014-08-15,13.92,13.98,13.51,13.9,7292.0,0.0,1.0,13.92,13.98,13.51,13.9,7292.0
2014-08-14,13.38,13.68,13.02,13.68,2989.0,0.0,1.0,13.38,13.68,13.02,13.68,2989.0
2014-08-13,13.42,13.37,13.08,13.36,1849.0,0.0,1.0,13.42,13.37,13.08,13.36,1849.0
2014-08-12,13.12,13.72,12.98,13.31,34632.0,0.0,1.0,13.12,13.72,12.98,13.31,34632.0
2014-08-11,13.14,13.38,12.8701,13.2,5522.0,0.0,1.0,13.14,13.38,12.8701,13.2,5522.0
2014-08-08,13.0,13.13,12.86,13.13,3214.0,0.0,1.0,13.0,13.13,12.86,13.13,3214.0
2014-08-07,12.82,12.97,12.79,12.97,1263.0,0.0,1.0,12.82,12.97,12.79,12.97,1263.0
2014-08-06,12.72,13.07,12.75,12.84,5317.0,0.0,1.0,12.72,13.07,12.75,12.84,5317.0
2014-08-05,12.64,13.35,12.64,12.85,4835.0,0.0,1.0,12.64,13.35,12.64,12.85,4835.0
2014-08-04,13.3,13.42,13.12,13.12,3182.0,0.0,1.0,13.3,13.42,13.12,13.12,3182.0
2014-08-01,13.26,13.41,13.0,13.3,4025.0,0.0,1.0,13.26,13.41,13.0,13.3,4025.0
2014-07-31,13.2,13.49,13.18,13.2,7509.0,0.0,1.0,13.2,13.49,13.18,13.2,7509.0
2014-07-30,13.24,13.3648,13.0,13.18,1469.0,0.0,1.0,13.24,13.3648,13.0,13.18,1469.0
2014-07-29,13.59,13.46,13.05,13.2,4321.0,0.0,1.0,13.59,13.46,13.05,13.2,4321.0
2014-07-28,12.76,13.88,12.6,13.39,8098.0,0.0,1.0,12.76,13.88,12.6,13.39,8098.0
2014-07-25,13.5,13.5,12.57,12.69,12588.0,0.0,1.0,13.5,13.5,12.57,12.69,12588.0
2014-07-24,13.83,13.93,13.58,13.58,4421.0,0.0,1.0,13.83,13.93,13.58,13.58,4421.0
2014-07-23,13.9,13.988,13.84,13.84,977.0,0.0,1.0,13.9,13.988,13.84,13.84,977.0
2014-07-22,13.5,13.9,13.5,13.9,8097.0,0.0,1.0,13.5,13.9,13.5,13.9,8097.0
2014-07-21,13.76,13.79,13.48,13.48,4974.0,0.0,1.0,13.76,13.79,13.48,13.48,4974.0
2014-07-18,13.71,13.99,13.71,13.93,5932.0,0.0,1.0,13.71,13.99,13.71,13.93,5932.0
2014-07-17,13.92,14.28,13.8,13.82,13676.0,0.0,1.0,13.92,14.28,13.8,13.82,13676.0
2014-07-16,14.15,14.07,13.98,14.07,2189.0,0.0,1.0,14.15,14.07,13.98,14.07,2189.0
2014-07-15,14.06,14.35,13.99,13.99,3047.0,0.0,1.0,14.06,14.35,13.99,13.99,3047.0
2014-07-14,14.1,14.269,14.01,14.06,3324.0,0.0,1.0,14.1,14.269,14.01,14.06,3324.0
2014-07-11,13.9,14.0,13.9,14.0,876.0,0.0,1.0,13.9,14.0,13.9,14.0,876.0
2014-07-10,13.85,13.97,13.795,13.94,6296.0,0.0,1.0,13.85,13.97,13.795,13.94,6296.0
2014-07-09,13.97,14.41,13.84,14.07,10065.0,0.0,1.0,13.97,14.41,13.84,14.07,10065.0
2014-07-08,14.08,14.15,13.6,13.96,11713.0,0.0,1.0,14.08,14.15,13.6,13.96,11713.0
2014-07-07,14.26,14.22,14.0,14.01,3442.0,0.0,1.0,14.26,14.22,14.0,14.01,3442.0
2014-07-03,14.4,14.6,14.26,14.32,8426.0,0.0,1.0,14.4,14.6,14.26,14.32,8426.0
2014-07-02,14.7,14.7,14.19,14.26,2689.0,0.0,1.0,14.7,14.7,14.19,14.26,2689.0
2014-07-01,14.38,14.79,14.05,14.7,10612.0,0.0,1.0,14.38,14.79,14.05,14.7,10612.0
2014-06-30,14.19,14.438,14.0,14.39,4813.0,0.0,1.0,14.19,14.438,14.0,14.39,4813.0
2014-06-27,13.41,14.31,13.41,14.3,35691.0,0.0,1.0,13.41,14.31,13.41,14.3,35691.0
2014-06-26,13.58,13.66,13.4,13.57,2847.0,0.0,1.0,13.58,13.66,13.4,13.57,2847.0
2014-06-25,13.35,13.59,13.35,13.51,6718.0,0.0,1.0,13.35,13.59,13.35,13.51,6718.0
2014-06-24,13.35,13.57,13.35,13.4,9199.0,0.0,1.0,13.35,13.57,13.35,13.4,9199.0
2014-06-23,13.41,13.715,13.28,13.32,6132.0,0.0,1.0,13.41,13.715,13.28,13.32,6132.0
2014-06-20,14.52,14.74,13.21,13.27,61245.0,0.0,1.0,14.52,14.74,13.21,13.27,61245.0
2014-06-19,14.8,14.79,14.13,14.34,8145.0,0.0,1.0,14.8,14.79,14.13,14.34,8145.0
2014-06-18,14.68,14.8,14.61,14.78,5360.0,0.0,1.0,14.68,14.8,14.61,14.78,5360.0
2014-06-17,14.05,14.76,14.05,14.6,12660.0,0.0,1.0,14.05,14.76,14.05,14.6,12660.0
2014-06-16,14.0,14.55,14.01,14.21,14976.0,0.0,1.0,14.0,14.55,14.01,14.21,14976.0
2014-06-13,14.08,14.2,13.57,14.08,8907.0,0.0,1.0,14.08,14.2,13.57,14.08,8907.0
2014-06-12,13.61,14.7,13.81,13.98,7902.0,0.0,1.0,13.61,14.7,13.81,13.98,7902.0
2014-06-11,14.22,14.35,13.78,14.24,5768.0,0.0,1.0,14.22,14.35,13.78,14.24,5768.0
2014-06-10,14.34,14.7,12.81,14.35,75680.0,0.0,1.0,14.34,14.7,12.81,14.35,75680.0
2014-06-09,14.15,14.9,14.01,14.72,11188.0,0.0,1.0,14.15,14.9,14.01,14.72,11188.0
2014-06-06,13.5,14.34,13.45,14.34,11453.0,0.0,1.0,13.5,14.34,13.45,14.34,11453.0
2014-06-05,13.27,13.4899,12.9,13.45,11393.0,0.0,1.0,13.27,13.4899,12.9,13.45,11393.0
2014-06-04,13.4,13.5,13.27,13.27,9268.0,0.0,1.0,13.4,13.5,13.27,13.27,9268.0
2014-06-03,13.42,13.6,13.21,13.53,5576.0,0.0,1.0,13.42,13.6,13.21,13.53,5576.0
2014-06-02,13.5,13.5,13.17,13.42,13414.0,0.0,1.0,13.5,13.5,13.17,13.42,13414.0
2014-05-30,13.5,13.5,13.4,13.46,5954.0,0.0,1.0,13.5,13.5,13.4,13.46,5954.0
2014-05-29,13.56,13.5,13.41,13.49,1647.0,0.0,1.0,13.56,13.5,13.41,13.49,1647.0
2014-05-28,13.73,13.73,13.46,13.46,1453.0,0.0,1.0,13.73,13.73,13.46,13.46,1453.0
2014-05-27,13.71,13.81,13.54,13.81,2435.0,0.0,1.0,13.71,13.81,13.54,13.81,2435.0
2014-05-23,13.6,13.69,13.5,13.68,25126.0,0.0,1.0,13.6,13.69,13.5,13.68,25126.0
2014-05-22,13.49,13.7,13.35,13.55,3813.0,0.0,1.0,13.49,13.7,13.35,13.55,3813.0
2014-05-21,13.29,13.75,13.25,13.49,3352.0,0.0,1.0,13.29,13.75,13.25,13.49,3352.0
2014-05-20,13.53,13.62,13.31,13.36,9482.0,0.0,1.0,13.53,13.62,13.31,13.36,9482.0
2014-05-19,13.78,13.8609,13.39,13.63,1157.0,0.0,1.0,13.78,13.8609,13.39,13.63,1157.0
2014-05-16,13.44,13.7,13.265,13.67,6522.0,0.0,1.0,13.44,13.7,13.265,13.67,6522.0
2014-05-15,13.5,13.69,13.34,13.38,9414.0,0.0,1.0,13.5,13.69,13.34,13.38,9414.0
2014-05-14,13.76,13.59,13.53,13.53,2619.0,0.0,1.0,13.76,13.59,13.53,13.53,2619.0
2014-05-13,13.8,13.8,13.59,13.59,8698.0,0.0,1.0,13.8,13.8,13.59,13.59,8698.0
2014-05-12,13.78,13.9999,13.66,13.9,4920.0,0.0,1.0,13.78,13.9999,13.66,13.9,4920.0
2014-05-08,13.55,14.0,13.52,13.53,4688.0,0.0,1.0,13.55,14.0,13.52,13.53,4688.0
2014-05-07,13.53,13.7,13.5,13.51,3982.0,0.0,1.0,13.53,13.7,13.5,13.51,3982.0
2014-05-06,13.45,13.72,13.32,13.51,8296.0,0.0,1.0,13.45,13.72,13.32,13.51,8296.0
2014-05-05,13.63,13.72,13.3,13.5,1874.0,0.0,1.0,13.63,13.72,13.3,13.5,1874.0
2014-05-02,13.54,13.64,13.4,13.64,97787.0,0.0,1.0,13.54,13.64,13.4,13.64,97787.0
2014-05-01,13.43,13.67,13.25,13.56,11591.0,0.0,1.0,13.43,13.67,13.25,13.56,11591.0
2014-04-30,13.5,13.55,13.5,13.51,8588.0,0.0,1.0,13.5,13.55,13.5,13.51,8588.0
2014-04-29,13.54,13.54,13.28,13.49,22752.0,0.0,1.0,13.54,13.54,13.28,13.49,22752.0
2014-04-28,13.56,13.38,13.31,13.31,2296.0,0.0,1.0,13.56,13.38,13.31,13.31,2296.0
2014-04-25,13.41,13.41,13.32,13.32,3638.0,0.0,1.0,13.41,13.41,13.32,13.32,3638.0
2014-04-24,13.6,13.75,13.16,13.5,8579.0,0.0,1.0,13.6,13.75,13.16,13.5,8579.0
2014-04-23,14.01,13.58,13.58,13.58,1633.0,0.0,1.0,14.01,13.58,13.58,13.58,1633.0
2014-04-21,13.9,13.98,13.37,13.49,5966.0,0.0,1.0,13.9,13.98,13.37,13.49,5966.0
2014-04-17,13.99,13.99,13.5646,13.91,1953.0,0.0,1.0,13.99,13.99,13.5646,13.91,1953.0
2014-04-16,13.44,14.08,13.44,14.08,1644.0,0.0,1.0,13.44,14.08,13.44,14.08,1644.0
2014-04-15,13.56,14.35,13.06,13.67,2081.0,0.0,1.0,13.56,14.35,13.06,13.67,2081.0
2014-04-14,13.65,13.9,12.91,13.47,7900.0,0.0,1.0,13.65,13.9,12.91,13.47,7900.0
2014-04-11,13.28,13.46,13.28,13.46,2700.0,0.0,1.0,13.28,13.46,13.28,13.46,2700.0
2014-04-10,14.01,14.01,13.26,13.36,15800.0,0.0,1.0,14.01,14.01,13.26,13.36,15800.0
2014-04-09,13.95,13.95,13.95,13.95,3000.0,0.0,1.0,13.95,13.95,13.95,13.95,3000.0
2014-04-08,13.95,13.95,13.95,13.95,3100.0,0.0,1.0,13.95,13.95,13.95,13.95,3100.0
2014-04-07,14.45,14.45,13.9,13.92,2900.0,0.0,1.0,14.45,14.45,13.9,13.92,2900.0
2014-04-04,14.69,14.69,14.41,14.46,5400.0,0.0,1.0,14.69,14.69,14.41,14.46,5400.0
2014-04-03,14.45,14.45,14.45,14.45,700.0,0.0,1.0,14.45,14.45,14.45,14.45,700.0
2014-04-02,14.0,14.98,14.0,14.7,2100.0,0.0,1.0,14.0,14.98,14.0,14.7,2100.0
2014-04-01,13.95,14.59,13.9,14.59,12500.0,0.0,1.0,13.95,14.59,13.9,14.59,12500.0
2014-03-31,13.71,14.09,13.7,14.09,14100.0,0.0,1.0,13.71,14.09,13.7,14.09,14100.0
2014-03-28,14.0,14.0,13.83,13.83,1700.0,0.0,1.0,14.0,14.0,13.83,13.83,1700.0
2014-03-27,14.0,14.0,14.0,14.0,1200.0,0.0,1.0,14.0,14.0,14.0,14.0,1200.0
2014-03-26,14.2,14.24,14.01,14.01,4200.0,0.0,1.0,14.2,14.24,14.01,14.01,4200.0
2014-03-25,14.21,14.4,14.21,14.32,1800.0,0.0,1.0,14.21,14.4,14.21,14.32,1800.0
2014-03-24,14.05,14.68,14.0,14.47,5100.0,0.0,1.0,14.05,14.68,14.0,14.47,5100.0
2014-03-21,14.14,14.18,14.14,14.18,5100.0,0.0,1.0,14.14,14.18,14.14,14.18,5100.0
2014-03-20,14.1,14.1,13.74,14.05,1300.0,0.0,1.0,14.1,14.1,13.74,14.05,1300.0
2014-03-19,14.15,14.33,13.74,13.74,4300.0,0.0,1.0,14.15,14.33,13.74,13.74,4300.0
2014-03-18,14.07,14.37,14.07,14.37,2300.0,0.0,1.0,14.07,14.37,14.07,14.37,2300.0
2014-03-17,13.79,14.4,13.62,14.05,3600.0,0.0,1.0,13.79,14.4,13.62,14.05,3600.0
2014-03-14,13.63,13.72,13.62,13.72,4400.0,0.0,1.0,13.63,13.72,13.62,13.72,4400.0
2014-03-13,13.53,13.7,13.53,13.65,3300.0,0.0,1.0,13.53,13.7,13.53,13.65,3300.0
2014-03-12,13.94,14.15,13.65,14.15,3600.0,0.0,1.0,13.94,14.15,13.65,14.15,3600.0
2014-03-11,14.48,14.6,13.61,13.62,2600.0,0.0,1.0,14.48,14.6,13.61,13.62,2600.0
2014-03-10,13.93,14.52,13.1,14.52,2600.0,0.0,1.0,13.93,14.52,13.1,14.52,2600.0
2014-03-07,14.01,14.17,13.67,13.92,2700.0,0.0,1.0,14.01,14.17,13.67,13.92,2700.0
2014-03-06,14.03,14.03,13.4,13.89,2500.0,0.0,1.0,14.03,14.03,13.4,13.89,2500.0
2014-03-05,13.85,14.24,13.85,14.06,2700.0,0.0,1.0,13.85,14.24,13.85,14.06,2700.0
2014-03-04,13.12,14.77,13.12,14.2,21300.0,0.0,1.0,13.12,14.77,13.12,14.2,21300.0
2014-03-03,13.09,13.1,13.02,13.02,1500.0,0.0,1.0,13.09,13.1,13.02,13.02,1500.0
2014-02-28,13.36,13.4,13.14,13.37,11900.0,0.0,1.0,13.36,13.4,13.14,13.37,11900.0
2014-02-27,13.0,13.5,13.0,13.32,9800.0,0.0,1.0,13.0,13.5,13.0,13.32,9800.0
2014-02-26,12.74,13.08,12.72,13.08,9100.0,0.0,1.0,12.74,13.08,12.72,13.08,9100.0
2014-02-25,12.56,12.57,12.55,12.57,2800.0,0.0,1.0,12.56,12.57,12.55,12.57,2800.0
2014-02-24,12.55,12.74,12.55,12.74,2500.0,0.0,1.0,12.55,12.74,12.55,12.74,2500.0
2014-02-21,13.0,13.0,12.45,12.76,6400.0,0.0,1.0,13.0,13.0,12.45,12.76,6400.0
2014-02-20,12.99,12.99,12.96,12.96,1500.0,0.0,1.0,12.99,12.99,12.96,12.96,1500.0
2014-02-19,12.73,13.0,12.69,12.77,7000.0,0.0,1.0,12.73,13.0,12.69,12.77,7000.0
2014-02-18,12.97,13.1,12.57,12.91,6700.0,0.0,1.0,12.97,13.1,12.57,12.91,6700.0
2014-02-14,12.51,12.7,12.16,12.32,4000.0,0.0,1.0,12.51,12.7,12.16,12.32,4000.0
2014-02-13,12.22,12.48,12.13,12.48,4000.0,0.0,1.0,12.22,12.48,12.13,12.48,4000.0
2014-02-12,12.24,12.36,12.24,12.3,1700.0,0.0,1.0,12.24,12.36,12.24,12.3,1700.0
2014-02-11,12.06,12.25,12.06,12.2,3000.0,0.0,1.0,12.06,12.25,12.06,12.2,3000.0
2014-02-10,12.29,12.61,11.75,12.06,13600.0,0.0,1.0,12.29,12.61,11.75,12.06,13600.0
2014-02-07,12.42,12.75,12.25,12.72,3700.0,0.0,1.0,12.42,12.75,12.25,12.72,3700.0
2014-02-06,12.29,12.47,12.12,12.43,1900.0,0.0,1.0,12.29,12.47,12.12,12.43,1900.0
2014-02-05,12.28,12.73,12.28,12.43,2600.0,0.0,1.0,12.28,12.73,12.28,12.43,2600.0
2014-02-04,12.01,12.29,12.01,12.29,4600.0,0.0,1.0,12.01,12.29,12.01,12.29,4600.0
2014-02-03,12.15,12.2,11.89,12.1,10800.0,0.0,1.0,12.15,12.2,11.89,12.1,10800.0
2014-01-31,11.84,12.41,11.84,12.15,4800.0,0.0,1.0,11.84,12.41,11.84,12.15,4800.0
2014-01-30,12.3,12.3,11.83,12.07,5200.0,0.0,1.0,12.3,12.3,11.83,12.07,5200.0
2014-01-29,12.14,12.25,11.85,11.92,6800.0,0.0,1.0,12.14,12.25,11.85,11.92,6800.0
2014-01-28,12.3,12.3,11.99,12.03,11500.0,0.0,1.0,12.3,12.3,11.99,12.03,11500.0
2014-01-27,12.21,12.74,12.01,12.24,3000.0,0.0,1.0,12.21,12.74,12.01,12.24,3000.0
2014-01-24,12.23,12.3,11.91,12.03,5900.0,0.0,1.0,12.23,12.3,11.91,12.03,5900.0
2014-01-23,12.82,12.82,12.2,12.21,3700.0,0.0,1.0,12.82,12.82,12.2,12.21,3700.0
2014-01-22,13.14,13.14,12.84,12.84,2100.0,0.0,1.0,13.14,13.14,12.84,12.84,2100.0
2014-01-21,13.11,13.11,12.7,13.04,6400.0,0.0,1.0,13.11,13.11,12.7,13.04,6400.0
2014-01-17,12.9,13.2,12.9,13.04,4100.0,0.0,1.0,12.9,13.2,12.9,13.04,4100.0
2014-01-16,12.99,13.04,12.99,13.04,1100.0,0.0,1.0,12.99,13.04,12.99,13.04,1100.0
2014-01-15,13.09,13.1,12.98,13.0,16700.0,0.0,1.0,13.09,13.1,12.98,13.0,16700.0
2014-01-14,13.11,13.11,13.0,13.05,3700.0,0.0,1.0,13.11,13.11,13.0,13.05,3700.0
2014-01-13,13.03,13.18,13.03,13.18,2800.0,0.0,1.0,13.03,13.18,13.03,13.18,2800.0
2014-01-10,13.08,13.16,13.0,13.16,4000.0,0.0,1.0,13.08,13.16,13.0,13.16,4000.0
2014-01-09,13.16,13.28,13.1,13.12,3700.0,0.0,1.0,13.16,13.28,13.1,13.12,3700.0
2014-01-08,13.1,13.2,12.81,12.97,25700.0,0.0,1.0,13.1,13.2,12.81,12.97,25700.0
2014-01-07,13.45,13.45,12.81,13.03,1400.0,0.0,1.0,13.45,13.45,12.81,13.03,1400.0
2014-01-06,13.15,13.43,13.15,13.22,3700.0,0.0,1.0,13.15,13.43,13.15,13.22,3700.0
2014-01-03,13.19,13.3,12.85,13.13,9000.0,0.0,1.0,13.19,13.3,12.85,13.13,9000.0
2014-01-02,12.97,13.25,12.97,13.12,34800.0,0.0,1.0,12.97,13.25,12.97,13.12,34800.0
2013-12-31,13.08,13.35,12.75,12.96,5700.0,0.0,1.0,13.08,13.35,12.75,12.96,5700.0
2013-12-30,12.88,13.21,12.8,13.08,53500.0,0.0,1.0,12.88,13.21,12.8,13.08,53500.0
2013-12-27,12.91,12.94,12.33,12.94,2500.0,0.0,1.0,12.91,12.94,12.33,12.94,2500.0
2013-12-26,12.99,12.99,12.85,12.85,1500.0,0.0,1.0,12.99,12.99,12.85,12.85,1500.0
2013-12-24,13.02,13.1,12.73,13.0,3100.0,0.0,1.0,13.02,13.1,12.73,13.0,3100.0
2013-12-23,13.01,13.09,12.72,12.97,2100.0,0.0,1.0,13.01,13.09,12.72,12.97,2100.0
2013-12-20,13.0,13.05,12.92,12.95,47300.0,0.0,1.0,13.0,13.05,12.92,12.95,47300.0
2013-12-19,12.41,12.53,12.03,12.37,9300.0,0.0,1.0,12.41,12.53,12.03,12.37,9300.0
2013-12-18,12.15,12.75,12.0,12.75,5000.0,0.0,1.0,12.15,12.75,12.0,12.75,5000.0
2013-12-17,11.87,12.19,11.8,12.19,1900.0,0.0,1.0,11.87,12.19,11.8,12.19,1900.0
2013-12-16,12.15,12.35,11.72,12.16,7200.0,0.0,1.0,12.15,12.35,11.72,12.16,7200.0
2013-12-13,11.86,11.94,11.86,11.94,2100.0,0.0,1.0,11.86,11.94,11.86,11.94,2100.0
2013-12-12,11.78,12.0,11.63,11.81,4600.0,0.0,1.0,11.78,12.0,11.63,11.81,4600.0
2013-12-11,12.71,12.71,11.71,11.71,7900.0,0.0,1.0,12.71,12.71,11.71,11.71,7900.0
2013-12-10,12.86,12.86,12.66,12.74,4500.0,0.0,1.0,12.86,12.86,12.66,12.74,4500.0
2013-12-09,12.86,12.95,12.82,12.82,2700.0,0.0,1.0,12.86,12.95,12.82,12.82,2700.0
2013-12-06,13.08,13.08,12.89,12.91,2700.0,0.0,1.0,13.08,13.08,12.89,12.91,2700.0
2013-12-05,13.03,13.16,12.85,12.95,1900.0,0.0,1.0,13.03,13.16,12.85,12.95,1900.0
2013-12-04,13.03,13.15,12.95,12.95,1900.0,0.0,1.0,13.03,13.15,12.95,12.95,1900.0
2013-12-03,13.07,13.34,12.96,13.1,3700.0,0.0,1.0,13.07,13.34,12.96,13.1,3700.0
2013-12-02,13.32,13.32,13.05,13.05,3900.0,0.0,1.0,13.32,13.32,13.05,13.05,3900.0
2013-11-29,13.35,13.46,13.2,13.43,2300.0,0.0,1.0,13.35,13.46,13.2,13.43,2300.0
2013-11-27,13.09,13.41,13.09,13.36,5600.0,0.0,1.0,13.09,13.41,13.09,13.36,5600.0
2013-11-26,13.12,13.29,13.02,13.17,1800.0,0.0,1.0,13.12,13.29,13.02,13.17,1800.0
2013-11-25,12.99,13.26,12.97,13.09,1800.0,0.0,1.0,12.99,13.26,12.97,13.09,1800.0
2013-11-22,13.11,13.11,12.75,12.94,4500.0,0.0,1.0,13.11,13.11,12.75,12.94,4500.0
2013-11-21,13.2,13.2,13.14,13.14,2100.0,0.0,1.0,13.2,13.2,13.14,13.14,2100.0
2013-11-20,12.84,13.2,12.84,13.17,2300.0,0.0,1.0,12.84,13.2,12.84,13.17,2300.0
2013-11-19,12.95,13.25,12.95,12.96,1000.0,0.0,1.0,12.95,13.25,12.95,12.96,1000.0
2013-11-18,13.3,13.3,12.91,12.91,1400.0,0.0,1.0,13.3,13.3,12.91,12.91,1400.0
2013-11-15,12.69,13.33,12.69,13.31,2700.0,0.0,1.0,12.69,13.33,12.69,13.31,2700.0
2013-11-14,13.3,13.3,12.36,12.73,12700.0,0.0,1.0,13.3,13.3,12.36,12.73,12700.0
2013-11-13,13.11,13.36,13.11,13.36,1100.0,0.0,1.0,13.11,13.36,13.11,13.36,1100.0
2013-11-12,13.0,13.25,12.63,13.25,3800.0,0.0,1.0,13.0,13.25,12.63,13.25,3800.0
2013-11-11,13.27,13.27,12.88,13.0,3100.0,0.0,1.0,13.27,13.27,12.88,13.0,3100.0
2013-11-08,12.98,13.25,12.98,13.25,2500.0,0.0,1.0,12.98,13.25,12.98,13.25,2500.0
2013-11-07,13.02,13.15,13.0,13.0,2500.0,0.0,1.0,13.02,13.15,13.0,13.0,2500.0
2013-11-06,12.9,13.5,12.9,13.15,3500.0,0.0,1.0,12.9,13.5,12.9,13.15,3500.0
2013-11-05,12.86,12.89,12.86,12.89,400.0,0.0,1.0,12.86,12.89,12.86,12.89,400.0
2013-11-04,13.48,13.48,12.89,13.3,6000.0,0.0,1.0,13.48,13.48,12.89,13.3,6000.0
2013-11-01,13.32,13.63,13.0,13.63,12300.0,0.0,1.0,13.32,13.63,13.0,13.63,12300.0
2013-10-31,13.61,13.64,13.28,13.42,3100.0,0.0,1.0,13.61,13.64,13.28,13.42,3100.0
2013-10-30,13.45,13.45,12.95,13.07,2900.0,0.0,1.0,13.45,13.45,12.95,13.07,2900.0
2013-10-29,13.5,13.6,13.4,13.5,8000.0,0.0,1.0,13.5,13.6,13.4,13.5,8000.0
2013-10-28,13.54,13.6,13.25,13.5,4700.0,0.0,1.0,13.54,13.6,13.25,13.5,4700.0
2013-10-25,13.55,13.55,13.25,13.55,5700.0,0.0,1.0,13.55,13.55,13.25,13.55,5700.0
2013-10-24,13.3,13.63,13.24,13.48,5100.0,0.0,1.0,13.3,13.63,13.24,13.48,5100.0
2013-10-23,13.06,13.64,13.06,13.27,5000.0,0.0,1.0,13.06,13.64,13.06,13.27,5000.0
2013-10-22,13.5,13.5,13.05,13.05,2500.0,0.0,1.0,13.5,13.5,13.05,13.05,2500.0
2013-10-21,13.3,13.32,13.19,13.19,3100.0,0.0,1.0,13.3,13.32,13.19,13.19,3100.0
2013-10-18,13.29,13.29,12.96,13.26,8300.0,0.0,1.0,13.29,13.29,12.96,13.26,8300.0
2013-10-17,12.92,13.39,12.92,13.14,3000.0,0.0,1.0,12.92,13.39,12.92,13.14,3000.0
2013-10-16,13.31,13.32,13.06,13.07,2400.0,0.0,1.0,13.31,13.32,13.06,13.07,2400.0
2013-10-15,13.22,13.22,13.12,13.21,2600.0,0.0,1.0,13.22,13.22,13.12,13.21,2600.0
2013-10-14,13.0,13.32,12.86,13.32,3500.0,0.0,1.0,13.0,13.32,12.86,13.32,3500.0
2013-10-11,13.07,13.1,12.83,13.1,3500.0,0.0,1.0,13.07,13.1,12.83,13.1,3500.0
2013-10-10,13.17,13.17,12.77,13.1,3200.0,0.0,1.0,13.17,13.17,12.77,13.1,3200.0
2013-10-09,12.99,13.2,12.99,13.0,2200.0,0.0,1.0,12.99,13.2,12.99,13.0,2200.0
2013-10-08,12.6,13.11,12.6,12.87,5200.0,0.0,1.0,12.6,13.11,12.6,12.87,5200.0
2013-10-07,13.0,13.29,12.54,12.54,2100.0,0.0,1.0,13.0,13.29,12.54,12.54,2100.0
2013-10-04,13.29,13.29,12.85,12.95,1400.0,0.0,1.0,13.29,13.29,12.85,12.95,1400.0
2013-10-03,13.31,13.63,13.15,13.32,12900.0,0.0,1.0,13.31,13.63,13.15,13.32,12900.0
2013-10-02,13.55,13.55,13.25,13.28,7400.0,0.0,1.0,13.55,13.55,13.25,13.28,7400.0
2013-10-01,13.0,13.71,13.0,13.65,11700.0,0.0,1.0,13.0,13.71,13.0,13.65,11700.0
2013-09-30,12.97,13.24,12.91,13.04,11800.0,0.0,1.0,12.97,13.24,12.91,13.04,11800.0
2013-09-27,13.54,13.54,12.88,12.88,600.0,0.0,1.0,13.54,13.54,12.88,12.88,600.0
2013-09-26,13.32,13.82,13.32,13.59,3700.0,0.0,1.0,13.32,13.82,13.32,13.59,3700.0
2013-09-25,13.37,13.37,13.26,13.26,1200.0,0.0,1.0,13.37,13.37,13.26,13.26,1200.0
2013-09-24,13.36,13.51,13.33,13.33,1700.0,0.0,1.0,13.36,13.51,13.33,13.33,1700.0
2013-09-23,12.76,13.46,12.76,13.34,6100.0,0.0,1.0,12.76,13.46,12.76,13.34,6100.0
2013-09-20,13.0,13.29,12.56,12.75,65400.0,0.0,1.0,13.0,13.29,12.56,12.75,65400.0
2013-09-19,13.54,13.75,12.62,12.83,11100.0,0.0,1.0,13.54,13.75,12.62,12.83,11100.0
2013-09-18,13.62,13.7,13.31,13.6,9300.0,0.0,1.0,13.62,13.7,13.31,13.6,9300.0
2013-09-17,13.7,13.7,12.69,13.6,5700.0,0.0,1.0,13.7,13.7,12.69,13.6,5700.0
2013-09-16,13.7,13.75,13.58,13.6,5800.0,0.0,1.0,13.7,13.75,13.58,13.6,5800.0
2013-09-13,13.61,13.7,13.48,13.69,1400.0,0.0,1.0,13.61,13.7,13.48,13.69,1400.0
2013-09-12,13.72,13.72,13.5,13.57,3700.0,0.0,1.0,13.72,13.72,13.5,13.57,3700.0
2013-09-11,13.6,13.75,13.47,13.47,6400.0,0.0,1.0,13.6,13.75,13.47,13.47,6400.0
2013-09-10,13.35,13.68,13.15,13.55,6500.0,0.0,1.0,13.35,13.68,13.15,13.55,6500.0
2013-09-09,12.59,13.8,12.59,13.29,10600.0,0.0,1.0,12.59,13.8,12.59,13.29,10600.0
2013-09-06,12.48,12.74,12.48,12.65,3600.0,0.0,1.0,12.48,12.74,12.48,12.65,3600.0
2013-09-05,11.6,12.19,11.54,11.89,5600.0,0.0,1.0,11.6,12.19,11.54,11.89,5600.0
2013-09-04,11.6,11.7,11.45,11.66,3800.0,0.0,1.0,11.6,11.7,11.45,11.66,3800.0
2013-09-03,12.02,12.17,11.43,11.66,16500.0,0.0,1.0,12.02,12.17,11.43,11.66,16500.0
2013-08-30,12.28,12.28,11.92,11.97,2800.0,0.0,1.0,12.28,12.28,11.92,11.97,2800.0
2013-08-29,12.16,12.32,12.13,12.32,2000.0,0.0,1.0,12.16,12.32,12.13,12.32,2000.0
2013-08-28,12.1,12.13,12.03,12.13,1000.0,0.0,1.0,12.1,12.13,12.03,12.13,1000.0
2013-08-27,12.26,12.26,11.96,12.07,1500.0,0.0,1.0,12.26,12.26,11.96,12.07,1500.0
2013-08-26,12.48,12.48,12.3,12.3,1200.0,0.0,1.0,12.48,12.48,12.3,12.3,1200.0
2013-08-23,12.39,12.48,12.24,12.46,1900.0,0.0,1.0,12.39,12.48,12.24,12.46,1900.0
2013-08-22,12.45,12.45,12.41,12.41,1300.0,0.0,1.0,12.45,12.45,12.41,12.41,1300.0
2013-08-21,12.51,12.51,12.45,12.45,300.0,0.0,1.0,12.51,12.51,12.45,12.45,300.0
2013-08-20,12.47,12.59,12.37,12.57,1700.0,0.0,1.0,12.47,12.59,12.37,12.57,1700.0
2013-08-19,12.43,12.68,12.3,12.32,2400.0,0.0,1.0,12.43,12.68,12.3,12.32,2400.0
2013-08-16,12.34,12.36,12.19,12.36,2000.0,0.0,1.0,12.34,12.36,12.19,12.36,2000.0
2013-08-15,12.6,12.83,12.32,12.4,3200.0,0.0,1.0,12.6,12.83,12.32,12.4,3200.0
2013-08-14,12.82,12.82,12.66,12.66,1000.0,0.0,1.0,12.82,12.82,12.66,12.66,1000.0
2013-08-13,12.94,12.96,12.65,12.86,900.0,0.0,1.0,12.94,12.96,12.65,12.86,900.0
2013-08-12,12.6,13.47,12.06,12.73,9500.0,0.0,1.0,12.6,13.47,12.06,12.73,9500.0
2013-08-09,12.94,13.06,12.53,13.0,1200.0,0.0,1.0,12.94,13.06,12.53,13.0,1200.0
2013-08-08,13.14,13.14,12.93,13.0,1100.0,0.0,1.0,13.14,13.14,12.93,13.0,1100.0
2013-08-07,13.0,13.2,12.96,13.02,5900.0,0.0,1.0,13.0,13.2,12.96,13.02,5900.0
2013-08-06,12.77,13.74,12.77,12.96,8100.0,0.0,1.0,12.77,13.74,12.77,12.96,8100.0
2013-08-05,13.4,13.4,13.4,13.4,0.0,0.0,1.0,13.4,13.4,13.4,13.4,0.0
2013-08-02,13.63,13.63,13.28,13.4,2800.0,0.0,1.0,13.63,13.63,13.28,13.4,2800.0
2013-08-01,13.6,13.8,13.41,13.68,3400.0,0.0,1.0,13.6,13.8,13.41,13.68,3400.0
2013-07-31,13.83,13.83,13.37,13.41,15100.0,0.0,1.0,13.83,13.83,13.37,13.41,15100.0
2013-07-30,13.84,13.84,13.84,13.84,500.0,0.0,1.0,13.84,13.84,13.84,13.84,500.0
2013-07-29,13.71,13.85,13.65,13.65,2800.0,0.0,1.0,13.71,13.85,13.65,13.65,2800.0
2013-07-26,13.74,13.74,13.35,13.6,2300.0,0.0,1.0,13.74,13.74,13.35,13.6,2300.0
2013-07-25,13.57,13.85,13.39,13.84,7000.0,0.0,1.0,13.57,13.85,13.39,13.84,7000.0
2013-07-24,13.76,13.85,13.4,13.79,13100.0,0.0,1.0,13.76,13.85,13.4,13.79,13100.0
2013-07-23,13.5,13.77,13.11,13.68,3000.0,0.0,1.0,13.5,13.77,13.11,13.68,3000.0
2013-07-22,13.67,13.8,13.35,13.75,4800.0,0.0,1.0,13.67,13.8,13.35,13.75,4800.0
2013-07-19,13.47,13.84,12.87,13.84,4800.0,0.0,1.0,13.47,13.84,12.87,13.84,4800.0
2013-07-18,13.54,13.54,13.44,13.53,2500.0,0.0,1.0,13.54,13.54,13.44,13.53,2500.0
2013-07-17,13.43,13.44,13.26,13.44,400.0,0.0,1.0,13.43,13.44,13.26,13.44,400.0
2013-07-16,12.19,13.31,11.86,13.26,3000.0,0.0,1.0,12.19,13.31,11.86,13.26,3000.0
2013-07-15,13.52,13.52,12.85,13.33,2900.0,0.0,1.0,13.52,13.52,12.85,13.33,2900.0
2013-07-12,13.08,13.75,13.08,13.68,7200.0,0.0,1.0,13.08,13.75,13.08,13.68,7200.0
2013-07-11,12.71,13.04,12.07,13.04,8500.0,0.0,1.0,12.71,13.04,12.07,13.04,8500.0
2013-07-10,12.76,12.85,12.5,12.69,10700.0,0.0,1.0,12.76,12.85,12.5,12.69,10700.0
2013-07-09,12.5,12.75,12.28,12.72,16300.0,0.0,1.0,12.5,12.75,12.28,12.72,16300.0
2013-07-08,12.42,12.72,12.0,12.45,8000.0,0.0,1.0,12.42,12.72,12.0,12.45,8000.0
2013-07-05,12.6,12.6,12.07,12.24,4700.0,0.0,1.0,12.6,12.6,12.07,12.24,4700.0
2013-07-03,12.3,12.3,12.05,12.05,800.0,0.0,1.0,12.3,12.3,12.05,12.05,800.0
2013-07-02,12.66,12.66,12.12,12.12,18500.0,0.0,1.0,12.66,12.66,12.12,12.12,18500.0
2013-07-01,13.15,13.4,12.35,12.42,16600.0,0.0,1.0,13.15,13.4,12.35,12.42,16600.0
2013-06-28,13.6,14.0,13.0,13.0,604100.0,0.0,1.0,13.6,14.0,13.0,13.0,604100.0
2013-06-27,13.75,13.98,12.35,13.84,26000.0,0.0,1.0,13.75,13.98,12.35,13.84,26000.0
2013-06-26,13.9,13.9,13.52,13.6,12400.0,0.0,1.0,13.9,13.9,13.52,13.6,12400.0
2013-06-25,13.9,13.9,13.08,13.73,4500.0,0.0,1.0,13.9,13.9,13.08,13.73,4500.0
2013-06-24,13.84,13.97,13.7,13.8,18400.0,0.0,1.0,13.84,13.97,13.7,13.8,18400.0
2013-06-21,13.85,13.99,13.8,13.94,5700.0,0.0,1.0,13.85,13.99,13.8,13.94,5700.0
2013-06-20,13.5,13.89,13.5,13.8,9300.0,0.0,1.0,13.5,13.89,13.5,13.8,9300.0
2013-06-19,14.05,14.05,13.87,13.9,6700.0,0.0,1.0,14.05,14.05,13.87,13.9,6700.0
2013-06-18,13.9,14.0,13.87,14.0,7100.0,0.0,1.0,13.9,14.0,13.87,14.0,7100.0
2013-06-17,13.91,13.99,13.85,13.9,26900.0,0.0,1.0,13.91,13.99,13.85,13.9,26900.0
2013-06-14,13.91,13.95,13.9,13.9,5400.0,0.0,1.0,13.91,13.95,13.9,13.9,5400.0
2013-06-13,13.9,13.95,13.9,13.94,3600.0,0.0,1.0,13.9,13.95,13.9,13.94,3600.0
2013-06-12,13.95,13.99,13.9,13.99,6500.0,0.0,1.0,13.95,13.99,13.9,13.99,6500.0
2013-06-11,13.62,13.95,13.61,13.85,4500.0,0.0,1.0,13.62,13.95,13.61,13.85,4500.0
2013-06-10,13.93,13.99,13.76,13.76,14100.0,0.0,1.0,13.93,13.99,13.76,13.76,14100.0
2013-06-07,13.81,13.95,13.8,13.95,1500.0,0.0,1.0,13.81,13.95,13.8,13.95,1500.0
2013-06-06,13.95,13.95,13.95,13.95,0.0,0.0,1.0,13.95,13.95,13.95,13.95,0.0
2013-06-05,13.99,13.99,13.8,13.95,7900.0,0.0,1.0,13.99,13.99,13.8,13.95,7900.0
2013-06-04,13.94,13.95,13.88,13.9,900.0,0.0,1.0,13.94,13.95,13.88,13.9,900.0
2013-06-03,13.94,13.95,13.9,13.9,1200.0,0.0,1.0,13.94,13.95,13.9,13.9,1200.0
2013-05-31,13.76,13.94,13.76,13.94,3400.0,0.0,1.0,13.76,13.94,13.76,13.94,3400.0
2013-05-30,13.9,13.9,13.89,13.9,4000.0,0.0,1.0,13.9,13.9,13.89,13.9,4000.0
2013-05-29,13.9,13.95,13.9,13.9,900.0,0.0,1.0,13.9,13.95,13.9,13.9,900.0
2013-05-28,13.75,14.0,13.75,14.0,1500.0,0.0,1.0,13.75,14.0,13.75,14.0,1500.0
2013-05-24,13.9,14.0,13.8,13.9,3000.0,0.0,1.0,13.9,14.0,13.8,13.9,3000.0
2013-05-23,12.72,13.95,12.72,13.9,800.0,0.0,1.0,12.72,13.95,12.72,13.9,800.0
2013-05-22,13.9,13.99,13.75,13.9,4500.0,0.0,1.0,13.9,13.99,13.75,13.9,4500.0
2013-05-21,13.93,13.96,13.85,13.85,2400.0,0.0,1.0,13.93,13.96,13.85,13.85,2400.0
2013-05-20,14.0,14.0,12.72,13.91,4200.0,0.0,1.0,14.0,14.0,12.72,13.91,4200.0
2013-05-17,14.0,14.0,13.95,13.95,400.0,0.0,1.0,14.0,14.0,13.95,13.95,400.0
2013-05-16,13.9,13.95,13.9,13.95,1300.0,0.0,1.0,13.9,13.95,13.9,13.95,1300.0
2013-05-15,13.99,13.99,12.55,13.9,2700.0,0.0,1.0,13.99,13.99,12.55,13.9,2700.0
2013-05-14,13.64,14.0,13.64,13.95,4400.0,0.0,1.0,13.64,14.0,13.64,13.95,4400.0
2013-05-13,14.0,14.0,13.95,13.98,1700.0,0.0,1.0,14.0,14.0,13.95,13.98,1700.0
2013-05-10,14.0,14.4,13.95,14.0,2200.0,0.0,1.0,14.0,14.4,13.95,14.0,2200.0
2013-05-09,14.5,14.5,12.8,13.95,1600.0,0.0,1.0,14.5,14.5,12.8,13.95,1600.0
2013-05-08,14.25,14.25,14.0,14.0,2900.0,0.0,1.0,14.25,14.25,14.0,14.0,2900.0
2013-05-07,14.02,14.15,13.49,14.0,4000.0,0.0,1.0,14.02,14.15,13.49,14.0,4000.0
2013-05-06,13.98,14.0,13.76,14.0,500.0,0.0,1.0,13.98,14.0,13.76,14.0,500.0
2013-05-03,13.85,14.17,13.8,14.0,2700.0,0.0,1.0,13.85,14.17,13.8,14.0,2700.0
2013-05-02,13.78,14.08,12.5,13.85,1200.0,0.0,1.0,13.78,14.08,12.5,13.85,1200.0
2013-05-01,13.81,14.09,12.34,13.67,5300.0,0.0,1.0,13.81,14.09,12.34,13.67,5300.0
2013-04-30,12.88,14.13,12.88,13.41,4100.0,0.0,1.0,12.88,14.13,12.88,13.41,4100.0
2013-04-29,12.21,13.0,12.21,12.95,4000.0,0.0,1.0,12.21,13.0,12.21,12.95,4000.0
2013-04-26,12.19,12.47,12.0,12.29,2300.0,0.0,1.0,12.19,12.47,12.0,12.29,2300.0
2013-04-25,11.98,12.09,11.92,12.05,900.0,0.0,1.0,11.98,12.09,11.92,12.05,900.0
2013-04-24,12.15,12.15,11.76,12.15,1500.0,0.0,1.0,12.15,12.15,11.76,12.15,1500.0
2013-04-23,12.81,12.81,12.0,12.04,2000.0,0.0,1.0,12.81,12.81,12.0,12.04,2000.0
2013-04-22,14.0,14.0,11.75,12.44,7100.0,0.0,1.0,14.0,14.0,11.75,12.44,7100.0
2013-04-19,13.9,13.9,13.6,13.75,2200.0,0.0,1.0,13.9,13.9,13.6,13.75,2200.0
2013-04-18,13.75,13.9,13.75,13.9,1100.0,0.0,1.0,13.75,13.9,13.75,13.9,1100.0
2013-04-17,13.75,13.9,13.73,13.9,1400.0,0.0,1.0,13.75,13.9,13.73,13.9,1400.0
2013-04-16,12.35,13.75,12.35,13.75,3100.0,0.0,1.0,12.35,13.75,12.35,13.75,3100.0
2013-04-15,12.71,13.23,12.71,13.23,500.0,0.0,1.0,12.71,13.23,12.71,13.23,500.0
2013-04-12,13.75,13.85,13.61,13.85,500.0,0.0,1.0,13.75,13.85,13.61,13.85,500.0
2013-04-11,13.75,13.95,13.52,13.95,1500.0,0.0,1.0,13.75,13.95,13.52,13.95,1500.0
2013-04-10,14.33,14.4,13.69,13.7,3200.0,0.0,1.0,14.33,14.4,13.69,13.7,3200.0
2013-04-09,14.33,14.49,13.76,13.92,1200.0,0.0,1.0,14.33,14.49,13.76,13.92,1200.0
2013-04-08,12.01,14.36,12.01,13.92,2600.0,0.0,1.0,12.01,14.36,12.01,13.92,2600.0
2013-04-05,12.5,14.73,12.5,14.63,2200.0,0.0,1.0,12.5,14.73,12.5,14.63,2200.0
2013-04-04,14.75,14.75,14.75,14.75,100.0,0.0,1.0,14.75,14.75,14.75,14.75,100.0
2013-04-03,12.5,12.5,11.74,11.93,1700.0,0.0,1.0,12.5,12.5,11.74,11.93,1700.0
2013-04-02,12.48,12.5,12.46,12.46,900.0,0.0,1.0,12.48,12.5,12.46,12.46,900.0
2013-04-01,11.84,15.95,11.84,11.84,1000.0,0.0,1.0,11.84,15.95,11.84,11.84,1000.0
2013-03-28,10.43,11.8,10.25,11.6,2600.0,0.0,1.0,10.43,11.8,10.25,11.6,2600.0
2013-03-27,10.56,10.56,10.56,10.56,100.0,0.0,1.0,10.56,10.56,10.56,10.56,100.0
2013-03-26,11.25,11.25,11.25,11.25,800.0,0.0,1.0,11.25,11.25,11.25,11.25,800.0
2013-03-25,11.21,11.24,11.01,11.24,1700.0,0.0,1.0,11.21,11.24,11.01,11.24,1700.0
2013-03-22,10.54,11.14,10.51,10.91,4600.0,0.0,1.0,10.54,11.14,10.51,10.91,4600.0
2013-03-21,10.7,11.2,10.7,11.2,9100.0,0.0,1.0,10.7,11.2,10.7,11.2,9100.0
2013-03-20,10.35,10.9,9.97,10.51,2800.0,0.0,1.0,10.35,10.9,9.97,10.51,2800.0
2013-03-19,10.26,10.5,10.0,10.5,3200.0,0.0,1.0,10.26,10.5,10.0,10.5,3200.0
2013-03-18,9.75,9.75,9.75,9.75,1700.0,0.0,1.0,9.75,9.75,9.75,9.75,1700.0
2013-03-15,10.01,10.02,9.71,9.75,2700.0,0.0,1.0,10.01,10.02,9.71,9.75,2700.0
2013-03-14,10.25,10.79,10.25,10.25,8300.0,0.0,1.0,10.25,10.79,10.25,10.25,8300.0
2013-03-13,10.99,10.99,10.99,10.99,0.0,0.0,1.0,10.99,10.99,10.99,10.99,0.0
2013-03-12,10.99,10.99,10.99,10.99,0.0,0.0,1.0,10.99,10.99,10.99,10.99,0.0
2013-03-11,10.99,10.99,10.99,10.99,0.0,0.0,1.0,10.99,10.99,10.99,10.99,0.0
2013-03-08,10.99,10.99,10.99,10.99,300.0,0.0,1.0,10.99,10.99,10.99,10.99,300.0
2013-03-07,10.8,10.8,10.0,10.0,1900.0,0.0,1.0,10.8,10.8,10.0,10.0,1900.0
2013-03-06,11.0,11.0,11.0,11.0,0.0,0.0,1.0,11.0,11.0,11.0,11.0,0.0
2013-03-05,11.0,11.0,11.0,11.0,300.0,0.0,1.0,11.0,11.0,11.0,11.0,300.0
2013-03-04,11.0,11.0,11.0,11.0,200.0,0.0,1.0,11.0,11.0,11.0,11.0,200.0
2013-03-01,11.0,11.0,10.99,11.0,900.0,0.0,1.0,11.0,11.0,10.99,11.0,900.0
2013-02-28,10.95,10.95,10.95,10.95,0.0,0.0,1.0,10.95,10.95,10.95,10.95,0.0
2013-02-27,11.19,11.19,10.95,10.95,1200.0,0.0,1.0,11.19,11.19,10.95,10.95,1200.0
2013-02-26,11.0,11.0,11.0,11.0,400.0,0.0,1.0,11.0,11.0,11.0,11.0,400.0
2013-02-25,10.33,10.33,10.33,10.33,0.0,0.0,1.0,10.33,10.33,10.33,10.33,0.0
2013-02-22,10.24,10.34,10.24,10.33,800.0,0.0,1.0,10.24,10.34,10.24,10.33,800.0
2013-02-21,9.95,9.95,9.95,9.95,0.0,0.0,1.0,9.95,9.95,9.95,9.95,0.0
2013-02-20,9.95,9.95,9.95,9.95,0.0,0.0,1.0,9.95,9.95,9.95,9.95,0.0
2013-02-19,9.95,9.95,9.95,9.95,0.0,0.0,1.0,9.95,9.95,9.95,9.95,0.0
2013-02-15,9.95,9.95,9.95,9.95,500.0,0.0,1.0,9.95,9.95,9.95,9.95,500.0
2013-02-14,9.9,10.2,9.9,10.2,1200.0,0.0,1.0,9.9,10.2,9.9,10.2,1200.0
2013-02-13,9.86,9.86,9.86,9.86,200.0,0.0,1.0,9.86,9.86,9.86,9.86,200.0
2013-02-12,9.86,9.86,9.86,9.86,200.0,0.0,1.0,9.86,9.86,9.86,9.86,200.0
2013-02-11,9.6,9.6,9.6,9.6,0.0,0.0,1.0,9.6,9.6,9.6,9.6,0.0
2013-02-08,9.6,9.6,9.6,9.6,100.0,0.0,1.0,9.6,9.6,9.6,9.6,100.0
2013-02-07,9.14,9.14,9.14,9.14,0.0,0.0,1.0,9.14,9.14,9.14,9.14,0.0
2013-02-06,9.14,9.14,9.14,9.14,1300.0,0.0,1.0,9.14,9.14,9.14,9.14,1300.0
2013-02-05,8.3,9.0,8.3,9.0,1000.0,0.0,1.0,8.3,9.0,8.3,9.0,1000.0
2013-02-04,9.13,9.13,9.13,9.13,400.0,0.0,1.0,9.13,9.13,9.13,9.13,400.0
2013-02-01,8.67,8.67,8.67,8.67,600.0,0.0,1.0,8.67,8.67,8.67,8.67,600.0
2013-01-31,8.67,8.67,8.67,8.67,0.0,0.0,1.0,8.67,8.67,8.67,8.67,0.0
2013-01-30,8.17,8.69,8.12,8.67,2000.0,0.0,1.0,8.17,8.69,8.12,8.67,2000.0
2013-01-29,9.1,9.14,9.07,9.14,1200.0,0.0,1.0,9.1,9.14,9.07,9.14,1200.0
2013-01-28,8.53,8.53,8.53,8.53,0.0,0.0,1.0,8.53,8.53,8.53,8.53,0.0
2013-01-25,8.5,8.53,8.5,8.53,1000.0,0.0,1.0,8.5,8.53,8.5,8.53,1000.0
2013-01-24,8.12,8.12,8.12,8.12,400.0,0.0,1.0,8.12,8.12,8.12,8.12,400.0
2013-01-23,8.92,9.14,8.9,9.05,3000.0,0.0,1.0,8.92,9.14,8.9,9.05,3000.0
2013-01-22,8.89,9.0,8.6,8.6,1300.0,0.0,1.0,8.89,9.0,8.6,8.6,1300.0
2013-01-18,8.11,8.11,8.1,8.1,1000.0,0.0,1.0,8.11,8.11,8.1,8.1,1000.0
2013-01-17,8.85,8.85,8.85,8.85,0.0,0.0,1.0,8.85,8.85,8.85,8.85,0.0
2013-01-16,8.85,8.85,8.85,8.85,0.0,0.0,1.0,8.85,8.85,8.85,8.85,0.0
2013-01-15,8.85,8.85,8.85,8.85,0.0,0.0,1.0,8.85,8.85,8.85,8.85,0.0
2013-01-14,8.85,8.85,8.85,8.85,0.0,0.0,1.0,8.85,8.85,8.85,8.85,0.0
2013-01-11,8.85,8.85,8.85,8.85,200.0,0.0,1.0,8.85,8.85,8.85,8.85,200.0
2013-01-10,8.55,8.55,8.55,8.55,0.0,0.0,1.0,8.55,8.55,8.55,8.55,0.0
2013-01-09,8.55,8.55,8.55,8.55,300.0,0.0,1.0,8.55,8.55,8.55,8.55,300.0
2013-01-08,8.49,8.49,8.49,8.49,100.0,0.0,1.0,8.49,8.49,8.49,8.49,100.0
2013-01-07,8.22,9.0,8.22,9.0,1700.0,0.0,1.0,8.22,9.0,8.22,9.0,1700.0
2013-01-04,8.33,8.33,8.33,8.33,0.0,0.0,1.0,8.33,8.33,8.33,8.33,0.0
2013-01-03,8.33,8.33,8.33,8.33,0.0,0.0,1.0,8.33,8.33,8.33,8.33,0.0
2013-01-02,8.33,8.33,8.33,8.33,0.0,0.0,1.0,8.33,8.33,8.33,8.33,0.0
2012-12-31,8.25,8.35,7.85,8.33,2600.0,0.0,1.0,8.25,8.35,7.85,8.33,2600.0
2012-12-28,8.0,9.09,8.0,8.1,9000.0,0.0,1.0,8.0,9.09,8.0,8.1,9000.0
2012-12-27,8.08,8.08,7.85,7.85,3000.0,0.0,1.0,8.08,8.08,7.85,7.85,3000.0
2012-12-26,8.4,8.4,8.05,8.05,900.0,0.0,1.0,8.4,8.4,8.05,8.05,900.0
2012-12-24,8.08,8.08,8.08,8.08,0.0,0.0,1.0,8.08,8.08,8.08,8.08,0.0
2012-12-21,8.08,8.08,8.08,8.08,200.0,0.0,1.0,8.08,8.08,8.08,8.08,200.0
2012-12-20,8.58,8.58,8.58,8.58,0.0,0.0,1.0,8.58,8.58,8.58,8.58,0.0
2012-12-19,8.58,8.58,8.58,8.58,0.0,0.0,1.0,8.58,8.58,8.58,8.58,0.0
2012-12-18,8.59,8.6,8.58,8.58,800.0,0.0,1.0,8.59,8.6,8.58,8.58,800.0
2012-12-17,8.07,8.07,8.07,8.07,0.0,0.0,1.0,8.07,8.07,8.07,8.07,0.0
2012-12-14,8.07,8.07,8.07,8.07,0.0,0.0,1.0,8.07,8.07,8.07,8.07,0.0
2012-12-13,8.16,8.16,8.07,8.07,1000.0,0.0,1.0,8.16,8.16,8.07,8.07,1000.0
2012-12-12,8.16,8.16,8.16,8.16,200.0,0.0,1.0,8.16,8.16,8.16,8.16,200.0
2012-12-11,8.56,8.6,8.55,8.6,3000.0,0.0,1.0,8.56,8.6,8.55,8.6,3000.0
2012-12-10,8.19,8.19,8.19,8.19,200.0,0.0,1.0,8.19,8.19,8.19,8.19,200.0
2012-12-07,8.71,8.71,8.71,8.71,300.0,0.0,1.0,8.71,8.71,8.71,8.71,300.0
2012-12-06,8.71,8.71,8.71,8.71,300.0,0.0,1.0,8.71,8.71,8.71,8.71,300.0
2012-12-05,8.24,8.25,8.16,8.16,800.0,0.0,1.0,8.24,8.25,8.16,8.16,800.0
2012-12-04,8.15,8.15,8.15,8.15,700.0,0.0,1.0,8.15,8.15,8.15,8.15,700.0
2012-12-03,8.97,8.97,8.97,8.97,0.0,0.0,1.0,8.97,8.97,8.97,8.97,0.0
2012-11-30,8.97,8.97,8.97,8.97,0.0,0.0,1.0,8.97,8.97,8.97,8.97,0.0
2012-11-29,9.18,9.18,8.97,8.97,200.0,0.0,1.0,9.18,9.18,8.97,8.97,200.0
2012-11-28,8.15,8.15,8.15,8.15,100.0,0.0,1.0,8.15,8.15,8.15,8.15,100.0
2012-11-27,8.71,8.71,8.12,8.21,800.0,0.0,1.0,8.71,8.71,8.12,8.21,800.0
2012-11-26,8.25,8.25,8.25,8.25,0.0,0.0,1.0,8.25,8.25,8.25,8.25,0.0
2012-11-23,8.22,8.25,8.22,8.25,1100.0,0.0,1.0,8.22,8.25,8.22,8.25,1100.0
2012-11-21,8.03,8.03,8.03,8.03,200.0,0.0,1.0,8.03,8.03,8.03,8.03,200.0
2012-11-20,8.07,8.07,8.03,8.03,1000.0,0.0,1.0,8.07,8.07,8.03,8.03,1000.0
2012-11-19,8.5,8.5,8.5,8.5,300.0,0.0,1.0,8.5,8.5,8.5,8.5,300.0
2012-11-16,8.49,8.49,8.49,8.49,100.0,0.0,1.0,8.49,8.49,8.49,8.49,100.0
2012-11-15,8.0,8.0,8.0,8.0,200.0,0.0,1.0,8.0,8.0,8.0,8.0,200.0
2012-11-14,8.74,8.74,8.74,8.74,1300.0,0.0,1.0,8.74,8.74,8.74,8.74,1300.0
2012-11-13,8.15,8.15,8.0,8.05,800.0,0.0,1.0,8.15,8.15,8.0,8.05,800.0
2012-11-12,8.05,8.05,8.0,8.0,1300.0,0.0,1.0,8.05,8.05,8.0,8.0,1300.0
2012-11-09,8.37,8.37,8.37,8.37,700.0,0.0,1.0,8.37,8.37,8.37,8.37,700.0
2012-11-08,8.05,8.3,8.05,8.3,1000.0,0.0,1.0,8.05,8.3,8.05,8.3,1000.0
2012-11-07,8.27,8.3,8.0,8.3,2100.0,0.0,1.0,8.27,8.3,8.0,8.3,2100.0
2012-11-06,8.27,8.27,8.27,8.27,0.0,0.0,1.0,8.27,8.27,8.27,8.27,0.0
2012-11-05,8.27,8.27,8.27,8.27,0.0,0.0,1.0,8.27,8.27,8.27,8.27,0.0
2012-11-02,8.0,8.27,8.0,8.27,1400.0,0.0,1.0,8.0,8.27,8.0,8.27,1400.0
2012-11-01,7.9,7.9,7.9,7.9,100.0,0.0,1.0,7.9,7.9,7.9,7.9,100.0
2012-10-31,8.3,8.3,8.1,8.3,12200.0,0.0,1.0,8.3,8.3,8.1,8.3,12200.0
2012-10-26,8.0,8.02,8.0,8.02,1100.0,0.0,1.0,8.0,8.02,8.0,8.02,1100.0
2012-10-25,7.81,7.81,7.81,7.81,100.0,0.0,1.0,7.81,7.81,7.81,7.81,100.0
2012-10-24,8.01,8.01,7.8,7.8,2400.0,0.0,1.0,8.01,8.01,7.8,7.8,2400.0
2012-10-23,8.0,8.0,8.0,8.0,1300.0,0.0,1.0,8.0,8.0,8.0,8.0,1300.0
2012-10-22,8.0,8.0,8.0,8.0,300.0,0.0,1.0,8.0,8.0,8.0,8.0,300.0
2012-10-19,8.15,8.15,8.15,8.15,1000.0,0.0,1.0,8.15,8.15,8.15,8.15,1000.0
2012-10-18,8.15,8.15,8.15,8.15,0.0,0.0,1.0,8.15,8.15,8.15,8.15,0.0
2012-10-17,8.15,8.15,8.15,8.15,0.0,0.0,1.0,8.15,8.15,8.15,8.15,0.0
2012-10-16,8.15,8.15,8.15,8.15,0.0,0.0,1.0,8.15,8.15,8.15,8.15,0.0
2012-10-15,7.88,8.37,7.84,8.15,2400.0,0.0,1.0,7.88,8.37,7.84,8.15,2400.0
2012-10-12,8.04,8.04,7.99,8.0,3400.0,0.0,1.0,8.04,8.04,7.99,8.0,3400.0
2012-10-11,8.4,8.4,8.4,8.4,0.0,0.0,1.0,8.4,8.4,8.4,8.4,0.0
2012-10-10,8.4,8.4,8.4,8.4,1000.0,0.0,1.0,8.4,8.4,8.4,8.4,1000.0
2012-10-09,8.12,8.12,8.12,8.12,0.0,0.0,1.0,8.12,8.12,8.12,8.12,0.0
2012-10-08,8.12,8.12,8.12,8.12,0.0,0.0,1.0,8.12,8.12,8.12,8.12,0.0
2012-10-05,8.12,8.12,8.12,8.12,0.0,0.0,1.0,8.12,8.12,8.12,8.12,0.0
2012-10-04,8.12,8.12,8.12,8.12,100.0,0.0,1.0,8.12,8.12,8.12,8.12,100.0
2012-10-03,8.25,8.36,8.0,8.36,900.0,0.0,1.0,8.25,8.36,8.0,8.36,900.0
2012-10-02,8.53,8.53,8.53,8.53,300.0,0.0,1.0,8.53,8.53,8.53,8.53,300.0
2012-10-01,8.5,8.5,8.5,8.5,0.0,0.0,1.0,8.5,8.5,8.5,8.5,0.0
2012-09-28,8.5,8.5,8.5,8.5,0.0,0.0,1.0,8.5,8.5,8.5,8.5,0.0
2012-09-27,8.45,8.5,8.45,8.5,300.0,0.0,1.0,8.45,8.5,8.45,8.5,300.0
2012-09-26,8.25,8.5,8.25,8.5,300.0,0.0,1.0,8.25,8.5,8.25,8.5,300.0
2012-09-25,7.75,8.0,7.75,8.0,1400.0,0.0,1.0,7.75,8.0,7.75,8.0,1400.0
2012-09-24,8.02,8.16,8.0,8.16,2200.0,0.0,1.0,8.02,8.16,8.0,8.16,2200.0
2012-09-21,8.01,8.01,8.0,8.0,1100.0,0.0,1.0,8.01,8.01,8.0,8.0,1100.0
2012-09-20,8.0,8.57,8.0,8.32,2000.0,0.0,1.0,8.0,8.57,8.0,8.32,2000.0
2012-09-19,7.96,7.96,7.96,7.96,0.0,0.0,1.0,7.96,7.96,7.96,7.96,0.0
2012-09-18,7.87,7.99,7.87,7.96,1900.0,0.0,1.0,7.87,7.99,7.87,7.96,1900.0
2012-09-17,7.51,7.54,7.51,7.51,1200.0,0.0,1.0,7.51,7.54,7.51,7.51,1200.0
2012-09-14,7.79,7.79,7.79,7.79,600.0,0.0,1.0,7.79,7.79,7.79,7.79,600.0
2012-09-13,7.56,7.56,7.55,7.55,2600.0,0.0,1.0,7.56,7.56,7.55,7.55,2600.0
2012-09-12,7.5,7.5,7.5,7.5,0.0,0.0,1.0,7.5,7.5,7.5,7.5,0.0
2012-09-11,7.5,7.5,7.5,7.5,0.0,0.0,1.0,7.5,7.5,7.5,7.5,0.0
2012-09-10,7.5,7.5,7.5,7.5,0.0,0.0,1.0,7.5,7.5,7.5,7.5,0.0
2012-09-07,7.5,7.5,7.5,7.5,300.0,0.0,1.0,7.5,7.5,7.5,7.5,300.0
2012-09-06,7.9,7.9,7.9,7.9,300.0,0.0,1.0,7.9,7.9,7.9,7.9,300.0
2012-09-05,7.8,7.8,7.8,7.8,100.0,0.0,1.0,7.8,7.8,7.8,7.8,100.0
2012-09-04,7.8,7.8,7.8,7.8,0.0,0.0,1.0,7.8,7.8,7.8,7.8,0.0
2012-08-31,7.8,7.8,7.8,7.8,0.0,0.0,1.0,7.8,7.8,7.8,7.8,0.0
2012-08-30,7.77,7.8,7.77,7.8,700.0,0.0,1.0,7.77,7.8,7.77,7.8,700.0
2012-08-29,7.8,7.8,7.8,7.8,700.0,0.0,1.0,7.8,7.8,7.8,7.8,700.0
2012-08-28,7.98,7.98,7.98,7.98,100.0,0.0,1.0,7.98,7.98,7.98,7.98,100.0
2012-08-27,7.59,7.75,7.59,7.75,1900.0,0.0,1.0,7.59,7.75,7.59,7.75,1900.0
2012-08-24,7.59,7.75,7.59,7.6,2400.0,0.0,1.0,7.59,7.75,7.59,7.6,2400.0
2012-08-23,7.4,7.8,7.39,7.5,3300.0,0.0,1.0,7.4,7.8,7.39,7.5,3300.0
2012-08-22,7.35,7.35,7.35,7.35,400.0,0.0,1.0,7.35,7.35,7.35,7.35,400.0
2012-08-21,7.06,7.06,7.06,7.06,0.0,0.0,1.0,7.06,7.06,7.06,7.06,0.0
2012-08-20,7.06,7.06,7.06,7.06,500.0,0.0,1.0,7.06,7.06,7.06,7.06,500.0
2012-08-17,7.05,7.05,7.05,7.05,0.0,0.0,1.0,7.05,7.05,7.05,7.05,0.0
2012-08-16,7.05,7.05,7.05,7.05,0.0,0.0,1.0,7.05,7.05,7.05,7.05,0.0
2012-08-15,7.18,7.18,7.05,7.05,1500.0,0.0,1.0,7.18,7.18,7.05,7.05,1500.0
2012-08-14,7.15,7.15,7.15,7.15,0.0,0.0,1.0,7.15,7.15,7.15,7.15,0.0
2012-08-13,7.2,7.2,7.15,7.15,300.0,0.0,1.0,7.2,7.2,7.15,7.15,300.0
2012-08-10,7.6,7.6,7.48,7.48,2600.0,0.0,1.0,7.6,7.6,7.48,7.48,2600.0
2012-08-09,7.2,7.2,7.2,7.2,0.0,0.0,1.0,7.2,7.2,7.2,7.2,0.0
2012-08-08,7.2,7.2,7.2,7.2,200.0,0.0,1.0,7.2,7.2,7.2,7.2,200.0
2012-08-07,7.1,7.1,7.1,7.1,0.0,0.0,1.0,7.1,7.1,7.1,7.1,0.0
2012-08-06,7.1,7.1,7.1,7.1,0.0,0.0,1.0,7.1,7.1,7.1,7.1,0.0
2012-08-03,7.1,7.1,7.1,7.1,900.0,0.0,1.0,7.1,7.1,7.1,7.1,900.0
2012-08-02,6.9,6.9,6.9,6.9,0.0,0.0,1.0,6.9,6.9,6.9,6.9,0.0
2012-08-01,6.9,6.9,6.9,6.9,0.0,0.0,1.0,6.9,6.9,6.9,6.9,0.0
2012-07-31,6.99,6.99,6.85,6.9,900.0,0.0,1.0,6.99,6.99,6.85,6.9,900.0
2012-07-30,6.95,7.03,6.95,7.03,500.0,0.0,1.0,6.95,7.03,6.95,7.03,500.0
2012-07-27,6.9,6.9,6.9,6.9,0.0,0.0,1.0,6.9,6.9,6.9,6.9,0.0
2012-07-26,6.9,6.9,6.9,6.9,0.0,0.0,1.0,6.9,6.9,6.9,6.9,0.0
2012-07-25,6.9,6.9,6.9,6.9,1900.0,0.0,1.0,6.9,6.9,6.9,6.9,1900.0
2012-07-24,6.9,6.9,6.9,6.9,300.0,0.0,1.0,6.9,6.9,6.9,6.9,300.0
2012-07-23,6.9,6.9,6.9,6.9,0.0,0.0,1.0,6.9,6.9,6.9,6.9,0.0
2012-07-20,6.9,6.9,6.9,6.9,100.0,0.0,1.0,6.9,6.9,6.9,6.9,100.0
2012-07-19,6.5,6.5,6.5,6.5,0.0,0.0,1.0,6.5,6.5,6.5,6.5,0.0
2012-07-18,6.5,6.5,6.5,6.5,0.0,0.0,1.0,6.5,6.5,6.5,6.5,0.0
2012-07-17,6.5,6.5,6.5,6.5,0.0,0.0,1.0,6.5,6.5,6.5,6.5,0.0
2012-07-16,7.25,7.25,6.5,6.5,1000.0,0.0,1.0,7.25,7.25,6.5,6.5,1000.0
2012-07-13,7.65,7.65,7.65,7.65,0.0,0.0,1.0,7.65,7.65,7.65,7.65,0.0
2012-07-12,7.65,7.65,7.65,7.65,0.0,0.0,1.0,7.65,7.65,7.65,7.65,0.0
2012-07-11,7.65,7.65,7.65,7.65,0.0,0.0,1.0,7.65,7.65,7.65,7.65,0.0
2012-07-10,7.65,7.65,7.65,7.65,0.0,0.0,1.0,7.65,7.65,7.65,7.65,0.0
2012-07-09,7.65,7.65,7.65,7.65,100.0,0.0,1.0,7.65,7.65,7.65,7.65,100.0
2012-07-06,7.21,7.21,7.21,7.21,0.0,0.0,1.0,7.21,7.21,7.21,7.21,0.0
2012-07-05,7.21,7.21,7.21,7.21,0.0,0.0,1.0,7.21,7.21,7.21,7.21,0.0
2012-07-03,7.21,7.21,7.21,7.21,200.0,0.0,1.0,7.21,7.21,7.21,7.21,200.0
2012-07-02,7.5,7.5,7.5,7.5,20200.0,0.0,1.0,7.5,7.5,7.5,7.5,20200.0
2012-06-29,7.5,7.5,7.5,7.5,300.0,0.0,1.0,7.5,7.5,7.5,7.5,300.0
2012-06-28,7.5,7.5,7.5,7.5,14100.0,0.0,1.0,7.5,7.5,7.5,7.5,14100.0
2012-06-27,7.5,7.5,7.5,7.5,8500.0,0.0,1.0,7.5,7.5,7.5,7.5,8500.0
2012-06-26,7.28,7.28,7.2,7.2,1600.0,0.0,1.0,7.28,7.28,7.2,7.2,1600.0
2012-06-25,7.3,7.5,7.3,7.31,1000.0,0.0,1.0,7.3,7.5,7.3,7.31,1000.0
2012-06-22,7.5,7.5,7.3,7.31,4300.0,0.0,1.0,7.5,7.5,7.3,7.31,4300.0
2012-06-21,7.03,7.5,7.03,7.34,2200.0,0.0,1.0,7.03,7.5,7.03,7.34,2200.0
2012-06-20,7.74,8.5,7.0,7.0,3100.0,0.0,1.0,7.74,8.5,7.0,7.0,3100.0
2012-06-19,7.0,7.0,7.0,7.0,800.0,0.0,1.0,7.0,7.0,7.0,7.0,800.0
2012-06-18,7.5,7.51,7.5,7.5,4500.0,0.0,1.0,7.5,7.51,7.5,7.5,4500.0
2012-06-15,6.72,7.5,6.55,7.5,1600.0,0.0,1.0,6.72,7.5,6.55,7.5,1600.0
2012-06-14,6.6,6.6,6.6,6.6,0.0,0.0,1.0,6.6,6.6,6.6,6.6,0.0
2012-06-13,6.6,6.6,6.6,6.6,0.0,0.0,1.0,6.6,6.6,6.6,6.6,0.0
2012-06-12,6.6,6.6,6.6,6.6,22000.0,0.0,1.0,6.6,6.6,6.6,6.6,22000.0
2012-06-11,6.65,6.65,6.65,6.65,1300.0,0.0,1.0,6.65,6.65,6.65,6.65,1300.0
2012-06-08,6.65,6.65,6.65,6.65,0.0,0.0,1.0,6.65,6.65,6.65,6.65,0.0
2012-06-07,6.62,6.74,6.62,6.65,5100.0,0.0,1.0,6.62,6.74,6.62,6.65,5100.0
2012-06-06,6.61,6.65,6.61,6.65,8100.0,0.0,1.0,6.61,6.65,6.61,6.65,8100.0
2012-06-05,6.5,6.5,6.5,6.5,0.0,0.0,1.0,6.5,6.5,6.5,6.5,0.0
2012-06-04,6.5,6.5,6.5,6.5,0.0,0.0,1.0,6.5,6.5,6.5,6.5,0.0
2012-06-01,6.5,6.5,6.5,6.5,0.0,0.0,1.0,6.5,6.5,6.5,6.5,0.0
2012-05-31,6.5,6.5,6.5,6.5,0.0,0.0,1.0,6.5,6.5,6.5,6.5,0.0
2012-05-30,6.5,6.5,6.5,6.5,0.0,0.0,1.0,6.5,6.5,6.5,6.5,0.0
2012-05-29,6.5,6.5,6.5,6.5,0.0,0.0,1.0,6.5,6.5,6.5,6.5,0.0
2012-05-25,6.5,6.5,6.5,6.5,0.0,0.0,1.0,6.5,6.5,6.5,6.5,0.0
2012-05-24,6.5,6.5,6.5,6.5,0.0,0.0,1.0,6.5,6.5,6.5,6.5,0.0
2012-05-23,6.5,6.5,6.5,6.5,0.0,0.0,1.0,6.5,6.5,6.5,6.5,0.0
2012-05-22,6.5,6.5,6.5,6.5,300.0,0.0,1.0,6.5,6.5,6.5,6.5,300.0
2012-05-21,6.5,6.5,6.5,6.5,1100.0,0.0,1.0,6.5,6.5,6.5,6.5,1100.0
2012-05-18,6.63,6.63,6.63,6.63,0.0,0.0,1.0,6.63,6.63,6.63,6.63,0.0
2012-05-17,6.63,6.63,6.63,6.63,5000.0,0.0,1.0,6.63,6.63,6.63,6.63,5000.0
2012-05-16,6.63,6.63,6.63,6.63,4000.0,0.0,1.0,6.63,6.63,6.63,6.63,4000.0
2012-05-15,6.63,6.63,6.63,6.63,0.0,0.0,1.0,6.63,6.63,6.63,6.63,0.0
2012-05-14,6.5,6.63,6.5,6.63,2100.0,0.0,1.0,6.5,6.63,6.5,6.63,2100.0
2012-05-11,6.5,6.5,6.5,6.5,1000.0,0.0,1.0,6.5,6.5,6.5,6.5,1000.0
2012-05-10,6.5,6.5,6.5,6.5,1700.0,0.0,1.0,6.5,6.5,6.5,6.5,1700.0
2012-05-09,6.5,6.5,6.5,6.5,2000.0,0.0,1.0,6.5,6.5,6.5,6.5,2000.0
2012-05-08,6.5,6.5,6.5,6.5,1000.0,0.0,1.0,6.5,6.5,6.5,6.5,1000.0
2012-05-07,6.25,6.5,6.02,6.45,3200.0,0.0,1.0,6.25,6.5,6.02,6.45,3200.0
2012-05-04,6.25,6.25,6.16,6.16,600.0,0.0,1.0,6.25,6.25,6.16,6.16,600.0
2012-05-03,6.0,6.0,6.0,6.0,500.0,0.0,1.0,6.0,6.0,6.0,6.0,500.0
2012-05-02,5.75,5.9,5.75,5.9,10000.0,0.0,1.0,5.75,5.9,5.75,5.9,10000.0
2012-05-01,5.97,5.97,5.95,5.95,2000.0,0.0,1.0,5.97,5.97,5.95,5.95,2000.0
2012-04-30,5.3,5.49,5.3,5.48,600.0,0.0,1.0,5.3,5.49,5.3,5.48,600.0
2012-04-27,5.23,5.31,5.23,5.31,400.0,0.0,1.0,5.23,5.31,5.23,5.31,400.0
2012-04-26,5.24,5.63,5.21,5.63,2400.0,0.0,1.0,5.24,5.63,5.21,5.63,2400.0
2012-04-25,5.7,5.7,5.67,5.7,1600.0,0.0,1.0,5.7,5.7,5.67,5.7,1600.0
2012-04-24,5.55,5.55,5.55,5.55,0.0,0.0,1.0,5.55,5.55,5.55,5.55,0.0
2012-04-23,6.0,6.0,5.55,5.55,1100.0,0.0,1.0,6.0,6.0,5.55,5.55,1100.0
2012-04-20,5.59,5.59,5.59,5.59,100.0,0.0,1.0,5.59,5.59,5.59,5.59,100.0
2012-04-19,5.56,5.56,5.56,5.56,0.0,0.0,1.0,5.56,5.56,5.56,5.56,0.0
2012-04-18,5.05,5.75,5.05,5.56,4100.0,0.0,1.0,5.05,5.75,5.05,5.56,4100.0
2012-04-17,5.02,5.49,5.02,5.49,2800.0,0.0,1.0,5.02,5.49,5.02,5.49,2800.0
2012-04-16,5.01,5.5,4.94,5.5,16400.0,0.0,1.0,5.01,5.5,4.94,5.5,16400.0
2012-04-13,5.25,5.25,5.25,5.25,0.0,0.0,1.0,5.25,5.25,5.25,5.25,0.0
2012-04-12,5.25,5.27,5.25,5.25,1300.0,0.0,1.0,5.25,5.27,5.25,5.25,1300.0
2012-04-11,5.62,5.62,5.62,5.62,0.0,0.0,1.0,5.62,5.62,5.62,5.62,0.0
2012-04-10,5.62,5.62,5.62,5.62,0.0,0.0,1.0,5.62,5.62,5.62,5.62,0.0
2012-04-09,5.62,5.62,5.62,5.62,0.0,0.0,1.0,5.62,5.62,5.62,5.62,0.0
2012-04-05,5.62,5.62,5.62,5.62,0.0,0.0,1.0,5.62,5.62,5.62,5.62,0.0
2012-04-04,5.62,5.62,5.62,5.62,0.0,0.0,1.0,5.62,5.62,5.62,5.62,0.0
2012-04-03,5.62,5.62,5.62,5.62,100.0,0.0,1.0,5.62,5.62,5.62,5.62,100.0
2012-04-02,5.74,5.74,5.4,5.4,1300.0,0.0,1.0,5.74,5.74,5.4,5.4,1300.0
2012-03-30,5.5,5.5,5.5,5.5,500.0,0.0,1.0,5.5,5.5,5.5,5.5,500.0
2012-03-29,5.4,5.4,5.4,5.4,0.0,0.0,1.0,5.4,5.4,5.4,5.4,0.0
2012-03-28,5.55,5.55,5.4,5.4,1300.0,0.0,1.0,5.55,5.55,5.4,5.4,1300.0
2012-03-27,5.73,5.75,5.6,5.6,2800.0,0.0,1.0,5.73,5.75,5.6,5.6,2800.0
2012-03-26,5.6,5.6,5.6,5.6,0.0,0.0,1.0,5.6,5.6,5.6,5.6,0.0
2012-03-23,5.6,5.6,5.6,5.6,100.0,0.0,1.0,5.6,5.6,5.6,5.6,100.0
2012-03-22,5.6,5.6,5.6,5.6,0.0,0.0,1.0,5.6,5.6,5.6,5.6,0.0
2012-03-21,5.6,5.6,5.6,5.6,0.0,0.0,1.0,5.6,5.6,5.6,5.6,0.0
2012-03-20,5.55,5.6,5.55,5.6,900.0,0.0,1.0,5.55,5.6,5.55,5.6,900.0
2012-03-19,5.55,5.55,5.55,5.55,200.0,0.0,1.0,5.55,5.55,5.55,5.55,200.0
2012-03-16,5.77,5.77,5.77,5.77,0.0,0.0,1.0,5.77,5.77,5.77,5.77,0.0
2012-03-15,5.77,5.77,5.77,5.77,0.0,0.0,1.0,5.77,5.77,5.77,5.77,0.0
2012-03-14,5.77,5.77,5.77,5.77,0.0,0.0,1.0,5.77,5.77,5.77,5.77,0.0
2012-03-13,5.77,5.77,5.77,5.77,0.0,0.0,1.0,5.77,5.77,5.77,5.77,0.0
2012-03-12,5.51,5.77,5.51,5.77,600.0,0.0,1.0,5.51,5.77,5.51,5.77,600.0
2012-03-09,5.54,5.54,5.54,5.54,200.0,0.0,1.0,5.54,5.54,5.54,5.54,200.0
2012-03-08,5.51,5.51,5.51,5.51,0.0,0.0,1.0,5.51,5.51,5.51,5.51,0.0
2012-03-07,5.51,5.51,5.51,5.51,100.0,0.0,1.0,5.51,5.51,5.51,5.51,100.0
2012-03-06,5.5,5.5,5.5,5.5,200.0,0.0,1.0,5.5,5.5,5.5,5.5,200.0
2012-03-05,5.57,5.57,5.57,5.57,0.0,0.0,1.0,5.57,5.57,5.57,5.57,0.0
2012-03-02,5.57,5.57,5.57,5.57,0.0,0.0,1.0,5.57,5.57,5.57,5.57,0.0
2012-03-01,5.85,5.85,5.5,5.57,2600.0,0.0,1.0,5.85,5.85,5.5,5.57,2600.0
2012-02-29,5.79,5.8,5.74,5.74,300.0,0.0,1.0,5.79,5.8,5.74,5.74,300.0
2012-02-28,5.85,5.85,5.85,5.85,0.0,0.0,1.0,5.85,5.85,5.85,5.85,0.0
2012-02-27,5.85,5.85,5.85,5.85,0.0,0.0,1.0,5.85,5.85,5.85,5.85,0.0
2012-02-24,5.85,5.85,5.83,5.85,500.0,0.0,1.0,5.85,5.85,5.83,5.85,500.0
2012-02-23,5.75,5.75,5.75,5.75,100.0,0.0,1.0,5.75,5.75,5.75,5.75,100.0
2012-02-22,5.75,5.75,5.75,5.75,100.0,0.0,1.0,5.75,5.75,5.75,5.75,100.0
2012-02-21,5.85,5.85,5.85,5.85,0.0,0.0,1.0,5.85,5.85,5.85,5.85,0.0
2012-02-17,5.85,5.85,5.85,5.85,0.0,0.0,1.0,5.85,5.85,5.85,5.85,0.0
2012-02-16,5.58,5.85,5.55,5.85,1300.0,0.0,1.0,5.58,5.85,5.55,5.85,1300.0
2012-02-15,5.6,5.6,5.6,5.6,0.0,0.0,1.0,5.6,5.6,5.6,5.6,0.0
2012-02-14,5.82,5.85,5.6,5.6,2400.0,0.0,1.0,5.82,5.85,5.6,5.6,2400.0
2012-02-13,5.74,5.75,5.74,5.75,4300.0,0.0,1.0,5.74,5.75,5.74,5.75,4300.0
2012-02-10,5.58,5.58,5.58,5.58,1200.0,0.0,1.0,5.58,5.58,5.58,5.58,1200.0
2012-02-09,5.57,5.58,5.55,5.58,1000.0,0.0,1.0,5.57,5.58,5.55,5.58,1000.0
2012-02-08,5.74,5.74,5.55,5.55,1200.0,0.0,1.0,5.74,5.74,5.55,5.55,1200.0
2012-02-07,5.7,5.7,5.7,5.7,100.0,0.0,1.0,5.7,5.7,5.7,5.7,100.0
2012-02-06,5.5,5.65,5.5,5.6,2300.0,0.0,1.0,5.5,5.65,5.5,5.6,2300.0
2012-02-03,5.5,5.5,5.5,5.5,0.0,0.0,1.0,5.5,5.5,5.5,5.5,0.0
2012-02-02,5.53,5.55,5.5,5.5,1700.0,0.0,1.0,5.53,5.55,5.5,5.5,1700.0
2012-02-01,5.8,5.8,5.51,5.51,3600.0,0.0,1.0,5.8,5.8,5.51,5.51,3600.0
2012-01-31,5.27,5.6,5.2,5.6,4500.0,0.0,1.0,5.27,5.6,5.2,5.6,4500.0
2012-01-30,5.0,5.34,5.0,5.34,300.0,0.0,1.0,5.0,5.34,5.0,5.34,300.0
2012-01-27,5.01,5.01,5.01,5.01,0.0,0.0,1.0,5.01,5.01,5.01,5.01,0.0
2012-01-26,5.01,5.01,5.01,5.01,200.0,0.0,1.0,5.01,5.01,5.01,5.01,200.0
2012-01-25,5.27,5.27,5.19,5.19,300.0,0.0,1.0,5.27,5.27,5.19,5.19,300.0
2012-01-24,5.01,5.01,5.01,5.01,400.0,0.0,1.0,5.01,5.01,5.01,5.01,400.0
2012-01-23,5.05,5.05,5.05,5.05,0.0,0.0,1.0,5.05,5.05,5.05,5.05,0.0
2012-01-20,5.05,5.05,5.05,5.05,500.0,0.0,1.0,5.05,5.05,5.05,5.05,500.0
2012-01-19,5.05,5.05,5.05,5.05,0.0,0.0,1.0,5.05,5.05,5.05,5.05,0.0
2012-01-18,5.1,5.1,5.05,5.05,700.0,0.0,1.0,5.1,5.1,5.05,5.05,700.0
2012-01-17,5.0,5.0,5.0,5.0,0.0,0.0,1.0,5.0,5.0,5.0,5.0,0.0
2012-01-13,5.0,5.0,5.0,5.0,0.0,0.0,1.0,5.0,5.0,5.0,5.0,0.0
2012-01-12,5.0,5.0,5.0,5.0,200.0,0.0,1.0,5.0,5.0,5.0,5.0,200.0
2012-01-11,5.15,5.24,5.05,5.14,900.0,0.0,1.0,5.15,5.24,5.05,5.14,900.0
2012-01-10,5.15,5.15,5.15,5.15,100.0,0.0,1.0,5.15,5.15,5.15,5.15,100.0
2012-01-09,4.9,5.2,4.8,5.08,2400.0,0.0,1.0,4.9,5.2,4.8,5.08,2400.0
2012-01-06,5.05,5.3,5.05,5.3,200.0,0.0,1.0,5.05,5.3,5.05,5.3,200.0
2012-01-05,5.05,5.11,5.0,5.0,1400.0,0.0,1.0,5.05,5.11,5.0,5.0,1400.0
2012-01-04,5.1,5.1,5.1,5.1,100.0,0.0,1.0,5.1,5.1,5.1,5.1,100.0
2012-01-03,5.12,5.2,5.05,5.05,1600.0,0.0,1.0,5.12,5.2,5.05,5.05,1600.0
2011-12-30,5.07,5.11,5.07,5.11,600.0,0.0,1.0,5.07,5.11,5.07,5.11,600.0
2011-12-29,5.03,5.05,4.8,5.05,10600.0,0.0,1.0,5.03,5.05,4.8,5.05,10600.0
2011-12-28,5.3,5.3,5.05,5.05,700.0,0.0,1.0,5.3,5.3,5.05,5.05,700.0
2011-12-27,5.1,5.1,5.1,5.1,700.0,0.0,1.0,5.1,5.1,5.1,5.1,700.0
2011-12-23,5.1,5.15,5.0,5.08,97600.0,0.0,1.0,5.1,5.15,5.0,5.08,97600.0
2011-12-22,4.98,5.08,4.98,5.08,1000.0,0.0,1.0,4.98,5.08,4.98,5.08,1000.0
2011-12-21,4.95,5.1,4.64,4.7,16300.0,0.0,1.0,4.95,5.1,4.64,4.7,16300.0
2011-12-20,5.44,5.44,5.0,5.0,17000.0,0.0,1.0,5.44,5.44,5.0,5.0,17000.0
2011-12-19,5.15,5.49,5.0,5.05,3400.0,0.0,1.0,5.15,5.49,5.0,5.05,3400.0
2011-12-16,5.6,5.6,4.6,5.25,3700.0,0.0,1.0,5.6,5.6,4.6,5.25,3700.0
2011-12-15,5.82,6.0,5.82,5.85,1400.0,0.0,1.0,5.82,6.0,5.82,5.85,1400.0
2011-12-14,5.7,5.85,5.5,5.5,800.0,0.0,1.0,5.7,5.85,5.5,5.5,800.0
2011-12-13,5.93,6.04,5.93,6.0,2700.0,0.0,1.0,5.93,6.04,5.93,6.0,2700.0
2011-12-12,6.01,6.01,6.01,6.01,300.0,0.0,1.0,6.01,6.01,6.01,6.01,300.0
2011-12-09,6.5,6.5,6.5,6.5,500.0,0.0,1.0,6.5,6.5,6.5,6.5,500.0
2011-12-08,6.25,6.25,6.25,6.25,0.0,0.0,1.0,6.25,6.25,6.25,6.25,0.0
2011-12-07,6.25,6.25,6.25,6.25,0.0,0.0,1.0,6.25,6.25,6.25,6.25,0.0
2011-12-06,6.25,6.25,6.25,6.25,0.0,0.0,1.0,6.25,6.25,6.25,6.25,0.0
2011-12-05,6.23,6.25,6.23,6.25,600.0,0.0,1.0,6.23,6.25,6.23,6.25,600.0
2011-12-02,6.11,6.48,6.11,6.48,500.0,0.0,1.0,6.11,6.48,6.11,6.48,500.0
2011-12-01,6.4,6.4,6.01,6.01,400.0,0.0,1.0,6.4,6.4,6.01,6.01,400.0
2011-11-30,6.71,6.75,6.71,6.74,1400.0,0.0,1.0,6.71,6.75,6.71,6.74,1400.0
2011-11-29,6.65,6.65,6.5,6.64,500.0,0.0,1.0,6.65,6.65,6.5,6.64,500.0
2011-11-28,6.5,6.5,6.5,6.5,0.0,0.0,1.0,6.5,6.5,6.5,6.5,0.0
2011-11-25,6.5,6.5,6.5,6.5,0.0,0.0,1.0,6.5,6.5,6.5,6.5,0.0
2011-11-23,6.5,6.5,6.5,6.5,0.0,0.0,1.0,6.5,6.5,6.5,6.5,0.0
2011-11-22,6.6,6.6,6.5,6.5,900.0,0.0,1.0,6.6,6.6,6.5,6.5,900.0
2011-11-21,6.75,6.75,6.75,6.75,0.0,0.0,1.0,6.75,6.75,6.75,6.75,0.0
2011-11-18,6.75,6.75,6.75,6.75,400.0,0.0,1.0,6.75,6.75,6.75,6.75,400.0
2011-11-17,6.9,6.9,6.9,6.9,0.0,0.0,1.0,6.9,6.9,6.9,6.9,0.0
2011-11-16,6.9,6.9,6.9,6.9,200.0,0.0,1.0,6.9,6.9,6.9,6.9,200.0
2011-11-15,6.57,6.57,6.57,6.57,200.0,0.0,1.0,6.57,6.57,6.57,6.57,200.0
2011-11-14,8.01,8.01,8.01,8.01,0.0,0.0,1.0,8.01,8.01,8.01,8.01,0.0
2011-11-11,8.01,8.01,8.01,8.01,0.0,0.0,1.0,8.01,8.01,8.01,8.01,0.0
2011-11-10,8.01,8.01,8.01,8.01,0.0,0.0,1.0,8.01,8.01,8.01,8.01,0.0
2011-11-09,8.01,8.01,8.01,8.01,0.0,0.0,1.0,8.01,8.01,8.01,8.01,0.0
2011-11-08,8.01,8.01,8.01,8.01,0.0,0.0,1.0,8.01,8.01,8.01,8.01,0.0
2011-11-07,6.51,8.01,6.51,8.01,500.0,0.0,1.0,6.51,8.01,6.51,8.01,500.0
2011-11-04,7.43,7.99,7.43,7.99,1500.0,0.0,1.0,7.43,7.99,7.43,7.99,1500.0
2011-11-03,6.19,7.48,6.19,7.4,800.0,0.0,1.0,6.19,7.48,6.19,7.4,800.0
2011-11-02,8.0,8.0,8.0,8.0,100.0,0.0,1.0,8.0,8.0,8.0,8.0,100.0
2011-11-01,8.22,8.22,8.22,8.22,0.0,0.0,1.0,8.22,8.22,8.22,8.22,0.0
2011-10-31,8.22,8.22,8.22,8.22,100.0,0.0,1.0,8.22,8.22,8.22,8.22,100.0
2011-10-28,7.89,8.39,7.63,8.0,2000.0,0.0,1.0,7.89,8.39,7.63,8.0,2000.0
2011-10-27,8.39,8.39,7.0,8.38,800.0,0.0,1.0,8.39,8.39,7.0,8.38,800.0
2011-10-26,8.4,8.4,8.4,8.4,200.0,0.0,1.0,8.4,8.4,8.4,8.4,200.0
2011-10-25,6.95,8.39,6.95,8.39,300.0,0.0,1.0,6.95,8.39,6.95,8.39,300.0
2011-10-24,8.4,8.4,8.4,8.4,200.0,0.0,1.0,8.4,8.4,8.4,8.4,200.0
2011-10-21,8.4,8.4,8.4,8.4,200.0,0.0,1.0,8.4,8.4,8.4,8.4,200.0
2011-10-20,8.0,8.53,8.0,8.5,600.0,0.0,1.0,8.0,8.53,8.0,8.5,600.0
2011-10-19,8.6,8.6,8.6,8.6,0.0,0.0,1.0,8.6,8.6,8.6,8.6,0.0
2011-10-18,8.6,8.6,8.6,8.6,0.0,0.0,1.0,8.6,8.6,8.6,8.6,0.0
2011-10-17,8.6,8.6,8.6,8.6,0.0,0.0,1.0,8.6,8.6,8.6,8.6,0.0
2011-10-14,8.0,8.6,7.99,8.6,3900.0,0.0,1.0,8.0,8.6,7.99,8.6,3900.0
2011-10-13,7.45,8.0,7.45,8.0,2600.0,0.0,1.0,7.45,8.0,7.45,8.0,2600.0
2011-10-12,7.5,7.5,7.17,7.5,500.0,0.0,1.0,7.5,7.5,7.17,7.5,500.0
2011-10-11,8.0,8.0,7.97,8.0,700.0,0.0,1.0,8.0,8.0,7.97,8.0,700.0
2011-10-10,8.25,8.25,8.25,8.25,0.0,0.0,1.0,8.25,8.25,8.25,8.25,0.0
2011-10-07,8.25,8.25,8.25,8.25,100.0,0.0,1.0,8.25,8.25,8.25,8.25,100.0
2011-10-06,8.35,8.35,8.35,8.35,0.0,0.0,1.0,8.35,8.35,8.35,8.35,0.0
2011-10-05,8.38,8.38,8.35,8.35,3200.0,0.0,1.0,8.38,8.38,8.35,8.35,3200.0
2011-10-04,9.5,9.5,9.5,9.5,0.0,0.0,1.0,9.5,9.5,9.5,9.5,0.0
2011-10-03,9.5,9.5,9.5,9.5,0.0,0.0,1.0,9.5,9.5,9.5,9.5,0.0
2011-09-30,9.5,9.5,9.5,9.5,0.0,0.0,1.0,9.5,9.5,9.5,9.5,0.0
2011-09-29,9.5,9.5,9.48,9.5,1600.0,0.0,1.0,9.5,9.5,9.48,9.5,1600.0
2011-09-28,9.57,9.57,9.57,9.57,0.0,0.0,1.0,9.57,9.57,9.57,9.57,0.0
2011-09-27,9.57,9.57,9.57,9.57,0.0,0.0,1.0,9.57,9.57,9.57,9.57,0.0
2011-09-26,9.57,9.57,9.57,9.57,100.0,0.0,1.0,9.57,9.57,9.57,9.57,100.0
2011-09-23,9.87,9.87,9.87,9.87,0.0,0.0,1.0,9.87,9.87,9.87,9.87,0.0
2011-09-22,9.87,9.87,9.87,9.87,200.0,0.0,1.0,9.87,9.87,9.87,9.87,200.0
2011-09-21,9.82,9.82,9.82,9.82,100.0,0.0,1.0,9.82,9.82,9.82,9.82,100.0
2011-09-20,9.35,9.35,9.35,9.35,100.0,0.0,1.0,9.35,9.35,9.35,9.35,100.0
2011-09-19,9.35,9.54,8.95,8.95,2900.0,0.0,1.0,9.35,9.54,8.95,8.95,2900.0
2011-09-16,10.25,10.29,9.32,9.32,6900.0,0.0,1.0,10.25,10.29,9.32,9.32,6900.0
2011-09-15,10.3,10.3,10.2,10.27,400.0,0.0,1.0,10.3,10.3,10.2,10.27,400.0
2011-09-14,10.3,10.3,10.24,10.24,300.0,0.0,1.0,10.3,10.3,10.24,10.24,300.0
2011-09-13,10.25,10.3,10.17,10.2,1400.0,0.0,1.0,10.25,10.3,10.17,10.2,1400.0
2011-09-12,9.94,10.4,9.94,10.3,15700.0,0.0,1.0,9.94,10.4,9.94,10.3,15700.0
2011-09-09,10.05,10.05,10.05,10.05,100.0,0.0,1.0,10.05,10.05,10.05,10.05,100.0
2011-09-08,10.39,10.39,10.39,10.39,0.0,0.0,1.0,10.39,10.39,10.39,10.39,0.0
2011-09-07,10.4,10.4,10.15,10.39,1500.0,0.0,1.0,10.4,10.4,10.15,10.39,1500.0
2011-09-06,10.45,10.45,10.4,10.4,1300.0,0.0,1.0,10.45,10.45,10.4,10.4,1300.0
2011-09-02,10.05,10.05,10.05,10.05,0.0,0.0,1.0,10.05,10.05,10.05,10.05,0.0
2011-09-01,10.05,10.05,10.05,10.05,0.0,0.0,1.0,10.05,10.05,10.05,10.05,0.0
2011-08-31,10.05,10.05,10.05,10.05,0.0,0.0,1.0,10.05,10.05,10.05,10.05,0.0
2011-08-30,10.05,10.05,10.05,10.05,0.0,0.0,1.0,10.05,10.05,10.05,10.05,0.0
2011-08-29,10.05,10.05,10.05,10.05,100.0,0.0,1.0,10.05,10.05,10.05,10.05,100.0
2011-08-26,10.1,10.1,10.1,10.1,1000.0,0.0,1.0,10.1,10.1,10.1,10.1,1000.0
2011-08-25,10.25,10.25,10.25,10.25,0.0,0.0,1.0,10.25,10.25,10.25,10.25,0.0
2011-08-24,10.25,10.25,10.25,10.25,600.0,0.0,1.0,10.25,10.25,10.25,10.25,600.0
2011-08-23,10.15,10.15,10.15,10.15,0.0,0.0,1.0,10.15,10.15,10.15,10.15,0.0
2011-08-22,10.65,10.65,10.15,10.15,1600.0,0.0,1.0,10.65,10.65,10.15,10.15,1600.0
2011-08-19,10.45,10.45,10.45,10.45,0.0,0.0,1.0,10.45,10.45,10.45,10.45,0.0
2011-08-18,10.45,10.45,10.45,10.45,0.0,0.0,1.0,10.45,10.45,10.45,10.45,0.0
2011-08-17,10.45,10.45,10.45,10.45,500.0,0.0,1.0,10.45,10.45,10.45,10.45,500.0
2011-08-16,10.45,10.45,10.45,10.45,0.0,0.0,1.0,10.45,10.45,10.45,10.45,0.0
2011-08-15,10.45,10.45,10.45,10.45,0.0,0.0,1.0,10.45,10.45,10.45,10.45,0.0
2011-08-12,10.45,10.45,10.45,10.45,0.0,0.0,1.0,10.45,10.45,10.45,10.45,0.0
2011-08-11,10.45,10.45,10.45,10.45,0.0,0.0,1.0,10.45,10.45,10.45,10.45,0.0
2011-08-10,10.45,10.45,10.45,10.45,100.0,0.0,1.0,10.45,10.45,10.45,10.45,100.0
2011-08-09,10.4,10.4,10.4,10.4,7500.0,0.0,1.0,10.4,10.4,10.4,10.4,7500.0
2011-08-08,10.3,10.3,10.2,10.2,1300.0,0.0,1.0,10.3,10.3,10.2,10.2,1300.0
