2014-10-27,75.65,76.11,74.53,75.48,4294878.0,0.0,1.0,75.65,76.11,74.53,75.48,4294878.0
2014-10-24,76.13,76.57,74.85,76.49,2918480.0,0.0,1.0,76.13,76.57,74.85,76.49,2918480.0
2014-10-23,76.42,77.07,75.96,76.12,3181912.0,0.0,1.0,76.42,77.07,75.96,76.12,3181912.0
2014-10-22,76.75,77.55,75.35,75.39,5158029.0,0.0,1.0,76.75,77.55,75.35,75.39,5158029.0
2014-10-21,74.35,77.08,72.93,76.81,6745193.0,0.0,1.0,74.35,77.08,72.93,76.81,6745193.0
2014-10-20,71.89,72.9,71.66,72.35,3440865.0,0.0,1.0,71.89,72.9,71.66,72.35,3440865.0
2014-10-17,70.69,73.15,70.19,72.21,8039029.0,0.0,1.0,70.69,73.15,70.19,72.21,8039029.0
2014-10-16,67.46,70.52,66.12,69.71,8049718.0,0.0,1.0,67.46,70.52,66.12,69.71,8049718.0
2014-10-15,69.57,70.86,66.24,67.89,10547494.0,0.0,1.0,69.57,70.86,66.24,67.89,10547494.0
2014-10-14,73.43,74.16,70.11,70.59,9208751.0,0.0,1.0,73.43,74.16,70.11,70.59,9208751.0
2014-10-13,75.98,77.14,72.85,73.05,5003534.0,0.0,1.0,75.98,77.14,72.85,73.05,5003534.0
2014-10-10,76.84,77.73,74.81,76.32,4666532.0,0.0,1.0,76.84,77.73,74.81,76.32,4666532.0
2014-10-09,78.94,79.37,76.56,76.61,3365657.0,0.0,1.0,78.94,79.37,76.56,76.61,3365657.0
2014-10-08,77.83,79.21,76.52,79.16,4264351.0,0.0,1.0,77.83,79.21,76.52,79.16,4264351.0
2014-10-07,77.9,78.8,77.15,77.35,3639425.0,0.0,1.0,77.9,78.8,77.15,77.35,3639425.0
2014-10-06,77.93,78.12,76.7,77.35,2334920.0,0.0,1.0,77.93,78.12,76.7,77.35,2334920.0
2014-10-03,77.97,78.28,77.04,77.64,4834021.0,0.0,1.0,77.97,78.28,77.04,77.64,4834021.0
2014-10-01,81.23,82.0,79.56,79.63,4159173.0,0.0,1.0,81.23,82.0,79.56,79.63,4159173.0
2014-09-30,81.79,81.88,80.68,81.31,4505276.0,0.0,1.0,81.79,81.88,80.68,81.31,4505276.0
2014-09-29,81.28,82.3,81.08,81.77,2068108.0,0.0,1.0,81.28,82.3,81.08,81.77,2068108.0
2014-09-26,81.74,82.52,81.6,82.23,3269583.0,0.0,1.0,81.74,82.52,81.6,82.23,3269583.0
2014-09-25,82.7,82.83,81.74,81.74,2416184.0,0.0,1.0,82.7,82.83,81.74,81.74,2416184.0
2014-09-24,82.91,83.34,81.611,82.69,2489150.0,0.0,1.0,82.91,83.34,81.611,82.69,2489150.0
2014-09-23,83.86,84.845,83.14,83.26,2155989.0,0.0,1.0,83.86,84.845,83.14,83.26,2155989.0
2014-09-22,85.46,85.525,83.69,83.84,2500590.0,0.0,1.0,85.46,85.525,83.69,83.84,2500590.0
2014-09-19,86.04,86.38,85.58,85.75,3596666.0,0.0,1.0,86.04,86.38,85.58,85.75,3596666.0
2014-09-18,85.71,86.39,85.37,85.89,3222496.0,0.0,1.0,85.71,86.39,85.37,85.89,3222496.0
2014-09-17,86.0,86.38,85.2935,85.69,3411284.0,0.0,1.0,86.0,86.38,85.2935,85.69,3411284.0
2014-09-16,83.69,86.68,83.5,85.78,4207508.0,0.0,1.0,83.69,86.68,83.5,85.78,4207508.0
2014-09-15,82.99,84.02,82.69,83.9,2368495.0,0.0,1.0,82.99,84.02,82.69,83.9,2368495.0
2014-09-12,83.78,84.24,82.5535,83.02,2733463.0,0.0,1.0,83.78,84.24,82.5535,83.02,2733463.0
2014-09-11,84.75,85.11,83.57,84.01,3251990.0,0.0,1.0,84.75,85.11,83.57,84.01,3251990.0
2014-09-10,86.07,86.41,83.9,85.14,3998405.0,0.0,1.0,86.07,86.41,83.9,85.14,3998405.0
2014-09-09,87.04,87.54,85.95,86.47,2475055.0,0.0,1.0,87.04,87.54,85.95,86.47,2475055.0
2014-09-08,87.16,87.6,87.02,87.06,1975757.0,0.0,1.0,87.16,87.6,87.02,87.06,1975757.0
2014-09-05,86.68,87.66,86.06,87.51,2180827.0,0.0,1.0,86.68,87.66,86.06,87.51,2180827.0
2014-09-04,87.26,87.87,86.54,86.88,3308032.0,0.0,1.0,87.26,87.87,86.54,86.88,3308032.0
2014-09-03,87.15,87.98,86.8,87.24,2856884.0,0.0,1.0,87.15,87.98,86.8,87.24,2856884.0
2014-09-02,86.91,87.2,86.02,86.95,2370868.0,0.0,1.0,86.91,87.2,86.02,86.95,2370868.0
2014-08-29,86.59,87.15,86.445,87.02,2127154.0,0.0,1.0,86.59,87.15,86.445,87.02,2127154.0
2014-08-28,86.04,86.92,85.82,86.61,1180163.0,0.0,1.0,86.04,86.92,85.82,86.61,1180163.0
2014-08-27,86.78,87.0,86.03,86.44,1822208.0,0.0,1.0,86.78,87.0,86.03,86.44,1822208.0
2014-08-26,86.83,87.1,86.26,86.67,1822958.0,0.0,1.0,86.83,87.1,86.26,86.67,1822958.0
2014-08-25,86.19,87.1,86.12,86.9,1854713.0,0.0,1.0,86.19,87.1,86.12,86.9,1854713.0
2014-08-22,86.05,86.28,85.47,86.09,1625603.0,0.0,1.0,86.05,86.28,85.47,86.09,1625603.0
2014-08-21,86.57,86.724,86.01,86.24,1749237.0,0.0,1.0,86.57,86.724,86.01,86.24,1749237.0
2014-08-20,85.955,86.79,85.65,86.6,2096002.0,0.0,1.0,85.955,86.79,85.65,86.6,2096002.0
2014-08-19,85.61,86.4,85.34,86.09,2645228.0,0.0,1.0,85.61,86.4,85.34,86.09,2645228.0
2014-08-18,84.27,86.08,84.27,85.61,3246983.0,0.0,1.0,84.27,86.08,84.27,85.61,3246983.0
2014-08-15,83.85,84.37,83.5,83.79,4763546.0,0.0,1.0,83.85,84.37,83.5,83.79,4763546.0
2014-08-14,82.95,83.91,82.55,83.69,2839665.0,0.0,1.0,82.95,83.91,82.55,83.69,2839665.0
2014-08-13,82.56,82.88,81.972,82.78,2409209.0,0.5,1.0,82.56,82.88,81.972,82.78,2409209.0
2014-08-12,82.65,82.93,82.14,82.56,2088284.0,0.0,1.0,82.153782420749,82.432101344861,81.646844380403,82.064322766571,2088284.0
2014-08-11,83.44,83.85,82.3,82.39,2242097.0,0.0,1.0,82.939039385207,83.346577809798,81.80588376561,81.895343419789,2242097.0
2014-08-08,81.71,83.17,81.31,83.05,2191555.0,0.0,1.0,81.219426032661,82.670660422671,80.821827569645,82.551380883766,2191555.0
2014-08-07,82.46,83.03,81.17,81.52,2473998.0,0.0,1.0,81.964923150817,82.531500960615,80.682668107589,81.030566762728,2473998.0
2014-08-06,80.77,82.9,80.75,82.28,2607394.0,0.0,1.0,80.285069644573,82.402281460134,80.265189721422,81.786003842459,2607394.0
2014-08-05,81.44,81.65,80.58,81.01,2511785.0,0.0,1.0,80.951047070125,81.159786263208,80.09621037464,80.523628722382,2511785.0
2014-08-04,80.6,82.04,80.2382,81.88,2786376.0,0.0,1.0,80.116090297791,81.547444764649,79.756462487992,81.388405379443,2786376.0
2014-08-01,80.5,81.01,79.25,80.54,3916582.0,0.0,1.0,80.016690682037,80.523628722382,78.77419548511,80.056450528338,3916582.0
2014-07-31,80.97,82.51,80.56,81.11,3064887.0,0.0,1.0,80.483868876081,82.014622958694,80.076330451489,80.623028338136,3064887.0
2014-07-30,81.49,83.41,81.31,81.72,2604222.0,0.0,1.0,81.000746878002,82.90921950048,80.821827569645,81.229365994236,2604222.0
2014-07-29,82.93,83.25,82.47,82.47,3161566.0,0.0,1.0,82.432101344861,82.750180115274,81.974863112392,81.974863112392,3161566.0
2014-07-28,82.95,83.0,81.66,82.61,2355276.0,0.0,1.0,82.451981268012,82.501681075889,81.169726224784,82.114022574448,2355276.0
2014-07-25,82.24,82.87,81.83,82.65,2019080.0,0.0,1.0,81.746243996158,82.372461575408,81.338705571566,82.153782420749,2019080.0
2014-07-24,81.63,82.83,81.3,82.1,3021428.0,0.0,1.0,81.139906340058,82.332701729107,80.811887608069,81.607084534102,3021428.0
2014-07-23,80.7,81.73,80.45,81.27,2047603.0,0.0,1.0,80.215489913545,81.239305955812,79.966990874159,80.782067723343,2047603.0
2014-07-22,80.72,81.15,80.24,80.5,2725849.0,0.0,1.0,80.235369836695,80.662788184438,79.758251681076,80.016690682037,2725849.0
2014-07-21,80.4,80.8,80.0,80.16,2049933.0,0.0,1.0,79.917291066282,80.314889529299,79.519692603266,79.678731988473,2049933.0
2014-07-18,79.89,81.04,79.45,80.86,3032182.0,0.0,1.0,79.410353025937,80.553448607109,78.972994716619,80.374529298751,3032182.0
2014-07-17,80.43,80.98,79.4,79.54,2342527.0,0.0,1.0,79.947110951009,80.493808837656,78.923294908742,79.062454370797,2342527.0
2014-07-16,81.51,81.87,80.408,80.84,2867579.0,0.0,1.0,81.020626801153,81.378465417867,79.925243035543,80.3546493756,2867579.0
2014-07-15,79.74,81.5,79.42,81.12,8646040.0,0.0,1.0,79.261253602305,81.010686839577,78.943174831892,80.632968299712,8646040.0
2014-07-14,80.88,80.9,79.63,79.95,8350968.0,0.0,1.0,80.394409221902,80.414289145053,79.151914024976,79.469992795389,8350968.0
2014-07-11,79.55,80.55,79.505,80.29,2207438.0,0.0,1.0,79.072394332373,80.066390489914,79.027664505283,79.807951488953,2207438.0
2014-07-10,79.05,80.09,78.685,79.73,2712037.0,0.0,1.0,78.575396253602,79.609152257445,78.2125876561,79.25131364073,2712037.0
2014-07-09,79.66,80.19,78.533,79.81,3242039.0,0.0,1.0,79.181733909702,79.708551873199,78.061500240154,79.330833333333,3242039.0
2014-07-08,80.42,80.53,79.03,79.28,2913534.0,0.0,1.0,79.937170989433,80.046510566763,78.555516330451,78.804015369837,2913534.0
2014-07-07,81.33,81.44,79.94,80.5,2150665.0,0.0,1.0,80.841707492795,80.951047070125,79.460052833814,80.016690682037,2150665.0
2014-07-03,81.48,81.95,81.0,81.5,1712293.0,0.0,1.0,80.990806916427,81.457985110471,80.513688760807,81.010686839577,1712293.0
2014-07-02,80.52,81.51,80.6,81.0,2435660.0,0.0,1.0,80.036570605187,81.020626801153,80.116090297791,80.513688760807,2435660.0
2014-07-01,80.5,80.83,79.94,80.6,2863176.0,0.0,1.0,80.016690682037,80.344709414025,79.460052833814,80.116090297791,2863176.0
2014-06-30,81.03,81.19,80.05,80.43,3323235.0,0.0,1.0,80.543508645533,80.70254803074,79.569392411143,79.947110951009,3323235.0
2014-06-27,81.67,82.07,81.02,81.49,5378829.0,0.0,1.0,81.179666186359,81.577264649376,80.533568683958,81.000746878002,5378829.0
2014-06-26,81.92,82.46,81.09,82.1,5261845.0,0.0,1.0,81.428165225744,81.964923150817,80.603148414986,81.607084534102,5261845.0
2014-06-25,80.93,82.66,79.16,81.36,10141665.0,0.0,1.0,80.444109029779,82.163722382325,78.684735830932,80.871527377522,10141665.0
2014-06-24,86.16,87.05,84.67,84.94,2649297.0,0.0,1.0,85.642708933718,86.527365513929,84.161654658982,84.430033621518,2649297.0
2014-06-23,86.25,86.82,85.92,86.33,2316727.0,0.0,1.0,85.732168587896,86.298746397695,85.404149855908,85.8116882805,2316727.0
2014-06-20,85.56,86.28,85.25,85.94,7170227.0,0.0,1.0,85.046311239193,85.761988472622,84.738172430355,85.424029779059,7170227.0
2014-06-19,85.05,85.54,84.62,85.26,2948657.0,0.0,1.0,84.539373198847,85.026431316042,84.111954851105,84.748112391931,2948657.0
2014-06-18,84.01,84.55,82.93,84.5,2590273.0,0.0,1.0,83.505617195005,84.042375120077,82.432101344861,83.9926753122,2590273.0
2014-06-17,83.09,84.1,82.5,84.07,2936547.0,0.0,1.0,82.591140730067,83.595076849183,82.004682997118,83.565256964457,2936547.0
2014-06-16,83.53,83.65,82.94,83.44,1983702.0,0.0,1.0,83.028499039385,83.14777857829,82.442041306436,82.939039385207,1983702.0
2014-06-13,82.97,83.57,82.4,83.49,4298002.0,0.0,1.0,82.471861191162,83.068258885687,81.905283381364,82.988739193084,4298002.0
2014-06-12,83.37,83.71,82.43,82.8,2875876.0,0.0,1.0,82.869459654179,83.207418347743,81.93510326609,82.30288184438,2875876.0
2014-06-11,82.36,83.16,82.19,82.89,2353455.0,0.0,1.0,81.865523535062,82.660720461095,81.69654418828,82.392341498559,2353455.0
2014-06-10,83.6,83.9,82.44,82.83,2353023.0,0.0,1.0,83.098078770413,83.396277617675,81.945043227666,82.332701729107,2353023.0
2014-06-09,84.25,84.51,83.34,83.73,2281230.0,0.0,1.0,83.744176272815,84.002615273775,82.839639769452,83.227298270893,2281230.0
2014-06-06,84.13,84.6,83.55,84.36,2492783.0,0.0,1.0,83.62489673391,84.092074927954,83.048378962536,83.853515850144,2492783.0
2014-06-05,84.07,84.64,83.42,83.52,3730463.0,0.0,1.0,83.565256964457,84.131834774256,82.919159462056,83.01855907781,3730463.0
2014-06-04,84.2,84.66,83.55,83.7,2422779.0,0.0,1.0,83.694476464938,84.151714697406,83.048378962536,83.197478386167,2422779.0
2014-06-03,84.9,85.18,84.38,84.54,2309146.0,0.0,1.0,84.390273775216,84.668592699328,83.873395773295,84.032435158501,2309146.0
2014-06-02,84.875,85.45,84.41,85.24,2505866.0,0.0,1.0,84.365423871278,84.936971661864,83.903215658021,84.72823246878,2505866.0
2014-05-30,84.52,85.12,84.17,84.79,4104990.0,0.0,1.0,84.012555235351,84.608952929875,83.664656580211,84.280934197887,4104990.0
2014-05-29,83.24,84.41,82.82,84.32,2397418.0,0.0,1.0,82.740240153698,83.903215658021,82.322761767531,83.813756003842,2397418.0
2014-05-28,82.05,83.45,82.04,82.99,3460538.0,0.0,1.0,81.557384726225,82.948979346782,81.547444764649,82.491741114313,3460538.0
2014-05-27,82.28,82.41,81.46,82.18,2752572.0,0.0,1.0,81.786003842459,81.915223342939,80.970926993276,81.686604226705,2752572.0
2014-05-23,82.47,82.71,82.03,82.03,2540393.0,0.0,1.0,81.974863112392,82.213422190202,81.537504803074,81.537504803074,2540393.0
2014-05-22,81.82,82.86,81.59,82.38,2421943.0,0.0,1.0,81.32876560999,82.362521613833,81.100146493756,81.885403458213,2421943.0
2014-05-21,82.24,82.62,80.9,81.59,6317820.0,0.0,1.0,81.746243996158,82.123962536023,80.414289145053,81.100146493756,6317820.0
2014-05-20,82.4,83.24,81.86,81.97,2314843.0,0.0,1.0,81.905283381364,82.740240153698,81.368525456292,81.477865033622,2314843.0
2014-05-19,82.03,83.1,81.86,82.73,2896417.0,0.0,1.0,81.537504803074,82.601080691643,81.368525456292,82.233302113353,2896417.0
2014-05-16,81.75,82.37,81.23,81.86,2303770.0,0.0,1.0,81.259185878963,81.875463496638,80.742307877041,81.368525456292,2303770.0
2014-05-15,82.92,83.0099,81.29,82.01,11556124.0,0.5,1.0,82.422161383285,82.511521637848,80.801947646494,81.517624879923,11556124.0
2014-05-14,84.04,84.68,82.96,83.56,3141789.0,0.0,1.0,83.029223062765,83.66152557062,81.962212580759,82.554996181873,3141789.0
2014-05-13,83.78,84.74,83.47,84.26,2562869.0,0.0,1.0,82.772350168949,83.720803930732,82.466078641706,83.24657704984,2562869.0
2014-05-12,82.73,84.08,82.56,83.54,3168465.0,0.0,1.0,81.734978866998,83.068741969506,81.567023513349,82.535236728503,3168465.0
2014-05-09,83.02,83.187,80.82,81.91,3686117.0,0.0,1.0,82.02149094087,82.186482376514,79.847951070117,80.924841278809,3686117.0
2014-05-08,84.21,84.75,82.49,82.92,3045990.0,0.0,1.0,83.197178416414,83.730683657417,81.497865426553,81.922693674018,3045990.0
2014-05-07,84.64,85.25,83.47,85.03,2579083.0,0.0,1.0,83.622006663879,84.224669991679,82.466078641706,84.007316004604,2579083.0
2014-05-06,83.82,85.42,83.66,84.26,2633053.0,0.0,1.0,82.81186907569,84.392625345328,82.653793448726,83.24657704984,2633053.0
2014-05-05,83.14,83.99,82.65,83.93,2100984.0,0.0,1.0,82.140047661093,82.979824429339,81.655941053517,82.920546069227,2100984.0
2014-05-02,84.27,84.55,83.43,83.53,2093755.0,0.0,1.0,83.256456776526,83.533089123712,82.426559734965,82.525357001818,2093755.0
2014-04-30,83.91,84.5,83.11,83.22,2858815.0,0.0,1.0,82.900786615857,83.483690490286,82.110408481038,82.219085474575,2858815.0
2014-04-29,84.46,84.85,83.34,83.75,2731390.0,0.0,1.0,83.444171583545,83.82948092427,82.337642194798,82.742710988893,2731390.0
2014-04-28,82.89,84.4,81.87,84.05,3848396.0,0.0,1.0,81.893054493962,83.384893223434,80.885322372068,83.03910278945,3848396.0
2014-04-25,82.55,83.1,82.03,82.59,2544133.0,0.0,1.0,81.557143786664,82.100528754352,81.043397999032,81.596662693405,2544133.0
2014-04-24,82.48,83.05,81.761,82.57,2591923.0,0.0,1.0,81.487985699867,82.051130120926,80.777633351199,81.576903240035,2591923.0
2014-04-23,81.8,82.95,81.5,82.3,2072541.0,0.0,1.0,80.816164285271,81.952332854074,80.519772484714,81.310150619533,2072541.0
2014-04-22,81.33,82.47,80.73,81.98,2973170.0,0.0,1.0,80.351817131065,81.478105973182,79.75903352995,80.993999365605,2973170.0
2014-04-21,80.36,82.15,80.19,81.82,2938004.0,0.0,1.0,79.393483642596,81.161954719254,79.225528288947,80.835923738642,2938004.0
2014-04-17,80.66,81.35,80.0,80.28,4512097.0,0.0,1.0,79.689875443154,80.371576584435,79.037813481928,79.314445829114,4512097.0
2014-04-16,79.48,81.15,78.6304,81.11,3793165.0,0.0,1.0,78.524067694295,80.17398205073,77.684686115117,80.134463143989,3793165.0
2014-04-15,77.57,78.71,76.74,78.68,3646086.0,0.0,1.0,76.637039897414,77.763328739532,75.817022582539,77.733689559476,3646086.0
2014-04-14,77.13,78.03,76.64,78.01,2658556.0,0.0,1.0,76.202331923264,77.091507324935,75.718225315687,77.071747871565,2658556.0
2014-04-11,76.68,78.06,76.18,76.75,5547907.0,0.0,1.0,75.757744222428,77.121146504991,75.263757888166,75.826902309224,5547907.0
2014-04-10,78.41,79.38,76.67,76.69,3861921.0,0.0,1.0,77.466936938974,78.425270427443,75.747864495742,75.767623949113,3861921.0
2014-04-09,78.03,78.71,77.23,78.33,2515700.0,0.0,1.0,77.091507324935,77.763328739532,76.301129190116,77.387899125492,2515700.0
2014-04-08,78.06,78.67,77.01,77.56,3338900.0,0.0,1.0,77.121146504991,77.723809832791,76.083775203041,76.627160170729,3338900.0
2014-04-07,79.1,79.95,77.88,77.95,3210100.0,0.0,1.0,78.148638080256,78.988414848501,76.943311424657,77.012469511453,3210100.0
2014-04-04,81.01,81.43,79.15,79.57,3315400.0,0.0,1.0,80.035665877137,80.450614397917,78.198036713682,78.612985234462,3315400.0
2014-04-03,79.67,80.91,79.67,80.6,3319400.0,0.0,1.0,78.711782501315,79.936868610285,78.711782501315,79.630597083042,3319400.0
2014-04-02,79.17,79.5,77.89,79.24,3083000.0,0.0,1.0,78.217796167053,78.543827147666,76.953191151342,78.286954253849,3083000.0
2014-04-01,77.22,79.64,76.93,79.58,4031200.0,0.0,1.0,76.291249463431,78.682143321259,76.004737389559,78.622864961148,4031200.0
2014-03-31,77.3,77.56,76.87,77.06,3071500.0,0.0,1.0,76.370287276913,76.627160170729,75.945459029447,76.133173836467,3071500.0
2014-03-28,77.0,77.4,76.51,76.65,3014100.0,0.0,1.0,76.073895476355,76.469084543765,75.589788868779,75.728105042372,3014100.0
2014-03-27,77.29,77.67,76.73,76.86,3430600.0,0.0,1.0,76.360407550227,76.735837164267,75.807142855854,75.935579302762,3430600.0
2014-03-26,78.47,78.8,76.92,77.21,2657000.0,0.0,1.0,77.526215299086,77.852246279699,75.994857662873,76.281369736745,2657000.0
2014-03-25,77.24,78.74,77.24,78.2,3040600.0,0.0,1.0,76.311008916801,77.792967919587,76.311008916801,77.259462678584,3040600.0
2014-03-24,78.37,78.7,77.02,77.42,3287000.0,0.0,1.0,77.427418032233,77.753449012846,76.093654929726,76.488843997136,3287000.0
2014-03-21,80.12,80.12,77.82,77.95,4624400.0,0.0,1.0,79.156370202151,79.156370202151,76.884033064545,77.012469511453,4624400.0
2014-03-20,78.07,78.96,77.53,78.5,3108200.0,0.0,1.0,77.131026231676,78.010321906663,76.597520990673,77.555854479142,3108200.0
2014-03-19,80.24,80.25,77.92,78.43,2894800.0,0.0,1.0,79.274926922373,79.284806649059,76.982830331398,77.486696392345,2894800.0
2014-03-18,79.32,80.36,78.91,80.35,3002000.0,0.0,1.0,78.365992067331,79.393483642596,77.960923273236,79.383603915911,3002000.0
2014-03-17,78.86,79.72,78.74,79.35,2640700.0,0.0,1.0,77.91152463981,78.761181134741,77.792967919587,78.395631247387,2640700.0
2014-03-14,78.03,79.41,78.0,78.69,2751000.0,0.0,1.0,77.091507324935,78.454909607498,77.061868144879,77.743569286161,2751000.0
2014-03-13,80.07,80.39,77.72,78.14,3439100.0,0.0,1.0,79.106971568724,79.423122822652,76.785235797693,77.200184318473,3439100.0
2014-03-12,79.09,80.29,79.06,80.0,3437700.0,0.0,1.0,78.138758353571,79.3243255558,78.109119173515,79.037813481928,3437700.0
2014-03-11,78.63,79.38,78.01,79.08,3068100.0,0.0,1.0,77.68429092605,78.425270427443,77.071747871565,78.128878626886,3068100.0
2014-03-10,78.0,79.2,77.82,78.66,2371900.0,0.0,1.0,77.061868144879,78.247435347108,76.884033064545,77.713930106105,2371900.0
2014-03-07,78.5,78.78,77.35,78.08,2243500.0,0.0,1.0,77.555854479142,77.832486826328,76.419685910339,77.140905958361,2243500.0
2014-03-06,76.98,78.79,76.95,78.14,3699300.0,0.0,1.0,76.054136022985,77.842366553014,76.024496842929,77.200184318473,3699300.0
2014-03-05,75.8,76.93,75.45,76.81,2815300.0,0.0,1.0,74.888328274126,76.004737389559,74.542537840143,75.886180669336,2815300.0
2014-03-04,75.55,76.2,74.9,76.08,2380300.0,0.0,1.0,74.641335106995,75.283517341536,73.999152872455,75.164960621313,2380300.0
2014-03-03,74.65,75.77,74.37,74.86,2672200.0,0.0,1.0,73.752159705324,74.858689094071,73.475527358137,73.959633965714,2672200.0
2014-02-28,74.78,78.89,74.38,74.86,4209000.0,0.0,1.0,73.880596152232,77.941163819866,73.485407084822,73.959633965714,4209000.0
2014-02-27,76.48,76.8,74.33,74.74,5635900.0,0.0,1.0,75.560149688723,75.876300942651,73.436008451396,73.841077245491,5635900.0
2014-02-26,77.44,77.93,76.45,76.76,3384100.0,0.0,1.0,76.508603450506,76.992710058083,75.530510508667,75.83678203591,3384100.0
2014-02-25,76.23,78.31,75.9,77.53,4201700.0,0.0,1.0,75.313156521592,77.368139672122,74.987125540979,76.597520990673,4201700.0
2014-02-24,75.01,77.77,75.01,76.25,3631400.0,0.0,1.0,74.107829865992,76.834634431119,74.107829865992,75.332915974962,3631400.0
2014-02-21,75.08,75.69,74.81,74.95,3210500.0,0.0,1.0,74.176987952789,74.779651280589,73.910235332288,74.048551505881,3210500.0
2014-02-20,75.02,75.76,74.75,75.29,3164800.0,0.0,1.0,74.117709592678,74.848809367386,73.850956972176,74.384462213179,3164800.0
2014-02-19,75.22,76.95,75.02,75.27,3700300.0,0.0,1.0,74.315304126383,76.024496842929,74.117709592678,74.364702759809,3700300.0
2014-02-18,76.21,76.99,75.27,75.38,2813700.0,0.0,1.0,75.293397068221,76.06401574967,74.364702759809,74.473379753346,2813700.0
2014-02-14,74.47,75.98,74.26,75.93,2408700.0,0.0,1.0,73.574324624989,75.066163354461,73.366850364599,75.016764721035,2408700.0
2014-02-13,72.75,74.92,72.63,74.65,3234400.0,0.39,1.0,71.875011635128,74.018912325825,71.756454914905,73.752159705324,3234400.0
2014-02-12,74.17,74.6,73.36,73.64,3045200.0,0.0,1.0,72.89709068955,73.319711007691,72.100991950727,72.376186576493,3045200.0
2014-02-11,72.3,74.26,72.24,74.09,3711500.0,0.0,1.0,71.059183724612,72.985546104975,71.000213447662,72.818463653617,3711500.0
2014-02-10,74.35,74.69,72.03,72.27,3743600.0,0.0,1.0,73.0740015204,73.408166423116,70.793817478338,71.029698586137,3743600.0
2014-02-07,73.7,74.43,72.91,74.28,3310400.0,0.0,1.0,72.435156853443,73.152628556333,71.658714873603,73.005202863959,3310400.0
2014-02-06,71.3,73.62,70.89,73.3,5388900.0,0.0,1.0,70.076345775448,72.35652981751,69.67338221629,72.042021673777,5388900.0
2014-02-05,70.75,71.55,69.11,70.67,6071000.0,0.0,1.0,69.535784903407,70.322055262739,67.923930666777,69.457157867474,6071000.0
2014-02-04,71.51,71.75,68.78,71.14,4647500.0,0.0,1.0,70.282741744772,70.518622852572,67.599594143552,69.919091703581,4647500.0
2014-02-03,73.12,73.58,71.14,71.36,5620300.0,0.0,1.0,71.865110842927,72.317216299543,69.919091703581,70.135316052397,5620300.0
2014-01-31,73.1,74.58,72.75,73.09,5799800.0,0.0,1.0,71.845454083944,73.300054248708,71.501460801736,71.835625704452,5799800.0
2014-01-30,74.44,74.97,73.37,73.56,4595300.0,0.0,1.0,73.162456935825,73.683361048882,72.110820330219,72.29755954056,4595300.0
2014-01-29,74.03,76.9,70.81,74.18,5942000.0,0.0,1.0,72.759493376667,75.58023829077,69.594755180357,72.906919069042,5942000.0
2014-01-28,73.92,75.46,73.92,75.08,2792000.0,0.0,1.0,72.651381202259,74.164951643973,72.651381202259,73.79147322329,2792000.0
2014-01-27,74.57,75.7,73.78,74.9,3408300.0,0.0,1.0,73.290225869216,74.400832751773,72.513783889376,73.614562392441,3408300.0
2014-01-24,76.22,76.35,73.6,74.44,4712700.0,0.0,1.0,74.911908485338,75.03967741873,72.336873058527,73.162456935825,4712700.0
2014-01-23,77.52,78.1,76.04,77.2,4105600.0,0.0,1.0,76.189597819252,76.759643829768,74.734997654489,75.87508967552,4105600.0
2014-01-22,77.3,77.6,76.09,77.1,2748300.0,0.0,1.0,75.973373470436,76.268224855186,74.784139551947,75.776805880603,2748300.0
2014-01-21,76.03,77.4,76.03,76.9,2792000.0,0.0,1.0,74.725169274997,76.071657265353,74.725169274997,75.58023829077,2792000.0
2014-01-17,74.87,76.62,74.85,76.02,3901600.0,0.0,1.0,73.585077253966,75.305043665004,73.565420494982,74.715340895505,3901600.0
2014-01-16,75.31,75.73,74.67,75.39,3231900.0,0.0,1.0,74.017525951598,74.430317890247,73.388509664133,74.096152987531,3231900.0
2014-01-15,76.5,76.53,74.75,75.54,3697800.0,0.0,1.0,75.187103111104,75.216588249579,73.467136700066,74.243578679906,3697800.0
2014-01-14,76.15,76.71,75.8,76.49,3359100.0,0.0,1.0,74.843109828897,75.393499080429,74.499116546689,75.177274731613,3359100.0
2014-01-13,78.2,78.2,75.49,75.81,3046300.0,0.0,1.0,76.857927624684,76.857927624684,74.194436782448,74.508944926181,3046300.0
2014-01-10,78.39,79.0,77.24,78.0,3019900.0,0.0,1.0,77.044666835026,77.644197984016,75.914403193486,76.661360034851,3019900.0
2014-01-09,77.01,78.25,76.88,78.13,4187400.0,0.0,1.0,75.688350465178,76.907069522143,75.560581531787,76.789128968243,4187400.0
2014-01-08,77.25,77.41,76.15,76.87,4492200.0,0.0,1.0,75.924231572978,76.081485644844,74.843109828897,75.550753152295,4492200.0
2014-01-07,77.07,77.83,76.67,77.02,4005700.0,0.0,1.0,75.747320742128,76.494277583493,75.354185562462,75.69817884467,4005700.0
2014-01-06,76.51,77.49,76.4,77.01,2815600.0,0.0,1.0,75.196931490596,76.160112680777,75.088819316188,75.688350465178,2815600.0
2014-01-03,76.36,76.99,76.15,76.29,1958200.0,0.0,1.0,75.049505798221,75.668693706195,74.843109828897,74.98070714178,1958200.0
2014-01-02,77.17,77.32,76.36,76.45,2846700.0,0.0,1.0,75.845604537045,75.993030229419,75.049505798221,75.137961213646,2846700.0
2013-12-31,75.27,77.29,75.18,77.13,2993900.0,0.0,1.0,73.978212433632,75.963545090944,73.889757018207,75.806291019078,2993900.0
2013-12-30,75.01,75.6,74.69,74.72,2252200.0,0.0,1.0,73.722674566849,74.302548956856,73.408166423116,73.437651561591,2252200.0
2013-12-27,75.14,75.18,74.19,74.75,1688800.0,0.0,1.0,73.85044350024,73.889757018207,72.916747448534,73.467136700066,1688800.0
2013-12-26,75.0,75.29,74.68,75.12,1187000.0,0.0,1.0,73.712846187357,73.997869192615,73.398338043624,73.830786741257,1187000.0
2013-12-24,74.74,74.97,74.29,74.74,1065000.0,0.0,1.0,73.457308320574,73.683361048882,73.01503124345,73.457308320574,1065000.0
2013-12-23,74.5,75.39,74.28,74.41,2556800.0,0.0,1.0,73.221427212775,74.096152987531,73.005202863959,73.13297179735,2556800.0
2013-12-20,73.2,74.53,73.05,74.03,4906800.0,0.0,1.0,71.943737878861,73.25091235125,71.796312186486,72.759493376667,4906800.0
2013-12-19,73.55,74.39,72.7,72.92,3505000.0,0.0,1.0,72.287731161068,73.113315038367,71.452318904278,71.668543253094,3505000.0
2013-12-18,72.56,74.12,72.21,73.98,3960900.0,0.0,1.0,71.314721591395,72.847948792092,70.970728309187,72.710351479209,3960900.0
2013-12-17,72.61,73.27,72.25,72.6,2438200.0,0.0,1.0,71.363863488853,72.012536535302,71.010041827154,71.354035109362,2438200.0
2013-12-16,71.68,73.26,71.53,72.61,2741600.0,0.0,1.0,70.44982419613,72.00270815581,70.302398503755,71.363863488853,2741600.0
2013-12-13,71.25,72.02,70.57,71.6,2711400.0,0.0,1.0,70.027203877989,70.783989098846,69.358874072557,70.371197160197,2711400.0
2013-12-12,70.8,71.69,70.44,71.22,2773000.0,0.0,1.0,69.584926800865,70.459652575622,69.231105139166,69.997718739514,2773000.0
2013-12-11,71.64,71.69,70.29,70.85,3890300.0,0.0,1.0,70.410510678164,70.459652575622,69.083679446791,69.634068698323,3890300.0
2013-12-10,71.25,72.44,69.54,71.61,4233700.0,0.0,1.0,70.027203877989,71.196781037495,68.346550984918,70.381025539689,4233700.0
2013-12-09,72.3,73.17,71.7,71.83,4297300.0,0.0,1.0,71.059183724612,71.914252740386,70.469480955113,70.597249888505,4297300.0
2013-12-06,70.33,72.5,70.0,71.24,5174200.0,0.0,1.0,69.122992964758,71.255751314445,68.798656441533,70.017375498498,5174200.0
2013-12-05,69.82,70.5,69.17,69.73,3978800.0,0.0,1.0,68.621745610684,69.290075416116,67.982900943727,68.533290195259,3978800.0
2013-12-04,69.7,70.48,68.33,69.59,5377100.0,0.0,1.0,68.503805056784,69.270418657132,67.157317066428,68.395692882376,5377100.0
2013-12-03,71.06,71.27,69.54,70.6,4299300.0,0.0,1.0,69.840464667648,70.046860636973,68.346550984918,69.388359211032,4299300.0
2013-12-02,70.0,71.75,69.67,71.36,3900900.0,0.0,1.0,68.798656441533,70.518622852572,68.474319918309,70.135316052397,3900900.0
2013-11-29,70.03,70.72,69.41,69.61,1688100.0,0.0,1.0,68.828141580008,69.506299764932,68.218782051526,68.415349641359,1688100.0
2013-11-27,68.6,71.0,68.4,70.12,4526400.0,0.0,1.0,67.422683312703,69.781494390698,67.22611572287,68.916596995433,4526400.0
2013-11-26,68.79,69.23,68.13,68.75,3094400.0,0.0,1.0,67.609422523044,68.041871220676,66.960749476595,67.570109005077,3094400.0
2013-11-25,68.48,69.35,68.13,68.64,2808300.0,0.0,1.0,67.304742758803,68.159811774576,66.960749476595,67.461996830669,2808300.0
2013-11-22,67.85,68.8,67.54,68.48,3108000.0,0.0,1.0,66.685554850829,67.619250902536,66.380875086588,67.304742758803,3108000.0
2013-11-21,67.06,67.64,65.84,67.5,2933400.0,0.0,1.0,65.909112870989,66.479158881505,64.710050573008,66.341561568621,2933400.0
2013-11-20,68.22,68.39,66.8,67.03,2923500.0,0.0,1.0,67.04920489202,67.216287343378,65.653575004206,65.879627732514,2923500.0
2013-11-19,67.14,68.54,66.92,67.77,3246100.0,0.0,1.0,65.987739906922,67.363713035753,65.771515558106,66.606927814896,3246100.0
2013-11-18,67.62,68.05,67.05,67.21,2723300.0,0.0,1.0,66.459502122521,66.882122440662,65.899284491497,66.056538563364,2723300.0
2013-11-15,67.3,67.62,66.52,67.1,4106300.0,0.0,1.0,66.144993978789,66.459502122521,65.37838037844,65.948426388956,4106300.0
2013-11-14,66.24,68.36,66.23,67.56,4088500.0,0.0,1.0,65.103185752674,67.186802204903,65.093357373182,66.400531845571,4088500.0
2013-11-13,65.28,66.06,64.53,66.05,3427000.0,0.0,1.0,64.159661321476,64.926274921824,63.422532859602,64.916446542333,3427000.0
2013-11-12,64.93,66.23,64.83,65.41,3229900.0,0.39,1.0,63.815668039268,65.093357373182,63.717384244352,64.287430254867,3229900.0
2013-11-11,65.15,65.58,64.79,65.49,2437700.0,0.0,1.0,63.652372053261,64.072487478939,63.300647510833,63.984556343332,2437700.0
2013-11-08,63.92,65.39,63.66,65.36,3252600.0,0.0,1.0,62.450646533299,63.886855081546,62.196623252657,63.857544703011,3252600.0
2013-11-07,64.28,64.86,63.62,63.84,3084200.0,0.0,1.0,62.802371075727,63.369038394083,62.157542747943,62.372485523871,3084200.0
2013-11-06,64.75,65.56,64.15,64.36,2979500.0,0.0,1.0,63.261567006119,64.052947226582,62.675359435406,62.880532085156,2979500.0
2013-11-05,64.25,64.81,63.62,64.27,3184100.0,0.0,1.0,62.773060697192,63.320187763191,62.157542747943,62.792600949549,3184100.0
2013-11-04,64.28,64.54,63.39,64.44,2728600.0,0.0,1.0,62.802371075727,63.05639435637,61.932829845836,62.958693094584,2728600.0
2013-11-01,64.47,64.83,63.29,64.13,2746900.0,0.0,1.0,62.98800347312,63.339728015548,61.835128584051,62.655819183049,2746900.0
2013-10-31,64.98,65.53,64.41,64.43,3786300.0,0.0,1.0,63.486279908226,64.023636848046,62.929382716048,62.948922968406,3786300.0
2013-10-30,64.1,65.64,63.05,65.23,4687500.0,0.0,1.0,62.626508804513,64.13110823601,61.600645555766,63.73053306269,4687500.0
2013-10-29,63.39,64.32,63.23,64.14,3213300.0,0.0,1.0,61.932829845836,62.841451580442,61.776507826979,62.665589309228,3213300.0
2013-10-28,63.77,64.42,63.14,63.28,3067700.0,0.0,1.0,62.304094640621,62.939152842227,61.688576691372,61.825358457872,3067700.0
2013-10-25,63.32,63.72,62.75,63.4,2206800.0,0.0,1.0,61.864438962586,62.255244009728,61.307541770409,61.942599972015,2206800.0
2013-10-24,64.54,64.6,62.7,63.23,4248900.0,0.0,1.0,63.05639435637,63.115015113441,61.258691139516,61.776507826979,4248900.0
2013-10-23,64.37,65.4,64.33,64.66,4215000.0,0.0,1.0,62.890302211334,63.896625207725,62.85122170662,63.173635870512,4215000.0
2013-10-22,64.34,65.24,64.16,64.88,4264700.0,0.0,1.0,62.860991832799,63.740303188868,62.685129561585,63.38857864644,4264700.0
2013-10-21,63.77,64.19,63.49,63.91,2985500.0,0.0,1.0,62.304094640621,62.71443994012,62.030531107622,62.440876407121,2985500.0
2013-10-18,62.51,63.5,62.25,63.48,3813800.0,0.0,1.0,61.073058742124,62.0403012338,60.819035461481,62.020760981443,3813800.0
2013-10-17,60.57,62.39,60.5,62.22,3405000.0,0.0,1.0,59.177654263485,60.955817227981,59.109263380235,60.789725082946,3405000.0
2013-10-16,60.02,60.75,59.86,60.73,2993300.0,0.0,1.0,58.640297323664,59.353516534699,58.483975304808,59.333976282342,2993300.0
2013-10-15,60.39,60.85,59.34,59.5,3602600.0,0.0,1.0,59.001791992271,59.451217796484,57.975928743523,58.13225076238,3602600.0
2013-10-14,59.57,60.72,59.25,60.48,2891900.0,0.0,1.0,58.20064164563,59.324206156163,57.887997607916,59.089723127878,2891900.0
2013-10-11,58.55,60.81,58.47,59.93,5680300.0,0.0,1.0,57.204088775417,59.41213729177,57.125927765989,58.552366188058,5680300.0
2013-10-10,57.67,58.79,57.62,58.57,4396700.0,0.0,1.0,56.344317671705,57.438571803703,56.295467040812,57.223629027775,4396700.0
2013-10-09,56.82,57.28,56.51,56.9,3466300.0,0.0,1.0,55.513856946528,55.963282750741,55.210983034993,55.592017955956,3466300.0
2013-10-08,57.92,58.09,56.5,56.89,4211400.0,0.0,1.0,56.588570826169,56.754662971204,55.201212908814,55.582247829778,4211400.0
2013-10-07,58.76,58.9,57.9,57.9,3345300.0,0.0,1.0,57.409261425167,57.546043191667,56.569030573812,56.569030573812,3345300.0
2013-10-04,59.0,59.35,58.39,59.17,3550700.0,0.0,1.0,57.643744453452,57.985698869702,57.047766756561,57.809836598488,3550700.0
2013-10-03,58.86,59.83,58.6,59.56,4244400.0,0.0,1.0,57.506962686953,58.454664926272,57.25293940631,58.190871519451,4244400.0
2013-10-02,57.59,59.31,57.33,59.18,4150400.0,0.0,1.0,56.266156662277,57.946618364987,56.012133381634,57.819606724666,4150400.0
2013-10-01,57.65,58.22,57.19,57.9,2600600.0,0.0,1.0,56.324777419348,56.881674611525,55.875351615134,56.569030573812,2600600.0
2013-09-30,58.01,58.09,56.88,57.82,4407300.0,0.0,1.0,56.676501961776,56.754662971204,55.572477703599,56.490869564383,4407300.0
2013-09-27,58.1,58.87,58.1,58.53,3027700.0,0.0,1.0,56.764433097383,57.516732813131,56.764433097383,57.18454852306,3027700.0
2013-09-26,58.01,59.0,58.01,58.48,2709400.0,0.0,1.0,56.676501961776,57.643744453452,56.676501961776,57.135697892168,2709400.0
2013-09-25,57.82,58.55,57.53,58.05,3049500.0,0.0,1.0,56.490869564383,57.204088775417,56.207535905205,56.71558246649,3049500.0
2013-09-24,57.24,58.55,57.03,57.77,3430500.0,0.0,1.0,55.924202246027,57.204088775417,55.719029596278,56.44201893349,3430500.0
2013-09-23,57.73,57.73,56.9,57.41,3067700.0,0.0,1.0,56.402938428776,56.402938428776,55.592017955956,56.090294391063,3067700.0
2013-09-20,58.21,59.3,57.69,57.93,4944400.0,0.0,1.0,56.871904485347,57.936848238809,56.363857924062,56.598340952347,4944400.0
2013-09-19,58.34,59.21,57.9,58.15,4667700.0,0.0,1.0,56.998916125668,57.848917103202,56.569030573812,56.813283728275,4667700.0
2013-09-18,56.05,57.5,56.02,57.25,3873300.0,0.0,1.0,54.76155723078,56.17822552667,54.732246852244,55.933972372206,3873300.0
2013-09-17,56.71,56.8,55.81,56.05,3885000.0,0.0,1.0,55.406385558564,55.494316694171,54.527074202494,54.76155723078,3885000.0
2013-09-16,57.62,57.7,56.71,56.83,2521900.0,0.0,1.0,56.295467040812,56.373628050241,55.406385558564,55.523627072707,2521900.0
2013-09-13,56.64,57.73,56.57,57.13,2420800.0,0.0,1.0,55.337994675314,56.402938428776,55.269603792064,55.816730858063,2420800.0
2013-09-12,56.99,57.34,56.33,56.45,2662700.0,0.0,1.0,55.679949091563,56.021903507813,55.035120763779,55.152362277922,2662700.0
2013-09-11,56.83,57.03,56.06,56.93,2597300.0,0.0,1.0,55.523627072707,55.719029596278,54.771327356958,55.621328334492,2597300.0
2013-09-10,57.44,57.44,56.68,56.79,3476500.0,0.0,1.0,56.119604769598,56.119604769598,55.377075180028,55.484546567992,3476500.0
2013-09-09,57.07,57.92,57.02,57.47,3102600.0,0.0,1.0,55.758110100992,56.588570826169,55.709259470099,56.148915148134,3102600.0
2013-09-06,57.91,58.11,56.9,57.42,2800400.0,0.0,1.0,56.57880069999,56.774203223561,55.592017955956,56.100064517241,2800400.0
2013-09-05,58.68,59.1,57.79,57.8,3849800.0,0.0,1.0,57.331100415739,57.741445715238,56.461559185848,56.471329312026,3849800.0
2013-09-04,57.92,59.32,57.58,59.03,4079400.0,0.0,1.0,56.588570826169,57.956388491166,56.256386536098,57.673054831988,4079400.0
2013-09-03,57.76,58.44,57.33,58.11,3045700.0,0.0,1.0,56.432248807312,57.096617387453,56.012133381634,56.774203223561,3045700.0
2013-08-30,57.95,58.5,56.95,57.1,2661100.0,0.0,1.0,56.617881204704,57.155238144525,55.640868586849,55.787420479528,2661100.0
2013-08-29,57.87,58.47,57.38,57.72,2119000.0,0.0,1.0,56.539720195276,57.125927765989,56.060984012527,56.393168302598,2119000.0
2013-08-28,57.2,58.3,57.2,58.03,2220300.0,0.0,1.0,55.885121741313,56.959835620954,55.885121741313,56.696042214133,2220300.0
2013-08-27,57.71,58.0,57.09,57.1,2979300.0,0.0,1.0,56.383398176419,56.666731835597,55.777650353349,55.787420479528,2979300.0
2013-08-26,58.17,59.09,57.88,58.13,2843800.0,0.0,1.0,56.832823980633,57.731675589059,56.549490321455,56.793743475918,2843800.0
2013-08-23,58.45,59.24,57.94,58.11,2951800.0,0.0,1.0,57.106387513632,57.878227481737,56.608111078526,56.774203223561,2951800.0
2013-08-22,57.98,58.87,57.52,58.11,3009300.0,0.0,1.0,56.64719158324,57.516732813131,56.197765779027,56.774203223561,3009300.0
2013-08-21,56.73,58.49,56.3,57.95,3784200.0,0.0,1.0,55.425925810921,57.145468018346,55.005810385243,56.617881204704,3784200.0
2013-08-20,55.23,57.69,54.9,57.01,3870800.0,0.0,1.0,53.960406884138,56.363857924062,53.637992720246,55.699489343921,3870800.0
2013-08-19,56.28,56.85,55.25,55.34,3212100.0,0.0,1.0,54.986270132886,55.543167325064,53.979947136496,54.067878272103,3212100.0
2013-08-16,56.89,56.99,56.07,56.3,3478700.0,0.0,1.0,55.582247829778,55.679949091563,54.781097483137,55.005810385243,3478700.0
2013-08-15,58.27,58.43,57.04,57.15,3495300.0,0.0,1.0,56.930525242418,57.086847261275,55.728799722456,55.83627111042,3495300.0
2013-08-14,59.0,59.18,58.38,58.79,2358500.0,0.313,1.0,57.643744453452,57.819606724666,57.037996630382,57.438571803703,2358500.0
2013-08-13,58.39,59.19,58.0,59.09,3180300.0,0.0,1.0,56.745650941885,57.523121754584,56.366633920694,57.425937902996,3180300.0
2013-08-12,58.44,58.98,57.72,58.17,3295100.0,0.0,1.0,56.794242867678,57.31903566625,56.094519136249,56.531846468392,3295100.0
2013-08-09,59.0,59.31,58.57,58.92,3178500.0,0.0,1.0,57.338472436568,57.639742376489,56.920581874742,57.260725355298,3178500.0
2013-08-08,58.02,59.36,57.9,59.0,3254800.0,0.0,1.0,56.386070691011,57.688334302282,56.269450069106,57.338472436568,3254800.0
2013-08-07,58.24,58.69,57.56,57.96,3824100.0,0.0,1.0,56.599875164503,57.037202496647,55.939024973709,56.327760380059,3824100.0
2013-08-06,57.64,59.15,57.64,58.31,4863300.0,0.0,1.0,56.016772054979,57.484248213949,56.016772054979,56.667903860615,4863300.0
2013-08-05,58.28,58.3,57.3,57.8,4125100.0,0.0,1.0,56.638748705138,56.658185475456,55.686346959582,56.172266217519,4125100.0
2013-08-02,60.13,60.13,58.07,58.41,5612800.0,0.0,1.0,58.436649959505,58.436649959505,56.434662616805,56.765087712202,5612800.0
2013-08-01,61.87,61.91,60.32,60.52,3918500.0,0.0,1.0,60.127648977126,60.166522517761,58.621299277521,58.815666980696,3918500.0
2013-07-31,57.32,61.97,57.13,61.5,8186700.0,0.0,1.0,55.705783729899,60.224832828714,55.521134411883,59.768068726253,8186700.0
2013-07-30,59.05,59.25,57.91,58.47,4076700.0,0.0,1.0,57.387064362361,57.581432065536,56.279168454265,56.823398023154,4076700.0
2013-07-29,59.0,59.29,58.57,58.96,852400.0,0.0,1.0,57.338472436568,57.620305606171,56.920581874742,57.299598895933,852400.0
2013-07-26,59.25,59.84,58.71,59.0,2603600.0,0.0,1.0,57.581432065536,58.154816789902,57.056639266964,57.338472436568,2603600.0
2013-07-25,58.68,59.7,58.24,59.42,4551000.0,0.0,1.0,57.027484111488,58.018759397679,56.599875164503,57.746644613235,4551000.0
2013-07-24,59.65,59.65,57.7,58.84,4041900.0,0.0,1.0,57.970167471886,57.970167471886,56.075082365931,57.182978274028,4041900.0
2013-07-23,58.47,59.71,58.35,59.49,3938200.0,0.0,1.0,56.823398023154,58.028477782838,56.70677740125,57.814673309346,3938200.0
2013-07-22,57.88,58.45,57.18,57.96,4093500.0,0.0,1.0,56.250013298789,56.803961252837,55.569726337677,56.327760380059,4093500.0
2013-07-19,57.44,57.83,56.72,57.49,3960500.0,0.0,1.0,55.822404351804,56.201421372995,55.122680620375,55.870996277598,3960500.0
2013-07-18,58.19,58.28,56.71,56.92,4328100.0,0.0,1.0,56.55128323871,56.638748705138,55.112962235216,55.31704832355,4328100.0
2013-07-17,57.82,58.42,57.1,58.04,3527400.0,0.0,1.0,56.191702987836,56.774806097361,55.491979256407,56.405507461329,3527400.0
2013-07-16,59.21,59.42,57.15,57.64,6289800.0,0.0,1.0,57.542558524901,57.746644613235,55.540571182201,56.016772054979,6289800.0
2013-07-15,59.45,59.85,58.78,59.23,4202400.0,0.0,1.0,57.775799768711,58.164535175061,57.124667963075,57.561995295219,4202400.0
2013-07-12,56.9,59.64,56.9,59.09,6108800.0,0.0,1.0,55.297611553232,57.960449086727,55.297611553232,57.425937902996,6108800.0
2013-07-11,57.05,57.9,56.02,57.76,5355200.0,0.0,1.0,55.443387330613,56.269450069106,54.442393659263,56.133392676884,5355200.0
2013-07-10,58.41,58.63,55.94,56.09,5874000.0,0.0,1.0,56.765087712202,56.978892185694,54.364646577993,54.510422355374,5874000.0
2013-07-09,59.02,59.37,58.41,58.51,3271200.0,0.0,1.0,57.357909206885,57.698052687441,56.765087712202,56.862271563789,3271200.0
2013-07-08,57.71,59.17,57.64,58.75,3067800.0,0.0,1.0,56.08480075109,57.503684984266,56.016772054979,57.095512807599,3067800.0
2013-07-05,57.84,57.89,55.41,57.24,3653200.0,0.0,1.0,56.211139758154,56.259731683947,53.84957216458,55.628036648629,3653200.0
2013-07-03,56.75,57.71,54.8,57.68,6190900.0,0.0,1.0,55.151835775851,56.08480075109,53.256750669897,56.055645595614,6190900.0
2013-07-02,58.85,59.21,56.61,57.08,4998500.0,0.0,1.0,57.192696659187,57.542558524901,55.015778383629,55.47254248609,4998500.0
2013-07-01,59.24,60.24,58.67,58.9,3486700.0,0.0,1.0,57.571713680377,58.543552196251,57.017765726329,57.24128858498,3486700.0
2013-06-28,59.14,59.75,58.77,58.91,3573800.0,0.0,1.0,57.47452982879,58.067351323473,57.114949577917,57.251006970139,3573800.0
2013-06-27,60.32,60.41,58.45,59.22,3883300.0,0.0,1.0,58.621299277521,58.70876474395,56.803961252837,57.55227691006,3883300.0
2013-06-26,60.1,60.96,59.56,59.72,2706600.0,0.0,1.0,58.407494804029,59.243275927681,57.882702005457,58.038196167997,2706600.0
2013-06-25,58.29,59.71,58.29,59.41,3453600.0,0.0,1.0,56.648467090297,58.028477782838,56.648467090297,57.736926228076,3453600.0
2013-06-24,58.46,58.77,56.84,57.19,4938400.0,0.0,1.0,56.813679637996,57.114949577917,55.23930124228,55.579444722836,4938400.0
2013-06-21,61.02,61.23,58.06,59.25,6354700.0,0.0,1.0,59.301586238633,59.505672326967,56.424944231646,57.581432065536,6354700.0
2013-06-20,62.58,62.69,60.06,60.39,5087000.0,0.0,1.0,60.817654323397,60.924556560143,58.368621263394,58.689327973633,5087000.0
2013-06-19,64.27,64.87,63.51,63.63,3341500.0,0.0,1.0,62.460061415224,63.043164524748,61.72146414316,61.838084765064,3341500.0
2013-06-18,64.48,65.0,64.25,64.39,2336900.0,0.0,1.0,62.664147503557,63.169503531812,62.440624644906,62.576682037129,2336900.0
2013-06-17,64.2,64.69,63.98,64.26,3341200.0,0.0,1.0,62.392032719113,62.868233591891,62.17822824562,62.450343030065,3341200.0
2013-06-14,64.71,64.97,63.77,63.81,1833900.0,0.0,1.0,62.887670362208,63.140348376336,61.974142157287,62.013015697922,1833900.0
2013-06-13,63.09,64.82,62.37,64.51,3336300.0,0.0,1.0,61.313291966492,62.994572598954,60.613568235063,62.693302659034,3336300.0
2013-06-12,64.88,65.21,63.18,63.31,3967600.0,0.0,1.0,63.052882909907,63.373589620145,61.400757432921,61.527096439985,3967600.0
2013-06-11,64.05,64.73,63.7,63.96,3202200.0,0.0,1.0,62.246256941732,62.907107132526,61.906113461176,62.158791475303,3202200.0
2013-06-10,65.93,66.39,65.01,65.11,2372500.0,0.0,1.0,64.073313351575,64.520359068877,63.179221916971,63.276405768558,2372500.0
2013-06-07,65.44,66.2,65.18,65.87,2774600.0,0.0,1.0,63.597112478796,64.335709750861,63.344434464669,64.015003040622,2774600.0
2013-06-06,63.68,65.15,63.35,65.0,2637300.0,0.0,1.0,61.886676690858,63.315279309193,61.56596998062,63.169503531812,2637300.0
2013-06-05,64.94,65.35,63.53,63.61,3064900.0,0.0,1.0,63.111193220859,63.509647012368,61.740900913477,61.818647994747,3064900.0
2013-06-04,65.8,66.18,64.3,65.18,2890200.0,0.0,1.0,63.946974344511,64.316272980543,62.4892165707,63.344434464669,2890200.0
2013-06-03,67.04,67.09,64.28,66.08,4022900.0,0.0,1.0,65.152054104195,65.200646029989,62.469779800383,64.219089128956,4022900.0
2013-05-31,66.64,67.89,66.28,66.57,3506400.0,0.0,1.0,64.763318697845,65.978116842688,64.413456832131,64.695290001734,3506400.0
2013-05-30,66.35,67.11,65.68,66.77,2896400.0,0.0,1.0,64.481485528242,65.220082800306,63.830353722606,64.889657704909,2896400.0
2013-05-29,66.21,67.34,65.65,66.84,3135200.0,0.0,1.0,64.345428136019,65.443605658957,63.80119856713,64.95768640102,3135200.0
2013-05-28,66.39,66.98,65.92,66.52,2792000.0,0.0,1.0,64.520359068877,65.093743793242,64.063594966416,64.64669807594,2792000.0
2013-05-24,64.77,65.5,63.8,65.47,2518400.0,0.0,1.0,62.945980673161,63.655422789749,62.003297312763,63.626267634273,2518400.0
2013-05-23,64.44,65.56,63.9,65.25,2380300.0,0.0,1.0,62.625273962922,63.713733100701,62.10048116435,63.41246316078,2380300.0
2013-05-22,65.3,66.62,64.8,65.39,4482700.0,0.0,1.0,63.461055086574,64.743881927528,62.975135828637,63.548520553003,4482700.0
2013-05-21,66.1,66.71,64.89,65.42,4505200.0,0.0,1.0,64.238525899273,64.831347393956,63.062601295066,63.577675708479,4505200.0
2013-05-20,65.32,66.85,65.32,65.96,4531600.0,0.0,1.0,63.480491856892,64.967404786179,63.480491856892,64.102468507051,4531600.0
2013-05-17,64.2,65.92,64.18,65.46,5521600.0,0.0,1.0,62.392032719113,64.063594966416,62.372595948795,63.616549249114,5521600.0
2013-05-16,64.71,65.41,63.72,63.84,3994700.0,0.313,1.0,62.887670362208,63.56795732332,61.925550231493,62.042170853398,3994700.0
2013-05-15,63.73,65.48,63.73,64.95,5621700.0,0.0,1.0,61.633088842097,63.3255085106,61.633088842097,62.812947125282,5621700.0
2013-05-14,62.06,64.18,62.0,64.08,6212800.0,0.0,1.0,60.018036929869,62.068282471141,59.960011112663,61.971572775798,6212800.0
2013-05-13,61.13,62.28,60.39,61.97,3829500.0,0.0,1.0,59.118636763179,60.230798259623,58.402985017641,59.93099820406,3829500.0
2013-05-10,61.73,62.2,61.0,61.38,5059200.0,0.0,1.0,59.698894935237,60.153430503349,58.992914159233,59.360411001536,5059200.0
2013-05-09,63.23,63.27,61.88,62.13,3436900.0,0.0,1.0,61.149540365382,61.188224243519,59.843959478251,60.085733716609,3436900.0
2013-05-08,64.23,64.47,62.85,63.41,3664300.0,0.0,1.0,62.116637318812,62.348740587635,60.782043523079,61.323617816999,3664300.0
2013-05-07,64.25,65.34,64.02,64.48,4676600.0,0.0,1.0,62.135979257881,63.190114937119,61.913546958592,62.35841155717,4676600.0
2013-05-06,62.49,64.24,62.32,63.87,3682400.0,0.0,1.0,60.433888619844,62.126308288346,60.269482137761,61.768482415577,3682400.0
2013-05-03,60.8,62.66,60.49,62.18,4548900.0,0.0,1.0,58.799494768547,60.598295101927,58.499694712984,60.13408856428,4548900.0
2013-05-02,60.07,60.68,59.16,60.3,4212400.0,0.0,1.0,58.093513992543,58.683443134135,57.213455764922,58.315946291832,4212400.0
2013-05-01,61.11,61.94,59.55,59.67,5678600.0,0.0,1.0,59.09929482411,59.901985295457,57.590623576759,57.706675211171,5678600.0
2013-04-30,61.93,62.2,60.02,60.95,5457000.0,0.0,1.0,59.892314325923,60.153430503349,58.045159144872,58.944559311562,5457000.0
2013-04-29,61.97,62.3,61.48,61.8,3444900.0,0.0,1.0,59.93099820406,60.250140198692,59.457120696879,59.766591721977,3444900.0
2013-04-26,61.85,62.08,61.14,61.6,3034700.0,0.0,1.0,59.814946569649,60.037378868937,59.128307732713,59.573172331291,3034700.0
2013-04-25,62.04,63.09,61.78,61.9,4384100.0,0.0,1.0,59.9986949908,61.014146791902,59.747249782908,59.86330141732,4384100.0
2013-04-24,61.41,63.05,61.31,61.82,4771700.0,0.0,1.0,59.389423910139,60.975462913765,59.292714214796,59.785933661046,4771700.0
2013-04-23,59.59,61.42,59.36,61.15,5318500.0,0.0,1.0,57.629307454897,59.399094879674,57.406875155608,59.137978702248,5318500.0
2013-04-22,58.12,60.34,58.07,59.43,3659300.0,0.0,1.0,56.207674933354,58.354630169969,56.159320085683,57.474571942348,3659300.0
2013-04-19,58.14,58.14,56.46,57.84,5045100.0,0.0,1.0,56.227016872423,56.227016872423,54.602293990661,55.936887786394,5045100.0
2013-04-18,57.92,58.54,56.13,57.23,4270200.0,0.0,1.0,56.014255542668,56.613855653795,54.283151996029,55.346958644802,4270200.0
2013-04-17,58.55,58.79,57.16,57.99,4602100.0,0.0,1.0,56.623526623329,56.855629892153,55.279261858062,56.081952329409,4602100.0
2013-04-16,58.15,59.32,57.77,59.28,5644000.0,0.0,1.0,56.236687841957,57.368191277471,55.869190999654,57.329507399333,5644000.0
2013-04-15,59.18,59.99,57.08,57.52,7897200.0,0.0,1.0,57.23279770399,58.016146236269,55.201894101787,55.627416761296,7897200.0
2013-04-12,61.37,61.74,59.07,60.67,8305100.0,0.0,1.0,59.350740032002,59.708565904771,57.126417039113,58.673772164601,8305100.0
2013-04-11,63.81,63.86,61.81,62.01,6204800.0,0.0,1.0,61.710456598371,61.758811446043,59.776262691511,59.969682082197,6204800.0
2013-04-10,64.78,65.21,63.05,63.86,6005500.0,0.0,1.0,62.648540643199,63.064392333174,60.975462913765,61.758811446043,6005500.0
2013-04-09,63.95,65.23,62.86,64.66,4291500.0,0.0,1.0,61.845850171852,63.083734272242,60.791714492613,62.532489008787,4291500.0
2013-04-08,62.29,63.8,61.9,63.62,3969300.0,0.0,1.0,60.240469229158,61.700785628837,59.86330141732,61.52670817722,3969300.0
2013-04-05,61.26,62.97,60.2,62.31,5289600.0,0.0,1.0,59.244359367125,60.89809515749,58.219236596489,60.259811168226,5289600.0
2013-04-04,62.57,63.95,61.94,62.39,6139100.0,0.0,1.0,60.511256376118,61.845850171852,59.901985295457,60.337178924501,6139100.0
2013-04-03,66.84,66.88,61.47,62.46,14028500.0,0.0,1.0,64.640760367265,64.679444245402,59.447449727345,60.404875711241,14028500.0
2013-04-02,70.17,70.2,66.71,66.84,5679900.0,0.0,1.0,67.861193222187,67.890206130789,64.515037763319,64.640760367265,5679900.0
2013-04-01,70.0,70.19,68.73,69.36,3015200.0,0.0,1.0,67.696786740103,67.880535161255,66.468573609247,67.077844689908,3015200.0
2013-03-28,68.38,70.52,67.96,69.97,6211100.0,0.0,1.0,66.130089675547,68.199677155887,65.723908955106,67.667773831501,6211100.0
2013-03-27,67.13,68.29,66.46,68.27,3920600.0,0.0,1.0,64.921218483759,66.043050949738,64.273263524961,66.023709010669,3920600.0
2013-03-26,66.98,67.41,66.37,67.24,3243600.0,0.0,1.0,64.776153940745,65.19200563072,64.186224799152,65.027599148637,3243600.0
2013-03-25,67.94,68.7,66.65,66.86,3905300.0,0.0,1.0,65.704567016038,66.439560700644,64.457011946113,64.660102306333,3905300.0
2013-03-22,66.97,67.79,66.84,67.55,2650400.0,0.0,1.0,64.76648297121,65.559502473023,64.640760367265,65.3273992042,2650400.0
2013-03-21,67.0,67.84,66.11,66.82,3394800.0,0.0,1.0,64.795495879813,65.607857320695,63.934779591261,64.621418428196,3394800.0
2013-03-20,66.0,68.44,65.95,67.54,5087500.0,0.0,1.0,63.828398926383,66.188115492753,63.780044078712,65.317728234666,5087500.0
2013-03-19,64.88,66.35,64.66,65.41,4124400.0,0.0,1.0,62.745250338542,64.166882860084,62.532489008787,63.25781172386,4124400.0
2013-03-18,63.32,65.29,63.01,65.03,3643900.0,0.0,1.0,61.236579091191,63.141760089448,60.936779035627,62.890314881556,3643900.0
2013-03-15,64.49,65.24,64.11,64.15,5979000.0,0.0,1.0,62.368082526704,63.093405241776,62.0005856844,62.039269562538,5979000.0
2013-03-14,64.96,65.45,64.29,64.95,3832700.0,0.0,1.0,62.822618094816,63.296495601997,62.174663136018,62.812947125282,3832700.0
2013-03-13,65.88,66.04,64.2,64.55,4784800.0,0.0,1.0,63.712347291972,63.86708280452,62.087624410209,62.42610834391,4784800.0
2013-03-12,65.66,66.4,65.21,66.22,4134600.0,0.0,1.0,63.499585962217,64.215237707755,63.064392333174,64.041160256138,4134600.0
2013-03-11,65.9,66.08,63.94,65.69,4966800.0,0.0,1.0,63.73168923104,63.905766682658,61.836179202317,63.52859887082,4966800.0
2013-03-08,66.08,66.28,65.6,66.03,4045300.0,0.0,1.0,63.905766682658,64.099186073344,63.441560145011,63.857411834986,4045300.0
2013-03-07,65.89,66.12,64.79,65.87,3429800.0,0.0,1.0,63.722018261506,63.944450560795,62.658211612733,63.702676322437,3429800.0
2013-03-06,66.0,66.97,65.4,66.05,2929700.0,0.0,1.0,63.828398926383,64.76648297121,63.248140754325,63.876753774055,2929700.0
2013-03-05,66.04,66.05,64.52,65.77,3920300.0,0.0,1.0,63.86708280452,63.876753774055,62.397095435307,63.605966627094,3920300.0
2013-03-04,63.84,65.74,63.54,65.68,3758500.0,0.0,1.0,61.739469506974,63.576953718491,61.449340420945,63.518927901286,3758500.0
2013-03-01,62.71,63.93,62.19,63.9,3150000.0,0.0,1.0,60.646649949598,61.826508232783,60.143759533815,61.79749532418,3150000.0
2013-02-28,62.86,64.27,62.0,62.96,4226400.0,0.0,1.0,60.791714492613,62.155321196949,59.960011112663,60.888424187956,4226400.0
2013-02-27,61.3,63.12,61.0,62.99,2581500.0,0.0,1.0,59.283043245262,61.043159700505,58.992914159233,60.917437096559,2581500.0
2013-02-26,61.48,61.69,59.94,61.23,4346900.0,0.0,1.0,59.457120696879,59.6602110571,57.967791388597,59.215346458522,4346900.0
2013-02-25,64.49,64.74,61.31,61.34,4294800.0,0.0,1.0,62.368082526704,62.609856765061,59.292714214796,59.321727123399,4294800.0
2013-02-22,62.78,64.12,62.51,64.11,3049300.0,0.0,1.0,60.714346736338,62.010256653935,60.453230558912,62.0005856844,3049300.0
2013-02-21,62.32,62.92,61.22,62.29,5032600.0,0.0,1.0,60.269482137761,60.849740309819,59.205675488988,60.240469229158,5032600.0
2013-02-20,64.75,64.95,62.54,62.64,4847000.0,0.0,1.0,62.619527734596,62.812947125282,60.482243467515,60.578953162858,4847000.0
2013-02-19,63.67,64.88,63.66,64.76,3091700.0,0.313,1.0,61.575063024891,62.745250338542,61.565392055357,62.62919870413,3091700.0
2013-02-15,64.55,65.38,63.53,64.17,3787800.0,0.0,1.0,62.125839846812,62.92466939093,61.144145708257,61.760110657938,3787800.0
2013-02-14,63.77,64.92,63.75,64.83,3560000.0,0.0,1.0,61.375132564387,62.481944583347,61.35588365971,62.395324512298,3560000.0
2013-02-13,64.5,64.5,63.85,64.11,2777100.0,0.0,1.0,62.077717585118,62.077717585118,61.452128183097,61.702363943906,2777100.0
2013-02-12,64.62,64.78,63.78,64.43,3702400.0,0.0,1.0,62.193211013183,62.347202250604,61.384757016726,62.010346418747,3702400.0
2013-02-11,64.0,64.66,63.72,64.18,3097900.0,0.0,1.0,61.596494968179,62.231708822538,61.327010302693,61.769735110277,3097900.0
2013-02-08,63.41,65.24,63.22,64.02,4745800.0,0.0,1.0,61.028652280191,62.789927058188,60.845787685754,61.615743872857,4745800.0
2013-02-07,61.88,63.34,61.0,63.26,4392600.0,0.0,1.0,59.556111072358,60.96128111382,58.709159266546,60.88428549511,4392600.0
2013-02-06,60.79,62.5,60.71,61.72,5068700.0,0.0,1.0,58.507045767431,60.152827117362,58.430050148721,59.402119834938,5068700.0
2013-02-05,61.72,61.98,60.98,61.01,4578900.0,0.0,1.0,59.402119834938,59.652355595746,58.689910361868,58.718783718884,4578900.0
2013-02-04,62.13,62.25,61.16,61.22,3796500.0,0.0,1.0,59.796722380828,59.912215808893,58.863150503966,58.920897217999,3796500.0
2013-02-01,62.0,63.25,61.22,62.75,4709200.0,0.0,1.0,59.671604500424,60.874661042771,58.920897217999,60.393438425832,4709200.0
2013-01-31,60.37,61.05,59.91,60.57,5450400.0,0.0,1.0,58.102818769203,58.75728152824,57.660093961619,58.295307815978,5450400.0
2013-01-30,62.38,62.91,60.65,60.76,7922300.0,0.0,1.0,60.037333689297,60.547429663252,58.372303434688,58.478172410415,7922300.0
2013-01-29,58.0,60.45,57.96,59.88,8446300.0,0.0,1.0,55.821823564912,58.179814387913,55.783325755557,57.631220604603,8446300.0
2013-01-28,57.09,57.68,56.5,57.09,4055400.0,0.0,1.0,54.945998402084,55.513841090071,54.378155714096,54.945998402084,4055400.0
2013-01-25,56.5,56.89,56.11,56.81,3612300.0,0.0,1.0,54.378155714096,54.753509355308,54.002802072883,54.676513736598,3612300.0
2013-01-24,55.5,56.95,55.37,56.12,4702100.0,0.0,1.0,53.415710480218,54.811256069341,53.290592599814,54.012426525222,4702100.0
2013-01-23,54.72,56.19,54.2,55.52,4293900.0,0.0,1.0,52.665003197793,54.079797691594,52.164531676177,53.434959384895,4293900.0
2013-01-22,55.24,55.24,53.92,54.61,4462000.0,0.0,1.0,53.16547471941,53.16547471941,51.895047010691,52.559134222067,4462000.0
2013-01-18,55.21,55.74,54.58,55.07,5998800.0,0.0,1.0,53.136601362393,53.646697336349,52.53026086505,53.00185902965,5998800.0
2013-01-17,54.98,55.83,54.19,55.15,5976600.0,0.0,1.0,52.915238958601,53.733317407398,52.154907223838,53.078854648361,5976600.0
2013-01-16,52.13,54.55,52.07,54.52,8024800.0,0.0,1.0,50.17227004205,52.501387508034,50.114523328017,52.472514151018,8024800.0
2013-01-15,51.35,52.33,51.2,52.24,4499600.0,0.0,1.0,49.421562759625,50.364759088825,49.277195974543,50.278139017776,4499600.0
2013-01-14,50.67,51.42,50.12,51.35,5000100.0,0.0,1.0,48.767100000588,49.488933925996,48.237755121955,49.421562759625,5000100.0
2013-01-11,51.28,51.7,50.36,50.58,4615800.0,0.0,1.0,49.354191593254,49.758418591482,48.468741978086,48.680479929539,4615800.0
2013-01-10,51.64,51.84,51.22,51.51,3403400.0,0.0,1.0,49.70067187745,49.893160924225,49.296444879221,49.575553997045,3403400.0
2013-01-09,51.56,52.15,51.02,51.32,4429800.0,0.0,1.0,49.623676258739,50.191518946727,49.103955832445,49.392689402609,4429800.0
2013-01-08,51.2,51.78,51.08,51.59,3575600.0,0.0,1.0,49.277195974543,49.835414210192,49.161702546478,49.652549615756,3575600.0
2013-01-07,52.48,52.48,50.77,51.36,6884000.0,0.0,1.0,50.509125873907,50.509125873907,48.863344523976,49.431187211964,6884000.0
2013-01-04,53.12,53.68,52.29,53.14,4161100.0,0.0,1.0,51.125090823589,51.66406015456,50.32626127947,51.144339728266,4161100.0
2013-01-03,55.03,55.17,52.87,53.19,5291900.0,0.0,1.0,52.963361220295,53.098103553038,50.884479515119,51.19246198996,5291900.0
2013-01-02,54.25,55.31,53.23,55.26,5229900.0,0.0,1.0,52.212653937871,53.232845885781,51.230959799315,53.184723624087,5229900.0
2012-12-31,50.4,53.22,50.4,53.1,4233600.0,0.0,1.0,48.507239787441,51.221335346976,48.507239787441,51.105841918911,4233600.0
2012-12-28,51.06,51.5,50.52,50.57,2999100.0,0.0,1.0,49.1424536418,49.565929544707,48.622733215506,48.6708554772,2999100.0
2012-12-27,51.5,51.71,50.4,51.56,2885400.0,0.0,1.0,49.565929544707,49.768043043821,48.507239787441,49.623676258739,2885400.0
2012-12-26,52.16,52.62,51.32,51.36,2322700.0,0.0,1.0,50.201143399066,50.64386820665,49.392689402609,49.431187211964,2322700.0
2012-12-24,52.22,52.4,51.9,51.97,975200.0,0.0,1.0,50.258890113099,50.432130255197,49.950907638258,50.018278804629,975200.0
2012-12-21,51.71,52.38,51.33,52.16,5053600.0,0.0,1.0,49.768043043821,50.412881350519,49.402313854947,50.201143399066,5053600.0
2012-12-20,52.58,52.72,51.7,52.42,4391700.0,0.0,1.0,50.605370397295,50.740112730038,49.758418591482,50.451379159874,4391700.0
2012-12-19,53.28,53.38,51.84,52.5,6409900.0,0.0,1.0,51.279082061009,51.375326584397,49.893160924225,50.528374778584,6409900.0
2012-12-18,53.44,53.7,53.0,53.17,3922800.0,0.0,1.0,51.43307329843,51.683309059238,51.009597395523,51.173213085283,3922800.0
2012-12-17,53.56,53.86,53.18,53.52,4292300.0,0.0,1.0,51.548566726495,51.837300296658,51.182837537621,51.51006891714,4292300.0
2012-12-14,52.0,53.54,51.8,53.47,5120800.0,0.0,1.0,50.047152161646,51.529317821817,49.85466311487,51.461946655446,5120800.0
2012-12-13,52.6,52.6,51.24,52.21,7136600.0,0.0,1.0,50.624619301972,50.624619301972,49.315693783898,50.24926566076,7136600.0
2012-12-12,53.33,53.5,52.94,53.05,8427100.0,0.0,1.0,51.327204322703,51.490820012462,50.951850681491,51.057719657217,8427100.0
2012-12-11,53.72,53.92,52.73,53.04,5205500.0,0.0,1.0,51.702557963915,51.895047010691,50.749737182376,51.048095204878,5205500.0
2012-12-10,52.21,54.32,52.2,53.58,7741300.0,0.0,1.0,50.24926566076,52.280025104242,50.239641208421,51.567815631172,7741300.0
2012-12-07,51.19,52.75,51.06,52.34,4854900.0,0.0,1.0,49.267571522205,50.768986087054,49.1424536418,50.374383541164,4854900.0
2012-12-06,50.69,51.21,50.3,50.97,3405700.0,0.0,1.0,48.786348905266,49.286820426882,48.410995264053,49.055833570751,3405700.0
2012-12-05,51.45,51.95,50.27,50.69,3332400.0,0.0,1.0,49.517807283013,49.999029899952,48.382121907037,48.786348905266,3332400.0
2012-12-04,51.48,52.24,51.48,51.56,3726600.0,0.0,1.0,49.546680640029,50.278139017776,49.546680640029,49.623676258739,3726600.0
2012-12-03,52.65,52.76,51.02,51.56,5670000.0,0.0,1.0,50.672741563666,50.778610539393,49.103955832445,49.623676258739,5670000.0
2012-11-30,51.68,52.53,51.45,52.37,5323100.0,0.0,1.0,49.739169686805,50.557248135601,49.517807283013,50.40325689818,5323100.0
2012-11-29,51.2,51.66,50.83,51.56,3951100.0,0.0,1.0,49.277195974543,49.719920782127,48.921091238009,49.623676258739,3951100.0
2012-11-28,49.66,51.27,49.25,51.0,5404800.0,0.0,1.0,47.795030314371,49.344567140915,47.400427768482,49.084706927768,5404800.0
2012-11-27,49.51,50.42,49.01,50.06,4638900.0,0.0,1.0,47.65066352929,48.526488692119,47.169440912351,48.180008407923,4638900.0
2012-11-26,49.55,49.98,49.07,49.56,2943300.0,0.0,1.0,47.689161338645,48.103012789212,47.227187626384,47.698785790984,2943300.0
2012-11-23,49.58,50.0,49.41,49.82,1698700.0,0.0,1.0,47.718034695661,48.12226169389,47.554419005902,47.949021551792,1698700.0
2012-11-21,49.32,49.65,48.84,49.39,3805700.0,0.0,1.0,47.467798934853,47.785405862033,47.005825222592,47.535170101224,3805700.0
2012-11-20,48.19,49.07,47.87,49.06,3492900.0,0.0,1.0,46.380235820571,47.227187626384,46.07225334573,47.217563174045,3492900.0
2012-11-19,46.4,48.25,46.38,48.12,4339700.0,0.0,1.0,44.65745885193,46.437982534604,44.638209947252,46.3128646542,4339700.0
2012-11-16,45.56,45.92,44.95,45.77,4591900.0,0.0,1.0,43.849004855473,44.195485139669,43.261913262807,44.051118354587,4591900.0
2012-11-15,45.53,46.19,44.94,45.34,3805000.0,0.0,1.0,43.820131498456,44.455345352816,43.252288810468,43.637266904019,3805000.0
2012-11-14,47.17,47.46,45.71,45.76,3542400.0,0.0,1.0,45.398541682016,45.67765079984,43.993371640554,44.041493902248,3542400.0
2012-11-13,47.0,47.76,46.56,46.86,3129100.0,0.0,1.0,45.234925992257,45.966384370004,44.81145008935,45.100183659514,3129100.0
2012-11-12,47.43,48.11,47.28,47.35,2699200.0,0.0,1.0,45.648777442824,46.303240201861,45.504410657742,45.571781824114,2699200.0
2012-11-09,48.11,48.56,47.17,47.41,5424200.0,0.0,1.0,46.303240201861,46.736340557106,45.398541682016,45.629528538146,5424200.0
2012-11-08,49.34,49.97,48.94,49.0,3699100.0,0.0,1.0,47.487047839531,48.093388336874,47.102069745979,47.159816460012,3699100.0
2012-11-07,49.23,50.08,48.75,49.46,6708500.0,0.0,1.0,47.381178863804,48.1992573126,46.919205151543,47.602541267596,6708500.0
2012-11-06,48.0,51.0,47.86,50.04,8220800.0,0.0,1.0,46.197371226134,49.084706927768,46.062628893391,48.160759503245,8220800.0
2012-11-05,46.23,47.9,46.23,47.76,3024100.0,0.0,1.0,44.493843162171,46.101126702747,44.493843162171,45.966384370004,3024100.0
2012-11-02,48.01,48.15,46.07,46.21,2826000.0,0.0,1.0,46.206995678473,46.341738011216,44.33985192475,44.474594257493,2826000.0
2012-11-01,47.0,47.65,46.39,47.38,4291500.0,0.0,1.0,45.234925992257,45.860515394277,44.647834399591,45.60065518113,4291500.0
2012-10-31,47.82,48.4,46.64,47.16,4791200.0,0.0,1.0,46.024131084036,46.582349319685,44.888445708061,45.388917229677,4791200.0
2012-10-26,45.57,47.62,44.82,47.5,6123800.0,0.0,1.0,43.858629307811,45.831642037261,43.136795382403,45.716148609195,6123800.0
2012-10-25,45.14,45.45,44.55,45.03,2903900.0,0.0,1.0,43.444777857244,43.743135879746,42.876935169256,43.338908881517,2903900.0
2012-10-24,45.0,45.65,44.66,44.78,3478700.0,0.0,1.0,43.310035524501,43.935624926522,42.982804144982,43.098297573048,3478700.0
2012-10-23,44.91,45.08,43.93,44.92,4079100.0,0.0,1.0,43.223415453452,43.387031143211,42.280219124252,43.233039905791,4079100.0
2012-10-22,44.73,45.73,44.73,45.58,3421700.0,0.0,1.0,43.050175311354,44.012620545232,43.050175311354,43.86825376015,3421700.0
2012-10-19,45.53,46.09,44.55,44.64,3002400.0,0.0,1.0,43.820131498456,44.359100829428,42.876935169256,42.963555240305,3002400.0
2012-10-18,46.62,46.63,45.39,45.56,3402300.0,0.0,1.0,44.869196803383,44.878821255722,43.685389165713,43.849004855473,3402300.0
2012-10-17,46.55,47.22,46.31,46.65,2842000.0,0.0,1.0,44.801825637012,45.44666394371,44.570838780881,44.898070160399,2842000.0
2012-10-16,44.77,46.79,44.6,46.49,5742000.0,0.0,1.0,43.088673120709,45.032812493142,42.92505743095,44.744078922979,5742000.0
2012-10-15,43.85,44.43,43.41,44.38,2722000.0,0.0,1.0,42.203223505541,42.761441741191,41.779747602635,42.713319479497,2722000.0
2012-10-12,44.33,44.62,42.45,43.92,6634300.0,0.0,1.0,42.665197217803,42.944306335627,40.855800178113,42.270594671913,6634300.0
2012-10-11,45.38,45.65,44.57,44.6,4600600.0,0.25,1.0,43.675764713375,43.935624926522,42.896184073933,42.92505743095,4600600.0
2012-10-10,46.02,46.33,44.69,45.15,5564600.0,0.0,1.0,44.044841537844,44.341536472149,42.771924561631,43.212181560923,5564600.0
2012-10-09,46.16,46.75,46.06,46.09,3667800.0,0.0,1.0,44.178832798498,44.743510254112,44.083124755174,44.111837168171,3667800.0
2012-10-08,45.96,46.57,45.56,45.93,3414600.0,0.0,1.0,43.98741671185,44.571235776128,43.604584538552,43.958704298852,3414600.0
2012-10-05,45.87,47.68,45.76,46.02,7658200.0,0.0,1.0,43.901279472858,45.633595057028,43.796000625201,44.044841537844,7658200.0
2012-10-04,45.59,45.66,45.08,45.39,6196000.0,0.0,1.0,43.63329695155,43.700292581877,43.145185930596,43.441880864901,6196000.0
2012-10-03,46.27,46.41,45.0,45.16,5392000.0,0.0,1.0,44.284111646155,44.418102906809,43.068619495936,43.221752365255,5392000.0
2012-10-02,46.68,46.96,46.27,46.42,2911900.0,0.0,1.0,44.676514623785,44.944497145093,44.284111646155,44.427673711141,2911900.0
2012-10-01,46.6,47.02,46.26,46.56,2785500.0,0.0,1.0,44.599948189125,45.001921971087,44.274540841822,44.561664971795,2785500.0
2012-09-28,46.43,46.53,46.02,46.37,3253700.0,0.0,1.0,44.437244515474,44.532952558798,44.044841537844,44.379819689479,3253700.0
2012-09-27,45.8,46.74,45.68,46.53,3180100.0,0.0,1.0,43.834283842531,44.733939449779,43.719434190542,44.532952558798,3180100.0
2012-09-26,45.69,46.33,45.23,45.53,3626000.0,0.0,1.0,43.729004994874,44.341536472149,43.288747995582,43.575872125555,3626000.0
2012-09-25,47.0,47.3,45.96,45.98,2912200.0,0.0,1.0,44.982780362422,45.269904492395,43.98741671185,44.006558320514,2912200.0
2012-09-24,46.69,46.92,46.26,46.74,2453800.0,0.0,1.0,44.686085428117,44.906213927763,44.274540841822,44.733939449779,2453800.0
2012-09-21,46.04,47.09,46.04,46.82,5960500.0,0.0,1.0,44.063983146509,45.068917601414,44.063983146509,44.810505884439,5960500.0
2012-09-20,45.39,46.31,45.17,45.78,3233500.0,0.0,1.0,43.441880864901,44.322394863485,43.231323169588,43.815142233866,3233500.0
2012-09-19,45.53,46.6,45.51,45.57,3505400.0,0.0,1.0,43.575872125555,44.599948189125,43.55673051689,43.614155342885,3505400.0
2012-09-18,45.53,45.78,44.44,45.52,6108200.0,0.0,1.0,43.575872125555,43.815142233866,42.53265445332,43.566301321223,6108200.0
2012-09-17,46.17,46.97,46.0,46.14,4833400.0,0.0,1.0,44.188403602831,44.954067949425,44.025699929179,44.159691189833,4833400.0
2012-09-14,47.16,48.22,46.01,46.73,6718600.0,0.0,1.0,45.135913231741,46.150418490979,44.035270733512,44.724368645447,6718600.0
2012-09-13,46.3,46.85,45.37,46.64,5292000.0,0.0,1.0,44.312824059152,44.839218297436,43.422739256236,44.638231406455,5292000.0
2012-09-12,46.14,47.41,46.04,46.28,5269800.0,0.0,1.0,44.159691189833,45.375183340052,44.063983146509,44.293682450487,5269800.0
2012-09-11,44.64,46.1,44.46,45.59,6304700.0,0.0,1.0,42.724070539969,44.121407972504,42.551796061985,43.63329695155,6304700.0
2012-09-10,43.93,44.85,43.93,44.54,4417300.0,0.0,1.0,42.044543432366,42.92505743095,42.044543432366,42.628362496644,4417300.0
2012-09-07,43.48,44.31,43.36,44.26,3458100.0,0.0,1.0,41.613857237407,42.408233996999,41.499007585418,42.360379975336,3458100.0
2012-09-06,42.16,43.74,42.16,43.42,4222200.0,0.0,1.0,40.350511065526,41.86269815005,40.350511065526,41.556432411412,4222200.0
2012-09-05,42.49,42.58,41.43,41.74,2881800.0,0.0,1.0,40.666347608496,40.752484847488,39.651842349259,39.948537283564,2881800.0
2012-09-04,42.07,42.45,41.48,42.41,2620700.0,0.0,1.0,40.264373826534,40.628064391167,39.699696370921,40.589781173837,2620700.0
2012-08-31,42.7,43.0,41.1,42.0,5791200.0,0.0,1.0,40.867334499477,41.15445862945,39.336005806288,40.197378196207,5791200.0
2012-08-30,41.79,42.7,41.62,42.48,2523800.0,0.0,1.0,39.996391305226,40.867334499477,39.833687631575,40.656776804164,2523800.0
2012-08-29,41.9,42.39,41.65,41.98,2674300.0,0.0,1.0,40.101670152883,40.570639565172,39.862400044572,40.178236587542,2674300.0
2012-08-28,40.9,42.47,40.9,41.96,3770300.0,0.0,1.0,39.14458971964,40.647205999831,39.14458971964,40.159094978877,3770300.0
2012-08-27,41.43,42.39,40.97,41.07,3779200.0,0.0,1.0,39.651842349259,40.570639565172,39.211585349967,39.307293393291,3779200.0
2012-08-24,41.15,41.54,40.74,41.36,2562300.0,0.0,1.0,39.383859827951,39.757121196915,38.991456850321,39.584846718932,2562300.0
2012-08-23,41.48,41.63,41.05,41.33,1996300.0,0.0,1.0,39.699696370921,39.843258435907,39.288151784626,39.556134305934,1996300.0
2012-08-22,41.36,41.53,40.42,41.48,4384500.0,0.0,1.0,39.584846718932,39.747550392583,38.685191111683,39.699696370921,4384500.0
2012-08-21,43.38,43.38,41.49,41.55,4469400.0,0.0,1.0,41.518149194083,41.518149194083,39.709267175253,39.766692001248,4469400.0
2012-08-20,42.87,43.45,42.75,43.07,3809500.0,0.0,1.0,41.030038173129,41.58514482441,40.915188521139,41.221454259777,3809500.0
2012-08-17,41.62,42.93,41.47,42.77,5536300.0,0.0,1.0,39.833687631575,41.087462999123,39.690125566588,40.934330129804,5536300.0
2012-08-16,40.53,41.26,40.37,41.18,3862100.0,0.0,1.0,38.79046995934,39.489138675607,38.637337090021,39.412572240948,3862100.0
2012-08-15,40.54,40.66,39.93,40.36,4009400.0,0.0,1.0,38.800040763672,38.914890415662,38.216221699394,38.627766285689,4009400.0
2012-08-14,40.19,40.45,39.8,39.93,2533900.0,0.0,1.0,38.465062612037,38.71390352468,38.091801243073,38.216221699394,2533900.0
2012-08-13,39.86,40.35,39.77,40.15,2213500.0,0.0,1.0,38.149226069067,38.618195481356,38.063088830075,38.426779394708,2213500.0
2012-08-10,40.26,40.43,39.75,40.0,2107700.0,0.0,1.0,38.532058242364,38.694761916016,38.04394722141,38.283217329721,2107700.0
2012-08-09,39.9,40.6,39.88,40.32,2888200.0,0.0,1.0,38.187509286397,38.857465589667,38.168367677732,38.589483068359,2888200.0
2012-08-08,39.6,40.2,39.46,40.15,4002600.0,0.0,1.0,37.900385156424,38.47463341637,37.76639389577,38.426779394708,4002600.0
2012-08-07,40.39,40.83,39.59,39.77,4636800.0,0.0,1.0,38.656478698686,39.077594089313,37.890814352091,38.063088830075,4636800.0
2012-08-06,39.94,40.35,39.77,40.07,3405100.0,0.0,1.0,38.225792503727,38.618195481356,38.063088830075,38.350212960048,3405100.0
2012-08-03,38.6,39.85,38.6,39.67,4516000.0,0.0,1.0,36.943304723181,38.139655264735,36.943304723181,37.967380786751,4516000.0
2012-08-02,37.94,39.07,37.84,38.3,4434800.0,0.0,1.0,36.31163163724,37.393132526805,36.215923593916,36.656180593208,4434800.0
2012-08-01,39.08,40.18,37.78,38.27,6639700.0,0.0,1.0,37.402703331138,38.455491807705,36.158498767922,36.627468180211,6639700.0
2012-07-31,37.74,38.36,37.51,37.6,6958400.0,0.0,1.0,36.120215550592,36.713605419203,35.900087050946,35.986224289938,6958400.0
2012-07-30,36.86,37.65,36.83,37.65,2830300.0,0.0,1.0,35.277984769338,36.0340783116,35.249272356341,36.0340783116,2830300.0
2012-07-27,36.23,36.91,35.9,36.52,6158600.0,0.0,1.0,34.675024096395,35.325838791,34.359187553425,34.952577422035,6158600.0
2012-07-26,35.76,36.06,35.59,35.96,2951300.0,0.0,1.0,34.225196292771,34.512320422744,34.062492619119,34.416612379419,2951300.0
2012-07-25,35.6,35.89,34.87,35.4,3551300.0,0.0,1.0,34.072063423452,34.349616749092,33.373394707184,33.880647336803,3551300.0
2012-07-24,35.25,35.42,34.61,35.23,2351600.0,0.0,1.0,33.737085271817,33.899788945468,33.124553794541,33.717943663152,2351600.0
2012-07-23,34.79,35.28,34.5,35.02,3245900.0,0.0,1.0,33.296828272525,33.765797684814,33.019274946884,33.516956772171,3245900.0
2012-07-20,35.18,35.44,34.91,35.32,3290000.0,0.0,1.0,33.67008964149,33.918930554133,33.411677924514,33.804080902144,3290000.0
2012-07-19,36.92,37.0,35.5,35.6,3758600.0,0.2,1.0,35.335409595333,35.411976029992,33.976355380128,34.072063423452,3758600.0
2012-07-18,36.65,37.67,36.59,37.1,2839200.0,0.0,1.0,34.881036996355,35.851805283839,34.823932979444,35.309317123186,2839200.0
2012-07-17,36.16,36.8,35.86,36.69,3604100.0,0.0,1.0,34.414687524917,35.023797038632,34.129167440363,34.919106340962,3604100.0
2012-07-16,34.69,36.12,34.56,36.1,4895700.0,0.0,1.0,33.015639110602,34.376618180309,32.891913740628,34.357583508006,4895700.0
2012-07-13,33.61,35.08,33.51,34.94,4801300.0,0.0,1.0,31.987766806207,33.386815220522,31.892593444689,33.253572514397,4801300.0
2012-07-12,33.15,33.19,32.55,33.01,3505600.0,0.0,1.0,31.549969343224,31.588038687831,30.978929174116,31.416726637099,3505600.0
2012-07-11,32.66,33.64,32.35,33.48,2583000.0,0.0,1.0,31.083619871786,32.016318814663,30.78858245108,31.864041436234,2583000.0
2012-07-10,33.47,33.47,32.5,32.68,2972900.0,0.0,1.0,31.854524100082,31.854524100082,30.931342493357,31.10265454409,2972900.0
2012-07-09,33.08,33.76,32.65,33.25,2264600.0,0.0,1.0,31.483347990162,32.130526848484,31.074102535634,31.645142704742,2264600.0
2012-07-06,33.4,33.68,32.92,33.37,1907800.0,0.0,1.0,31.787902747019,32.05438815927,31.331070611733,31.759350738564,1907800.0
2012-07-05,33.83,34.24,33.54,33.8,2711300.0,0.0,1.0,32.197148201547,32.587358983771,31.921145453145,32.168596193091,2711300.0
2012-07-03,34.02,34.63,33.83,34.24,3647400.0,0.0,1.0,32.377977588431,32.958535093691,32.197148201547,32.587358983771,3647400.0
2012-07-02,33.59,34.32,33.37,34.0,3868500.0,0.0,1.0,31.968732133904,32.663497672985,31.759350738564,32.358942916127,3868500.0
2012-06-29,32.78,33.38,32.65,33.24,4599500.0,0.0,1.0,31.197827905608,31.768868074716,31.074102535634,31.63562536859,4599500.0
2012-06-28,31.54,32.4,31.29,32.31,3115900.0,0.0,1.0,30.017678222784,30.836169131839,29.779744818989,30.750513106473,3115900.0
2012-06-27,32.61,33.4,31.42,31.89,3615600.0,0.0,1.0,31.036033191027,31.787902747019,29.903470188962,30.350784988097,3615600.0
2012-06-26,32.81,33.98,32.4,32.58,3274700.0,0.0,1.0,31.226379914063,32.339908243824,30.836169131839,31.007481182572,3274700.0
2012-06-25,33.69,33.69,32.76,32.87,3518600.0,0.0,1.0,32.063905495422,32.063905495422,31.178793233304,31.283483930974,3518600.0
2012-06-22,33.65,34.71,33.03,34.16,4359500.0,0.0,1.0,32.025836150814,33.034673782905,31.435761309403,32.511220294556,4359500.0
2012-06-21,34.7,34.76,33.06,33.48,3489900.0,0.0,1.0,33.025156446754,33.082260463664,31.464313317858,31.864041436234,3489900.0
2012-06-20,33.79,34.85,33.48,34.66,4628400.0,0.0,1.0,32.15907885694,33.167916489031,31.864041436234,32.987087102146,4628400.0
2012-06-19,34.06,34.53,33.73,33.86,4873500.0,0.0,1.0,32.416046933038,32.863361732173,32.101974840029,32.225700210002,4873500.0
2012-06-18,34.38,34.5,33.83,33.86,4254400.0,0.0,1.0,32.720601689896,32.834809723718,32.197148201547,32.225700210002,4254400.0
2012-06-15,33.6,34.91,33.38,34.9,9892400.0,0.0,1.0,31.978249470055,33.225020505941,31.768868074716,33.21550316979,9892400.0
2012-06-14,32.77,33.64,32.31,33.53,4460000.0,0.0,1.0,31.188310569456,32.016318814663,30.750513106473,31.911628116993,4460000.0
2012-06-13,33.27,33.49,32.54,32.77,3696800.0,0.0,1.0,31.664177377046,31.873558772386,30.969411837964,31.188310569456,3696800.0
2012-06-12,32.56,33.74,32.49,33.49,6809900.0,0.0,1.0,30.988446510268,32.111492176181,30.921825157205,31.873558772386,6809900.0
2012-06-11,32.45,33.05,32.23,32.6,5999000.0,0.0,1.0,30.883755812598,31.454795981706,30.674374417258,31.026515854875,5999000.0
2012-06-08,31.66,32.35,31.51,32.12,4302100.0,0.0,1.0,30.131886256606,30.78858245108,29.989126214329,30.569683719589,4302100.0
2012-06-07,32.07,32.75,31.74,31.83,7694300.0,0.0,1.0,30.52209703883,31.169275897152,30.20802494582,30.293680971186,7694300.0
2012-06-06,30.03,32.0,29.82,31.53,8609400.0,0.0,1.0,28.580560463862,30.455475685767,28.380696404674,30.008160886632,8609400.0
2012-06-05,29.37,30.1,29.32,29.9,4046500.0,0.0,1.0,27.952416277843,28.647181816925,27.904829597084,28.456835093889,4046500.0
2012-06-04,29.3,30.19,29.25,29.53,4844900.0,0.0,1.0,27.88579492478,28.732837842291,27.838208244021,28.104693656272,4844900.0
2012-06-01,29.5,30.17,29.38,29.92,5701700.0,0.0,1.0,28.076141647816,28.713803169987,27.961933613995,28.475869766192,5701700.0
2012-05-31,30.26,30.35,29.72,30.03,8098000.0,0.0,1.0,28.799459195353,28.88511522072,28.285523043156,28.580560463862,8098000.0
2012-05-30,30.79,30.83,30.18,30.44,6000600.0,0.0,1.0,29.303878011399,29.341947356006,28.723320506139,28.970771246086,6000600.0
2012-05-29,31.28,31.72,30.86,31.01,3979600.0,0.0,1.0,29.770227482837,30.188990273517,29.370499364462,29.513259406739,3979600.0
2012-05-25,31.01,31.41,30.83,31.3,3217900.0,0.0,1.0,29.513259406739,29.893952852811,29.341947356006,29.789262155141,3217900.0
2012-05-24,31.42,31.44,30.75,31.13,4210400.0,0.0,1.0,29.903470188962,29.922504861266,29.265808666792,29.62746744056,4210400.0
2012-05-23,31.35,31.49,30.88,31.41,5268900.0,0.0,1.0,29.8368488359,29.970091542025,29.389534036765,29.893952852811,5268900.0
2012-05-22,31.88,32.27,31.33,31.63,5415000.0,0.0,1.0,30.341267651945,30.712443761866,29.817814163596,30.10333424815,5415000.0
2012-05-21,31.23,32.34,30.95,32.19,5480100.0,0.0,1.0,29.722640802078,30.779065114928,29.456155389828,30.636305072651,5480100.0
2012-05-18,31.43,31.69,30.99,31.38,7940800.0,0.0,1.0,29.912987525114,30.160438265061,29.494224734435,29.865400844355,7940800.0
2012-05-17,31.89,32.0,31.2,31.26,5850500.0,0.0,1.0,30.350784988097,30.455475685767,29.694088793623,29.751192810534,5850500.0
2012-05-16,31.46,32.39,31.25,32.1,6118600.0,0.0,1.0,29.94153953357,30.826651795687,29.741675474382,30.550649047285,6118600.0
2012-05-15,31.35,32.32,31.06,31.67,6362800.0,0.0,1.0,29.8368488359,30.760030442625,29.560846087498,30.141403592758,6362800.0
2012-05-14,31.19,31.58,30.77,31.32,6398200.0,0.0,1.0,29.684571457471,30.055747567391,29.284843339095,29.808296827444,6398200.0
2012-05-11,31.73,32.15,31.4,31.83,4460100.0,0.0,1.0,30.198507609668,30.598235728044,29.884435516659,30.293680971186,4460100.0
2012-05-10,33.05,33.35,31.52,32.48,8862000.0,0.0,1.0,31.454795981706,31.74031606626,29.99864355048,30.912307821053,8862000.0
2012-05-09,29.81,32.89,29.73,32.49,13990000.0,0.0,1.0,28.371179068522,31.302518603277,28.295040379308,30.921825157205,13990000.0
2012-05-08,29.09,30.41,28.75,30.1,14601300.0,0.0,1.0,27.685930865593,28.94221923763,27.362341436431,28.647181816925,14601300.0
2012-05-07,30.1,30.55,29.25,29.35,12257200.0,0.0,1.0,28.647181816925,29.075461943756,27.838208244021,27.933381605539,12257200.0
2012-05-04,30.85,31.09,30.12,30.16,10881000.0,0.0,1.0,29.36098202831,29.589398095953,28.666216489228,28.704285833835,10881000.0
2012-05-03,31.93,31.98,31.05,31.39,11800000.0,0.0,1.0,30.388854332704,30.436441013463,29.551328751346,29.874918180507,11800000.0
2012-05-02,32.6,32.67,31.63,32.0,11287600.0,0.0,1.0,31.026515854875,31.093137207938,30.10333424815,30.455475685767,11287600.0
2012-05-01,33.74,34.1,32.58,32.76,6878600.0,0.0,1.0,32.111492176181,32.454116277645,31.007481182572,31.178793233304,6878600.0
2012-04-30,34.34,34.9,34.0,34.05,4105700.0,0.0,1.0,32.682532345289,33.21550316979,32.358942916127,32.406529596886,4105700.0
2012-04-27,35.25,35.25,33.97,34.11,536000.0,0.0,1.0,33.548609935103,33.548609935103,32.330390907672,32.463633613797,536000.0
2012-04-26,34.61,34.99,34.44,34.95,183900.0,0.0,1.0,32.939500421387,33.301159195156,32.777705706807,33.263089850549,183900.0
2012-04-25,34.8,35.5,34.5,34.75,266200.0,0.0,1.0,33.120329808272,33.786543338898,32.834809723718,33.072743127513,266200.0
2012-04-24,36.0,36.0,34.68,34.75,124500.0,0.0,1.0,34.262410146488,34.262410146488,33.00612177445,33.072743127513,124500.0
2012-04-23,36.24,36.24,35.42,35.68,95700.0,0.0,1.0,34.490826214131,34.490826214131,33.710404649683,33.95785538963,95700.0
2012-04-20,36.1,37.0,36.1,36.32,149700.0,0.0,1.0,34.357583508006,35.214143761668,34.357583508006,34.566964903346,149700.0
2012-04-19,36.0,37.22,35.8,36.0,598100.0,0.0,1.0,34.262410146488,35.423525157008,34.072063423452,34.262410146488,598100.0
2012-04-18,36.0,36.44,34.5,36.0,207100.0,0.0,1.0,34.262410146488,34.681172937167,32.834809723718,34.262410146488,207100.0
2012-04-17,36.4,36.75,36.0,36.0,179600.0,0.0,1.0,34.64310359256,34.976210357873,34.262410146488,34.262410146488,179600.0
2012-04-16,37.0,37.0,35.99,36.55,550200.0,0.0,1.0,35.214143761668,35.214143761668,34.252892810336,34.785863634837,550200.0
2012-04-13,34.0,37.45,33.91,37.0,1685000.0,0.0,1.0,32.358942916127,35.642423888499,32.273286890761,35.214143761668,1685000.0
2012-04-12,33.25,34.21,32.0,34.0,654700.0,0.0,1.0,31.645142704742,32.558806975315,30.455475685767,32.358942916127,654700.0
