2014-10-27,35.24,35.255,34.61,35.02,1397416.0,0.128,1.0,35.24,35.255,34.61,35.02,1397416.0
2014-10-24,34.98,35.35,34.76,35.34,787048.0,0.0,1.0,34.852611812905,35.221264367816,34.633412996472,35.211300785251,787048.0
2014-10-23,34.54,35.3,34.394,35.05,944253.0,0.0,1.0,34.414214180039,35.17144645499,34.268745874587,34.922356890862,944253.0
2014-10-22,34.58,34.71,34.01,34.06,919406.0,0.0,1.0,34.454068510299,34.583595083646,33.886144304086,33.935962216911,919406.0
2014-10-21,33.99,34.65,33.87,34.51,1314137.0,0.0,1.0,33.866217138955,34.523813588255,33.746654148173,34.384323432343,1314137.0
2014-10-20,34.01,34.29,33.5527,33.71,1384162.0,0.0,1.0,33.886144304086,34.16512461591,33.430509673381,33.587236827131,1384162.0
2014-10-17,34.4,34.66,33.81,34.21,1402083.0,0.0,1.0,34.274724024127,34.533777170821,33.686872652783,34.085415955389,1402083.0
2014-10-16,32.53,34.29,32.47,34.04,1909852.0,0.0,1.0,32.411534084443,34.16512461591,32.351752589052,33.916035051781,1909852.0
2014-10-15,32.2,33.7,31.8,33.3,2074078.0,0.0,1.0,32.082735859793,33.577273244566,31.684192557187,33.17872994196,2074078.0
2014-10-14,32.36,33.26,32.32,32.7,1373791.0,0.0,1.0,32.242153180835,33.138875611699,32.202298850575,32.580914988051,1373791.0
2014-10-13,32.57,32.82,31.88,31.91,1163816.0,0.0,1.0,32.451388414704,32.700477978832,31.763901217708,31.793791965403,1163816.0
2014-10-10,33.35,33.39,32.5,32.5,1116279.0,0.0,1.0,33.228547854785,33.268402185046,32.381643336747,32.381643336747,1116279.0
2014-10-09,34.52,34.58,33.32,33.38,663353.0,0.0,1.0,34.394287014908,34.454068510299,33.19865710709,33.258438602481,663353.0
2014-10-08,34.15,34.66,33.68,34.63,1069686.0,0.0,1.0,34.025634459998,34.533777170821,33.557346079436,34.503886423125,1069686.0
2014-10-07,35.16,35.28,34.14,34.15,1199033.0,0.0,1.0,35.031956299078,35.15151928986,34.015670877433,34.025634459998,1199033.0
2014-10-06,35.23,35.63,35.07,35.58,1036871.0,0.0,1.0,35.101701377034,35.50024467964,34.942284055992,35.450426766815,1036871.0
2014-10-03,35.12,35.3,34.92,35.07,1222236.0,0.0,1.0,34.992101968818,35.17144645499,34.792830317515,34.942284055992,1222236.0
2014-10-02,34.66,35.05,34.19,35.01,1026849.0,0.0,1.0,34.533777170821,34.922356890862,34.065488790258,34.882502560601,1026849.0
2014-10-01,35.37,35.53,34.68,34.86,995984.0,0.0,1.0,35.241191532946,35.400608853989,34.553704335951,34.733048822124,995984.0
2014-09-30,36.2,36.23,35.38,35.49,1093439.0,0.0,1.0,36.068168885854,36.09805963355,35.251155115512,35.360754523728,1093439.0
2014-09-29,36.1,36.35,36.06,36.25,573744.0,0.0,1.0,35.968533060203,36.217622624331,35.928678729942,36.11798679868,573744.0
2014-09-26,36.49,36.69,36.27,36.6,422960.0,0.0,1.0,36.357112780244,36.556384431547,36.13791396381,36.46671218846,422960.0
2014-09-25,37.12,37.18,36.48,36.51,1058957.0,0.0,1.0,36.984818481848,37.044599977239,36.347149197678,36.377039945374,1058957.0
2014-09-24,37.26,37.5207,37.05,37.38,1036034.0,0.0,1.0,37.12430863776,37.384059235234,36.915073403892,37.243871628542,1036034.0
2014-09-23,37.06,37.665,36.95,37.39,882603.0,0.0,1.0,36.925036986457,37.527833731649,36.815437578241,37.253835211107,882603.0
2014-09-22,37.62,37.71,37.13,37.33,623431.0,0.0,1.0,37.482997610106,37.572669853192,36.994782064413,37.194053715716,623431.0
2014-09-19,37.72,37.945,37.48,37.77,1480514.0,0.0,1.0,37.582633435757,37.806814043473,37.343507454194,37.632451348583,1480514.0
2014-09-18,37.53,37.84,37.32,37.77,668328.0,0.0,1.0,37.393325367019,37.702196426539,37.184090133151,37.632451348583,668328.0
2014-09-17,37.07,37.76,37.23,37.4,479044.0,0.0,1.0,36.935000569022,37.622487766018,37.094417890065,37.263798793672,479044.0
2014-09-16,37.07,37.65,37.04,37.51,597158.0,0.0,1.0,36.935000569022,37.512888357801,36.905109821327,37.373398201889,597158.0
2014-09-15,37.06,37.33,37.04,37.18,403504.0,0.0,1.0,36.925036986457,37.194053715716,36.905109821327,37.044599977239,403504.0
2014-09-12,37.42,37.5,37.02,37.15,414109.0,0.0,1.0,37.283725958803,37.363434619324,36.885182656197,37.014709229544,414109.0
2014-09-11,37.12,37.55,37.12,37.41,495908.0,0.0,1.0,36.984818481848,37.41325253215,36.984818481848,37.273762376238,495908.0
2014-09-10,37.37,37.41,36.96,37.32,314521.0,0.0,1.0,37.233908045977,37.273762376238,36.825401160806,37.184090133151,314521.0
2014-09-09,37.59,37.72,37.28,37.37,488161.0,0.0,1.0,37.45310686241,37.582633435757,37.144235802891,37.233908045977,488161.0
2014-09-08,37.57,37.73,37.44,37.67,710268.0,0.128,1.0,37.43317969728,37.592597018323,37.303653123933,37.532815522932,710268.0
2014-09-05,37.62,37.82,37.36,37.78,460333.0,0.0,1.0,37.356064341306,37.554661174593,37.097888458033,37.514941807936,460333.0
2014-09-04,37.92,38.34,37.79,37.88,1064926.0,0.0,1.0,37.653959591237,38.07101294114,37.5248716496,37.614240224579,1064926.0
2014-09-03,38.21,38.26,37.74,37.85,748314.0,0.0,1.0,37.941924999503,37.991574207825,37.475222441278,37.584450699586,748314.0
2014-09-02,37.47,38.1,37.38,38.06,929805.0,0.0,1.0,37.207116716341,37.832696741195,37.117748141362,37.792977374538,929805.0
2014-08-29,37.4,37.48,36.95,37.26,395122.0,0.0,1.0,37.13760782469,37.217046558005,36.690764949794,36.998590041389,395122.0
2014-08-28,37.33,37.4,37.15,37.26,547049.0,0.0,1.0,37.06809893304,37.13760782469,36.889361783081,36.998590041389,547049.0
2014-08-27,37.53,37.65,37.25,37.43,323904.0,0.0,1.0,37.266695766327,37.385853866299,36.988660199725,37.167397349683,323904.0
2014-08-26,37.9,38.04,37.64,37.65,308262.0,0.0,1.0,37.634099907908,37.773117691209,37.375924024635,37.385853866299,308262.0
2014-08-25,37.52,37.88,37.43,37.82,402715.0,0.0,1.0,37.256765924663,37.614240224579,37.167397349683,37.554661174593,402715.0
2014-08-22,37.61,37.73,37.36,37.4,578654.0,0.0,1.0,37.346134499642,37.465292599614,37.097888458033,37.13760782469,578654.0
2014-08-21,37.89,38.06,37.69,37.78,432085.0,0.0,1.0,37.624170066244,37.792977374538,37.425573232957,37.514941807936,432085.0
2014-08-20,37.49,38.13,37.46,38.01,898911.0,0.0,1.0,37.226976399669,37.862486266188,37.197186874676,37.743328166216,898911.0
2014-08-19,37.43,37.6,37.38,37.51,575767.0,0.0,1.0,37.167397349683,37.336204657977,37.117748141362,37.246836082998,575767.0
2014-08-18,37.01,37.41,36.98,37.4,539238.0,0.0,1.0,36.75034399978,37.147537666355,36.720554474787,37.13760782469,539238.0
2014-08-15,36.89,37.05,36.475,36.72,680849.0,0.0,1.0,36.631185899808,36.790063366438,36.219097470737,36.462378591514,680849.0
2014-08-14,36.72,36.88,36.565,36.69,342585.0,0.0,1.0,36.462378591514,36.621256058144,36.308466045717,36.432589066521,342585.0
2014-08-13,36.56,36.79,36.44,36.74,552304.0,0.0,1.0,36.303501124884,36.531887483165,36.184343024912,36.482238274843,552304.0
2014-08-12,36.52,37.07,36.44,36.51,753156.0,0.0,1.0,36.263781758227,36.809923049767,36.184343024912,36.253851916563,753156.0
2014-08-11,36.24,36.73,36.24,36.56,708963.0,0.0,1.0,35.985746191625,36.472308433178,35.985746191625,36.303501124884,708963.0
2014-08-08,35.9,36.17,35.79,36.06,1028455.0,0.0,1.0,35.648131575037,35.916237299974,35.538903316729,35.807009041667,1028455.0
2014-08-07,35.9,36.23,35.65,36.04,1650028.0,0.0,1.0,35.648131575037,35.975816349961,35.399885533428,35.787149358338,1650028.0
2014-08-06,35.53,35.92,35.25,35.64,1061286.0,0.0,1.0,35.280727433456,35.667991258366,35.002691866854,35.389955691764,1061286.0
2014-08-05,35.16,35.92,35.11,35.63,1246661.0,0.0,1.0,34.913323291875,35.667991258366,34.863674083553,35.380025850099,1246661.0
2014-08-04,34.96,35.41,34.77,35.3,1159820.0,0.0,1.0,34.714726458587,35.161569333483,34.526059466965,35.052341075176,1159820.0
2014-08-01,35.05,35.23,34.86,34.98,1626632.0,0.0,1.0,34.804095033567,34.982832183525,34.615428041944,34.734586141916,1626632.0
2014-07-31,36.13,36.49,35.26,35.29,1194062.0,0.0,1.0,35.876517933317,36.233992233234,35.012621708518,35.042411233511,1194062.0
2014-07-30,37.44,37.51,36.42,36.43,1652277.0,0.0,1.0,37.177327191348,37.246836082998,36.164483341583,36.174413183248,1652277.0
2014-07-29,37.38,38.8675,37.19,37.2,2247789.0,0.0,1.0,37.117748141362,38.594812088934,36.929081149739,36.939010991403,2247789.0
2014-07-28,36.855,36.855,36.34,36.46,1553124.0,0.0,1.0,36.596431453983,36.596431453983,36.085044608269,36.204202708241,1553124.0
2014-07-25,36.97,37.02,36.695,36.84,1493429.0,0.0,1.0,36.710624633123,36.760273841445,36.437553987353,36.581536691486,1493429.0
2014-07-24,37.47,37.52,37.08,37.21,589100.0,0.0,1.0,37.207116716341,37.256765924663,36.819852891431,36.948940833067,589100.0
2014-07-23,37.65,37.746,37.21,37.33,526295.0,0.0,1.0,37.385853866299,37.481180346277,36.948940833067,37.06809893304,526295.0
2014-07-22,37.85,38.04,37.56,37.6,547586.0,0.0,1.0,37.584450699586,37.773117691209,37.29648529132,37.336204657977,547586.0
2014-07-21,37.34,37.83,37.26,37.65,622045.0,0.0,1.0,37.078028774704,37.564591016258,36.998590041389,37.385853866299,622045.0
2014-07-18,36.65,37.49,36.59,37.45,587223.0,0.0,1.0,36.392869699864,37.226976399669,36.333290649877,37.187257033012,587223.0
2014-07-17,37.25,37.27,36.68,36.73,783964.0,0.0,1.0,36.988660199725,37.008519883054,36.422659224857,36.472308433178,783964.0
2014-07-16,37.27,37.61,37.01,37.59,723909.0,0.0,1.0,37.008519883054,37.346134499642,36.75034399978,37.326274816313,723909.0
2014-07-15,37.41,37.75,36.92,37.23,1078191.0,0.0,1.0,37.147537666355,37.485152282943,36.660975424801,36.968800516396,1078191.0
2014-07-14,37.37,37.6,37.11,37.52,955545.0,0.0,1.0,37.107818299697,37.336204657977,36.849642416424,37.256765924663,955545.0
2014-07-11,37.25,37.33,36.77,37.1,1030003.0,0.0,1.0,36.988660199725,37.06809893304,36.512027799836,36.83971257476,1030003.0
2014-07-10,36.86,37.53,36.7,37.24,722835.0,0.0,1.0,36.601396374815,37.266695766327,36.442518908185,36.978730358061,722835.0
2014-07-09,37.44,37.63,37.275,37.54,690070.0,0.0,1.0,37.177327191348,37.36599418297,37.013484803886,37.276625607991,690070.0
2014-07-08,37.98,37.87,37.11,37.36,1298822.0,0.0,1.0,37.713538641223,37.604310382915,36.849642416424,37.097888458033,1298822.0
2014-07-07,38.74,38.83,37.84,38.0,1026767.0,0.0,1.0,38.468206607714,38.557575182693,37.574520857922,37.733398324552,1026767.0
2014-07-03,38.76,39.16,38.77,39.02,433157.0,0.0,1.0,38.488066291043,38.885259957617,38.497996132707,38.746242174316,433157.0
2014-07-02,39.01,39.23,38.45,38.65,758487.0,0.0,1.0,38.736312332652,38.954768849267,38.180241199448,38.378838032735,758487.0
2014-07-01,39.34,39.43,39.08,39.13,643468.0,0.0,1.0,39.063997107575,39.153365682554,38.805821224302,38.855470432624,643468.0
2014-06-30,39.18,39.31,38.92,39.08,845858.0,0.0,1.0,38.905119640946,39.034207582582,38.646943757672,38.805821224302,845858.0
2014-06-27,39.12,39.32,38.97,39.25,1586031.0,0.0,1.0,38.845540590959,39.044137424247,38.696592965994,38.974628532596,1586031.0
2014-06-26,38.6,39.5,38.6,39.13,758991.0,0.0,1.0,38.329188824413,39.222874574205,38.329188824413,38.855470432624,758991.0
2014-06-25,39.15,39.44,39.07,39.37,809172.0,0.0,1.0,38.875330115952,39.163295524219,38.795891382638,39.093786632568,809172.0
2014-06-24,39.76,40.0,39.14,39.23,907909.0,0.0,1.0,39.481050457478,39.719366657423,38.865400274288,38.954768849267,907909.0
2014-06-23,39.72,39.96,39.43,39.78,1028409.0,0.0,1.0,39.441331090821,39.679647290765,39.153365682554,39.500910140807,1028409.0
2014-06-20,39.42,39.84,39.03,39.67,1567582.0,0.0,1.0,39.14343584089,39.560489190793,38.75617201598,39.391681882499,1567582.0
2014-06-19,38.86,39.47,38.59,39.34,994742.0,0.0,1.0,38.587364707686,39.193085049212,38.319258982749,39.063997107575,994742.0
2014-06-18,38.7,39.08,38.25,38.92,886425.0,0.0,1.0,38.428487241056,38.805821224302,37.98164436616,38.646943757672,886425.0
2014-06-17,38.28,38.73,38.13,38.58,677911.0,0.0,1.0,38.011433891154,38.45827676605,37.862486266188,38.309329141084,677911.0
2014-06-16,38.57,38.74,38.33,38.47,869052.0,0.0,1.0,38.29939929942,38.468206607714,38.061083099475,38.200100882776,869052.0
2014-06-13,37.84,38.65,37.73,38.6,1300480.0,0.0,1.0,37.574520857922,38.378838032735,37.465292599614,38.329188824413,1300480.0
2014-06-12,37.87,38.04,37.46,37.77,2328629.0,0.0,1.0,37.604310382915,37.773117691209,37.197186874676,37.505011966271,2328629.0
2014-06-11,37.86,37.98,37.52,37.96,758432.0,0.0,1.0,37.594380541251,37.713538641223,37.256765924663,37.693678957894,758432.0
2014-06-10,38.02,38.27,37.74,38.13,811040.0,0.0,1.0,37.75325800788,38.001504049489,37.475222441278,37.862486266188,811040.0
2014-06-09,37.67,38.5,37.57,38.11,1026198.0,0.0,1.0,37.405713549628,38.229890407769,37.306415132984,37.84262658286,1026198.0
2014-06-06,37.29,37.8,36.96,37.75,1425909.0,0.0,1.0,37.028379566382,37.534801491264,36.700694791459,37.485152282943,1425909.0
2014-06-05,37.06,37.49,36.89,37.37,1180385.0,0.0,1.0,36.799993208102,37.226976399669,36.631185899808,37.107818299697,1180385.0
2014-06-04,37.3,37.31,36.83,36.88,913354.0,0.0,1.0,37.038309408047,37.048239249711,36.571606849822,36.621256058144,913354.0
2014-06-03,37.34,37.43,37.2,37.23,1267622.0,0.0,1.0,37.078028774704,37.167397349683,36.939010991403,36.968800516396,1267622.0
2014-06-02,37.39,37.655,37.06,37.53,1150876.0,0.0,1.0,37.127677983026,37.390818787131,36.799993208102,37.266695766327,1150876.0
2014-05-30,36.73,37.34,36.72,37.3,1665355.0,0.0,1.0,36.472308433178,37.078028774704,36.462378591514,37.038309408047,1665355.0
2014-05-29,38.16,38.18,36.5,36.75,2805474.0,0.0,1.0,37.892275791181,37.91213547451,36.243922074898,36.492168116507,2805474.0
2014-05-28,38.51,38.63,38.14,38.16,740146.0,0.0,1.0,38.239820249434,38.358978349406,37.872416107853,37.892275791181,740146.0
2014-05-27,38.51,38.91,38.43,38.54,549945.0,0.0,1.0,38.239820249434,38.637013916008,38.160381516119,38.269609774427,549945.0
2014-05-23,37.95,38.65,37.76,38.42,1271130.0,0.0,1.0,37.68374911623,38.378838032735,37.495082124607,38.150451674455,1271130.0
2014-05-22,37.79,38.21,37.65,37.95,951812.0,0.0,1.0,37.5248716496,37.941924999503,37.385853866299,37.68374911623,951812.0
2014-05-21,37.36,38.34,37.29,37.82,2067060.0,0.0,1.0,37.097888458033,38.07101294114,37.028379566382,37.554661174593,2067060.0
2014-05-20,37.82,37.94,37.1,37.28,1013238.0,0.0,1.0,37.554661174593,37.673819274565,36.83971257476,37.018449724718,1013238.0
2014-05-19,36.75,37.95,36.61,37.9,939678.0,0.128,1.0,36.492168116507,37.68374911623,36.353150333206,37.634099907908,939678.0
2014-05-16,37.17,37.28,36.65,36.9,937659.0,0.0,1.0,36.784987208818,36.893847811266,36.270373451794,36.517783911902,937659.0
2014-05-15,37.62,37.7,37.04,37.23,663487.0,0.0,1.0,37.230326037012,37.309497384247,36.656333769562,36.844365719244,663487.0
2014-05-14,37.9,38.02,37.53,37.76,648236.0,0.0,1.0,37.507425752333,37.626182773185,37.141258271373,37.368875894673,648236.0
2014-05-13,38.25,38.37,37.87,37.96,785485.0,0.0,1.0,37.853800396484,37.972557417335,37.47773649712,37.566804262759,785485.0
2014-05-12,37.42,38.06,37.31,38.03,713461.0,0.0,1.0,37.032397668926,37.665768446802,36.923537066479,37.636079191589,713461.0
2014-05-09,37.15,37.19,36.75,37.19,432166.0,0.0,1.0,36.76519437201,36.804780045627,36.369337635837,36.804780045627,432166.0
2014-05-08,38.5,38.5,36.93,37.3,702629.0,0.0,1.0,38.101210856591,38.101210856591,36.547473167115,36.913640648074,702629.0
2014-05-07,37.04,37.28,36.69,37.22,641077.0,0.0,1.0,36.656333769562,36.893847811266,36.309959125411,36.83446930084,641077.0
2014-05-06,36.71,37.14,36.53,36.93,703991.0,0.0,1.0,36.32975196222,36.755297953605,36.151616430942,36.547473167115,703991.0
2014-05-05,36.58,37.02,36.33,36.77,527254.0,0.0,1.0,36.201098522964,36.636540932754,35.953688062856,36.389130472646,527254.0
2014-05-02,37.1,37.36,36.83,36.86,774035.0,0.0,1.0,36.715712279988,36.9730191585,36.448508983072,36.478198238285,774035.0
2014-04-30,37.13,37.64,36.63,37.59,1765303.0,0.0,1.0,36.745401535201,37.250118873821,36.250580614986,37.200636781799,1765303.0
2014-04-29,37.39,37.58,36.08,36.44,1477607.0,0.0,1.0,37.002708413713,37.190740363395,35.706277602749,36.062548665304,1477607.0
2014-04-28,35.59,35.73,34.93,35.36,1089259.0,0.0,1.0,35.221353100937,35.359902958598,34.568189486253,34.993735477638,1089259.0
2014-04-25,35.55,35.63,35.02,35.41,927205.0,0.0,1.0,35.18176742732,35.260938774555,34.657257251892,35.04321756966,927205.0
2014-04-24,35.79,36.2,35.43,35.8,833882.0,0.0,1.0,35.419281469024,35.8250346236,35.063010406468,35.429177887428,833882.0
2014-04-23,35.59,35.9,35.57,35.68,509325.0,0.0,1.0,35.221353100937,35.528142071471,35.201560264129,35.310420866576,509325.0
2014-04-22,35.53,35.94,35.38,35.71,631037.0,0.0,1.0,35.161974590512,35.567727745088,35.013528314447,35.340110121789,631037.0
2014-04-21,35.22,35.59,35.02,35.52,606057.0,0.0,1.0,34.855185619978,35.221353100937,34.657257251892,35.152078172107,606057.0
2014-04-17,35.55,35.73,35.23,35.3,1429367.0,0.0,1.0,35.18176742732,35.359902958598,34.865082038382,34.934356967212,1429367.0
2014-04-16,35.14,35.76,34.93,35.49,1106278.0,0.0,1.0,34.776014272743,35.389592213811,34.568189486253,35.122388916894,1106278.0
2014-04-15,35.14,35.18,34.5,34.89,1389001.0,0.0,1.0,34.776014272743,34.815599946361,34.142643494868,34.528603812636,1389001.0
2014-04-14,35.34,35.47,34.77,35.12,1136114.0,0.0,1.0,34.97394264083,35.102596080086,34.409846791784,34.756221435935,1136114.0
2014-04-11,36.1,36.29,35.11,35.22,1294154.0,0.0,1.0,35.726070439557,35.914102389239,34.746325017531,34.855185619978,1294154.0
2014-04-10,37.02,37.12,35.88,35.91,1586134.0,0.0,1.0,36.636540932754,36.735505116797,35.508349234662,35.538038489875,1586134.0
2014-04-09,36.21,37.03,35.98,37.01,813100.0,0.0,1.0,35.834931042005,36.646437351158,35.607313418705,36.626644514349,813100.0
2014-04-08,36.23,36.55,35.97,36.04,1469300.0,0.0,1.0,35.854723878813,36.171409267751,35.597417000301,35.666691929131,1469300.0
2014-04-07,37.22,37.35,36.05,36.38,1380900.0,0.0,1.0,36.83446930084,36.963122740096,35.676588347536,36.003170154878,1380900.0
2014-04-04,37.47,37.88,37.25,37.3,1543700.0,0.0,1.0,37.081879760948,37.487632915524,36.864158556053,36.913640648074,1543700.0
2014-04-03,37.8,37.93,37.24,37.27,1576500.0,0.0,1.0,37.40846156829,37.537115007546,36.854262137648,36.883951392861,1576500.0
2014-04-02,37.14,37.78,36.95,37.77,1345700.0,0.0,1.0,36.755297953605,37.388668731481,36.567266003923,37.378772313077,1345700.0
2014-04-01,36.47,37.25,36.35,37.15,1385500.0,0.0,1.0,36.092237920517,36.864158556053,35.973480899665,36.76519437201,1385500.0
2014-03-31,36.22,36.51,36.1,36.42,771500.0,0.0,1.0,35.844827460409,36.131823594134,35.726070439557,36.042755828495,771500.0
2014-03-28,35.83,36.31,35.78,36.0,626300.0,0.0,1.0,35.458867142641,35.933895226048,35.409385050619,35.627106255514,626300.0
2014-03-27,35.73,35.95,35.34,35.78,974900.0,0.0,1.0,35.359902958598,35.577624163493,34.97394264083,35.409385050619,974900.0
2014-03-26,36.77,36.95,35.82,35.84,762200.0,0.0,1.0,36.389130472646,36.567266003923,35.448970724237,35.468763561045,762200.0
2014-03-25,35.97,36.82,35.97,36.62,1431400.0,0.0,1.0,35.597417000301,36.438612564667,35.597417000301,36.240684196581,1431400.0
2014-03-24,36.42,36.72,35.7,35.71,1100800.0,0.0,1.0,36.042755828495,36.339648380624,35.330213703385,35.340110121789,1100800.0
2014-03-21,36.64,36.76,36.25,36.28,2900600.0,0.0,1.0,36.26047703339,36.379234054242,35.874516715622,35.904205970835,2900600.0
2014-03-20,36.29,36.58,35.88,36.34,1077500.0,0.0,1.0,35.914102389239,36.201098522964,35.508349234662,35.963584481261,1077500.0
2014-03-19,36.78,36.87,36.15,36.44,810100.0,0.0,1.0,36.39902689105,36.488094656689,35.775552531579,36.062548665304,810100.0
2014-03-18,36.9,36.93,36.71,36.78,920000.0,0.0,1.0,36.517783911902,36.547473167115,36.32975196222,36.39902689105,920000.0
2014-03-17,36.95,37.22,36.64,36.81,953900.0,0.0,1.0,36.567266003923,36.83446930084,36.26047703339,36.428716146263,953900.0
2014-03-14,36.65,37.18,36.65,36.79,863000.0,0.0,1.0,36.270373451794,36.794883627223,36.270373451794,36.408923309455,863000.0
2014-03-13,37.49,37.7,36.56,36.74,1083400.0,0.0,1.0,37.101672597756,37.309497384247,36.181305686155,36.359441217433,1083400.0
2014-03-12,37.6,37.82,37.25,37.4,930800.0,0.0,1.0,37.210533200204,37.428254405098,36.864158556053,37.012604832117,930800.0
2014-03-11,38.0,38.39,37.73,37.85,1349700.0,0.0,1.0,37.606389936376,37.992350254144,37.33918663946,37.457943660311,1349700.0
2014-03-10,38.5,38.58,37.83,38.05,970400.0,0.0,1.0,38.101210856591,38.180382203826,37.438150823503,37.655872028398,970400.0
2014-03-07,38.55,38.84,38.35,38.64,1323900.0,0.0,1.0,38.150692948613,38.437689082338,37.952764580527,38.239760714252,1323900.0
2014-03-06,38.5,38.86,38.26,38.3,1523100.0,0.0,1.0,38.101210856591,38.457481919147,37.863696814888,37.903282488505,1523100.0
2014-03-05,38.67,38.93,38.47,38.5,1163100.0,0.0,1.0,38.269449969465,38.526756847977,38.071521601379,38.101210856591,1163100.0
2014-03-04,38.98,39.2,38.57,38.79,1493200.0,0.0,1.0,38.576238939998,38.793960144893,38.170485785422,38.388206990316,1493200.0
2014-03-03,39.14,39.24,38.34,38.6,1407700.0,0.0,1.0,38.734581634467,38.83354581851,37.942868162122,38.200175040635,1407700.0
2014-02-28,39.28,39.54,39.06,39.35,866900.0,0.0,1.0,38.873131492128,39.13043837064,38.655410287233,38.942406420958,866900.0
2014-02-27,39.24,39.47,38.93,39.37,573400.0,0.0,1.0,38.83354581851,39.061163441809,38.526756847977,38.962199257766,573400.0
2014-02-26,38.93,39.44,38.71,39.25,1059500.0,0.0,1.0,38.526756847977,39.031474186597,38.309035643082,38.843442236915,1059500.0
2014-02-25,39.45,39.6,38.66,38.76,919700.0,0.0,1.0,39.041370605001,39.189816881065,38.25955355106,38.358517735103,919700.0
2014-02-24,38.92,39.79,38.77,39.4,1167700.0,0.0,1.0,38.516860429572,39.377848830747,38.368414153508,38.991888512979,1167700.0
2014-02-21,38.8,39.07,38.71,38.86,1321000.0,0.0,1.0,38.398103408721,38.665306705637,38.309035643082,38.457481919147,1321000.0
2014-02-20,37.76,38.79,37.66,38.71,852200.0,0.0,1.0,37.368875894673,38.388206990316,37.269911710629,38.309035643082,852200.0
2014-02-19,38.53,38.75,37.53,37.62,1100200.0,0.0,1.0,38.130900111804,38.348621316699,37.141258271373,37.230326037012,1100200.0
2014-02-18,38.24,38.73,38.07,38.57,1426000.0,0.0,1.0,37.843903978079,38.328828479891,37.675664865206,38.170485785422,1426000.0
2014-02-14,37.73,38.06,37.71,38.05,881200.0,0.128,1.0,37.33918663946,37.665768446802,37.319393802651,37.655872028398,881200.0
2014-02-13,37.17,37.84,37.02,37.84,1030000.0,0.0,1.0,36.661657585404,37.322494566362,36.513709007577,37.322494566362,1030000.0
2014-02-12,37.25,37.59,37.22,37.4,1110000.0,0.0,1.0,36.740563493578,37.075913603318,36.710973778012,36.888512071404,1110000.0
2014-02-11,37.01,37.41,36.85,37.1,1414400.0,0.0,1.0,36.503845769055,36.898375309926,36.346033952707,36.592614915751,1414400.0
2014-02-10,37.0,37.13,36.41,36.88,835900.0,0.0,1.0,36.493982530534,36.622204631316,35.912051457749,36.375623668272,835900.0
2014-02-07,36.74,37.22,36.66,36.96,1436100.0,0.0,1.0,36.237538328968,36.710973778012,36.158632420793,36.454529576446,1436100.0
2014-02-06,35.59,36.65,35.59,36.46,1622500.0,0.0,1.0,35.103265898965,36.148769182272,35.103265898965,35.961367650358,1622500.0
2014-02-05,36.31,36.48,35.39,35.52,2203800.0,0.0,1.0,35.813419072532,35.981094127402,34.906001128529,35.034223229312,2203800.0
2014-02-04,34.86,36.42,34.42,36.27,3716300.0,0.0,1.0,34.383249486876,35.921914696271,33.949266991918,35.773966118445,3716300.0
2014-02-03,33.36,33.52,32.63,32.8,3086600.0,0.0,1.0,32.903763708611,33.061575524959,32.183747296522,32.351422351392,3086600.0
2014-01-31,33.0,33.39,32.62,33.36,1939700.0,0.0,1.0,32.548687121827,32.933353424176,32.173884058,32.903763708611,1939700.0
2014-01-30,33.57,33.68,33.33,33.36,1397700.0,0.0,1.0,33.110891717568,33.219387341307,32.874173993045,32.903763708611,1397700.0
2014-01-29,33.71,34.32,33.21,33.24,1217300.0,0.0,1.0,33.248977056873,33.8506346067,32.755815130784,32.78540484635,1217300.0
2014-01-28,33.54,34.01,33.43,33.91,909500.0,0.0,1.0,33.081302002003,33.544874212526,32.972806378263,33.446241827308,909500.0
2014-01-27,33.71,33.8,33.08,33.39,1654700.0,0.0,1.0,33.248977056873,33.337746203568,32.627593030001,32.933353424176,1654700.0
2014-01-24,35.24,35.31,33.64,33.68,1574700.0,0.0,1.0,34.758052550703,34.827095220355,33.17993438722,33.219387341307,1574700.0
2014-01-23,36.24,36.32,35.29,35.44,1027100.0,0.0,1.0,35.744376402879,35.823282311053,34.807368743312,34.955317321138,1027100.0
2014-01-22,36.27,36.64,36.0,36.49,1207400.0,0.0,1.0,35.773966118445,36.13890594375,35.507658678357,35.990957365923,1207400.0
2014-01-21,36.69,36.73,35.67,35.92,1515000.0,0.0,1.0,36.188222136359,36.227675090446,35.182171807139,35.428752770183,1515000.0
2014-01-17,36.76,37.05,36.43,36.57,868300.0,0.0,1.0,36.257264806011,36.543298723142,35.931777934793,36.069863274098,868300.0
2014-01-16,36.28,37.01,36.1,36.64,1238300.0,0.0,1.0,35.783829356966,36.503845769055,35.606291063575,36.13890594375,1238300.0
2014-01-15,35.78,36.44,35.78,36.37,2145200.0,0.0,1.0,35.290667430878,35.941641173315,35.290667430878,35.872598503662,2145200.0
2014-01-14,35.04,35.59,34.86,35.58,1716700.0,0.0,1.0,34.560787780267,35.103265898965,34.383249486876,35.093402660443,1716700.0
2014-01-13,34.89,35.3,34.83,35.02,1856700.0,0.0,1.0,34.412839202441,34.817231981833,34.35365977131,34.541061303224,1856700.0
2014-01-10,34.55,35.29,34.55,34.91,955700.0,0.0,1.0,34.077489092701,34.807368743312,34.077489092701,34.432565679484,955700.0
2014-01-09,34.55,34.77,34.37,34.63,760800.0,0.0,1.0,34.077489092701,34.29448034018,33.899950799309,34.156395000875,760800.0
2014-01-08,34.44,34.63,34.13,34.49,1235000.0,0.0,1.0,33.968993468961,34.156395000875,33.663233074787,34.01830966157,1235000.0
2014-01-07,34.47,34.84,34.4,34.51,611100.0,0.0,1.0,33.998583184527,34.363523009832,33.929540514874,34.038036138614,611100.0
2014-01-06,34.64,34.89,34.33,34.41,849400.0,0.0,1.0,34.166258239397,34.412839202441,33.860497845222,33.939403753396,849400.0
2014-01-03,34.15,34.85,34.15,34.47,454500.0,0.0,1.0,33.68295955183,34.373386248354,33.68295955183,33.998583184527,454500.0
2014-01-02,34.39,34.5,33.99,34.16,765100.0,0.0,1.0,33.919677276353,34.028172900092,33.525147735482,33.692822790352,765100.0
2013-12-31,34.65,34.87,34.59,34.6,558000.0,0.0,1.0,34.176121477919,34.393112725397,34.116942046788,34.12680528531,558000.0
2013-12-30,34.49,34.84,34.44,34.58,561700.0,0.0,1.0,34.01830966157,34.363523009832,33.968993468961,34.107078808266,561700.0
2013-12-27,34.69,34.88,34.47,34.55,242700.0,0.0,1.0,34.215574432006,34.402975963919,33.998583184527,34.077489092701,242700.0
2013-12-26,34.51,34.79,34.48,34.69,270800.0,0.0,1.0,34.038036138614,34.314206817223,34.008446423049,34.215574432006,270800.0
2013-12-24,34.23,34.5,34.18,34.33,311200.0,0.0,1.0,33.761865460004,34.028172900092,33.712549267396,33.860497845222,311200.0
2013-12-23,34.31,34.55,34.17,34.19,704900.0,0.0,1.0,33.840771368178,34.077489092701,33.702686028874,33.722412505917,704900.0
2013-12-20,34.29,34.46,33.95,34.08,1959300.0,0.0,1.0,33.821044891135,33.988719946005,33.485694781395,33.613916882178,1959300.0
2013-12-19,34.52,34.79,34.07,34.16,1205100.0,0.0,1.0,34.047899377136,34.314206817223,33.604053643656,33.692822790352,1205100.0
2013-12-18,34.2,34.74,33.96,34.7,1218900.0,0.0,1.0,33.732275744439,34.264890624614,33.495558019917,34.225437670527,1218900.0
2013-12-17,33.85,34.11,33.72,34.1,1044000.0,0.0,1.0,33.387062396177,33.643506597743,33.258840295394,33.633643359221,1044000.0
2013-12-16,33.87,34.23,33.79,33.89,867300.0,0.0,1.0,33.406788873221,33.761865460004,33.327882965047,33.426515350264,867300.0
2013-12-13,33.53,33.9,33.51,33.81,1077600.0,0.0,1.0,33.071438763481,33.436378588786,33.051712286437,33.34760944209,1077600.0
2013-12-12,32.94,33.68,32.79,33.51,1312600.0,0.0,1.0,32.489507690697,33.219387341307,32.34155911287,33.051712286437,1312600.0
2013-12-11,33.51,33.56,32.89,32.91,938200.0,0.0,1.0,33.051712286437,33.101028479046,32.440191498088,32.459917975131,938200.0
2013-12-10,33.53,33.93,33.53,33.54,785500.0,0.0,1.0,33.071438763481,33.465968304351,33.071438763481,33.081302002003,785500.0
2013-12-09,33.64,33.95,33.55,33.63,980400.0,0.0,1.0,33.17993438722,33.485694781395,33.091165240524,33.170071148698,980400.0
2013-12-06,34.08,34.08,33.41,33.51,1535600.0,0.0,1.0,33.613916882178,33.613916882178,32.95307990122,33.051712286437,1535600.0
2013-12-05,33.52,33.98,33.43,33.78,1124500.0,0.0,1.0,33.061575524959,33.51528449696,32.972806378263,33.318019726525,1124500.0
2013-12-04,33.45,33.73,33.07,33.56,1062500.0,0.0,1.0,32.992532855307,33.268703533916,32.61772979148,33.101028479046,1062500.0
2013-12-03,33.85,34.08,33.17,33.58,2468700.0,0.0,1.0,33.387062396177,33.613916882178,32.716362176697,33.12075495609,2468700.0
2013-12-02,34.68,34.68,33.85,33.91,1295200.0,0.0,1.0,34.205711193484,34.205711193484,33.387062396177,33.446241827308,1295200.0
2013-11-29,34.76,34.86,34.53,34.56,563800.0,0.0,1.0,34.284617101658,34.383249486876,34.057762615657,34.087352331223,563800.0
2013-11-27,34.79,34.85,34.54,34.77,368700.0,0.0,1.0,34.314206817223,34.373386248354,34.067625854179,34.29448034018,368700.0
2013-11-26,34.61,34.82,34.37,34.67,822000.0,0.0,1.0,34.136668523831,34.343796532789,33.899950799309,34.195847954962,822000.0
2013-11-25,34.6,34.88,34.37,34.53,1008900.0,0.0,1.0,34.12680528531,34.402975963919,33.899950799309,34.057762615657,1008900.0
2013-11-22,34.56,34.66,34.33,34.58,1158600.0,0.0,1.0,34.087352331223,34.18598471644,33.860497845222,34.107078808266,1158600.0
2013-11-21,34.4,34.72,34.24,34.58,1410800.0,0.0,1.0,33.929540514874,34.245164147571,33.771728698526,34.107078808266,1410800.0
2013-11-20,34.39,34.93,34.06,34.3,1382800.0,0.0,1.0,33.919677276353,34.452292156528,33.594190405134,33.830908129657,1382800.0
2013-11-19,33.95,34.28,33.95,34.15,1273100.0,0.0,1.0,33.485694781395,33.811181652613,33.485694781395,33.68295955183,1273100.0
2013-11-18,34.47,34.53,33.84,33.94,999500.0,0.0,1.0,33.998583184527,34.057762615657,33.377199157656,33.475831542873,999500.0
2013-11-15,34.37,34.65,34.22,34.47,795100.0,0.0,1.0,33.899950799309,34.176121477919,33.752002221483,33.998583184527,795100.0
2013-11-14,34.45,34.59,33.92,34.38,1167100.0,0.0,1.0,33.978856707483,34.116942046788,33.45610506583,33.909814037831,1167100.0
2013-11-13,33.81,34.34,33.63,34.32,987700.0,0.0,1.0,33.34760944209,33.870361083744,33.170071148698,33.8506346067,987700.0
2013-11-12,33.82,34.09,33.63,33.94,1118800.0,0.0,1.0,33.357472680612,33.6237801207,33.170071148698,33.475831542873,1118800.0
2013-11-11,33.98,34.17,33.83,33.96,842600.0,0.0,1.0,33.51528449696,33.702686028874,33.367335919134,33.495558019917,842600.0
2013-11-08,33.14,34.07,33.12,33.98,1457300.0,0.0,1.0,32.686772461132,33.604053643656,32.667045984088,33.51528449696,1457300.0
2013-11-07,33.59,33.69,33.05,33.11,1592000.0,0.0,1.0,33.130618194611,33.229250579829,32.598003314436,32.657182745567,1592000.0
2013-11-06,33.88,33.93,33.17,33.51,1935000.0,0.0,1.0,33.416652111743,33.465968304351,32.716362176697,33.051712286437,1935000.0
2013-11-05,33.75,33.87,33.47,33.75,1612900.0,0.0,1.0,33.28843001096,33.406788873221,33.01225933235,33.28843001096,1612900.0
2013-11-04,33.39,34.1,33.27,33.91,1749800.0,0.0,1.0,32.933353424176,33.633643359221,32.814994561915,33.446241827308,1749800.0
2013-11-01,34.53,34.64,32.98,33.22,3774800.0,0.0,1.0,34.057762615657,34.166258239397,32.528960644784,32.765678369306,3774800.0
2013-10-31,33.45,34.66,33.39,34.5,2501000.0,0.0,1.0,32.992532855307,34.18598471644,32.933353424176,34.028172900092,2501000.0
2013-10-30,32.48,33.56,32.33,33.48,3006300.0,0.0,1.0,32.035798718695,33.101028479046,31.887850140869,33.022122570872,3006300.0
2013-10-29,33.13,33.8,31.56,32.53,7931900.0,0.0,1.0,32.67690922261,33.337746203568,31.128380774693,32.085114911304,7931900.0
2013-10-28,28.94,29.12,28.62,28.93,1647800.0,0.0,1.0,28.54421228199,28.721750575382,28.228588649294,28.534349043468,1647800.0
2013-10-25,28.74,29.02,28.61,28.99,983700.0,0.0,1.0,28.346947511555,28.623118190164,28.218725410772,28.593528474599,983700.0
2013-10-24,28.37,28.75,28.3,28.69,781800.0,0.0,1.0,27.98200768625,28.356810750077,27.912965016597,28.297631318946,781800.0
2013-10-23,28.14,28.42,27.99,28.34,983500.0,0.0,1.0,27.755153200249,28.031323878858,27.607204622423,27.952417970684,983500.0
2013-10-22,28.35,28.43,27.91,28.21,1403900.0,0.0,1.0,27.962281209206,28.04118711738,27.528298714248,27.824195869901,1403900.0
2013-10-21,27.82,28.35,27.74,28.33,2116000.0,0.116,1.0,27.439529567552,27.962281209206,27.360623659378,27.942554732163,2116000.0
2013-10-18,27.61,27.85,27.58,27.83,898900.0,0.0,1.0,27.121350494094,27.357102906937,27.091881442489,27.337456872533,898900.0
2013-10-17,27.84,27.91,27.37,27.49,2235100.0,0.0,1.0,27.347279889735,27.416041010148,26.885598081252,27.003474287673,2235100.0
2013-10-16,28.02,28.05,27.76,27.92,1117200.0,0.0,1.0,27.524094199367,27.553563250972,27.268695752121,27.425864027349,1117200.0
2013-10-15,28.04,28.24,27.88,27.92,1376400.0,0.0,1.0,27.543740233771,27.740200577806,27.386571958542,27.425864027349,1376400.0
2013-10-14,28.04,28.24,27.96,28.17,1045600.0,0.0,1.0,27.543740233771,27.740200577806,27.465156096156,27.671439457394,1045600.0
2013-10-11,27.85,28.15,27.7,28.1,943100.0,0.0,1.0,27.357102906937,27.65179342299,27.20975764891,27.602678336981,943100.0
2013-10-10,27.49,27.96,27.46,27.93,728000.0,0.0,1.0,27.003474287673,27.465156096156,26.974005236068,27.435687044551,728000.0
2013-10-09,27.48,27.53,26.99,27.21,1478300.0,0.0,1.0,26.993651270471,27.04276635648,26.512323427584,26.728429806023,1478300.0
2013-10-08,28.0,28.08,27.39,27.4,1093400.0,0.0,1.0,27.504448164963,27.583032302578,26.905244115655,26.915067132857,1093400.0
2013-10-07,27.97,28.11,27.89,28.0,1045600.0,0.0,1.0,27.474979113358,27.612501354183,27.396394975744,27.504448164963,1045600.0
2013-10-04,27.9,28.27,27.8,28.18,624700.0,0.0,1.0,27.406217992946,27.769669629411,27.307987820928,27.681262474595,624700.0
2013-10-03,28.02,28.12,27.71,27.9,1390600.0,0.0,1.0,27.524094199367,27.622324371385,27.219580666112,27.406217992946,1390600.0
2013-10-02,28.03,28.12,27.82,28.12,1601300.0,0.0,1.0,27.533917216569,27.622324371385,27.327633855332,27.622324371385,1601300.0
2013-10-01,27.96,28.28,27.93,28.24,1110400.0,0.0,1.0,27.465156096156,27.779492646613,27.435687044551,27.740200577806,1110400.0
2013-09-30,27.77,27.98,27.71,27.93,1112900.0,0.0,1.0,27.278518769323,27.48480213056,27.219580666112,27.435687044551,1112900.0
2013-09-27,28.06,28.15,27.89,27.99,1658800.0,0.0,1.0,27.563386268174,27.65179342299,27.396394975744,27.494625147762,1658800.0
2013-09-26,28.02,28.4,28.02,28.23,2730700.0,0.0,1.0,27.524094199367,27.897368853034,27.524094199367,27.730377560604,2730700.0
2013-09-25,27.41,27.61,27.38,27.53,1673200.0,0.0,1.0,26.924890150059,27.121350494094,26.895421098454,27.04276635648,1673200.0
2013-09-24,27.04,27.47,27.0,27.36,1378800.0,0.0,1.0,26.561438513593,26.98382825327,26.522146444786,26.87577506405,1378800.0
2013-09-23,27.12,27.28,26.94,27.0,980600.0,0.0,1.0,26.640022651207,26.797190926436,26.463208341576,26.522146444786,980600.0
2013-09-20,27.66,27.72,27.15,27.17,3528000.0,0.0,1.0,27.170465580103,27.229403683314,26.669491702813,26.689137737216,3528000.0
2013-09-19,27.57,28.09,27.34,27.51,2545300.0,0.0,1.0,27.082058425287,27.592855319779,26.856129029646,27.023120322077,2545300.0
2013-09-18,27.22,27.66,26.71,27.49,2833300.0,0.0,1.0,26.738252823225,27.170465580103,26.237278945935,27.003474287673,2833300.0
2013-09-17,27.17,27.3,27.01,27.25,1527000.0,0.0,1.0,26.689137737216,26.816836960839,26.531969461988,26.767721874831,1527000.0
2013-09-16,27.26,27.3,27.05,27.16,2203800.0,0.0,1.0,26.777544892032,26.816836960839,26.571261530795,26.679314720015,2203800.0
2013-09-13,26.93,26.99,26.84,26.95,2205300.0,0.0,1.0,26.453385324374,26.512323427584,26.364978169558,26.473031358777,2205300.0
2013-09-12,27.05,27.09,26.89,26.96,1407500.0,0.0,1.0,26.571261530795,26.610553599602,26.414093255567,26.482854375979,1407500.0
2013-09-11,27.01,27.18,27.0,27.11,3056900.0,0.0,1.0,26.531969461988,26.698960754418,26.522146444786,26.630199634006,3056900.0
2013-09-10,26.89,27.16,26.87,27.07,1922100.0,0.0,1.0,26.414093255567,26.679314720015,26.394447221163,26.590907565199,1922100.0
2013-09-09,26.23,26.85,26.22,26.78,1924200.0,0.0,1.0,25.76577412025,26.37480118676,25.755951103048,26.306040066347,1924200.0
2013-09-06,26.08,26.36,25.78,26.17,1870000.0,0.0,1.0,25.618428862223,25.893473343873,25.32373834617,25.706836017039,1870000.0
2013-09-05,25.5,26.01,25.5,25.91,1055800.0,0.0,1.0,25.04869386452,25.549667741811,25.04869386452,25.451437569793,1055800.0
2013-09-04,25.04,25.65,25.04,25.5,913000.0,0.0,1.0,24.596835073239,25.196039122547,24.596835073239,25.04869386452,913000.0
2013-09-03,25.03,25.16,24.95,25.08,1935800.0,0.0,1.0,24.587012056037,24.71471127966,24.508427918423,24.636127142046,1935800.0
2013-08-30,24.94,24.94,24.68,24.78,1844200.0,0.116,1.0,24.498604901221,24.498604901221,24.243206453975,24.341436625993,1844200.0
2013-08-29,24.47,25.01,24.42,24.95,1687900.0,0.0,1.0,23.924925861104,24.452897253216,23.876039621093,24.394233765204,1687900.0
2013-08-28,24.22,24.54,24.22,24.51,840000.0,0.0,1.0,23.680494661052,23.993366597118,23.680494661052,23.964034853112,840000.0
2013-08-27,24.41,24.48,24.18,24.27,1338000.0,0.0,1.0,23.866262373091,23.934703109106,23.641385669043,23.729380901062,1338000.0
2013-08-26,24.35,24.69,24.35,24.58,1059400.0,0.0,1.0,23.807598885079,24.14002531715,23.807598885079,24.032475589127,1059400.0
2013-08-23,24.45,24.5,24.27,24.3,1656000.0,0.0,1.0,23.9053713651,23.95425760511,23.729380901062,23.758712645068,1656000.0
2013-08-22,24.2,24.48,24.14,24.38,1113400.0,0.0,1.0,23.660940165048,23.934703109106,23.602276677035,23.836930629085,1113400.0
2013-08-21,24.42,24.53,24.19,24.19,1029200.0,0.0,1.0,23.876039621093,23.983589349116,23.651162917045,23.651162917045,1029200.0
2013-08-20,24.6,24.61,24.26,24.3,1491300.0,0.0,1.0,24.052030085131,24.061807333133,23.71960365306,23.758712645068,1491300.0
2013-08-19,24.57,24.76,24.43,24.62,832900.0,0.0,1.0,24.022698341125,24.208466053164,23.885816869095,24.071584581135,832900.0
2013-08-16,24.64,24.7,24.29,24.52,1352500.0,0.0,1.0,24.091139077139,24.149802565152,23.748935397066,23.973812101114,1352500.0
2013-08-15,24.78,24.96,24.6,24.72,3129200.0,0.0,1.0,24.228020549168,24.404011013206,24.052030085131,24.169357061156,3129200.0
2013-08-14,25.0,25.03,24.83,24.99,1350200.0,0.0,1.0,24.443120005214,24.472451749221,24.276906789179,24.433342757212,1350200.0
2013-08-13,24.95,25.03,24.77,24.97,1580000.0,0.0,1.0,24.394233765204,24.472451749221,24.218243301166,24.413788261208,1580000.0
2013-08-12,24.88,25.02,24.72,24.83,1474400.0,0.0,1.0,24.325793029189,24.462674501219,24.169357061156,24.276906789179,1474400.0
2013-08-09,24.93,25.06,24.82,24.98,2123200.0,0.0,1.0,24.3746792692,24.501783493227,24.267129541177,24.42356550921,2123200.0
2013-08-08,25.08,25.21,24.95,24.98,1776200.0,0.0,1.0,24.521337989231,24.648442213258,24.394233765204,24.42356550921,1776200.0
2013-08-07,25.36,25.36,24.82,24.9,2168600.0,0.0,1.0,24.795100933289,24.795100933289,24.267129541177,24.345347525194,2168600.0
2013-08-06,25.26,25.48,25.2,25.43,1934500.0,0.0,1.0,24.697328453269,24.912427909314,24.638664965256,24.863541669304,1934500.0
2013-08-05,25.17,25.4,25.06,25.28,1635900.0,0.0,1.0,24.60933322125,24.834209925298,24.501783493227,24.716882949273,1635900.0
2013-08-02,25.09,25.41,25.04,25.27,1796500.0,0.0,1.0,24.531115237233,24.8439871733,24.482228997223,24.707105701271,1796500.0
2013-08-01,25.18,25.43,24.91,25.19,5562300.0,0.0,1.0,24.619110469252,24.863541669304,24.355124773196,24.628887717254,5562300.0
2013-07-31,25.45,25.45,24.79,24.93,6312300.0,0.0,1.0,24.883096165308,24.883096165308,24.237797797171,24.3746792692,6312300.0
2013-07-30,26.0,26.68,23.61,25.54,10022400.0,0.0,1.0,25.420844805423,26.085697669565,23.084082532924,24.971091397327,10022400.0
2013-07-29,28.47,28.66,28.42,28.46,659300.0,0.0,1.0,27.835825061938,28.021592773978,27.786938821928,27.826047813936,659300.0
2013-07-26,28.59,28.87,28.49,28.67,632100.0,0.0,1.0,27.953152037963,28.226914982022,27.855379557942,28.03137002198,632100.0
2013-07-25,28.49,28.94,28.49,28.83,826600.0,0.0,1.0,27.855379557942,28.295355718036,27.855379557942,28.187805990013,826600.0
2013-07-24,28.74,28.87,28.52,28.59,546400.0,0.0,1.0,28.099810757994,28.226914982022,27.884711301949,27.953152037963,546400.0
2013-07-23,28.9,28.91,28.65,28.71,897900.0,0.0,1.0,28.256246726028,28.26602397403,28.011815525976,28.070479013988,897900.0
2013-07-22,28.84,29.0,28.68,28.87,560600.0,0.0,1.0,28.197583238015,28.354019206049,28.041147269982,28.226914982022,560600.0
2013-07-19,28.76,28.96,28.64,28.79,602800.0,0.0,1.0,28.119365253999,28.31491021404,28.002038277974,28.148696998005,602800.0
2013-07-18,28.76,29.25,28.76,28.93,609600.0,0.0,1.0,28.119365253999,28.598450406101,28.119365253999,28.285578470034,609600.0
2013-07-17,28.75,28.82,28.55,28.63,539100.0,0.0,1.0,28.109588005997,28.178028742011,27.914043045955,27.992261029971,539100.0
2013-07-16,29.13,29.18,28.56,28.58,901700.0,0.0,1.0,28.481123430076,28.530009670086,27.923820293957,27.943374789961,901700.0
2013-07-15,29.21,29.3,29.06,29.06,903700.0,0.0,1.0,28.559341414092,28.647336646111,28.412682694061,28.412682694061,903700.0
2013-07-12,29.03,29.21,28.92,29.08,671000.0,0.0,1.0,28.383350950055,28.559341414092,28.275801222032,28.432237190065,671000.0
2013-07-11,29.38,29.79,28.93,29.03,1195100.0,0.0,1.0,28.725554630128,29.126421798213,28.285578470034,28.383350950055,1195100.0
2013-07-10,28.54,29.05,28.5,28.97,1069100.0,0.0,1.0,27.904265797953,28.402905446059,27.865156805944,28.324687462042,1069100.0
2013-07-09,28.34,29.01,28.3,28.54,1425600.0,0.0,1.0,27.708720837911,28.363796454051,27.669611845903,27.904265797953,1425600.0
2013-07-08,28.06,28.27,28.01,28.16,759400.0,0.0,1.0,27.434957893853,27.640280101896,27.386071653842,27.532730373873,759400.0
2013-07-05,27.78,28.0,27.65,27.98,570100.0,0.0,1.0,27.161194949794,27.37629440584,27.034090725767,27.356739909836,570100.0
2013-07-03,27.39,27.71,27.34,27.63,330300.0,0.0,1.0,26.779882277713,27.09275421378,26.730996037702,27.014536229763,330300.0
2013-07-02,27.59,27.71,27.39,27.5,1432800.0,0.0,1.0,26.975427237755,27.09275421378,26.779882277713,26.887432005736,1432800.0
2013-07-01,27.12,28.5,27.12,27.65,1479900.0,0.0,1.0,26.515896581657,27.865156805944,26.515896581657,27.034090725767,1479900.0
2013-06-28,26.5,27.04,26.43,26.94,1758900.0,0.0,1.0,25.909707205527,26.43767859764,25.841266469513,26.339906117619,1758900.0
2013-06-27,26.23,26.63,26.13,26.63,1213800.0,0.0,1.0,25.645721509471,26.036811429554,25.54794902945,26.036811429554,1213800.0
2013-06-26,26.07,26.18,25.98,26.08,971200.0,0.0,1.0,25.489285541438,25.59683526946,25.401290309419,25.49906278944,971200.0
2013-06-25,25.95,26.1,25.81,25.93,1245000.0,0.0,1.0,25.371958565413,25.518617285444,25.235077093383,25.352404069408,1245000.0
2013-06-24,25.89,26.02,25.56,25.77,1399900.0,0.0,1.0,25.3132950774,25.440399301427,24.990645893331,25.195968101375,1399900.0
2013-06-21,26.62,26.7,25.87,26.1,1933200.0,0.0,1.0,26.027034181552,26.105252165569,25.293740581396,25.518617285444,1933200.0
2013-06-20,26.99,27.12,26.39,26.41,1268200.0,0.0,1.0,26.388792357629,26.515896581657,25.802157477504,25.821711973508,1268200.0
2013-06-19,27.65,27.69,27.24,27.25,605400.0,0.0,1.0,27.034090725767,27.073199717775,26.633223557682,26.643000805684,605400.0
2013-06-18,27.36,27.67,27.35,27.66,666700.0,0.0,1.0,26.750550533707,27.053645221771,26.740773285705,27.043867973769,666700.0
2013-06-17,27.26,27.54,27.07,27.27,750600.0,0.0,1.0,26.652778053686,26.926540997744,26.467010341646,26.662555301688,750600.0
2013-06-14,27.24,27.51,27.05,27.12,349600.0,0.0,1.0,26.633223557682,26.897209253738,26.447455845642,26.515896581657,349600.0
2013-06-13,26.94,27.39,26.91,27.27,805800.0,0.0,1.0,26.339906117619,26.779882277713,26.310574373613,26.662555301688,805800.0
2013-06-12,27.48,27.48,26.96,27.01,834400.0,0.0,1.0,26.867877509732,26.867877509732,26.359460613623,26.408346853634,834400.0
2013-06-11,27.25,27.49,27.11,27.21,654300.0,0.0,1.0,26.643000805684,26.877654757734,26.506119333654,26.603891813675,654300.0
2013-06-10,27.63,27.63,27.3,27.5,625100.0,0.0,1.0,27.014536229763,27.014536229763,26.691887045694,26.887432005736,625100.0
2013-06-07,27.48,27.8,27.33,27.55,866300.0,0.0,1.0,26.867877509732,27.180749445798,26.7212187897,26.936318245746,866300.0
2013-06-06,26.5,27.44,26.49,27.3,867900.0,0.0,1.0,25.909707205527,26.828768517723,25.899929957525,26.691887045694,867900.0
2013-06-05,27.82,27.86,27.19,27.2,668800.0,0.0,1.0,27.200303941803,27.239412933811,26.584337317671,26.594114565673,668800.0
2013-06-04,28.24,28.47,27.73,27.86,479800.0,0.0,1.0,27.61094835789,27.835825061938,27.112308709784,27.239412933811,479800.0
2013-06-03,28.22,28.39,27.77,28.25,1013600.0,0.0,1.0,27.591393861886,27.757607077921,27.151417701792,27.620725605892,1013600.0
2013-05-31,28.41,28.7,28.14,28.14,910900.0,0.0,1.0,27.777161573926,28.060701765986,27.513175877869,27.513175877869,910900.0
2013-05-30,28.13,28.68,28.05,28.55,1034500.0,0.0,1.0,27.503398629867,28.041147269982,27.425180645851,27.914043045955,1034500.0
2013-05-29,27.9,28.13,27.77,28.05,888000.0,0.0,1.0,27.278521925819,27.503398629867,27.151417701792,27.425180645851,888000.0
2013-05-28,28.17,28.39,27.98,28.06,715900.0,0.0,1.0,27.542507621876,27.757607077921,27.356739909836,27.434957893853,715900.0
2013-05-24,27.85,27.96,27.61,27.85,582600.0,0.0,1.0,27.229635685809,27.337185413832,26.994981733759,27.229635685809,582600.0
2013-05-23,28.28,28.45,27.92,28.05,931600.0,0.0,1.0,27.650057349898,27.816270565934,27.298076421823,27.425180645851,931600.0
2013-05-22,28.68,28.97,28.37,28.51,1412200.0,0.0,1.0,28.041147269982,28.324687462042,27.738052581917,27.874934053946,1412200.0
2013-05-21,28.9,29.19,28.68,28.7,450100.0,0.0,1.0,28.256246726028,28.539786918088,28.041147269982,28.060701765986,450100.0
2013-05-20,28.77,29.15,28.64,28.88,666600.0,0.116,1.0,28.129142502001,28.50067792608,28.002038277974,28.236692230024,666600.0
2013-05-17,28.85,29.09,28.79,28.93,502700.0,0.0,1.0,28.094515479245,28.328230686005,28.036086677555,28.172420548165,502700.0
2013-05-16,28.59,28.95,28.59,28.64,799000.0,0.0,1.0,27.841324005255,28.191896815395,27.841324005255,27.89001467333,799000.0
2013-05-15,28.19,28.94,28.13,28.6,1695900.0,0.0,1.0,27.451798660655,28.18215868178,27.393369858966,27.85106213887,1695900.0
2013-05-14,27.61,28.4,27.59,28.31,1665300.0,0.0,1.0,26.886986910986,27.65629946657,26.867510643756,27.568656264035,1665300.0
2013-05-13,27.75,27.82,27.35,27.54,1150200.0,0.0,1.0,27.023320781596,27.091487716901,26.633795436996,26.818819975681,1150200.0
2013-05-10,27.96,28.09,27.7,27.8,863900.0,0.0,1.0,27.227821587511,27.354417324506,26.974630113521,27.072011449671,863900.0
2013-05-09,28.12,28.2,27.79,27.88,924000.0,0.0,1.0,27.383631725351,27.46153679427,27.062273316056,27.149916518591,924000.0
2013-05-08,27.71,28.2,27.64,28.11,1139700.0,0.0,1.0,26.984368247136,27.46153679427,26.916201311831,27.373893591736,1139700.0
2013-05-07,27.53,27.83,27.46,27.68,1070100.0,0.0,1.0,26.809081842066,27.101225850516,26.740914906761,26.955153846291,1070100.0
2013-05-06,27.38,27.66,27.26,27.41,1050600.0,0.0,1.0,26.663009837841,26.935677579061,26.546152234461,26.692224238686,1050600.0
2013-05-03,27.74,27.74,27.24,27.36,1387000.0,0.0,1.0,27.013582647981,27.013582647981,26.526675967231,26.643533570611,1387000.0
2013-05-02,27.51,27.71,27.41,27.44,1041300.0,0.0,1.0,26.789605574836,26.984368247136,26.692224238686,26.721438639531,1041300.0
2013-05-01,27.61,27.7,27.12,27.5,1728700.0,0.0,1.0,26.886986910986,26.974630113521,26.409818363852,26.779867441221,1728700.0
2013-04-30,27.81,28.1,26.38,27.75,2809700.0,0.0,1.0,27.081749583286,27.364155458121,25.689196476342,27.023320781596,2809700.0
2013-04-29,27.76,28.29,27.69,28.25,664400.0,0.0,1.0,27.033058915211,27.549179996805,26.964891979906,27.510227462345,664400.0
2013-04-26,27.88,27.88,27.53,27.71,721500.0,0.0,1.0,27.149916518591,27.149916518591,26.809081842066,26.984368247136,721500.0
2013-04-25,27.79,27.95,27.74,27.86,1025000.0,0.0,1.0,27.062273316056,27.218083453896,27.013582647981,27.130440251361,1025000.0
2013-04-24,27.46,27.97,27.46,27.69,630400.0,0.0,1.0,26.740914906761,27.237559721126,26.740914906761,26.964891979906,630400.0
2013-04-23,26.92,27.43,26.92,27.39,621900.0,0.0,1.0,26.215055691552,26.711700505916,26.215055691552,26.672747971456,621900.0
2013-04-22,26.96,27.11,26.64,26.84,907000.0,0.0,1.0,26.254008226012,26.400080230237,25.942387950332,26.137150622632,907000.0
2013-04-19,27.1,27.39,26.93,26.99,789500.0,0.0,1.0,26.390342096622,26.672747971456,26.224793825167,26.283222626857,789500.0
2013-04-18,27.37,27.52,26.88,27.04,772800.0,0.0,1.0,26.653271704226,26.799343708451,26.176103157092,26.331913294932,772800.0
2013-04-17,27.48,27.61,27.02,27.28,1192600.0,0.0,1.0,26.760391173991,26.886986910986,26.312437027702,26.565628501691,1192600.0
2013-04-16,27.53,27.69,27.25,27.66,1391500.0,0.0,1.0,26.809081842066,26.964891979906,26.536414100846,26.935677579061,1391500.0
2013-04-15,28.2,28.36,27.29,27.42,1603800.0,0.0,1.0,27.46153679427,27.61734693211,26.575366635306,26.701962372301,1603800.0
2013-04-12,28.71,28.76,28.42,28.6,618600.0,0.0,1.0,27.958181608635,28.00687227671,27.6757757338,27.85106213887,618600.0
2013-04-11,28.65,28.86,28.47,28.86,924700.0,0.0,1.0,27.899752806945,28.10425361286,27.724466401875,28.10425361286,924700.0
2013-04-10,28.05,28.69,28.03,28.69,1110000.0,0.0,1.0,27.315464790046,27.938705341405,27.295988522816,27.938705341405,1110000.0
2013-04-09,27.85,28.03,27.59,27.96,754000.0,0.0,1.0,27.120702117746,27.295988522816,26.867510643756,27.227821587511,754000.0
2013-04-08,27.59,27.85,27.38,27.85,642000.0,0.0,1.0,26.867510643756,27.120702117746,26.663009837841,27.120702117746,642000.0
2013-04-05,27.41,27.65,27.2,27.6,1421700.0,0.0,1.0,26.692224238686,26.925939445446,26.487723432772,26.877248777371,1421700.0
2013-04-04,27.16,27.72,27.16,27.72,982500.0,0.0,1.0,26.448770898312,26.994106380751,26.448770898312,26.994106380751,982500.0
2013-04-03,27.15,27.33,26.8,27.12,1416400.0,0.0,1.0,26.439032764697,26.614319169766,26.098198088172,26.409818363852,1416400.0
2013-04-02,27.42,27.66,27.12,27.22,552600.0,0.0,1.0,26.701962372301,26.935677579061,26.409818363852,26.507199700001,552600.0
2013-04-01,27.56,27.65,27.04,27.25,661400.0,0.0,1.0,26.838296242911,26.925939445446,26.331913294932,26.536414100846,661400.0
2013-03-28,27.37,27.59,27.26,27.56,1392700.0,0.0,1.0,26.653271704226,26.867510643756,26.546152234461,26.838296242911,1392700.0
2013-03-27,27.5,27.54,27.28,27.29,1269700.0,0.0,1.0,26.779867441221,26.818819975681,26.565628501691,26.575366635306,1269700.0
2013-03-26,27.82,27.97,27.57,27.69,1082400.0,0.0,1.0,27.091487716901,27.237559721126,26.848034376526,26.964891979906,1082400.0
2013-03-25,28.64,28.64,27.57,27.73,865100.0,0.0,1.0,27.89001467333,27.89001467333,26.848034376526,27.003844514366,865100.0
2013-03-22,28.69,28.76,28.35,28.44,1154600.0,0.0,1.0,27.938705341405,28.00687227671,27.607608798495,27.69525200103,1154600.0
2013-03-21,28.32,28.76,28.27,28.56,1205900.0,0.0,1.0,27.57839439765,28.00687227671,27.529703729575,27.81210960441,1205900.0
2013-03-20,28.63,28.76,28.36,28.51,709300.0,0.0,1.0,27.880276539715,28.00687227671,27.61734693211,27.763418936335,709300.0
2013-03-19,28.85,28.85,28.21,28.44,548400.0,0.0,1.0,28.094515479245,28.094515479245,27.471274927885,27.69525200103,548400.0
2013-03-18,28.66,28.98,28.55,28.78,502000.0,0.0,1.0,27.90949094056,28.22111121624,27.802371470795,28.02634854394,502000.0
2013-03-15,28.59,29.03,28.45,28.96,1381200.0,0.0,1.0,27.841324005255,28.269801884315,27.704990134645,28.20163494901,1381200.0
2013-03-14,28.57,28.82,28.53,28.71,524100.0,0.0,1.0,27.821847738025,28.0653010784,27.782895203565,27.958181608635,524100.0
2013-03-13,28.52,28.57,28.37,28.47,608500.0,0.0,1.0,27.77315706995,27.821847738025,27.627085065725,27.724466401875,608500.0
2013-03-12,28.7,28.74,28.33,28.53,988600.0,0.0,1.0,27.94844347502,27.98739600948,27.588132531265,27.782895203565,988600.0
2013-03-11,28.47,28.96,28.45,28.76,910400.0,0.0,1.0,27.724466401875,28.20163494901,27.704990134645,28.00687227671,910400.0
2013-03-08,28.58,28.69,28.2,28.43,1790000.0,0.0,1.0,27.83158587164,27.938705341405,27.46153679427,27.685513867415,1790000.0
2013-03-07,29.06,29.49,28.32,28.4,2082000.0,0.0,1.0,28.29901628516,28.717756030604,27.57839439765,27.65629946657,2082000.0
2013-03-06,28.57,29.43,28.56,29.34,1701300.0,0.0,1.0,27.821847738025,28.659327228914,27.81210960441,28.571684026379,1701300.0
2013-03-05,27.68,28.51,27.67,28.45,1210600.0,0.0,1.0,26.955153846291,27.763418936335,26.945415712676,27.704990134645,1210600.0
2013-03-04,27.39,27.51,27.14,27.49,682900.0,0.0,1.0,26.672747971456,26.789605574836,26.429294631082,26.770129307606,682900.0
2013-03-01,27.32,27.66,26.94,27.49,865600.0,0.0,1.0,26.604581036151,26.935677579061,26.234531958782,26.770129307606,865600.0
2013-02-28,27.53,27.77,27.45,27.5,771500.0,0.0,1.0,26.809081842066,27.042797048826,26.731176773146,26.779867441221,771500.0
2013-02-27,27.0,27.55,26.94,27.47,1019100.0,0.0,1.0,26.292960760472,26.828558109296,26.234531958782,26.750653040376,1019100.0
2013-02-26,27.14,27.23,26.8,27.0,1204400.0,0.0,1.0,26.429294631082,26.516937833616,26.098198088172,26.292960760472,1204400.0
2013-02-25,28.02,28.16,27.02,27.02,1093800.0,0.0,1.0,27.286250389201,27.422584259811,26.312437027702,26.312437027702,1093800.0
2013-02-22,27.75,27.86,27.6,27.79,483600.0,0.0,1.0,27.023320781596,27.130440251361,26.877248777371,27.062273316056,483600.0
2013-02-21,27.85,28.05,27.52,27.68,1037700.0,0.0,1.0,27.120702117746,27.315464790046,26.799343708451,26.955153846291,1037700.0
2013-02-20,28.71,28.76,27.93,27.96,765800.0,0.0,1.0,27.958181608635,28.00687227671,27.198607186666,27.227821587511,765800.0
2013-02-19,28.36,28.85,28.36,28.76,1186200.0,0.0,1.0,27.61734693211,28.094515479245,27.61734693211,28.00687227671,1186200.0
2013-02-15,28.22,28.47,28.02,28.28,806500.0,0.116,1.0,27.4810130615,27.724466401875,27.286250389201,27.53944186319,806500.0
2013-02-14,28.22,28.62,28.21,28.47,927100.0,0.0,1.0,27.368750858545,27.756684960012,27.359052506008,27.611209671962,927100.0
2013-02-13,28.0,28.37,27.94,28.26,622300.0,0.0,1.0,27.155387102737,27.514226146595,27.097196987517,27.407544268691,622300.0
2013-02-12,27.52,28.1,27.48,27.95,905000.0,0.0,1.0,26.689866180976,27.252370628104,26.651072770829,27.106895340054,905000.0
2013-02-11,27.11,27.53,27.02,27.46,875100.0,0.0,1.0,26.292233726972,26.699564533513,26.204948554142,26.631676065756,875100.0
2013-02-08,27.01,27.64,27.01,27.09,1206300.0,0.0,1.0,26.195250201605,26.806246411416,26.195250201605,26.272837021898,1206300.0
2013-02-07,28.03,28.03,26.84,26.91,1576400.0,0.0,1.0,27.184482160347,27.184482160347,26.030378208481,26.098266676238,1576400.0
2013-02-06,27.61,28.03,27.54,27.85,1350700.0,0.0,1.0,26.777151353806,27.184482160347,26.70926288605,27.009911814687,1350700.0
2013-02-05,27.73,27.99,27.65,27.77,695300.0,0.0,1.0,26.893531584247,27.145688750201,26.815944763953,26.932324994393,695300.0
2013-02-04,27.87,27.9,27.5,27.55,914100.0,0.0,1.0,27.02930851976,27.05840357737,26.670469475903,26.718961238586,914100.0
2013-02-01,28.0,28.31,27.91,28.01,1239100.0,0.0,1.0,27.155387102737,27.456036031375,27.068101929907,27.165085455274,1239100.0
2013-01-31,27.93,28.01,27.89,27.93,922700.0,0.0,1.0,27.087498634981,27.165085455274,27.048705224834,27.087498634981,922700.0
2013-01-30,27.95,28.16,27.9,27.94,811100.0,0.0,1.0,27.106895340054,27.310560743324,27.05840357737,27.097196987517,811100.0
2013-01-29,27.88,28.01,27.81,27.97,1000700.0,0.0,1.0,27.039006872297,27.165085455274,26.97111840454,27.126292045127,1000700.0
2013-01-28,27.76,28.0,27.55,27.92,874100.0,0.0,1.0,26.922626641857,27.155387102737,26.718961238586,27.077800282444,874100.0
2013-01-25,28.09,28.14,27.56,27.7,831400.0,0.0,1.0,27.242672275568,27.291164038251,26.728659591123,26.864436526637,831400.0
2013-01-24,27.86,28.26,27.8,27.98,1095100.0,0.0,1.0,27.019610167224,27.407544268691,26.961420052004,27.135990397664,1095100.0
2013-01-23,27.62,27.92,27.58,27.9,977400.0,0.0,1.0,26.786849706343,27.077800282444,26.748056296196,27.05840357737,977400.0
2013-01-22,27.65,27.68,27.34,27.68,1457900.0,0.0,1.0,26.815944763953,26.845039821563,26.515295835316,26.845039821563,1457900.0
2013-01-18,27.55,27.55,27.14,27.51,711400.0,0.0,1.0,26.718961238586,26.718961238586,26.321328784582,26.680167828439,711400.0
2013-01-17,27.06,27.47,26.83,27.42,653400.0,0.0,1.0,26.243741964288,26.641374418293,26.020679855944,26.592882655609,653400.0
2013-01-16,27.03,27.12,26.65,26.95,431800.0,0.0,1.0,26.214646906678,26.301932079509,25.846109510284,26.137060086385,431800.0
2013-01-15,27.1,27.16,26.73,27.13,734400.0,0.0,1.0,26.282535374435,26.340725489655,25.923696330578,26.311630432045,734400.0
2013-01-14,27.09,27.24,26.75,27.21,417400.0,0.0,1.0,26.272837021898,26.418312309949,25.943093035651,26.389217252339,417400.0
2013-01-11,27.58,27.6,27.09,27.18,353400.0,0.0,1.0,26.748056296196,26.76745300127,26.272837021898,26.360122194729,353400.0
2013-01-10,27.34,27.55,27.12,27.48,842000.0,0.0,1.0,26.515295835316,26.718961238586,26.301932079509,26.651072770829,842000.0
2013-01-09,26.82,27.14,26.76,27.1,985500.0,0.0,1.0,26.010981503408,26.321328784582,25.952791388188,26.282535374435,985500.0
2013-01-08,26.93,26.94,26.39,26.68,1084500.0,0.0,1.0,26.117663381311,26.127361733848,25.59395234433,25.875204567894,1084500.0
2013-01-07,27.19,27.32,26.93,27.01,481300.0,0.0,1.0,26.369820547265,26.495899130242,26.117663381311,26.195250201605,481300.0
2013-01-04,27.51,27.64,27.25,27.37,563400.0,0.0,1.0,26.680167828439,26.806246411416,26.428010662485,26.544390892926,563400.0
2013-01-03,27.5,27.79,27.24,27.41,610800.0,0.0,1.0,26.670469475903,26.951721699467,26.418312309949,26.583184303073,610800.0
2013-01-02,27.63,27.99,27.42,27.5,927300.0,0.0,1.0,26.79654805888,27.145688750201,26.592882655609,26.670469475903,927300.0
2012-12-31,26.36,27.11,26.34,27.1,536900.0,0.0,1.0,25.56485728672,26.292233726972,25.545460581647,26.282535374435,536900.0
2012-12-28,26.6,26.74,26.41,26.43,402400.0,0.0,1.0,25.797617747601,25.933394683114,25.613349049403,25.632745754477,402400.0
2012-12-27,26.76,26.92,26.49,26.85,392300.0,0.0,1.0,25.952791388188,26.107965028775,25.690935869697,26.040076561018,392300.0
2012-12-26,26.92,27.05,26.7,26.78,298600.0,0.0,1.0,26.107965028775,26.234043611752,25.894601272967,25.972188093261,298600.0
2012-12-24,26.79,26.89,26.62,26.87,286800.0,0.0,1.0,25.981886445798,26.078869971165,25.817014452674,26.059473266091,286800.0
2012-12-21,26.43,26.81,26.22,26.76,2001200.0,0.0,1.0,25.632745754477,26.001283150871,25.429080351206,25.952791388188,2001200.0
2012-12-20,27.54,27.64,26.49,26.84,1646100.0,0.0,1.0,26.70926288605,26.806246411416,25.690935869697,26.030378208481,1646100.0
2012-12-19,27.25,27.67,27.06,27.57,1007300.0,0.0,1.0,26.428010662485,26.835341469027,26.243741964288,26.73835794366,1007300.0
2012-12-18,26.63,27.24,26.38,27.2,1044100.0,0.0,1.0,25.826712805211,26.418312309949,25.584253991793,26.379518899802,1044100.0
2012-12-17,26.79,26.84,26.45,26.55,681500.0,0.0,1.0,25.981886445798,26.030378208481,25.65214245955,25.749125984917,681500.0
2012-12-14,26.68,26.89,26.51,26.76,591700.0,0.0,1.0,25.875204567894,26.078869971165,25.71033257477,25.952791388188,591700.0
2012-12-13,26.8,26.93,26.54,26.69,520800.0,0.0,1.0,25.991584798334,26.117663381311,25.73942763238,25.884902920431,520800.0
2012-12-12,26.67,26.99,26.67,26.79,749300.0,0.0,1.0,25.865506215357,26.175853496532,25.865506215357,25.981886445798,749300.0
2012-12-11,26.48,26.75,26.36,26.63,777600.0,0.0,1.0,25.68123751716,25.943093035651,25.56485728672,25.826712805211,777600.0
2012-12-10,26.37,26.53,26.22,26.48,638200.0,0.0,1.0,25.574555639257,25.729729279844,25.429080351206,25.68123751716,638200.0
2012-12-07,26.23,26.38,26.02,26.38,530100.0,0.0,1.0,25.438778703743,25.584253991793,25.235113300472,25.584253991793,530100.0
2012-12-06,26.0,26.09,25.6,26.09,613300.0,0.0,1.0,25.215716595399,25.303001768229,24.827782493931,25.303001768229,613300.0
2012-12-05,25.76,26.23,25.61,26.0,663800.0,0.0,1.0,24.982956134518,25.438778703743,24.837480846468,25.215716595399,663800.0
2012-12-04,25.74,25.91,25.58,25.7,531100.0,0.0,1.0,24.963559429445,25.128431422569,24.808385788858,24.924766019298,531100.0
2012-12-03,26.25,26.31,25.73,25.77,648400.0,0.0,1.0,25.458175408816,25.516365524036,24.953861076908,24.992654487055,648400.0
2012-11-30,26.11,26.31,25.95,26.09,970800.0,0.0,1.0,25.322398473303,25.516365524036,25.167224832716,25.303001768229,970800.0
2012-11-29,26.03,26.18,25.82,26.13,584200.0,0.0,1.0,25.244811653009,25.390286941059,25.041146249739,25.341795178376,584200.0
2012-11-28,25.51,25.97,25.41,25.94,662400.0,0.0,1.0,24.740497321101,25.186621537789,24.643513795734,25.157526480179,662400.0
2012-11-27,25.79,25.89,25.47,25.63,633600.0,0.0,1.0,25.012051192128,25.109034717495,24.701703910954,24.856877551541,633600.0
2012-11-26,25.42,25.96,25.42,25.86,873000.0,0.0,1.0,24.653212148271,25.176923185252,24.653212148271,25.079939659885,873000.0
2012-11-23,25.39,25.52,25.18,25.52,341100.0,0.0,1.0,24.624117090661,24.750195673638,24.42045168739,24.750195673638,341100.0
2012-11-21,25.05,25.41,25.0,25.34,546100.0,0.0,1.0,24.294373104413,24.643513795734,24.24588134173,24.575625327977,546100.0
2012-11-20,24.82,25.17,24.77,25.12,775300.0,0.0,1.0,24.071310996069,24.410753334854,24.022819233386,24.36226157217,775300.0
2012-11-19,24.49,24.99,24.45,24.84,884000.0,0.0,1.0,23.751265362359,24.236182989193,23.712471952212,24.090707701143,884000.0
2012-11-16,24.02,24.22,23.92,24.19,984400.0,0.0,1.0,23.295442793134,23.489409843868,23.198459267767,23.460314786258,984400.0
2012-11-15,24.02,24.34,23.92,24.03,769800.0,0.0,1.0,23.295442793134,23.605790074308,23.198459267767,23.305141145671,769800.0
2012-11-14,24.54,24.56,23.94,24.05,1002000.0,0.0,1.0,23.799757125042,23.819153830115,23.21785597284,23.324537850744,1002000.0
2012-11-13,24.63,25.0,24.53,24.53,704700.0,0.0,1.0,23.887042297872,24.24588134173,23.790058772505,23.790058772505,704700.0
2012-11-12,24.78,24.91,24.38,24.76,966600.0,0.0,1.0,24.032517585923,24.1585961689,23.644583484455,24.013120880849,966600.0
2012-11-09,24.87,25.06,24.68,24.71,1445600.0,0.0,1.0,24.119802758753,24.30407145695,23.935534060556,23.964629118166,1445600.0
2012-11-08,25.24,25.41,24.91,24.92,1120100.0,0.0,1.0,24.47864180261,24.643513795734,24.1585961689,24.168294521436,1120100.0
2012-11-07,25.77,25.96,25.29,25.31,1158000.0,0.0,1.0,24.992654487055,25.176923185252,24.527133565294,24.546530270367,1158000.0
2012-11-06,26.01,26.14,25.87,26.05,1512100.0,0.0,1.0,25.225414947936,25.351493530913,25.089638012422,25.264208358082,1512100.0
2012-11-05,25.63,26.14,25.61,26.0,1349600.0,0.0,1.0,24.856877551541,25.351493530913,24.837480846468,25.215716595399,1349600.0
2012-11-02,25.6,26.12,25.38,25.63,1503900.0,0.0,1.0,24.827782493931,25.332096825839,24.614418738124,24.856877551541,1503900.0
2012-11-01,24.34,25.49,24.26,25.4,1534900.0,0.0,1.0,23.605790074308,24.721100616028,23.528203254015,24.633815443197,1534900.0
2012-10-31,24.11,24.55,23.7,24.26,1763600.0,0.0,1.0,23.382727965964,23.809455477579,22.98509551196,23.528203254015,1763600.0
2012-10-26,23.74,24.05,23.52,23.59,1096300.0,0.0,1.0,23.023888922107,23.324537850744,22.810525166299,22.878413634056,1096300.0
2012-10-25,23.66,24.03,23.59,23.71,1296100.0,0.0,1.0,22.946302101813,23.305141145671,22.878413634056,22.994793864497,1296100.0
2012-10-24,24.3,24.3,23.41,23.44,1154600.0,0.0,1.0,23.566996664161,23.566996664161,22.703843288396,22.732938346006,1154600.0
2012-10-23,23.99,24.23,23.79,24.2,1365300.0,0.0,1.0,23.266347735524,23.499108196405,23.07238068479,23.470013138794,1365300.0
2012-10-22,24.22,24.32,23.85,24.29,771400.0,0.0,1.0,23.489409843868,23.586393369235,23.13057080001,23.557298311625,771400.0
2012-10-19,24.59,24.59,23.9,24.22,1757500.0,0.0,1.0,23.848248887725,23.848248887725,23.179062562694,23.489409843868,1757500.0
2012-10-18,24.68,24.72,24.13,24.64,1419600.0,0.101,1.0,23.935534060556,23.974327470702,23.402124671038,23.896740650409,1419600.0
2012-10-17,25.26,25.48,25.01,25.08,815000.0,0.0,1.0,24.398030347574,24.61052309011,24.156561321965,24.224172649135,815000.0
2012-10-16,24.83,25.43,24.61,25.37,881300.0,0.0,1.0,23.982703623526,24.562229284988,23.77021088099,24.504276718842,881300.0
2012-10-15,24.68,24.83,24.34,24.73,620800.0,0.0,1.0,23.83782220816,23.982703623526,23.509424333331,23.886116013282,620800.0
2012-10-12,24.59,24.88,24.52,24.61,1001800.0,0.0,1.0,23.750893358941,24.030997428648,23.68328203177,23.77021088099,1001800.0
2012-10-11,24.7,24.78,24.27,24.32,832900.0,0.0,1.0,23.857139730209,23.934409818404,23.441813006161,23.490106811283,832900.0
2012-10-10,24.77,24.84,24.47,24.56,717600.0,0.0,1.0,23.92475105738,23.99236238455,23.634988226648,23.721917075868,717600.0
2012-10-09,25.12,25.17,24.75,24.79,920100.0,0.0,1.0,24.262807693233,24.311101498355,23.905433535331,23.944068579428,920100.0
2012-10-08,25.07,25.14,24.9,25.11,434200.0,0.0,1.0,24.214513888111,24.282125215282,24.050314950696,24.253148932208,434200.0
2012-10-05,25.32,25.49,25.03,25.14,717000.0,0.0,1.0,24.45598291372,24.620181851135,24.175878844013,24.282125215282,717000.0
2012-10-04,25.15,25.28,24.98,25.15,903800.0,0.0,1.0,24.291783976306,24.417347869623,24.127585038891,24.291783976306,903800.0
2012-10-03,25.35,25.35,24.9,25.02,887000.0,0.0,1.0,24.484959196793,24.484959196793,24.050314950696,24.166220082989,887000.0
2012-10-02,25.29,25.49,25.06,25.25,1068500.0,0.0,1.0,24.427006630647,24.620181851135,24.204855127087,24.38837158655,1068500.0
2012-10-01,25.25,25.5,24.84,25.24,1838000.0,0.0,1.0,24.38837158655,24.629840612159,23.99236238455,24.378712825525,1838000.0
2012-09-28,25.17,25.34,24.99,25.15,1537800.0,0.0,1.0,24.311101498355,24.475300435769,24.137243799916,24.291783976306,1537800.0
2012-09-27,25.14,25.5,24.97,25.3,944500.0,0.0,1.0,24.282125215282,24.629840612159,24.117926277867,24.436665391672,944500.0
2012-09-26,25.44,25.53,24.81,24.98,1355000.0,0.0,1.0,24.571888046013,24.658816895232,23.963386101477,24.127585038891,1355000.0
2012-09-25,25.55,25.71,25.4,25.41,1661700.0,0.0,1.0,24.678134417281,24.832674593671,24.533253001915,24.54291176294,1661700.0
2012-09-24,25.3,25.59,25.26,25.5,919800.0,0.0,1.0,24.436665391672,24.716769461378,24.398030347574,24.629840612159,919800.0
2012-09-21,25.7,25.78,25.36,25.44,1292900.0,0.0,1.0,24.823015832647,24.900285920842,24.494617957818,24.571888046013,1292900.0
2012-09-20,25.68,25.92,25.25,25.6,1498300.0,0.0,1.0,24.803698310598,25.035508575183,24.38837158655,24.726428222403,1498300.0
2012-09-19,25.66,26.0,25.58,25.98,1004500.0,0.0,1.0,24.784380788549,25.112778663378,24.707110700354,25.093461141329,1004500.0
2012-09-18,25.26,25.71,25.22,25.71,1182400.0,0.0,1.0,24.398030347574,24.832674593671,24.359395303477,24.832674593671,1182400.0
2012-09-17,25.57,25.59,25.11,25.34,799300.0,0.0,1.0,24.69745193933,24.716769461378,24.253148932208,24.475300435769,799300.0
2012-09-14,25.38,25.68,25.31,25.57,1722500.0,0.0,1.0,24.513935479867,24.803698310598,24.446324152696,24.69745193933,1722500.0
2012-09-13,25.06,25.45,24.8,25.36,754700.0,0.0,1.0,24.204855127087,24.581546807037,23.953727340453,24.494617957818,754700.0
2012-09-12,25.4,25.47,24.82,25.0,789000.0,0.0,1.0,24.533253001915,24.600864329086,23.973044862501,24.14690256094,789000.0
2012-09-11,24.63,25.47,24.57,25.38,985400.0,0.0,1.0,23.789528403038,24.600864329086,23.731575836892,24.513935479867,985400.0
2012-09-10,24.87,25.0,24.57,24.58,864400.0,0.0,1.0,24.021338667623,24.14690256094,23.731575836892,23.741234597916,864400.0
2012-09-07,25.49,25.51,24.87,25.1,627600.0,0.0,1.0,24.620181851135,24.639499373183,24.021338667623,24.243490171184,627600.0
2012-09-06,24.31,24.97,24.3,24.97,689400.0,0.0,1.0,23.480448050258,24.117926277867,23.470789289234,24.117926277867,689400.0
2012-09-05,24.04,24.23,23.91,24.07,1199600.0,0.0,1.0,23.2196615026,23.403177962063,23.094097609283,23.248637785673,1199600.0
2012-09-04,24.23,24.24,23.81,24.0,915000.0,0.0,1.0,23.403177962063,23.412836723088,22.997509999039,23.181026458503,915000.0
2012-08-31,24.33,24.33,23.94,24.29,1153800.0,0.0,1.0,23.499765572307,23.499765572307,23.123073892356,23.46113052821,1153800.0
2012-08-30,23.88,24.19,23.85,24.09,503100.0,0.0,1.0,23.06512132621,23.364542917966,23.036145043137,23.267955307722,503100.0
2012-08-29,24.07,24.15,23.88,24.01,597700.0,0.0,1.0,23.248637785673,23.325907873868,23.06512132621,23.190685219527,597700.0
2012-08-28,23.93,24.57,23.93,24.05,517400.0,0.0,1.0,23.113415131332,23.731575836892,23.113415131332,23.229320263625,517400.0
2012-08-27,24.67,24.68,24.11,24.14,662900.0,0.0,1.0,23.828163447136,23.83782220816,23.287272829771,23.316249112844,662900.0
2012-08-24,24.58,24.72,24.35,24.5,581300.0,0.0,1.0,23.741234597916,23.876457252258,23.519083094356,23.663964509721,581300.0
2012-08-23,24.97,25.11,24.53,24.63,630900.0,0.101,1.0,24.117926277867,24.253148932208,23.692940792795,23.789528403038,630900.0
2012-08-22,25.1,25.2,24.83,25.02,575600.0,0.0,1.0,24.144481133649,24.240674285575,23.884759623446,24.067526612107,575600.0
2012-08-21,25.4,25.71,25.2,25.2,608600.0,0.0,1.0,24.433060589429,24.731259360403,24.240674285575,24.240674285575,608600.0
2012-08-20,25.3,25.4,25.06,25.29,710600.0,0.0,1.0,24.336867437502,24.433060589429,24.106003872878,24.32724812231,710600.0
2012-08-17,24.95,25.19,24.89,25.14,718700.0,0.0,1.0,24.000191405758,24.231054970383,23.942475514602,24.182958394419,718700.0
2012-08-16,24.25,25.06,24.25,24.94,942100.0,0.0,1.0,23.32683934227,24.106003872878,23.32683934227,23.990572090566,942100.0
2012-08-15,24.03,24.29,23.94,24.29,475700.0,0.0,1.0,23.115214408031,23.365316603041,23.028640571297,23.365316603041,475700.0
2012-08-14,24.67,24.82,23.96,24.06,609400.0,0.0,1.0,23.730850580363,23.875140308253,23.047879201682,23.144072353609,609400.0
2012-08-13,24.44,24.67,24.27,24.51,330100.0,0.0,1.0,23.509606330931,23.730850580363,23.346077972655,23.57694153728,330100.0
2012-08-10,24.36,24.72,24.26,24.46,627400.0,0.0,1.0,23.43265180939,23.778947156326,23.336458657463,23.528844961316,627400.0
2012-08-09,24.21,24.64,24.09,24.47,470700.0,0.0,1.0,23.288362081499,23.701992634785,23.172930299187,23.538464276509,470700.0
2012-08-08,24.1,24.23,23.9,24.15,488300.0,0.0,1.0,23.18254961438,23.307600711885,22.990163310526,23.230646190343,488300.0
2012-08-07,24.24,24.27,24.08,24.24,678300.0,0.0,1.0,23.317220027077,23.346077972655,23.163310983994,23.317220027077,678300.0
2012-08-06,24.11,24.25,23.83,24.13,701900.0,0.0,1.0,23.192168929572,23.32683934227,22.922828104177,23.211407559958,701900.0
2012-08-03,23.65,24.15,23.65,24.03,1228700.0,0.0,1.0,22.749680430709,23.230646190343,22.749680430709,23.115214408031,1228700.0
2012-08-02,23.38,23.71,22.43,23.57,1850800.0,0.0,1.0,22.489958920506,22.807396321865,21.576123977201,22.672725909167,1850800.0
2012-08-01,24.06,24.19,23.54,23.9,1666500.0,0.0,1.0,23.144072353609,23.269123451114,22.643867963589,22.990163310526,1666500.0
2012-07-31,24.17,24.22,23.95,23.98,631500.0,0.0,1.0,23.249884820728,23.297981396692,23.038259886489,23.067117832067,631500.0
2012-07-30,24.17,24.28,24.01,24.2,626300.0,0.0,1.0,23.249884820728,23.355697287848,23.095975777645,23.278742766307,626300.0
2012-07-27,23.92,24.29,23.76,24.2,810700.0,0.0,1.0,23.009401940911,23.365316603041,22.855492897828,23.278742766307,810700.0
2012-07-26,24.25,24.25,23.69,23.73,1402200.0,0.0,1.0,23.32683934227,23.32683934227,22.788157691479,22.82663495225,1402200.0
2012-07-25,23.72,23.99,23.52,23.91,568800.0,0.0,1.0,22.817015637058,23.07673714726,22.624629333204,22.999782625719,568800.0
2012-07-24,23.82,23.95,23.37,23.59,790900.0,0.0,1.0,22.913208788984,23.038259886489,22.480339605313,22.691964539553,790900.0
2012-07-23,23.41,24.0,23.31,23.88,660800.0,0.0,1.0,22.518816866084,23.086356462453,22.422623714157,22.970924680141,660800.0
2012-07-20,23.93,24.21,23.72,23.79,570900.0,0.0,1.0,23.019021256104,23.288362081499,22.817015637058,22.884350843406,570900.0
2012-07-19,23.96,24.16,23.66,24.12,689600.0,0.0,1.0,23.047879201682,23.240265505536,22.759299745901,23.201788244765,689600.0
2012-07-18,23.52,24.07,23.52,23.93,684800.0,0.0,1.0,22.624629333204,23.153691668802,22.624629333204,23.019021256104,684800.0
2012-07-17,23.35,23.68,23.19,23.65,1377700.0,0.0,1.0,22.461100974928,22.778538376287,22.307191931845,22.749680430709,1377700.0
2012-07-16,23.24,23.48,23.0,23.16,990600.0,0.0,1.0,22.355288507808,22.586152072433,22.124424943184,22.278333986267,990600.0
2012-07-13,23.23,23.85,23.22,23.31,1232600.0,0.0,1.0,22.345669192616,22.942066734562,22.336049877423,22.422623714157,1232600.0
2012-07-12,23.71,23.71,23.17,23.18,1070500.0,0.0,1.0,22.807396321865,22.807396321865,22.28795330146,22.297572616652,1070500.0
2012-07-11,24.35,24.35,23.3,23.93,1620500.0,0.0,1.0,23.423032494197,23.423032494197,22.413004398965,23.019021256104,1620500.0
2012-07-10,25.09,25.45,24.28,24.36,916200.0,0.0,1.0,24.134861818456,24.481157165393,23.355697287848,23.43265180939,916200.0
2012-07-09,25.09,25.25,24.77,25.0,692700.0,0.0,1.0,24.134861818456,24.288770861539,23.82704373229,24.048287981722,692700.0
2012-07-06,25.22,25.5,25.15,25.2,433100.0,0.0,1.0,24.259912915961,24.529253741356,24.192577709612,24.240674285575,433100.0
2012-07-05,25.55,25.7,25.33,25.53,620100.0,0.0,1.0,24.57735031732,24.72164004521,24.36572538308,24.558111686934,620100.0
2012-07-03,24.99,25.68,24.94,25.68,324900.0,0.0,1.0,24.038668666529,24.702401414824,23.990572090566,24.702401414824,324900.0
2012-07-02,25.27,25.46,24.9,25.04,708700.0,0.0,1.0,24.308009491924,24.490776480585,23.952094829795,24.086765242492,708700.0
2012-06-29,25.28,25.51,25.03,25.17,1590300.0,0.0,1.0,24.317628807117,24.538873056549,24.0771459273,24.211816339997,1590300.0
2012-06-28,23.6,24.61,23.02,24.59,1942900.0,0.0,1.0,22.701583854745,23.673134689207,22.143663573569,23.653896058821,1942900.0
2012-06-27,24.02,24.35,23.85,24.29,1045100.0,0.0,1.0,23.105595092838,23.423032494197,22.942066734562,23.365316603041,1045100.0
2012-06-26,23.62,24.07,23.48,23.92,1163900.0,0.0,1.0,22.720822485131,23.153691668802,22.586152072433,23.009401940911,1163900.0
2012-06-25,23.7,23.79,23.21,23.61,1097600.0,0.0,1.0,22.797777006672,22.884350843406,22.32643056223,22.711203169938,1097600.0
2012-06-22,24.39,24.39,23.89,24.02,1268800.0,0.0,1.0,23.461509754968,23.461509754968,22.980543995333,23.105595092838,1268800.0
2012-06-21,25.17,25.45,24.27,24.28,1418600.0,0.0,1.0,24.211816339997,24.481157165393,23.346077972655,23.355697287848,1418600.0
2012-06-20,25.03,25.05,24.49,24.72,1123100.0,0.0,1.0,24.0771459273,24.096384557685,23.557702906895,23.778947156326,1123100.0
2012-06-19,25.25,25.6,25.05,25.08,1441400.0,0.0,1.0,24.288770861539,24.625446893283,24.096384557685,24.125242503263,1441400.0
2012-06-18,25.21,25.28,24.95,25.13,860500.0,0.0,1.0,24.250293600768,24.317628807117,24.000191405758,24.173339079227,860500.0
2012-06-15,25.14,25.43,24.92,25.32,3023700.0,0.0,1.0,24.182958394419,24.461918535007,23.97133346018,24.356106067888,3023700.0
2012-06-14,25.21,25.25,24.92,25.0,1478400.0,0.0,1.0,24.250293600768,24.288770861539,23.97133346018,24.048287981722,1478400.0
2012-06-13,25.34,25.5,25.07,25.17,1196300.0,0.0,1.0,24.375344698273,24.529253741356,24.11562318807,24.211816339997,1196300.0
2012-06-12,25.5,25.67,25.35,25.58,1222700.0,0.0,1.0,24.529253741356,24.692782099632,24.384964013466,24.606208262898,1222700.0
2012-06-11,26.29,26.33,25.45,25.51,816100.0,0.0,1.0,25.289179641578,25.327656902349,24.481157165393,24.538873056549,816100.0
2012-06-08,25.71,26.09,25.32,25.92,862300.0,0.0,1.0,24.731259360403,25.096793337725,24.356106067888,24.933264979449,862300.0
2012-06-07,26.63,26.63,25.59,25.74,802100.0,0.0,1.0,25.61623635813,25.61623635813,24.61582757809,24.760117305981,802100.0
2012-06-06,24.89,25.49,24.89,25.49,553800.0,0.0,1.0,23.942475514602,24.519634426163,23.942475514602,24.519634426163,553800.0
2012-06-05,24.38,24.66,23.94,24.58,499600.0,0.0,1.0,23.451890439775,23.72123126517,23.028640571297,23.644276743629,499600.0
2012-06-04,24.48,24.55,24.03,24.51,643400.0,0.0,1.0,23.548083591702,23.615418798051,23.115214408031,23.57694153728,643400.0
2012-06-01,24.71,25.03,24.45,24.48,1379300.0,0.0,1.0,23.769327841134,24.0771459273,23.519225646124,23.548083591702,1379300.0
2012-05-31,25.54,25.55,24.97,25.33,1021600.0,0.0,1.0,24.567731002127,24.57735031732,24.019430036144,24.36572538308,1021600.0
2012-05-30,25.46,25.84,25.27,25.45,591900.0,0.0,1.0,24.490776480585,24.856310457908,24.308009491924,24.481157165393,591900.0
2012-05-29,25.79,26.34,25.74,25.89,801000.0,0.0,1.0,24.808213881944,25.337276217542,24.760117305981,24.904407033871,801000.0
2012-05-25,26.19,26.31,25.61,25.65,677800.0,0.0,1.0,25.192986489652,25.308418271964,24.635066208476,24.673543469246,677800.0
2012-05-24,25.94,26.14,25.77,26.14,528800.0,0.0,1.0,24.952503609834,25.144889913688,24.788975251559,25.144889913688,528800.0
2012-05-23,25.36,25.79,24.83,25.79,1252500.0,0.0,1.0,24.394583328658,24.808213881944,23.884759623446,24.808213881944,1252500.0
2012-05-22,25.47,25.85,25.37,25.59,957900.0,0.0,1.0,24.500395795778,24.8659297731,24.404202643851,24.61582757809,957900.0
2012-05-21,24.78,25.51,24.69,25.34,1096700.0,0.0,1.0,23.836663047483,24.538873056549,23.750089210748,24.375344698273,1096700.0
2012-05-18,24.42,24.87,24.42,24.67,994800.0,0.0,1.0,23.490367700546,23.923236884217,23.490367700546,23.730850580363,994800.0
2012-05-17,25.34,25.36,24.42,24.42,1455900.0,0.101,1.0,24.375344698273,24.394583328658,23.490367700546,23.490367700546,1455900.0
2012-05-16,25.43,25.76,25.3,25.37,1045000.0,0.0,1.0,24.361161886745,24.677291789326,24.236625864516,24.30368372264,1045000.0
2012-05-15,25.38,25.57,25.17,25.21,565500.0,0.0,1.0,24.313263416657,24.495277602991,24.112089842288,24.150408618358,565500.0
2012-05-14,25.83,26.05,25.43,25.43,567200.0,0.0,1.0,24.744349647449,24.955102915836,24.361161886745,24.361161886745,567200.0
2012-05-11,26.0,26.47,25.92,26.03,625800.0,0.0,1.0,24.907204445748,25.357450064575,24.830566893607,24.935943527801,625800.0
2012-05-10,26.3,26.56,26.05,26.14,701500.0,0.0,1.0,25.194595266276,25.443667310733,24.955102915836,25.041320161994,701500.0
2012-05-09,25.91,26.39,25.61,26.13,923400.0,0.0,1.0,24.82098719959,25.280812512434,24.533596379062,25.031740467977,923400.0
2012-05-08,26.1,26.44,25.65,26.36,925900.0,0.0,1.0,25.003001385924,25.328710982522,24.571915155132,25.252073430382,925900.0
2012-05-07,26.39,26.64,26.13,26.21,995000.0,0.0,1.0,25.280812512434,25.520304862874,25.031740467977,25.108378020118,995000.0
2012-05-04,27.3,27.3,26.45,26.45,870000.0,0.0,1.0,26.152564668035,26.152564668035,25.33829067654,25.33829067654,870000.0
2012-05-03,27.69,27.72,27.05,27.3,990000.0,0.0,1.0,26.526172734722,26.554911816774,25.913072317596,26.152564668035,990000.0
2012-05-02,27.45,27.95,27.4,27.76,835000.0,0.0,1.0,26.296260078299,26.775244779179,26.248361608211,26.593230592845,835000.0
2012-05-01,27.91,28.32,27.58,27.66,638900.0,0.0,1.0,26.736926003109,27.12969345783,26.420796100528,26.497433652669,638900.0
2012-04-30,28.32,28.32,27.81,27.88,364000.0,0.0,1.0,27.12969345783,27.12969345783,26.641129062933,26.708186921056,364000.0
2012-04-27,28.14,28.52,28.14,28.38,642700.0,0.0,1.0,26.957258965513,27.321287338182,26.957258965513,27.187171621936,642700.0
2012-04-26,27.64,28.1,27.63,28.1,459100.0,0.0,1.0,26.478274264634,26.918940189443,26.468694570616,26.918940189443,459100.0
2012-04-25,27.34,27.81,27.34,27.7,569600.0,0.0,1.0,26.190883444106,26.641129062933,26.190883444106,26.535752428739,569600.0
2012-04-24,26.95,27.5,26.9,27.1,518100.0,0.0,1.0,25.81727537742,26.344158548387,25.769376907332,25.960970787684,518100.0
2012-04-23,27.06,27.06,26.52,26.89,556500.0,0.0,1.0,25.922652011613,25.922652011613,25.405348534663,25.759797213314,556500.0
2012-04-20,27.18,27.64,27.07,27.36,807500.0,0.0,1.0,26.037608339824,26.478274264634,25.932231705631,26.210042832141,807500.0
2012-04-19,27.61,27.97,26.9,27.1,1061300.0,0.0,1.0,26.449535182581,26.794404167214,25.769376907332,25.960970787684,1061300.0
2012-04-18,27.12,27.73,27.04,27.65,1118700.0,0.0,1.0,25.980130175719,26.564491510792,25.903492623578,26.487853958651,1118700.0
2012-04-17,27.29,27.31,26.85,27.2,540600.0,0.0,1.0,26.142984974018,26.162144362053,25.721478437244,26.05676772786,540600.0
2012-04-16,27.11,27.3,26.5,26.9,850400.0,0.0,1.0,25.970550481701,26.152564668035,25.386189146628,25.769376907332,850400.0
2012-04-13,27.1,27.21,26.79,26.83,492700.0,0.0,1.0,25.960970787684,26.066347421877,25.664000273138,25.702319049208,492700.0
2012-04-12,26.91,27.39,26.87,27.32,646500.0,0.0,1.0,25.778956601349,26.238781914194,25.740637825279,26.171724056071,646500.0
2012-04-11,27.19,27.3,26.83,27.0,810200.0,0.0,1.0,26.047188033842,26.152564668035,25.702319049208,25.865173847508,810200.0
2012-04-10,27.24,27.34,26.58,26.94,909900.0,0.0,1.0,26.09508650393,26.190883444106,25.462826698769,25.807695683402,909900.0
2012-04-09,27.47,27.55,27.2,27.36,495500.0,0.0,1.0,26.315419466335,26.392057018475,26.05676772786,26.210042832141,495500.0
2012-04-05,27.75,28.23,27.75,27.97,477500.0,0.0,1.0,26.583650898827,27.043476211672,26.583650898827,26.794404167214,477500.0
2012-04-04,27.91,27.94,27.58,27.8,1070400.0,0.0,1.0,26.736926003109,26.765665085162,26.420796100528,26.631549368915,1070400.0
2012-04-03,28.33,28.55,27.93,28.25,1034300.0,0.0,1.0,27.139273151848,27.350026420235,26.756085391144,27.062635599707,1034300.0
2012-04-02,27.71,28.35,27.7,28.32,817100.0,0.0,1.0,26.545332122757,27.158432539883,26.535752428739,27.12969345783,817100.0
2012-03-30,27.83,27.86,27.4,27.75,1310900.0,0.0,1.0,26.660288450968,26.689027533021,26.248361608211,26.583650898827,1310900.0
2012-03-29,27.81,27.81,27.25,27.66,855500.0,0.0,1.0,26.641129062933,26.641129062933,26.104666197948,26.497433652669,855500.0
2012-03-28,27.96,28.11,27.54,27.96,918000.0,0.0,1.0,26.784824473197,26.928519883461,26.382477324458,26.784824473197,918000.0
2012-03-27,27.92,28.02,27.61,27.99,601000.0,0.0,1.0,26.746505697126,26.842302637302,26.449535182581,26.81356355525,601000.0
2012-03-26,27.37,27.86,27.37,27.85,642100.0,0.0,1.0,26.219622526159,26.689027533021,26.219622526159,26.679447839003,642100.0
2012-03-23,27.37,27.37,27.06,27.2,519500.0,0.0,1.0,26.219622526159,26.219622526159,25.922652011613,26.05676772786,519500.0
2012-03-22,27.12,27.37,26.98,27.22,665800.0,0.0,1.0,25.980130175719,26.219622526159,25.846014459472,26.075927115895,665800.0
2012-03-21,27.3,27.56,27.25,27.33,872000.0,0.0,1.0,26.152564668035,26.401636712493,26.104666197948,26.181303750088,872000.0
2012-03-20,27.85,27.92,27.08,27.31,993200.0,0.0,1.0,26.679447839003,26.746505697126,25.941811399648,26.162144362053,993200.0
2012-03-19,28.21,28.5,27.88,27.94,796500.0,0.0,1.0,27.024316823637,27.302127950147,26.708186921056,26.765665085162,796500.0
2012-03-16,28.74,28.87,28.17,28.19,903100.0,0.0,1.0,27.532040606569,27.656576628798,26.985998047566,27.005157435601,903100.0
2012-03-15,28.39,28.84,28.06,28.73,689200.0,0.0,1.0,27.196751315953,27.627837546745,26.880621413373,27.522460912552,689200.0
2012-03-14,28.41,28.48,28.2,28.36,1183100.0,0.0,1.0,27.215910703989,27.282968562112,27.014737129619,27.168012233901,1183100.0
2012-03-13,27.64,28.44,27.64,28.42,861600.0,0.0,1.0,26.478274264634,27.244649786041,26.478274264634,27.225490398006,861600.0
2012-03-12,27.38,27.63,27.26,27.53,879800.0,0.0,1.0,26.229202220176,26.468694570616,26.114245891965,26.37289763044,879800.0
2012-03-09,26.57,27.36,26.53,27.25,719500.0,0.0,1.0,25.453247004751,26.210042832141,25.414928228681,26.104666197948,719500.0
2012-03-08,26.3,26.7,25.97,26.62,894800.0,0.0,1.0,25.194595266276,25.57778302698,24.878465363695,25.501145474839,894800.0
2012-03-07,26.09,26.3,25.74,26.21,933200.0,0.0,1.0,24.993421691906,25.194595266276,24.658132401291,25.108378020118,933200.0
2012-03-06,25.95,26.02,25.39,25.85,1334200.0,0.0,1.0,24.85930597566,24.926363833783,24.322843110675,24.763509035484,1334200.0
2012-03-05,26.6,26.7,26.04,26.22,1339800.0,0.0,1.0,25.481986086804,25.57778302698,24.945523221818,25.117957714135,1339800.0
2012-03-02,26.37,26.95,26.37,26.6,1594900.0,0.0,1.0,25.261653124399,25.81727537742,25.261653124399,25.481986086804,1594900.0
2012-03-01,26.03,26.73,25.79,26.69,1801400.0,0.101,1.0,24.935943527801,25.606522109033,24.706030871379,25.568203332962,1801400.0
2012-02-29,26.76,26.95,25.91,25.98,4339600.0,0.0,1.0,25.538618237097,25.719946244012,24.727413995635,24.794219050814,4339600.0
2012-02-28,27.24,27.24,26.12,26.84,3443900.0,0.0,1.0,25.996710044041,25.996710044041,24.927829161172,25.614966871588,3443900.0
2012-02-27,27.1,27.4,26.87,27.36,1429000.0,0.0,1.0,25.863099933682,26.149407313022,25.643597609522,26.111232995776,1429000.0
2012-02-24,27.89,27.94,27.24,27.26,827900.0,0.0,1.0,26.617042699276,26.664760595833,25.996710044041,26.015797202663,827900.0
2012-02-23,27.52,27.83,27.3,27.78,335900.0,0.0,1.0,26.263930264758,26.559781223408,26.053971519908,26.512063326852,335900.0
2012-02-22,27.66,28.06,27.48,27.53,467500.0,0.0,1.0,26.397540375116,26.779283547569,26.225755947512,26.273473844069,467500.0
2012-02-21,27.66,28.12,27.51,27.82,753500.0,0.0,1.0,26.397540375116,26.836545023437,26.254386685446,26.550237644097,753500.0
2012-02-17,27.26,27.63,27.17,27.59,583500.0,0.0,1.0,26.015797202663,26.368909637182,25.929904988861,26.330735319937,583500.0
2012-02-16,27.02,27.32,26.96,27.15,639700.0,0.0,1.0,25.786751299191,26.073058678531,25.729489823323,25.910817830239,639700.0
2012-02-15,26.97,27.11,26.87,27.0,1071300.0,0.0,1.0,25.739033402635,25.872643512993,25.643597609522,25.767664140569,1071300.0
2012-02-14,26.9,27.21,26.82,26.92,926400.0,0.0,1.0,25.672228347456,25.968079306107,25.595879712965,25.691315506078,926400.0
2012-02-13,27.35,27.35,26.83,27.03,638900.0,0.0,1.0,26.101689416465,26.101689416465,25.605423292276,25.796294878503,638900.0
2012-02-10,26.96,27.13,26.83,27.07,527300.0,0.0,1.0,25.729489823323,25.891730671616,25.605423292276,25.834469195748,527300.0
2012-02-09,27.35,27.4,26.91,27.13,721500.0,0.0,1.0,26.101689416465,26.149407313022,25.681771926767,25.891730671616,721500.0
2012-02-08,27.16,27.39,26.8,27.39,737900.0,0.0,1.0,25.92036140955,26.13986373371,25.576792554342,26.13986373371,737900.0
2012-02-07,26.7,27.35,26.53,27.22,963800.0,0.0,1.0,25.481356761229,26.101689416465,25.319115912937,25.977622885418,963800.0
2012-02-06,26.9,27.12,26.64,26.78,655100.0,0.0,1.0,25.672228347456,25.882187092305,25.424095285361,25.55770539572,655100.0
2012-02-03,26.96,27.08,26.57,27.03,719800.0,0.0,1.0,25.729489823323,25.844012775059,25.357290230182,25.796294878503,719800.0
2012-02-02,26.86,26.99,26.62,26.65,715200.0,0.0,1.0,25.63405403021,25.758120561257,25.405008126739,25.433638864673,715200.0
2012-02-01,26.02,26.85,25.92,26.82,816600.0,0.0,1.0,24.832393368059,25.624510450899,24.736957574946,25.595879712965,816600.0
2012-01-31,26.11,26.25,25.65,25.91,792700.0,0.0,1.0,24.918285581861,25.05189569222,24.47928093354,24.727413995635,792700.0
2012-01-30,25.65,25.96,25.5,25.92,475300.0,0.0,1.0,24.47928093354,24.775131892191,24.336127243871,24.736957574946,475300.0
2012-01-27,25.61,25.98,25.61,25.81,685900.0,0.0,1.0,24.441106616295,24.794219050814,24.441106616295,24.631978202521,685900.0
2012-01-26,26.68,26.85,25.76,25.94,850000.0,0.0,1.0,25.462269602606,25.624510450899,24.584260305965,24.756044733569,850000.0
2012-01-25,26.04,26.63,25.82,26.6,881800.0,0.0,1.0,24.851480526682,25.41455170605,24.641521781833,25.385920968116,881800.0
2012-01-24,25.69,26.21,25.6,26.14,761400.0,0.0,1.0,24.517455250786,25.013721374974,24.431563036984,24.946916319795,761400.0
2012-01-23,26.45,26.6,25.56,25.75,842800.0,0.0,1.0,25.242767278446,25.385920968116,24.393388719738,24.574716726654,842800.0
2012-01-20,26.62,26.68,26.3,26.36,1014900.0,0.0,1.0,25.405008126739,25.462269602606,25.099613588776,25.156875064644,1014900.0
2012-01-19,27.0,27.29,26.44,26.62,838000.0,0.0,1.0,25.767664140569,26.044427940597,25.233223699135,25.405008126739,838000.0
2012-01-18,25.51,27.04,25.43,26.99,1453700.0,0.0,1.0,24.345670823182,25.805838457814,24.269322188691,25.758120561257,1453700.0
2012-01-17,25.9,26.28,25.59,25.63,465400.0,0.0,1.0,24.717870416323,25.080526430154,24.422019457672,24.460193774918,465400.0
2012-01-13,25.45,25.68,25.34,25.63,886200.0,0.0,1.0,24.288409347314,24.507911671474,24.183429974889,24.460193774918,886200.0
2012-01-12,26.08,26.14,25.68,25.7,709300.0,0.0,1.0,24.889654843927,24.946916319795,24.507911671474,24.526998830097,709300.0
2012-01-11,25.46,26.26,25.39,26.06,1066300.0,0.0,1.0,24.297952926625,25.061439271531,24.231147871446,24.870567685305,1066300.0
2012-01-10,25.46,25.7,25.25,25.58,1048300.0,0.0,1.0,24.297952926625,24.526998830097,24.097537761087,24.412475878361,1048300.0
2012-01-09,25.16,25.42,24.82,25.27,558700.0,0.0,1.0,24.011645547286,24.25977860938,23.687163850701,24.11662491971,558700.0
2012-01-06,25.54,25.62,25.12,25.17,524400.0,0.0,1.0,24.374301561116,24.450650195606,23.97347123004,24.021189126597,524400.0
2012-01-05,25.78,25.81,24.87,25.6,2270700.0,0.0,1.0,24.603347464588,24.631978202521,23.734881747257,24.431563036984,2270700.0
2012-01-04,25.07,26.07,24.84,25.97,1391900.0,0.0,1.0,23.925753333484,24.880111264616,23.706251009323,24.784675471503,1391900.0
2012-01-03,26.02,26.43,25.07,25.14,1059100.0,0.0,1.0,24.832393368059,25.223680119823,23.925753333484,23.992558388663,1059100.0
2011-12-30,25.99,25.99,25.14,25.69,1169700.0,0.0,1.0,24.803762630125,24.803762630125,23.992558388663,24.517455250786,1169700.0
2011-12-29,25.67,26.46,25.5,25.95,3975200.0,0.0,1.0,24.498368092163,25.252310857757,24.336127243871,24.76558831288,3975200.0
2011-12-28,25.11,25.76,25.11,25.56,917700.0,0.0,1.0,23.963927650729,24.584260305965,23.963927650729,24.393388719738,917700.0
2011-12-27,24.84,25.05,24.47,25.05,664400.0,0.0,1.0,23.706251009323,23.906666174861,23.353138574804,23.906666174861,664400.0
2011-12-23,24.83,25.16,24.7,24.91,575000.0,0.0,1.0,23.696707430012,24.011645547286,23.572640898965,23.773056064503,575000.0
2011-12-22,25.07,25.65,24.8,24.83,971100.0,0.0,1.0,23.925753333484,24.47928093354,23.668076692078,23.696707430012,971100.0
2011-12-21,24.45,25.03,24.02,24.92,2177400.0,0.0,1.0,23.334051416182,23.887579016238,22.923677505795,23.782599643814,2177400.0
2011-12-20,24.59,24.72,23.96,24.31,1190000.0,0.0,1.0,23.46766152654,23.591728057587,22.866416029927,23.200441305823,1190000.0
2011-12-19,24.67,24.86,24.15,24.25,1107200.0,0.0,1.0,23.544010161031,23.725338167946,23.047744036842,23.143179829955,1107200.0
2011-12-16,24.14,24.94,24.01,24.67,2925700.0,0.0,1.0,23.038200457531,23.801686802436,22.914133926484,23.544010161031,2925700.0
2011-12-15,23.55,24.06,23.44,23.92,1074900.0,0.0,1.0,22.475129278163,22.96185182304,22.370149905738,22.828241712682,1074900.0
2011-12-14,23.6,23.6,22.93,23.41,1736000.0,0.0,1.0,22.522847174719,22.522847174719,21.883427360861,22.341519167804,1736000.0
2011-12-13,24.02,24.45,23.71,23.85,1652500.0,0.0,1.0,22.923677505795,23.334051416182,22.627826547144,22.761436657502,1652500.0
2011-12-12,23.95,24.19,23.24,23.92,1213400.0,0.0,1.0,22.856872450616,23.085918354087,22.179278319512,22.828241712682,1213400.0
2011-12-09,24.07,24.46,23.96,24.35,549800.0,0.0,1.0,22.971395402352,23.343594995493,22.866416029927,23.238615623069,549800.0
2011-12-08,24.45,24.55,23.8,23.88,938700.0,0.0,1.0,23.334051416182,23.429487209295,22.713718760946,22.790067395436,938700.0
2011-12-07,24.72,24.83,23.86,24.57,951200.0,0.0,1.0,23.591728057587,23.696707430012,22.770980236814,23.448574367918,951200.0
2011-12-06,25.02,25.07,24.51,24.83,662800.0,0.0,1.0,23.878035436927,23.925753333484,23.39131289205,23.696707430012,662800.0
2011-12-05,24.57,25.15,24.41,25.09,930900.0,0.0,1.0,23.448574367918,24.002101967974,23.295877098936,23.944840492106,930900.0
2011-12-02,25.48,25.48,24.22,24.25,1208900.0,0.0,1.0,24.317040085248,24.317040085248,23.114549092021,23.143179829955,1208900.0
2011-12-01,23.81,24.36,23.65,24.27,1046700.0,0.0,1.0,22.723262340257,23.24815920238,22.570565071276,23.162266988578,1046700.0
2011-11-30,24.06,24.2,23.33,23.9,2320800.0,0.0,1.0,22.96185182304,23.095461933399,22.265170533314,22.809154554059,2320800.0
2011-11-29,23.51,23.6,23.17,23.27,1222400.0,0.0,1.0,22.436954960917,22.522847174719,22.112473264333,22.207909057446,1222400.0
2011-11-28,23.66,24.18,23.14,23.49,1567300.0,0.0,1.0,22.580108650587,23.076374774776,22.083842526399,22.417867802295,1567300.0
2011-11-25,23.45,23.45,22.88,23.0,991100.0,0.0,1.0,22.37969348505,22.37969348505,21.835709464304,21.95023241604,991100.0
2011-11-23,23.27,23.75,22.88,23.68,1009700.0,0.0,1.0,22.207909057446,22.666000864389,21.835709464304,22.59919580921,1009700.0
2011-11-22,25.02,26.14,22.67,23.63,2126400.0,0.0,1.0,23.878035436927,24.946916319795,21.635294298766,22.551477912653,2126400.0
2011-11-21,23.7,23.81,23.34,23.62,1282100.0,0.0,1.0,22.618282967833,22.723262340257,22.274714112625,22.541934333342,1282100.0
2011-11-18,23.88,24.14,23.72,23.93,1426200.0,0.0,1.0,22.790067395436,23.038200457531,22.637370126455,22.837785291993,1426200.0
2011-11-17,24.0,24.19,23.66,23.85,1279200.0,0.0,1.0,22.904590347172,23.085918354087,22.580108650587,22.761436657502,1279200.0
2011-11-16,23.95,24.6,23.78,24.12,1804600.0,0.0,1.0,22.856872450616,23.477205105852,22.694631602323,23.019113298908,1804600.0
2011-11-15,23.94,24.37,23.82,23.99,1657700.0,0.0,1.0,22.847328871304,23.257702781691,22.732805919568,22.895046767861,1657700.0
2011-11-14,23.58,24.1,23.49,23.93,1339000.0,0.101,1.0,22.503760016097,23.000026140285,22.417867802295,22.837785291993,1339000.0
2011-11-11,23.88,24.09,23.63,23.79,1266200.0,0.0,1.0,22.694282916766,22.893855756486,22.456696202813,22.608751699743,1266200.0
2011-11-10,24.48,24.71,23.52,23.65,1166000.0,0.0,1.0,23.264491030252,23.483070807089,22.352158048674,22.475703139929,1166000.0
2011-11-09,24.35,25.0,23.84,23.89,1570900.0,0.0,1.0,23.140945938997,23.758671395274,22.656269042533,22.703786385324,1570900.0
2011-11-08,25.1,25.35,24.76,24.94,2024100.0,0.0,1.0,23.853706080855,24.091292794808,23.530588149879,23.701650583925,2024100.0
2011-11-07,24.91,25.48,24.37,24.6,2703500.0,0.0,1.0,23.673140178251,24.214837886063,23.159952876113,23.378532652949,2703500.0
2011-11-04,26.17,26.59,24.88,25.19,1923300.0,0.0,1.0,24.870577216573,25.269722896013,23.644629772576,23.939237297878,1923300.0
2011-11-03,26.94,27.07,26.38,26.39,1615000.0,0.0,1.0,25.602344295547,25.725889386802,25.070150056293,25.079653524851,1615000.0
2011-11-02,27.4,27.4,25.79,26.62,2476700.0,0.0,1.0,26.03950384922,26.03950384922,24.509445411364,25.298233301688,2476700.0
2011-11-01,25.6,28.28,25.15,27.31,6095200.0,0.0,1.0,24.32887950876,26.875809082334,23.901223423645,25.953972632197,6095200.0
2011-10-31,26.25,26.74,25.25,26.74,15106000.0,0.0,1.0,24.946604965038,25.412274924385,23.996258109227,25.412274924385,15106000.0
2011-10-28,25.5,25.82,25.25,25.82,584700.0,0.0,1.0,24.233844823179,24.537955817039,23.996258109227,24.537955817039,584700.0
2011-10-27,25.25,25.95,25.25,25.62,405400.0,0.0,1.0,23.996258109227,24.661500908294,23.996258109227,24.347886445877,405400.0
2011-10-26,26.09,26.09,24.86,25.02,657300.0,0.0,1.0,24.794549468108,24.794549468108,23.62562283546,23.77767833239,657300.0
2011-10-25,25.88,26.08,25.0,25.75,546800.0,0.0,1.0,24.594976628387,24.78504599955,23.758671395274,24.471431537132,546800.0
2011-10-24,25.5,25.85,25.5,25.77,371300.0,0.0,1.0,24.233844823179,24.566466222713,24.233844823179,24.490438474248,371300.0
2011-10-21,25.0,25.75,24.95,25.54,1764500.0,0.0,1.0,23.758671395274,24.471431537132,23.711154052483,24.271858697412,1764500.0
2011-10-20,24.8,25.03,24.33,24.75,549700.0,0.0,1.0,23.568602024112,23.787181800948,23.12193900188,23.521084681321,549700.0
2011-10-19,25.25,25.35,24.75,24.75,722200.0,0.0,1.0,23.996258109227,24.091292794808,23.521084681321,23.521084681321,722200.0
2011-10-18,25.06,25.36,24.9,25.24,423500.0,0.0,1.0,23.815692206622,24.100796263366,23.663636709693,23.986754640668,423500.0
2011-10-17,25.5,25.8,25.16,25.16,583400.0,0.0,1.0,24.233844823179,24.518948879923,23.910726892204,23.910726892204,583400.0
2011-10-14,24.36,25.49,24.36,25.35,402600.0,0.0,1.0,23.150449407555,24.224341354621,23.150449407555,24.091292794808,402600.0
2011-10-13,23.5,24.27,23.0,24.25,396800.0,0.0,1.0,22.333151111557,23.064918190532,21.857977683652,23.045911253416,396800.0
